2010/01/04 00:00:00.0,4115,4162,4115,4161,60,192
2010/01/05 00:00:00.0,4146,4170,4129,4160,66,188
2010/01/06 00:00:00.0,4154,4235,4154,4225,96,216
2010/01/07 00:00:00.0,4220,4239,4098,4106,290,260
2010/01/08 00:00:00.0,4098,4140,4070,4092,96,254
2010/01/11 00:00:00.0,4111,4120,4098,4120,72,236
2010/01/12 00:00:00.0,4113,4123,4102,4104,60,236
2010/01/13 00:00:00.0,4072,4072,4019,4052,72,226
2010/01/14 00:00:00.0,4066,4069,4046,4054,74,222
2010/01/15 00:00:00.0,4061,4068,4047,4047,112,226
2010/01/18 00:00:00.0,4055,4055,4029,4042,26,226
2010/01/19 00:00:00.0,4050,4058,4044,4045,14,222
2010/01/20 00:00:00.0,4054,4063,4018,4027,178,218
2010/01/21 00:00:00.0,4021,4095,4021,4056,90,220
2010/01/22 00:00:00.0,4042,4046,4025,4041,40,218
2010/01/25 00:00:00.0,4028,4056,4021,4056,32,220
2010/01/26 00:00:00.0,4044,4048,4032,4036,70,234
2010/01/27 00:00:00.0,4052,4053,4043,4052,38,232
2010/01/28 00:00:00.0,4021,4049,3985,4023,56,228
2010/01/29 00:00:00.0,4020,4083,4020,4027,66,228
2010/02/01 00:00:00.0,4037,4041,3918,3934,228,296
2010/02/02 00:00:00.0,3971,3971,3887,3887,164,252
2010/02/03 00:00:00.0,3917,3917,3864,3872,324,454
2010/02/04 00:00:00.0,3824,3872,3824,3872,170,484
2010/02/05 00:00:00.0,3897,3922,3897,3907,438,484
2010/02/10 00:00:00.0,3872,3934,3872,3923,34,424
2010/02/11 00:00:00.0,3895,3907,3884,3889,100,382
2010/02/22 00:00:00.0,3874,3919,3874,3906,268,182
2010/02/23 00:00:00.0,3915,3964,3915,3954,112,150
2010/02/24 00:00:00.0,3960,3960,3949,3959,88,138
2010/02/25 00:00:00.0,3961,3963,3948,3959,34,132
2010/02/26 00:00:00.0,3959,3963,3955,3955,12,128
2010/03/01 00:00:00.0,3976,3976,3955,3970,42,134
2010/03/02 00:00:00.0,3960,3977,3954,3960,172,140
2010/03/03 00:00:00.0,3983,4062,3964,4013,108,182
2010/03/04 00:00:00.0,4020,4020,3973,3981,58,200
2010/03/05 00:00:00.0,3888,3940,3888,3935,160,256
2010/03/08 00:00:00.0,3943,3972,3936,3959,176,262
2010/03/09 00:00:00.0,3955,3966,3940,3965,114,236
2010/03/10 00:00:00.0,3981,3992,3974,3975,154,240
2010/03/11 00:00:00.0,3961,3985,3958,3966,176,262
2010/03/12 00:00:00.0,3945,3947,3935,3946,32,264
2010/03/15 00:00:00.0,3914,3935,3912,3916,78,250
2010/03/16 00:00:00.0,3927,3938,3927,3929,28,252
2010/03/17 00:00:00.0,3938,3960,3934,3947,200,252
2010/03/18 00:00:00.0,3983,3983,3947,3949,50,252
2010/03/19 00:00:00.0,3952,3965,3945,3961,64,248
2010/03/22 00:00:00.0,3956,3971,3953,3970,20,256
2010/03/23 00:00:00.0,3976,3976,3964,3969,18,254
2010/03/24 00:00:00.0,3975,3978,3950,3950,34,242
2010/03/25 00:00:00.0,3969,3970,3958,3958,108,274
2010/03/26 00:00:00.0,3957,3957,3936,3946,22,274
2010/03/29 00:00:00.0,3964,3977,3955,3977,74,286
2010/03/30 00:00:00.0,3991,4000,3973,3994,128,246
2010/03/31 00:00:00.0,3982,4000,3970,3996,96,280
2010/04/01 00:00:00.0,3967,3975,3956,3966,92,268
2010/04/02 00:00:00.0,3980,3981,3972,3977,90,288
2010/04/06 00:00:00.0,3951,3994,3951,3984,16,290
2010/04/07 00:00:00.0,3991,3994,3973,3994,80,278
2010/04/08 00:00:00.0,4023,4084,4005,4031,342,316
2010/04/09 00:00:00.0,4016,4041,4016,4041,42,300
2010/04/12 00:00:00.0,4039,4043,4020,4030,124,250
2010/04/13 00:00:00.0,4031,4058,4006,4032,162,270
2010/04/14 00:00:00.0,4043,4044,4026,4033,42,260
2010/04/15 00:00:00.0,4028,4036,4020,4031,60,272
2010/04/16 00:00:00.0,4024,4100,4010,4056,156,264
2010/04/19 00:00:00.0,4026,4027,4012,4012,100,266
2010/04/20 00:00:00.0,4035,4043,4017,4043,312,390
2010/04/21 00:00:00.0,4031,4059,4031,4051,34,382
2010/04/23 00:00:00.0,4072,4076,4055,4063,236,418
2010/04/26 00:00:00.0,4070,4070,4035,4044,104,390
2010/04/27 00:00:00.0,4030,4040,4030,4040,36,390
2010/04/28 00:00:00.0,4034,4034,4023,4023,40,384
2010/04/29 00:00:00.0,4038,4053,4026,4039,50,388
2010/04/30 00:00:00.0,4056,4063,4056,4063,86,414
2010/05/04 00:00:00.0,4042,4052,4026,4034,20,406
2010/05/05 00:00:00.0,4026,4081,4010,4058,156,428
2010/05/06 00:00:00.0,4053,4056,3973,3973,238,478
2010/05/07 00:00:00.0,3954,3967,3879,3879,78,506
2010/05/10 00:00:00.0,3901,3904,3870,3901,62,490
2010/05/11 00:00:00.0,3892,3892,3876,3883,140,486
2010/05/12 00:00:00.0,3912,3912,3893,3893,226,534
2010/05/13 00:00:00.0,3867,3897,3867,3884,70,552
2010/05/14 00:00:00.0,3891,3895,3882,3882,30,542
2010/05/17 00:00:00.0,3826,3826,3784,3806,412,630
2010/05/18 00:00:00.0,3810,3810,3777,3803,122,620
2010/05/19 00:00:00.0,3784,3806,3784,3789,124,630
2010/05/21 00:00:00.0,3813,3815,3777,3808,56,626
2010/05/24 00:00:00.0,3786,3843,3786,3843,270,856
2010/05/25 00:00:00.0,3823,3834,3807,3812,80,874
2010/05/26 00:00:00.0,3827,3857,3823,3857,202,840
2010/05/27 00:00:00.0,3864,3913,3863,3910,602,758
2010/05/28 00:00:00.0,3905,3966,3905,3965,572,618
2010/05/31 00:00:00.0,3950,3950,3941,3949,82,598
2010/06/01 00:00:00.0,3963,3963,3940,3946,80,572
2010/06/02 00:00:00.0,3948,3948,3918,3941,86,578
2010/06/03 00:00:00.0,3940,3954,3940,3953,74,580
2010/06/04 00:00:00.0,3941,3986,3941,3961,146,576
2010/06/07 00:00:00.0,3922,3922,3921,3922,44,570
2010/06/08 00:00:00.0,3943,3943,3932,3934,52,552
2010/06/09 00:00:00.0,3947,3947,3926,3938,86,548
2010/06/10 00:00:00.0,3954,3957,3922,3922,184,414
2010/06/11 00:00:00.0,3899,3911,3899,3899,30,400
2010/06/17 00:00:00.0,3915,3925,3915,3916,20,396
2010/06/18 00:00:00.0,3936,3936,3914,3915,42,382
2010/06/21 00:00:00.0,3919,3919,3919,3919,10,386
2010/06/22 00:00:00.0,3967,3967,3945,3949,36,384
2010/06/23 00:00:00.0,3921,3937,3921,3935,54,366
2010/06/25 00:00:00.0,3948,3948,3897,3905,60,344
2010/06/28 00:00:00.0,3882,3913,3880,3913,46,328
2010/06/29 00:00:00.0,3908,3918,3899,3907,54,332
2010/06/30 00:00:00.0,3898,3912,3883,3884,86,296
2010/07/01 00:00:00.0,3898,3912,3883,3898,44,318
2010/07/05 00:00:00.0,3892,3905,3888,3905,54,308
2010/07/06 00:00:00.0,3903,3903,3892,3900,32,310
2010/07/07 00:00:00.0,3896,3909,3886,3908,74,298
2010/07/08 00:00:00.0,3912,3958,3912,3950,52,314
2010/07/09 00:00:00.0,3946,3948,3889,3948,106,342
2010/07/12 00:00:00.0,3941,3944,3941,3944,24,356
2010/07/13 00:00:00.0,3954,3955,3933,3933,26,362
2010/07/14 00:00:00.0,3941,3960,3941,3960,76,352
2010/07/15 00:00:00.0,3972,3989,3972,3979,208,352
2010/07/16 00:00:00.0,3998,4027,3961,4013,46,354
2010/07/19 00:00:00.0,3991,3992,3991,3992,22,354
2010/07/20 00:00:00.0,4006,4016,3989,4010,64,376
2010/07/21 00:00:00.0,4043,4043,3999,4016,62,392
2010/07/22 00:00:00.0,4014,4031,4003,4022,68,408
2010/07/23 00:00:00.0,4038,4038,4021,4030,26,410
2010/07/26 00:00:00.0,4007,4036,4007,4036,72,404
2010/07/27 00:00:00.0,4033,4033,4014,4025,40,410
2010/07/28 00:00:00.0,4039,4039,4022,4032,20,410
2010/07/29 00:00:00.0,4031,4042,4023,4039,32,394
2010/07/30 00:00:00.0,4045,4059,4045,4059,28,400
2010/08/02 00:00:00.0,4080,4141,4080,4128,94,402
2010/08/03 00:00:00.0,4108,4127,4108,4127,40,402
2010/08/04 00:00:00.0,4134,4134,4082,4102,140,384
2010/08/05 00:00:00.0,4100,4116,4082,4111,30,390
2010/08/06 00:00:00.0,4097,4184,4082,4125,114,372
2010/08/09 00:00:00.0,4127,4150,4119,4150,882,410
2010/08/10 00:00:00.0,4151,4152,4147,4150,182,380
2010/08/11 00:00:00.0,4133,4155,4119,4129,236,356
2010/08/12 00:00:00.0,4123,4157,4074,4108,190,330
2010/08/13 00:00:00.0,4164,4178,4163,4178,290,374
2010/08/16 00:00:00.0,4196,4241,4196,4225,280,398
2010/08/17 00:00:00.0,4233,4233,4198,4211,70,390
2010/08/18 00:00:00.0,4232,4232,4192,4196,98,392
2010/08/19 00:00:00.0,4184,4197,4172,4181,224,396
2010/08/20 00:00:00.0,4158,4158,4158,4158,134,390
2010/08/23 00:00:00.0,4146,4151,4121,4129,92,410
2010/08/25 00:00:00.0,4112,4112,4093,4095,124,368
2010/08/26 00:00:00.0,4107,4110,4104,4107,76,380
2010/08/27 00:00:00.0,4139,4141,4139,4141,134,366
2010/08/30 00:00:00.0,4171,4171,4167,4169,44,360
2010/08/31 00:00:00.0,4141,4141,4108,4120,74,362
2010/09/03 00:00:00.0,4144,4145,4144,4145,24,328
2010/09/06 00:00:00.0,4173,4189,4173,4189,22,328
2010/09/07 00:00:00.0,4184,4213,4184,4213,90,342
2010/09/08 00:00:00.0,4207,4218,4207,4218,52,334
2010/09/09 00:00:00.0,4178,4178,4168,4169,22,330
2010/09/10 00:00:00.0,4177,4181,4169,4169,8,324
2010/09/13 00:00:00.0,4169,4173,4165,4168,32,318
2010/09/14 00:00:00.0,4152,4168,4139,4160,442,342
2010/09/15 00:00:00.0,4171,4197,4171,4193,88,306
2010/09/16 00:00:00.0,4208,4214,4202,4211,60,314
2010/09/17 00:00:00.0,4214,4326,4199,4220,394,316
2010/09/20 00:00:00.0,4280,4363,4255,4332,904,216
2010/09/21 00:00:00.0,4314,4314,4263,4272,92,188
2010/09/28 00:00:00.0,4344,4350,4313,4341,268,162
2010/09/29 00:00:00.0,4313,4313,4262,4277,42,140
2010/10/08 00:00:00.0,4240,4250,4240,4250,12,140
2010/10/11 00:00:00.0,4318,4409,4306,4409,68,188
2010/10/12 00:00:00.0,4422,4422,4402,4402,328,194
2010/10/13 00:00:00.0,4403,4408,4400,4406,140,190
2010/10/14 00:00:00.0,4410,4434,4337,4420,950,184
2010/10/18 00:00:00.0,4406,4413,4390,4413,112,202
2010/10/19 00:00:00.0,4453,4454,4451,4451,140,216
2010/10/20 00:00:00.0,4437,4442,4403,4442,110,228
2010/10/21 00:00:00.0,4522,4538,4492,4507,158,248
2010/10/22 00:00:00.0,4521,4533,4521,4528,36,256
2010/10/25 00:00:00.0,4516,4630,4494,4619,300,228
2010/10/26 00:00:00.0,4616,4628,4566,4566,204,224
2010/10/27 00:00:00.0,4588,4588,4485,4489,102,222
2010/10/28 00:00:00.0,4537,4559,4506,4506,84,222
2010/10/29 00:00:00.0,4505,4505,4477,4490,38,212
2010/11/01 00:00:00.0,4536,4542,4536,4542,68,224
2010/11/02 00:00:00.0,4528,4565,4528,4544,62,228
2010/11/03 00:00:00.0,4546,4546,4511,4511,96,230
2010/11/04 00:00:00.0,4536,4617,4533,4617,110,246
2010/11/05 00:00:00.0,4694,4725,4690,4725,436,220
2010/11/08 00:00:00.0,4811,4812,4773,4792,276,218
2010/11/09 00:00:00.0,4868,4868,4776,4785,172,216
2010/11/10 00:00:00.0,4877,4877,4844,4856,188,216
2010/11/12 00:00:00.0,4745,4745,4743,4743,278,324
2010/11/15 00:00:00.0,4746,4753,4608,4660,406,266
2010/11/16 00:00:00.0,4652,4679,4617,4617,438,292
2010/11/17 00:00:00.0,4560,4581,4491,4491,74,292
2010/11/18 00:00:00.0,4504,4546,4433,4481,128,300
2010/11/19 00:00:00.0,4511,4520,4470,4482,50,256
2010/11/22 00:00:00.0,4475,4475,4446,4459,68,266
2010/11/23 00:00:00.0,4480,4515,4465,4486,416,258
2010/11/24 00:00:00.0,4476,4561,4476,4505,196,272
2010/11/25 00:00:00.0,4542,4543,4506,4509,300,316
2010/11/26 00:00:00.0,4511,4511,4452,4452,164,312
2010/11/29 00:00:00.0,4450,4454,4395,4454,106,294
2010/11/30 00:00:00.0,4437,4445,4396,4431,62,296
2010/12/01 00:00:00.0,4420,4459,4400,4456,136,316
2010/12/02 00:00:00.0,4474,4509,4442,4506,172,276
2010/12/03 00:00:00.0,4493,4527,4493,4523,50,268
2010/12/06 00:00:00.0,4536,4544,4529,4530,34,256
2010/12/07 00:00:00.0,4522,4533,4515,4529,76,236
2010/12/08 00:00:00.0,4519,4525,4478,4478,34,242
2010/12/09 00:00:00.0,4464,4518,4464,4499,78,252
2010/12/10 00:00:00.0,4489,4501,4481,4492,32,242
2010/12/13 00:00:00.0,4492,4537,4492,4535,56,230
2010/12/14 00:00:00.0,4516,4554,4516,4544,10,208
2010/12/15 00:00:00.0,4546,4581,4530,4530,94,218
2010/12/16 00:00:00.0,4570,4570,4527,4538,72,200
2010/12/17 00:00:00.0,4550,4550,4550,4550,6,200
2010/12/20 00:00:00.0,4577,4577,4540,4552,66,224
2010/12/21 00:00:00.0,4570,4580,4556,4574,30,214
2010/12/22 00:00:00.0,4574,4588,4573,4574,52,222
2010/12/23 00:00:00.0,4582,4591,4570,4585,58,236
2010/12/24 00:00:00.0,4587,4650,4567,4633,88,212
2010/12/27 00:00:00.0,4670,4680,4623,4629,68,208
2010/12/28 00:00:00.0,4677,4680,4644,4662,60,210
2010/12/29 00:00:00.0,4668,4668,4627,4631,52,204
2010/12/30 00:00:00.0,4598,4657,4598,4657,70,184
2010/12/31 00:00:00.0,4684,4684,4647,4647,50,188
2011/01/04 00:00:00.0,4645,4695,4645,4687,74,198
2011/01/05 00:00:00.0,4658,4658,4645,4646,54,204
2011/01/06 00:00:00.0,4662,4711,4662,4676,148,206
2011/01/07 00:00:00.0,4648,4664,4600,4609,60,214
2011/01/10 00:00:00.0,4617,4623,4607,4607,58,208
2011/01/11 00:00:00.0,4607,4614,4594,4594,38,190
2011/01/12 00:00:00.0,4614,4615,4602,4602,14,184
2011/01/13 00:00:00.0,4681,4759,4626,4652,206,180
2011/01/14 00:00:00.0,4642,4656,4637,4656,108,166
2011/01/17 00:00:00.0,4668,4675,4664,4667,50,144
2011/01/18 00:00:00.0,4682,4696,4667,4691,232,136
2011/01/19 00:00:00.0,4671,4717,4671,4715,74,114
2011/01/20 00:00:00.0,4686,4700,4673,4688,30,112
2011/01/21 00:00:00.0,4674,4692,4674,4677,262,114
2011/01/24 00:00:00.0,4695,4758,4695,4705,810,120
2011/01/25 00:00:00.0,4699,4699,4671,4671,20,116
2011/01/26 00:00:00.0,4600,4607,4582,4594,44,112
2011/01/27 00:00:00.0,4585,4596,4577,4579,16,112
2011/01/28 00:00:00.0,4598,4598,4598,4598,24,106
2011/01/31 00:00:00.0,4614,4618,4588,4618,108,114
2011/02/01 00:00:00.0,4591,4630,4591,4630,16,114
2011/02/09 00:00:00.0,4658,4696,4625,4694,8,120
2011/02/10 00:00:00.0,4726,4767,4726,4731,94,112
2011/02/11 00:00:00.0,4713,4755,4713,4753,68,112
2011/02/14 00:00:00.0,4720,4758,4720,4752,2,110
2011/02/15 00:00:00.0,4731,4734,4715,4715,54,114
2011/02/16 00:00:00.0,4690,4706,4668,4695,36,110
2011/02/17 00:00:00.0,4697,4697,4684,4684,22,114
2011/02/21 00:00:00.0,4668,4668,4647,4660,10,120
2011/02/23 00:00:00.0,4643,4643,4557,4588,46,120
2011/02/24 00:00:00.0,4574,4580,4530,4530,78,132
2011/02/25 00:00:00.0,4556,4565,4547,4565,44,104
2011/02/28 00:00:00.0,4549,4612,4549,4599,158,124
2011/03/01 00:00:00.0,4585,4596,4547,4596,26,112
2011/03/02 00:00:00.0,4560,4675,4560,4675,156,84
2011/03/03 00:00:00.0,4644,4652,4614,4615,26,82
2011/03/04 00:00:00.0,4667,4667,4656,4656,38,76
2011/03/08 00:00:00.0,4633,4635,4599,4608,50,76
2011/03/09 00:00:00.0,4585,4585,4585,4585,20,86
2011/03/10 00:00:00.0,4567,4574,4563,4568,36,76
2011/03/11 00:00:00.0,4556,4556,4551,4551,12,86
2011/03/14 00:00:00.0,4533,4545,4533,4545,34,104
2011/03/15 00:00:00.0,4596,4596,4595,4595,28,96
2011/03/17 00:00:00.0,4535,4578,4534,4578,54,78
2011/03/23 00:00:00.0,4641,4645,4634,4635,160,102
2011/03/28 00:00:00.0,4693,4709,4692,4707,98,104
2011/03/29 00:00:00.0,4707,4716,4676,4716,110,108
2011/03/30 00:00:00.0,4705,4743,4703,4721,124,126
2011/03/31 00:00:00.0,4669,4699,4669,4699,72,102
2011/04/01 00:00:00.0,4743,4759,4716,4742,88,94
2011/04/06 00:00:00.0,4701,4780,4701,4780,70,94
2011/04/08 00:00:00.0,4766,4768,4764,4765,172,110
2011/04/11 00:00:00.0,4780,4834,4780,4814,40,114
2011/04/12 00:00:00.0,4754,4754,4735,4741,176,112
2011/04/14 00:00:00.0,4692,4695,4671,4671,96,102
2011/04/15 00:00:00.0,4687,4709,4662,4677,84,90
2011/04/18 00:00:00.0,4679,4706,4673,4700,72,82
2011/04/19 00:00:00.0,4633,4685,4633,4670,50,80
2011/04/20 00:00:00.0,4678,4678,4667,4667,56,68
2011/04/25 00:00:00.0,4708,4710,4666,4668,44,78
2011/04/26 00:00:00.0,4645,4661,4645,4661,12,72
2011/04/27 00:00:00.0,4672,4672,4672,4672,8,70
2011/04/28 00:00:00.0,4676,4688,4674,4688,12,64
2011/04/29 00:00:00.0,4626,4640,4626,4626,34,58
2011/05/04 00:00:00.0,4599,4623,4599,4623,100,62
2011/05/05 00:00:00.0,4614,4660,4610,4660,214,210
2011/05/06 00:00:00.0,4734,4734,4615,4636,32,212
2011/05/09 00:00:00.0,4652,4688,4649,4688,12,216
2011/05/10 00:00:00.0,4712,4734,4693,4734,38,212
2011/05/11 00:00:00.0,4775,4777,4762,4762,22,210
2011/05/12 00:00:00.0,4722,4815,4722,4765,154,106
2011/05/13 00:00:00.0,4769,4794,4763,4780,26,106
2011/05/17 00:00:00.0,4756,4772,4700,4750,142,94
2011/05/18 00:00:00.0,4757,4757,4737,4751,26,96
2011/05/19 00:00:00.0,4780,4803,4759,4766,58,86
2011/05/20 00:00:00.0,4777,4781,4772,4775,12,84
2011/05/23 00:00:00.0,4795,4801,4756,4794,56,78
2011/05/24 00:00:00.0,4789,4807,4737,4807,64,84
2011/05/25 00:00:00.0,4800,4804,4799,4799,22,88
2011/05/26 00:00:00.0,4813,4829,4808,4827,66,76
2011/05/27 00:00:00.0,4826,4826,4820,4820,12,72
2011/05/30 00:00:00.0,4832,4832,4815,4828,18,68
2011/05/31 00:00:00.0,4821,4834,4803,4818,74,70
2011/06/02 00:00:00.0,4820,4830,4820,4830,28,82
2011/06/03 00:00:00.0,4825,4865,4824,4857,32,88
2011/06/07 00:00:00.0,4846,4850,4844,4849,22,84
2011/06/08 00:00:00.0,4855,4864,4844,4864,38,86
2011/06/09 00:00:00.0,4854,4863,4854,4857,30,86
2011/06/10 00:00:00.0,4884,4884,4848,4855,18,84
2011/06/13 00:00:00.0,4850,4858,4847,4854,16,82
2011/06/14 00:00:00.0,4859,4861,4850,4851,30,80
2011/06/15 00:00:00.0,4843,4843,4842,4842,28,96
2011/06/16 00:00:00.0,4846,4846,4821,4821,78,66
2011/06/17 00:00:00.0,4781,4781,4770,4770,10,70
2011/06/21 00:00:00.0,4759,4759,4759,4759,20,56
2011/06/24 00:00:00.0,4745,4745,4745,4745,2,56
2011/06/27 00:00:00.0,4735,4753,4735,4751,26,72
2011/06/28 00:00:00.0,4747,4747,4747,4747,4,68
2011/06/30 00:00:00.0,4767,4767,4767,4767,2,70
2011/07/01 00:00:00.0,4726,4770,4725,4770,66,78
2011/07/04 00:00:00.0,4768,4769,4763,4763,10,78
2011/07/05 00:00:00.0,4768,4768,4768,4768,12,80
2011/07/06 00:00:00.0,4785,4785,4762,4767,52,106
2011/07/07 00:00:00.0,4799,4803,4787,4802,28,106
2011/07/08 00:00:00.0,4821,4858,4817,4858,50,114
2011/07/11 00:00:00.0,4848,4866,4847,4857,74,88
2011/07/12 00:00:00.0,4853,4853,4829,4829,20,80
2011/07/13 00:00:00.0,4850,4870,4850,4870,110,74
2011/07/15 00:00:00.0,4892,4901,4880,4886,24,176
2011/07/18 00:00:00.0,4918,4919,4868,4868,80,198
2011/07/19 00:00:00.0,4847,4893,4847,4859,88,188
2011/07/20 00:00:00.0,4864,4877,4864,4872,8,190
2011/07/21 00:00:00.0,4891,4894,4866,4873,36,184
2011/07/22 00:00:00.0,4896,4898,4896,4898,92,252
2011/07/25 00:00:00.0,4901,4901,4872,4872,36,244
2011/07/27 00:00:00.0,4887,4950,4887,4950,110,276
2011/07/28 00:00:00.0,4947,4949,4939,4942,50,242
2011/07/29 00:00:00.0,4941,4965,4936,4936,108,280
2011/08/01 00:00:00.0,4909,4971,4887,4971,210,220
2011/08/03 00:00:00.0,5039,5039,4984,4987,20,202
2011/08/04 00:00:00.0,5001,5001,4942,4951,52,196
2011/08/05 00:00:00.0,4872,4872,4822,4858,104,202
2011/08/08 00:00:00.0,4827,4833,4788,4798,78,186
2011/08/09 00:00:00.0,4718,4840,4702,4738,530,258
2011/08/10 00:00:00.0,4818,4818,4752,4788,66,252
2011/08/11 00:00:00.0,4788,4822,4781,4822,36,254
2011/08/12 00:00:00.0,4815,4866,4751,4847,118,250
2011/08/15 00:00:00.0,4864,4932,4859,4932,116,258
2011/08/16 00:00:00.0,4935,4939,4918,4922,70,216
2011/08/17 00:00:00.0,4933,4951,4927,4944,74,212
2011/08/18 00:00:00.0,4956,4962,4941,4941,72,200
2011/08/19 00:00:00.0,4953,4953,4916,4929,54,206
2011/08/22 00:00:00.0,4951,4951,4890,4890,144,320
2011/08/23 00:00:00.0,4924,4929,4891,4891,134,374
2011/08/24 00:00:00.0,4913,4913,4863,4878,36,380
2011/08/25 00:00:00.0,4880,4880,4856,4856,26,382
2011/08/26 00:00:00.0,4870,4870,4834,4840,20,392
2011/08/29 00:00:00.0,4909,5009,4839,5006,320,298
2011/08/30 00:00:00.0,4974,5019,4974,5015,108,332
2011/08/31 00:00:00.0,5016,5109,5015,5104,198,296
2011/09/01 00:00:00.0,5105,5136,5103,5119,44,280
2011/09/02 00:00:00.0,5093,5124,5093,5119,44,276
2011/09/05 00:00:00.0,5121,5188,5121,5134,128,292
2011/09/06 00:00:00.0,5105,5105,5067,5074,58,294
2011/09/07 00:00:00.0,5083,5133,5083,5130,84,310
2011/09/08 00:00:00.0,5108,5187,5108,5187,134,248
2011/09/09 00:00:00.0,5160,5215,5160,5215,126,248
2011/09/13 00:00:00.0,5159,5182,5159,5178,66,246
2011/09/14 00:00:00.0,5177,5177,5136,5136,50,236
2011/09/15 00:00:00.0,5138,5141,5128,5137,36,214
2011/09/16 00:00:00.0,5093,5119,5086,5110,70,200
2011/09/19 00:00:00.0,5094,5095,5066,5066,54,172
2011/09/20 00:00:00.0,5074,5079,5072,5079,20,166
2011/09/21 00:00:00.0,5064,5064,4894,4924,450,338
2011/09/22 00:00:00.0,4855,4855,4784,4829,262,196
2011/09/23 00:00:00.0,4798,4812,4673,4708,242,166
2011/09/26 00:00:00.0,4710,4750,4583,4590,198,106
2011/09/27 00:00:00.0,4769,4784,4706,4727,544,364
2011/09/28 00:00:00.0,4668,4673,4632,4653,72,314
2011/09/29 00:00:00.0,4545,4604,4536,4597,48,324
2011/09/30 00:00:00.0,4616,4636,4565,4565,102,370
2011/10/10 00:00:00.0,4565,4631,4565,4604,144,326
2011/10/11 00:00:00.0,4633,4647,4557,4557,78,354
2011/10/12 00:00:00.0,4678,4716,4584,4716,892,772
2011/10/13 00:00:00.0,4734,4814,4651,4747,972,328
2011/10/14 00:00:00.0,4755,4755,4735,4746,156,334
2011/10/17 00:00:00.0,4753,4753,4727,4731,62,354
2011/10/18 00:00:00.0,4663,4664,4561,4588,250,458
2011/10/19 00:00:00.0,4611,4616,4582,4601,188,386
2011/10/20 00:00:00.0,4567,4567,4496,4530,158,394
2011/10/21 00:00:00.0,4562,4581,4548,4579,392,378
2011/10/24 00:00:00.0,4570,4774,4535,4732,590,318
2011/10/25 00:00:00.0,4729,4733,4720,4726,80,336
2011/10/26 00:00:00.0,4701,4710,4665,4695,364,308
2011/10/27 00:00:00.0,4726,4780,4726,4772,54,308
2011/10/28 00:00:00.0,4765,4791,4765,4787,62,300
2011/10/31 00:00:00.0,4732,4765,4731,4760,36,306
2011/11/01 00:00:00.0,4746,4832,4746,4776,280,302
2011/11/02 00:00:00.0,4763,4763,4759,4763,22,300
2011/11/03 00:00:00.0,4793,4793,4750,4771,12,296
2011/11/04 00:00:00.0,4762,4762,4762,4762,34,302
2011/11/07 00:00:00.0,4730,4731,4708,4709,26,298
2011/11/08 00:00:00.0,4701,4706,4681,4681,30,288
2011/11/09 00:00:00.0,4708,4708,4685,4701,18,290
2011/11/10 00:00:00.0,4685,4685,4616,4638,318,114
2011/11/11 00:00:00.0,4653,4653,4628,4628,30,120
2011/11/14 00:00:00.0,4613,4661,4613,4659,36,116
2011/11/15 00:00:00.0,4669,4705,4669,4705,12,104
2011/11/16 00:00:00.0,4731,4732,4607,4679,204,114
2011/11/17 00:00:00.0,4680,4715,4680,4710,30,114
2011/11/18 00:00:00.0,4679,4695,4679,4695,16,114
2011/11/21 00:00:00.0,4684,4705,4684,4705,32,122
2011/11/22 00:00:00.0,4670,4704,4662,4699,46,136
2011/11/23 00:00:00.0,4697,4697,4668,4680,86,132
2011/11/24 00:00:00.0,4663,4668,4649,4664,44,124
2011/11/25 00:00:00.0,4653,4653,4631,4631,30,120
2011/11/28 00:00:00.0,4635,4646,4626,4633,16,124
2011/11/29 00:00:00.0,4644,4666,4638,4663,22,120
2011/11/30 00:00:00.0,4650,4652,4630,4630,12,118
2011/12/01 00:00:00.0,4760,4760,4673,4699,52,114
2011/12/02 00:00:00.0,4708,4708,4681,4691,32,114
2011/12/06 00:00:00.0,4684,4684,4676,4676,4,112
2011/12/09 00:00:00.0,4672,4687,4668,4674,18,110
2011/12/12 00:00:00.0,4663,4663,4651,4651,50,110
2011/12/13 00:00:00.0,4665,4665,4638,4655,32,112
2011/12/14 00:00:00.0,4655,4660,4651,4651,24,104
2011/12/15 00:00:00.0,4666,4670,4648,4658,16,104
2011/12/19 00:00:00.0,4675,4675,4674,4674,6,106
2011/12/21 00:00:00.0,4680,4680,4670,4673,34,110
2011/12/22 00:00:00.0,4677,4680,4674,4676,58,72
2011/12/23 00:00:00.0,4679,4681,4678,4681,12,80
2011/12/26 00:00:00.0,4682,4706,4682,4704,58,92
2011/12/27 00:00:00.0,4697,4710,4669,4678,22,88
2011/12/28 00:00:00.0,4707,4724,4707,4724,24,94
2011/12/29 00:00:00.0,4724,4760,4710,4717,228,80
2011/12/30 00:00:00.0,4725,4731,4720,4722,16,82
2012/01/04 00:00:00.0,4739,4746,4737,4746,14,82
2012/01/05 00:00:00.0,4746,4766,4746,4751,58,72
2012/01/06 00:00:00.0,4729,4737,4729,4733,14,72
2012/01/09 00:00:00.0,4748,4748,4735,4735,16,70
2012/01/10 00:00:00.0,4820,4820,4754,4754,24,70
2012/01/11 00:00:00.0,4759,4776,4759,4761,42,70
2012/01/13 00:00:00.0,4737,4737,4729,4729,18,72
2012/01/16 00:00:00.0,4711,4711,4673,4685,18,66
2012/01/17 00:00:00.0,4675,4696,4675,4696,16,68
2012/01/18 00:00:00.0,4685,4707,4685,4690,14,62
2012/01/19 00:00:00.0,4717,4718,4697,4709,40,62
2012/01/20 00:00:00.0,4717,4722,4706,4722,18,54
2012/01/30 00:00:00.0,4730,4737,4729,4729,16,58
2012/01/31 00:00:00.0,4723,4723,4720,4723,8,60
2012/02/01 00:00:00.0,4763,4798,4762,4798,46,66
2012/02/02 00:00:00.0,4769,4805,4769,4805,14,68
2012/02/03 00:00:00.0,4819,4821,4802,4813,20,66
2012/02/06 00:00:00.0,4905,4915,4787,4787,90,44
2012/02/07 00:00:00.0,4816,4829,4815,4815,6,42
2012/02/08 00:00:00.0,4813,4855,4811,4855,40,58
2012/02/09 00:00:00.0,4842,4845,4828,4829,28,48
2012/02/10 00:00:00.0,4814,4815,4813,4813,6,48
2012/02/13 00:00:00.0,4831,4834,4813,4821,56,42
2012/02/14 00:00:00.0,4832,4832,4829,4829,8,42
2012/02/16 00:00:00.0,4814,4814,4745,4800,26,42
2012/02/17 00:00:00.0,4827,4827,4812,4812,44,52
2012/02/20 00:00:00.0,4816,4816,4813,4813,8,56
2012/02/21 00:00:00.0,4816,4824,4816,4824,4,52
2012/02/22 00:00:00.0,4811,4839,4811,4817,42,52
2012/02/23 00:00:00.0,4811,4811,4811,4811,2,52
2012/02/24 00:00:00.0,4828,4828,4811,4811,32,56
2012/02/27 00:00:00.0,4837,4837,4805,4829,8,58
2012/02/28 00:00:00.0,4852,4861,4832,4847,60,66
2012/02/29 00:00:00.0,4856,4856,4827,4828,58,68
2012/03/01 00:00:00.0,4848,4849,4819,4833,126,156
2012/03/02 00:00:00.0,4807,4831,4786,4828,152,86
2012/03/05 00:00:00.0,4838,4847,4838,4846,56,48
2012/03/06 00:00:00.0,4842,4845,4840,4845,10,50
2012/03/07 00:00:00.0,4855,4865,4832,4832,38,46
2012/03/08 00:00:00.0,4844,4848,4842,4848,46,52
2012/03/09 00:00:00.0,4861,4906,4861,4900,112,66
2012/03/12 00:00:00.0,4900,4900,4888,4888,12,68
2012/03/13 00:00:00.0,4900,4900,4900,4900,8,70
2012/03/14 00:00:00.0,4894,4894,4894,4894,2,68
2012/03/15 00:00:00.0,4939,4941,4903,4919,88,76
2012/03/16 00:00:00.0,4941,4941,4916,4919,16,72
2012/03/19 00:00:00.0,4938,4940,4927,4940,18,80
2012/03/20 00:00:00.0,4920,4920,4894,4894,20,66
2012/03/21 00:00:00.0,4895,4895,4855,4881,42,66
2012/03/22 00:00:00.0,4900,4912,4895,4895,24,68
2012/03/23 00:00:00.0,4910,4912,4902,4912,6,64
2012/03/26 00:00:00.0,4932,4960,4924,4960,20,60
2012/03/27 00:00:00.0,4939,4968,4926,4964,76,58
2012/03/28 00:00:00.0,4959,4972,4948,4972,62,76
2012/03/29 00:00:00.0,4967,5027,4956,4959,54,82
2012/03/30 00:00:00.0,4949,4949,4920,4931,18,78
2012/04/05 00:00:00.0,5001,5014,4991,5012,38,90
2012/04/06 00:00:00.0,5024,5099,5017,5088,102,132
2012/04/09 00:00:00.0,5096,5102,5078,5102,64,144
2012/04/10 00:00:00.0,5105,5144,5105,5144,44,166
2012/04/11 00:00:00.0,5115,5116,5076,5076,56,164
2012/04/12 00:00:00.0,5097,5097,5075,5086,50,156
2012/04/13 00:00:00.0,5126,5126,5082,5084,62,142
2012/04/16 00:00:00.0,5062,5070,5056,5070,46,140
2012/04/17 00:00:00.0,5058,5063,5052,5063,28,138
2012/04/18 00:00:00.0,5057,5064,5037,5040,42,130
2012/04/19 00:00:00.0,5041,5045,5040,5041,14,136
2012/04/23 00:00:00.0,5056,5068,5047,5047,22,132
2012/04/24 00:00:00.0,5044,5050,5028,5041,46,132
2012/04/25 00:00:00.0,5078,5083,5074,5077,110,186
2012/04/26 00:00:00.0,5114,5150,5092,5109,320,108
2012/04/27 00:00:00.0,5072,5080,5072,5074,26,178
2012/05/03 00:00:00.0,5045,5045,5035,5038,78,166
2012/05/08 00:00:00.0,5011,5017,5003,5003,18,144
2012/05/10 00:00:00.0,4950,4966,4946,4963,142,140
2012/05/11 00:00:00.0,4992,4992,4915,4927,108,140
2012/05/14 00:00:00.0,4905,4905,4836,4837,44,130
2012/05/16 00:00:00.0,4838,4838,4767,4767,22,122
2012/05/17 00:00:00.0,4775,4775,4729,4748,66,146
2012/05/18 00:00:00.0,4724,4730,4724,4728,28,134
2012/05/21 00:00:00.0,4734,4767,4712,4747,214,248
2012/05/22 00:00:00.0,4742,4743,4701,4701,240,412
2012/05/23 00:00:00.0,4657,4657,4615,4615,34,430
2012/05/24 00:00:00.0,4649,4655,4639,4650,36,436
2012/05/25 00:00:00.0,4630,4633,4614,4615,156,524
2012/05/28 00:00:00.0,4615,4678,4614,4678,136,606
2012/05/29 00:00:00.0,4678,4728,4655,4717,66,602
2012/05/30 00:00:00.0,4734,4736,4707,4708,88,642
2012/06/01 00:00:00.0,4661,4669,4622,4635,96,726
2012/06/04 00:00:00.0,4583,4584,4579,4579,16,734
2012/06/05 00:00:00.0,4608,4658,4608,4625,26,746
2012/06/06 00:00:00.0,4615,4644,4613,4619,100,772
2012/06/07 00:00:00.0,4636,4652,4628,4642,76,810
2012/06/08 00:00:00.0,4623,4629,4597,4613,52,816
2012/06/11 00:00:00.0,4629,4671,4623,4662,262,940
2012/06/12 00:00:00.0,4638,4683,4638,4683,94,1006
2012/06/13 00:00:00.0,4688,4702,4663,4677,38,1014
2012/06/14 00:00:00.0,4622,4643,4580,4581,22,1030
2012/06/15 00:00:00.0,4539,4548,4439,4509,160,1080
2012/06/18 00:00:00.0,4552,4553,4508,4532,78,1128
2012/06/19 00:00:00.0,4553,4554,4498,4515,184,1178
2012/06/20 00:00:00.0,4519,4521,4491,4492,62,1194
2012/06/21 00:00:00.0,4473,4483,4456,4482,84,1204
2012/06/25 00:00:00.0,4534,4534,4480,4485,164,1274
2012/06/26 00:00:00.0,4485,4493,4470,4489,138,1276
2012/06/27 00:00:00.0,4484,4485,4482,4483,20,1280
2012/06/28 00:00:00.0,4467,4468,4467,4468,10,1284
2012/06/29 00:00:00.0,4449,4476,4446,4476,32,1290
2012/07/02 00:00:00.0,4474,4491,4470,4491,52,1294
2012/07/03 00:00:00.0,4472,4514,4472,4501,82,1310
2012/07/04 00:00:00.0,4507,4522,4505,4516,220,1384
2012/07/05 00:00:00.0,4524,4538,4507,4521,132,1414
2012/07/06 00:00:00.0,4525,4532,4494,4498,114,1404
2012/07/09 00:00:00.0,4493,4672,4490,4635,580,1412
2012/07/10 00:00:00.0,4617,4629,4585,4594,152,1402
2012/07/11 00:00:00.0,4611,4665,4605,4605,194,1446
2012/07/12 00:00:00.0,4537,4565,4531,4546,58,1458
2012/07/13 00:00:00.0,4554,4582,4546,4571,170,1508
2012/07/16 00:00:00.0,4606,4724,4606,4697,214,1532
2012/07/17 00:00:00.0,4692,4705,4619,4625,166,1524
2012/07/18 00:00:00.0,4583,4649,4579,4646,76,1532
2012/07/19 00:00:00.0,4643,4696,4623,4696,130,1542
2012/07/20 00:00:00.0,4678,4751,4678,4751,288,1590
2012/07/23 00:00:00.0,4751,4800,4684,4756,220,1598
2012/07/24 00:00:00.0,4587,4642,4586,4602,70,1594
2012/07/25 00:00:00.0,4595,4628,4553,4595,468,1714
2012/07/26 00:00:00.0,4576,4582,4576,4582,48,1720
2012/07/27 00:00:00.0,4564,4602,4564,4602,78,1726
2012/07/30 00:00:00.0,4688,4718,4648,4718,126,1740
2012/07/31 00:00:00.0,4721,4735,4702,4734,64,1748
2012/08/01 00:00:00.0,4766,4846,4760,4799,116,1756
2012/08/02 00:00:00.0,4791,4820,4759,4820,64,1756
2012/08/03 00:00:00.0,4826,4881,4817,4850,74,1750
2012/08/06 00:00:00.0,4805,4839,4795,4839,126,1754
2012/08/07 00:00:00.0,4805,4811,4781,4801,302,1764
2012/08/08 00:00:00.0,4787,4800,4769,4770,60,1776
2012/08/09 00:00:00.0,4775,4789,4774,4779,114,1762
2012/08/10 00:00:00.0,4804,4804,4777,4780,76,1756
2012/08/13 00:00:00.0,4762,4782,4761,4780,32,1752
2012/08/14 00:00:00.0,4768,4768,4767,4767,34,1742
2012/08/15 00:00:00.0,4784,4946,4746,4786,92,1750
2012/08/16 00:00:00.0,4738,4753,4738,4753,212,1752
2012/08/17 00:00:00.0,4843,4846,4744,4745,94,1750
2012/08/20 00:00:00.0,4737,4781,4687,4781,224,1748
2012/08/21 00:00:00.0,4795,4799,4795,4798,38,1752
2012/08/22 00:00:00.0,4625,4678,4625,4643,1326,1316
2012/08/23 00:00:00.0,4689,4738,4689,4735,160,1342
2012/08/24 00:00:00.0,4735,4738,4735,4738,116,1432
2012/08/27 00:00:00.0,4729,4795,4729,4781,282,1288
2012/08/28 00:00:00.0,4764,4806,4762,4806,170,1296
2012/08/29 00:00:00.0,4911,4911,4762,4802,240,1278
2012/08/30 00:00:00.0,4857,4869,4799,4869,858,1266
2012/08/31 00:00:00.0,4910,4910,4834,4876,82,1252
2012/09/03 00:00:00.0,4893,4903,4835,4885,188,1120
2012/09/04 00:00:00.0,4970,4976,4970,4976,62,1132
2012/09/06 00:00:00.0,4901,4930,4886,4927,748,496
2012/09/07 00:00:00.0,4979,4979,4839,4839,72,494
2012/09/17 00:00:00.0,4852,4852,4801,4802,138,206
2012/09/18 00:00:00.0,4737,4766,4737,4753,60,194
2012/09/19 00:00:00.0,4786,4786,4782,4785,60,212
2012/09/21 00:00:00.0,4798,4800,4775,4798,28,234
2012/09/24 00:00:00.0,4763,4820,4756,4814,66,242
2012/09/25 00:00:00.0,4810,4863,4810,4843,54,240
2012/09/26 00:00:00.0,4860,4873,4843,4843,44,236
2012/09/27 00:00:00.0,4856,4856,4769,4811,34,230
2012/09/28 00:00:00.0,4823,4832,4803,4811,60,208
2012/10/08 00:00:00.0,4797,4797,4722,4722,78,178
2012/10/09 00:00:00.0,4742,4763,4730,4755,106,174
2012/10/10 00:00:00.0,4727,4727,4691,4709,108,218
2012/10/11 00:00:00.0,4706,4733,4705,4727,58,220
2012/10/12 00:00:00.0,4723,4758,4702,4706,208,238
2012/10/15 00:00:00.0,4704,4721,4704,4721,94,220
2012/10/16 00:00:00.0,4728,4743,4728,4731,60,218
2012/10/17 00:00:00.0,4716,4735,4715,4735,64,214
2012/10/18 00:00:00.0,4756,4756,4717,4754,102,256
2012/10/19 00:00:00.0,4755,4765,4752,4758,24,258
2012/10/22 00:00:00.0,4773,4774,4768,4770,70,206
2012/10/24 00:00:00.0,4770,4796,4770,4796,16,214
2012/10/25 00:00:00.0,4800,4800,4789,4789,22,214
2012/10/26 00:00:00.0,4805,4833,4798,4816,22,216
2012/10/29 00:00:00.0,4829,4834,4799,4803,30,220
2012/10/30 00:00:00.0,4773,4789,4773,4775,12,220
2012/10/31 00:00:00.0,4767,4774,4760,4774,12,226
2012/11/01 00:00:00.0,4785,4880,4784,4880,90,246
2012/11/02 00:00:00.0,4860,4879,4860,4870,76,250
2012/11/05 00:00:00.0,4843,4868,4834,4845,142,240
2012/11/06 00:00:00.0,4847,4859,4841,4849,40,250
2012/11/07 00:00:00.0,4838,4838,4809,4814,28,250
2012/11/08 00:00:00.0,4822,4822,4795,4820,38,248
2012/11/09 00:00:00.0,4811,4814,4782,4783,118,232
2012/11/12 00:00:00.0,4730,4759,4653,4702,216,202
2012/11/13 00:00:00.0,4681,4719,4661,4717,274,226
2012/11/14 00:00:00.0,4703,4729,4696,4719,136,238
2012/11/15 00:00:00.0,4718,4718,4667,4667,100,272
2012/11/16 00:00:00.0,4669,4677,4659,4668,122,276
2012/11/19 00:00:00.0,4678,4691,4660,4671,86,284
2012/11/20 00:00:00.0,4678,4679,4663,4679,88,288
2012/11/21 00:00:00.0,4712,4712,4671,4689,66,288
2012/11/22 00:00:00.0,4675,4683,4673,4678,18,280
2012/11/23 00:00:00.0,4675,4703,4674,4694,60,268
2012/11/26 00:00:00.0,4695,4700,4687,4699,8,264
2012/11/27 00:00:00.0,4695,4695,4690,4694,86,222
2012/11/28 00:00:00.0,4703,4735,4699,4708,58,188
2012/11/29 00:00:00.0,4730,4730,4722,4730,34,190
2012/11/30 00:00:00.0,4727,4733,4727,4733,28,192
2012/12/03 00:00:00.0,4742,4771,4742,4767,38,190
2012/12/05 00:00:00.0,4724,4729,4724,4724,12,188
2012/12/06 00:00:00.0,4741,4752,4741,4749,112,214
2012/12/07 00:00:00.0,4748,4800,4748,4772,48,210
2012/12/10 00:00:00.0,4733,4783,4733,4770,32,192
2012/12/11 00:00:00.0,4773,4775,4773,4775,6,192
2012/12/12 00:00:00.0,4764,4764,4759,4759,8,190
2012/12/13 00:00:00.0,4761,4788,4760,4788,14,188
2012/12/14 00:00:00.0,4769,4802,4769,4795,18,188
2012/12/17 00:00:00.0,4822,4822,4807,4807,42,166
2012/12/18 00:00:00.0,4821,4825,4803,4803,16,162
2012/12/19 00:00:00.0,4791,4791,4779,4789,56,154
2012/12/20 00:00:00.0,4779,4780,4759,4772,46,140
2012/12/21 00:00:00.0,4764,4776,4747,4754,18,144
2012/12/24 00:00:00.0,4760,4760,4750,4754,24,140
2012/12/25 00:00:00.0,4739,4754,4669,4669,38,150
2012/12/26 00:00:00.0,4740,4799,4740,4783,46,130
2012/12/27 00:00:00.0,4732,4740,4732,4737,14,128
2012/12/28 00:00:00.0,4742,4765,4742,4764,36,104
2012/12/31 00:00:00.0,4743,4767,4735,4743,94,88
2013/01/04 00:00:00.0,4710,4729,4678,4688,158,166
2013/01/07 00:00:00.0,4682,4687,4677,4677,14,172
2013/01/08 00:00:00.0,4677,4682,4657,4677,30,182
2013/01/09 00:00:00.0,4664,4665,4660,4664,40,214
2013/01/10 00:00:00.0,4640,4662,4640,4652,8,214
2013/01/11 00:00:00.0,4658,4673,4657,4673,16,224
2013/01/14 00:00:00.0,4671,4678,4665,4665,34,246
2013/01/15 00:00:00.0,4676,4676,4676,4676,4,250
2013/01/16 00:00:00.0,4664,4666,4664,4666,6,254
2013/01/17 00:00:00.0,4660,4666,4648,4656,46,274
2013/01/18 00:00:00.0,4642,4658,4640,4653,18,274
2013/01/21 00:00:00.0,4642,4643,4636,4643,20,272
2013/01/24 00:00:00.0,4607,4630,4607,4630,6,270
2013/01/30 00:00:00.0,4634,4658,4634,4637,16,268
2013/01/31 00:00:00.0,4671,4675,4641,4647,38,276
2013/02/04 00:00:00.0,4661,4661,4643,4643,8,276
2013/02/05 00:00:00.0,4630,4636,4627,4635,14,276
2013/02/08 00:00:00.0,4596,4648,4596,4648,16,258
2013/02/18 00:00:00.0,4572,4593,4490,4490,26,258
2013/02/19 00:00:00.0,4567,4570,4561,4561,12,258
2013/02/20 00:00:00.0,4602,4602,4583,4586,32,262
2013/02/21 00:00:00.0,4573,4580,4567,4567,8,260
2013/02/22 00:00:00.0,4579,4649,4579,4625,90,274
2013/02/25 00:00:00.0,4590,4601,4467,4574,100,272
2013/02/26 00:00:00.0,4581,4581,4566,4566,30,268
2013/02/27 00:00:00.0,4565,4586,4513,4554,96,272
2013/02/28 00:00:00.0,4553,4554,4547,4547,22,264
2013/03/04 00:00:00.0,4541,4541,4520,4524,8,270
2013/03/05 00:00:00.0,4559,4560,4555,4557,18,274
2013/03/08 00:00:00.0,4523,4528,4523,4528,22,266
2013/03/11 00:00:00.0,4523,4523,4520,4522,18,250
2013/03/18 00:00:00.0,4422,4499,4421,4499,10,248
2013/03/25 00:00:00.0,4517,4528,4509,4509,208,284
2013/03/26 00:00:00.0,4497,4504,4468,4504,116,254
2013/03/27 00:00:00.0,4508,4508,4500,4500,14,248
2013/03/28 00:00:00.0,4530,4530,4504,4504,120,340
2013/03/29 00:00:00.0,4436,4490,4436,4469,62,300
2013/04/01 00:00:00.0,4469,4470,4434,4460,80,278
2013/04/02 00:00:00.0,4437,4438,4412,4417,34,282
2013/04/03 00:00:00.0,4394,4409,4394,4409,14,276
2013/04/08 00:00:00.0,4357,4362,4340,4348,48,288
2013/04/09 00:00:00.0,4347,4367,4347,4357,20,286
2013/04/10 00:00:00.0,4358,4364,4337,4354,82,310
2013/04/11 00:00:00.0,4346,4347,4337,4346,22,320
2013/04/12 00:00:00.0,4341,4345,4336,4345,36,322
2013/04/15 00:00:00.0,4306,4331,4302,4307,44,326
2013/04/16 00:00:00.0,4279,4291,4273,4274,70,336
2013/04/17 00:00:00.0,4279,4280,4263,4263,8,342
2013/04/18 00:00:00.0,4272,4277,4255,4270,10,344
2013/04/19 00:00:00.0,4265,4288,4258,4288,8,344
2013/04/22 00:00:00.0,4248,4252,4240,4240,12,342
2013/04/23 00:00:00.0,4236,4250,4175,4175,58,340
2013/04/24 00:00:00.0,4174,4187,4110,4110,58,330
2013/04/25 00:00:00.0,4081,4081,3950,3955,334,402
2013/04/26 00:00:00.0,4020,4021,3920,3992,102,384
2013/05/02 00:00:00.0,4011,4158,3996,4013,268,390
2013/05/03 00:00:00.0,4040,4041,4005,4017,112,394
2013/05/06 00:00:00.0,4025,4025,3999,4017,76,422
2013/05/07 00:00:00.0,3991,4008,3991,4000,44,428
2013/05/08 00:00:00.0,4013,4015,4005,4013,34,428
2013/05/09 00:00:00.0,4010,4027,3989,4008,54,428
2013/05/10 00:00:00.0,4011,4021,3997,4014,92,436
2013/05/13 00:00:00.0,3998,4006,3977,3995,64,428
2013/05/14 00:00:00.0,4008,4008,4006,4006,14,428
2013/05/15 00:00:00.0,3993,4007,3993,4005,36,428
2013/05/16 00:00:00.0,3989,4003,3989,3995,54,424
2013/05/17 00:00:00.0,4054,4055,4004,4010,70,430
2013/05/20 00:00:00.0,4054,4055,4012,4033,176,436
2013/05/21 00:00:00.0,4041,4042,4033,4034,16,430
2013/05/22 00:00:00.0,4074,4090,4061,4076,38,438
2013/05/23 00:00:00.0,4083,4108,4079,4080,60,462
2013/05/24 00:00:00.0,4107,4107,4101,4101,6,462
2013/05/27 00:00:00.0,4092,4092,4082,4084,60,474
2013/05/28 00:00:00.0,4066,4090,4066,4089,22,464
2013/05/29 00:00:00.0,4078,4105,4075,4083,64,458
2013/05/30 00:00:00.0,4074,4080,4073,4073,18,458
2013/05/31 00:00:00.0,4086,4087,4075,4076,56,464
2013/06/03 00:00:00.0,4094,4122,4093,4122,28,464
2013/06/04 00:00:00.0,4155,4172,4070,4131,188,462
2013/06/05 00:00:00.0,4152,4167,4128,4142,76,466
2013/06/06 00:00:00.0,4135,4157,4130,4157,52,466
2013/06/07 00:00:00.0,4149,4193,4149,4193,60,480
2013/06/13 00:00:00.0,4210,4210,4203,4203,8,486
2013/06/14 00:00:00.0,4219,4219,4149,4169,250,618
2013/06/17 00:00:00.0,4174,4194,4161,4193,24,618
2013/06/18 00:00:00.0,4198,4202,4180,4181,26,610
2013/06/19 00:00:00.0,4182,4191,4182,4191,64,604
2013/06/20 00:00:00.0,4195,4209,4195,4205,42,616
2013/06/21 00:00:00.0,4177,4177,4165,4165,40,634
2013/06/24 00:00:00.0,4119,4177,4117,4161,70,638
2013/06/25 00:00:00.0,4176,4183,4129,4151,50,642
2013/06/26 00:00:00.0,4176,4183,4164,4164,8,642
2013/06/27 00:00:00.0,4158,4166,4154,4166,14,648
2013/06/28 00:00:00.0,4174,4174,4143,4154,56,640
2013/07/01 00:00:00.0,4150,4151,4128,4150,12,648
2013/07/02 00:00:00.0,4150,4151,4142,4147,22,636
2013/07/03 00:00:00.0,4129,4150,4126,4148,76,622
2013/07/04 00:00:00.0,4146,4160,4146,4160,46,628
2013/07/05 00:00:00.0,4139,4161,4118,4146,126,638
2013/07/09 00:00:00.0,4148,4153,4148,4153,12,644
2013/07/11 00:00:00.0,4154,4156,4136,4145,80,644
2013/07/15 00:00:00.0,4135,4135,4118,4118,6,640
2013/07/17 00:00:00.0,4122,4137,4117,4117,34,630
2013/07/18 00:00:00.0,4105,4115,4024,4113,50,630
2013/07/19 00:00:00.0,4090,4090,4029,4035,132,640
2013/07/22 00:00:00.0,4011,4037,4011,4037,14,640
2013/07/23 00:00:00.0,4044,4121,4043,4087,248,654
2013/07/24 00:00:00.0,4069,4091,4064,4091,24,652
2013/07/25 00:00:00.0,4052,4052,4024,4024,50,678
2013/07/26 00:00:00.0,3952,3980,3931,3931,138,676
2013/07/29 00:00:00.0,3935,3962,3935,3962,32,688
2013/07/30 00:00:00.0,3948,4035,3948,3994,66,680
2013/07/31 00:00:00.0,3985,4003,3979,3981,98,664
2013/08/01 00:00:00.0,4002,4003,3994,4001,28,674
2013/08/05 00:00:00.0,4014,4016,4014,4016,10,676
2013/08/07 00:00:00.0,3962,3970,3949,3964,46,642
2013/08/09 00:00:00.0,3987,3992,3949,3950,186,646
2013/08/13 00:00:00.0,3963,3974,3959,3961,34,640
2013/08/14 00:00:00.0,3964,3967,3943,3959,40,634
2013/08/15 00:00:00.0,3961,4085,3961,4012,60,636
2013/08/16 00:00:00.0,4082,4135,4011,4110,322,732
2013/08/19 00:00:00.0,4201,4201,4144,4189,92,684
2013/08/20 00:00:00.0,4372,4372,4172,4250,104,716
2013/08/21 00:00:00.0,4239,4265,4173,4265,64,706
2013/08/22 00:00:00.0,4209,4209,4194,4194,16,700
2013/08/23 00:00:00.0,4239,4239,4228,4228,14,700
2013/08/26 00:00:00.0,4195,4272,4139,4271,208,710
2013/08/27 00:00:00.0,4354,4364,4220,4241,42,702
2013/08/28 00:00:00.0,4301,4305,4301,4305,6,700
2013/08/29 00:00:00.0,4311,4311,4204,4211,32,686
2013/08/30 00:00:00.0,4343,4343,4208,4325,44,670
2013/09/02 00:00:00.0,4253,4260,4249,4251,38,672
2013/09/04 00:00:00.0,4302,4302,4287,4287,16,686
2013/09/06 00:00:00.0,4027,4106,4027,4103,258,456
2013/09/09 00:00:00.0,4038,4039,4038,4039,48,416
2013/09/10 00:00:00.0,4047,4074,4040,4070,304,284
2013/09/16 00:00:00.0,4074,4074,4055,4063,92,202
2013/09/17 00:00:00.0,4071,4075,4067,4070,24,200
2013/09/18 00:00:00.0,4088,4122,4077,4091,74,202
2013/09/23 00:00:00.0,4077,4093,4077,4093,12,202
2013/09/24 00:00:00.0,4094,4098,4094,4097,8,204
2013/09/25 00:00:00.0,4105,4107,4099,4103,20,202
2013/09/27 00:00:00.0,4094,4107,4094,4106,22,204
2013/10/08 00:00:00.0,4114,4118,4114,4118,4,200
2013/10/09 00:00:00.0,4111,4112,4111,4112,4,202
2013/10/10 00:00:00.0,4118,4138,4118,4130,42,204
2013/10/11 00:00:00.0,4114,4129,4110,4121,60,200
2013/10/14 00:00:00.0,4080,4122,4072,4120,46,198
2013/10/15 00:00:00.0,4100,4113,4098,4111,30,206
2013/10/16 00:00:00.0,4118,4118,4118,4118,10,206
2013/10/21 00:00:00.0,4130,4130,4130,4130,6,202
2013/10/22 00:00:00.0,4125,4125,4125,4125,2,200
2013/10/23 00:00:00.0,4122,4122,4122,4122,4,198
2013/10/24 00:00:00.0,4128,4128,4128,4128,2,196
2013/11/01 00:00:00.0,4130,4135,4130,4132,14,212
2013/11/08 00:00:00.0,4065,4100,4065,4100,110,222
2013/11/18 00:00:00.0,4029,4080,4029,4080,88,250
2013/11/19 00:00:00.0,4081,4088,4069,4074,84,250
2013/11/20 00:00:00.0,4073,4073,4030,4048,102,276
2013/11/25 00:00:00.0,4070,4099,4065,4065,10,276
2013/12/02 00:00:00.0,4048,4079,4011,4012,8,10
2013/12/04 00:00:00.0,4104,4104,4064,4064,6,244
2013/12/06 00:00:00.0,4122,4122,4122,4122,2,246
2013/12/11 00:00:00.0,4083,4165,4075,4158,220,244
2013/12/12 00:00:00.0,4093,4107,4093,4106,40,230
2013/12/13 00:00:00.0,4082,4082,4048,4048,56,222
2013/12/16 00:00:00.0,4039,4039,4030,4031,42,218
2013/12/19 00:00:00.0,4031,4032,4030,4030,42,196
2013/12/23 00:00:00.0,4038,4072,4038,4064,30,178
2013/12/24 00:00:00.0,4079,4080,4069,4073,34,178
2013/12/25 00:00:00.0,4104,4154,4104,4133,62,176
2013/12/26 00:00:00.0,4085,4110,4085,4110,22,176
2013/12/27 00:00:00.0,4119,4119,4061,4104,62,194
2013/12/30 00:00:00.0,4084,4097,4066,4076,36,198
2014/01/02 00:00:00.0,4143,4143,4113,4113,12,186
2014/01/03 00:00:00.0,4060,4093,4049,4073,50,210
2014/01/06 00:00:00.0,4091,4091,4090,4090,16,200
2014/01/07 00:00:00.0,4060,4060,4022,4044,72,236
2014/01/08 00:00:00.0,4031,4041,4011,4033,70,236
2014/01/09 00:00:00.0,4057,4057,4053,4053,12,238
2014/01/10 00:00:00.0,4054,4065,4045,4062,26,232
2014/01/13 00:00:00.0,4038,4051,4037,4040,20,230
2014/01/14 00:00:00.0,4012,4043,4012,4043,4,232
2014/01/15 00:00:00.0,4039,4040,4032,4040,14,240
2014/01/16 00:00:00.0,3956,4031,3956,4031,20,232
2014/01/17 00:00:00.0,4052,4055,4050,4055,12,228
2014/01/20 00:00:00.0,4049,4049,4041,4044,36,226
2014/01/21 00:00:00.0,4045,4047,4045,4047,12,224
2014/01/23 00:00:00.0,3937,4049,3937,4046,12,230
2014/01/24 00:00:00.0,4050,4050,4034,4039,10,224
2014/01/28 00:00:00.0,4066,4066,4062,4062,18,224
2014/01/29 00:00:00.0,4014,4145,4014,4124,130,176
2014/01/30 00:00:00.0,4102,4102,4102,4102,2,176
2014/02/07 00:00:00.0,4141,4141,4076,4089,32,176
2014/02/10 00:00:00.0,4104,4132,4102,4103,58,172
2014/02/12 00:00:00.0,4048,4059,4048,4051,16,224
2014/02/13 00:00:00.0,4037,4052,4034,4034,18,238
2014/02/14 00:00:00.0,4036,4036,4010,4029,72,262
2014/02/17 00:00:00.0,4015,4025,4014,4020,14,262
2014/02/18 00:00:00.0,4028,4044,4012,4012,76,274
2014/02/19 00:00:00.0,3998,4019,3991,4019,22,274
2014/02/20 00:00:00.0,4002,4017,4002,4016,10,276
2014/02/21 00:00:00.0,4017,4023,4011,4017,16,270
2014/02/24 00:00:00.0,4029,4029,4000,4004,48,284
2014/02/25 00:00:00.0,4002,4005,3997,3997,38,296
2014/02/26 00:00:00.0,3991,3991,3986,3986,14,308
2014/03/03 00:00:00.0,4014,4014,3972,3972,62,344
2014/03/04 00:00:00.0,3973,3973,3954,3954,20,362
2014/03/05 00:00:00.0,3989,3989,3922,3962,98,380
2014/03/06 00:00:00.0,3956,3967,3956,3967,22,384
2014/03/07 00:00:00.0,3965,3968,3960,3960,42,402
2014/03/11 00:00:00.0,3960,3960,3935,3947,86,412
2014/03/12 00:00:00.0,3942,3946,3937,3946,78,414
2014/03/13 00:00:00.0,3913,3947,3911,3937,68,418
2014/03/14 00:00:00.0,3972,3972,3905,3911,386,426
2014/03/17 00:00:00.0,3909,3909,3882,3891,48,426
2014/03/18 00:00:00.0,3878,3878,3865,3872,20,438
2014/03/19 00:00:00.0,3895,3910,3872,3904,66,446
2014/03/20 00:00:00.0,3898,3898,3870,3880,24,450
2014/03/21 00:00:00.0,3900,3900,3893,3893,14,454
2014/03/24 00:00:00.0,3886,3886,3881,3882,8,458
2014/03/25 00:00:00.0,3900,3901,3886,3894,56,438
2014/03/26 00:00:00.0,3874,3881,3872,3874,24,446
2014/03/27 00:00:00.0,3860,3882,3860,3878,30,440
2014/03/28 00:00:00.0,3875,3894,3868,3868,16,438
2014/03/31 00:00:00.0,3880,3889,3863,3889,12,434
2014/04/01 00:00:00.0,3882,3896,3864,3889,40,434
2014/04/02 00:00:00.0,3911,3949,3881,3938,164,458
2014/04/03 00:00:00.0,3927,3944,3926,3940,66,470
2014/04/04 00:00:00.0,3940,3940,3940,3940,6,470
2014/04/08 00:00:00.0,3938,3938,3927,3930,24,478
2014/04/09 00:00:00.0,3992,3992,3982,3983,132,480
2014/04/10 00:00:00.0,3935,3953,3935,3953,30,464
2014/04/11 00:00:00.0,3958,3958,3945,3954,20,464
2014/04/14 00:00:00.0,3990,3990,3973,3974,66,456
2014/04/15 00:00:00.0,3946,3959,3934,3959,8,454
2014/04/16 00:00:00.0,3946,3966,3944,3966,20,452
2014/04/17 00:00:00.0,3971,3973,3918,3946,496,448
2014/04/18 00:00:00.0,3944,3988,3941,3973,68,444
2014/04/21 00:00:00.0,3952,3960,3931,3960,82,452
2014/04/22 00:00:00.0,3956,3986,3956,3985,22,452
2014/04/23 00:00:00.0,3982,3986,3980,3980,24,466
2014/04/28 00:00:00.0,4002,4005,3986,4005,64,462
2014/04/29 00:00:00.0,4012,4012,3997,4007,20,456
2014/04/30 00:00:00.0,4034,4035,4034,4035,30,454
2014/05/05 00:00:00.0,4017,4096,4003,4050,76,458
2014/05/06 00:00:00.0,4047,4047,4022,4022,6,456
2014/05/07 00:00:00.0,4026,4040,4026,4040,24,456
2014/05/09 00:00:00.0,4044,4054,4044,4054,4,456
2014/05/12 00:00:00.0,4045,4045,4045,4045,2,458
2014/05/13 00:00:00.0,4056,4061,4029,4053,42,456
2014/05/14 00:00:00.0,4042,4067,4025,4064,188,446
2014/05/15 00:00:00.0,4068,4110,4060,4110,66,450
2014/05/16 00:00:00.0,4119,4193,4119,4183,278,504
2014/05/19 00:00:00.0,4238,4238,4144,4171,116,510
2014/05/20 00:00:00.0,4180,4210,4171,4209,134,542
2014/05/21 00:00:00.0,4202,4207,4182,4201,132,578
2014/05/22 00:00:00.0,4188,4225,4184,4188,90,584
2014/05/26 00:00:00.0,4178,4178,4166,4174,20,568
2014/05/27 00:00:00.0,4199,4199,4166,4166,12,568
2014/05/28 00:00:00.0,4189,4189,4163,4183,36,570
2014/05/29 00:00:00.0,4230,4230,4191,4191,22,568
2014/05/30 00:00:00.0,4228,4228,4190,4190,44,576
2014/06/05 00:00:00.0,4159,4188,4142,4183,66,592
2014/06/06 00:00:00.0,4141,4146,4125,4141,52,620
2014/06/09 00:00:00.0,4150,4157,4150,4157,4,624
2014/06/10 00:00:00.0,4150,4150,4118,4124,36,628
2014/06/11 00:00:00.0,4126,4138,4114,4138,20,632
2014/06/12 00:00:00.0,4132,4147,4113,4145,24,644
2014/06/16 00:00:00.0,4125,4141,4125,4141,16,656
2014/06/17 00:00:00.0,4175,4175,4115,4128,48,654
2014/06/18 00:00:00.0,4102,4122,4102,4120,32,660
2014/06/19 00:00:00.0,4124,4127,4107,4127,14,670
2014/06/20 00:00:00.0,4122,4123,4097,4112,34,682
2014/06/25 00:00:00.0,4120,4120,4112,4112,4,686
2014/06/26 00:00:00.0,4084,4113,4078,4088,26,690
2014/06/30 00:00:00.0,4129,4130,4044,4071,42,690
2014/07/08 00:00:00.0,4019,4019,4007,4007,20,686
2014/07/09 00:00:00.0,3943,3943,3862,3862,80,744
2014/07/11 00:00:00.0,3884,3884,3866,3866,4,744
2014/07/14 00:00:00.0,3873,3873,3852,3857,20,748
2014/07/16 00:00:00.0,3886,3886,3867,3867,6,744
2014/07/17 00:00:00.0,3874,3878,3791,3878,46,768
2014/07/18 00:00:00.0,3831,3840,3830,3832,30,788
2014/07/22 00:00:00.0,3859,3859,3834,3834,8,792
2014/07/23 00:00:00.0,3794,3805,3735,3735,62,840
2014/07/24 00:00:00.0,3721,3767,3709,3729,28,846
2014/07/25 00:00:00.0,3744,3744,3740,3740,12,856
2014/07/29 00:00:00.0,3815,3815,3786,3786,30,856
2014/07/30 00:00:00.0,3800,3800,3783,3795,18,868
2014/07/31 00:00:00.0,3785,3818,3780,3818,60,910
2014/08/01 00:00:00.0,3794,3799,3767,3799,52,946
2014/08/04 00:00:00.0,3823,3823,3808,3808,10,942
2014/08/05 00:00:00.0,3816,3816,3756,3808,166,1010
2014/08/06 00:00:00.0,3775,3779,3759,3779,92,1084
2014/08/07 00:00:00.0,3758,3765,3750,3750,36,1116
2014/08/08 00:00:00.0,3778,3778,3777,3777,24,1124
2014/08/11 00:00:00.0,3743,3745,3708,3718,156,1210
2014/08/12 00:00:00.0,3768,3789,3680,3680,98,1238
2014/08/13 00:00:00.0,3748,3748,3719,3721,30,1256
2014/08/14 00:00:00.0,3765,3765,3629,3641,96,1260
2014/08/18 00:00:00.0,3680,3680,3600,3610,40,1282
2014/08/19 00:00:00.0,3543,3543,3520,3520,512,1260
2014/08/20 00:00:00.0,3461,3516,3430,3502,50,1244
2014/08/21 00:00:00.0,3507,3516,3507,3512,44,1220
2014/08/26 00:00:00.0,3496,3496,3482,3493,804,1222
2014/08/27 00:00:00.0,3477,3487,3477,3482,32,1226
2014/08/28 00:00:00.0,3402,3456,3402,3452,50,1214
2014/08/29 00:00:00.0,3488,3546,3402,3402,454,1214
2014/09/01 00:00:00.0,3412,3412,3392,3392,18,1220
2014/09/02 00:00:00.0,3487,3487,3473,3473,14,1222
2014/09/09 00:00:00.0,3379,3379,3340,3359,424,898
2014/09/15 00:00:00.0,3369,3382,3369,3382,450,944
2014/09/16 00:00:00.0,3317,3317,3317,3317,28,564
2014/09/17 00:00:00.0,3311,3320,3309,3320,20,562
2014/09/19 00:00:00.0,3291,3292,3288,3288,30,566
2014/09/22 00:00:00.0,3250,3267,3190,3203,232,464
2014/09/23 00:00:00.0,3217,3224,3217,3223,12,466
2014/09/24 00:00:00.0,3206,3230,3203,3230,24,466
2014/09/26 00:00:00.0,3177,3208,3172,3208,26,466
2014/09/29 00:00:00.0,3150,3168,3130,3167,38,466
2014/09/30 00:00:00.0,3143,3180,3136,3171,38,472
2014/10/08 00:00:00.0,3145,3179,3145,3153,20,482
2014/10/09 00:00:00.0,3177,3189,3177,3189,16,486
2014/10/10 00:00:00.0,3173,3212,3173,3180,22,492
2014/10/13 00:00:00.0,3138,3198,3138,3196,20,496
2014/10/14 00:00:00.0,3175,3237,3165,3237,68,518
2014/10/15 00:00:00.0,3207,3259,3178,3231,50,522
2014/10/16 00:00:00.0,3220,3254,3220,3254,12,516
2014/10/17 00:00:00.0,3243,3294,3198,3198,134,528
2014/10/20 00:00:00.0,3234,3248,3211,3211,44,528
2014/10/21 00:00:00.0,3214,3256,3214,3247,70,552
2014/10/22 00:00:00.0,3217,3295,3216,3285,106,576
2014/10/23 00:00:00.0,3260,3311,3260,3288,8,574
2014/10/24 00:00:00.0,3314,3348,3306,3334,206,592
2014/10/27 00:00:00.0,3308,3330,3299,3327,250,626
2014/10/28 00:00:00.0,3323,3352,3313,3330,122,586
2014/10/29 00:00:00.0,3305,3328,3305,3328,36,568
2014/10/30 00:00:00.0,3355,3397,3318,3355,134,546
2014/10/31 00:00:00.0,3335,3361,3335,3359,20,562
2014/11/03 00:00:00.0,3383,3420,3343,3343,66,584
2014/11/04 00:00:00.0,3321,3321,3287,3304,66,598
2014/11/05 00:00:00.0,3311,3335,3311,3322,40,590
2014/11/06 00:00:00.0,3309,3335,3309,3330,14,590
2014/11/07 00:00:00.0,3332,3386,3332,3370,118,608
2014/11/11 00:00:00.0,3362,3362,3345,3349,24,602
2014/11/12 00:00:00.0,3344,3371,3344,3367,34,610
2014/11/13 00:00:00.0,3364,3371,3364,3367,16,614
2014/11/14 00:00:00.0,3396,3396,3339,3357,106,612
2014/11/17 00:00:00.0,3382,3382,3352,3352,16,598
2014/11/18 00:00:00.0,3342,3344,3342,3344,6,594
2014/11/19 00:00:00.0,3330,3331,3244,3290,128,580
2014/11/20 00:00:00.0,3317,3317,3311,3311,10,572
2014/11/21 00:00:00.0,3321,3321,3321,3321,10,564
2014/11/24 00:00:00.0,3344,3344,3296,3296,32,560
2014/12/01 00:00:00.0,3264,3354,3264,3325,14,564
2014/12/02 00:00:00.0,3331,3333,3311,3312,30,558
2014/12/03 00:00:00.0,3309,3325,3308,3325,98,518
2014/12/10 00:00:00.0,3353,3353,3308,3331,30,434
2014/12/11 00:00:00.0,3318,3348,3318,3346,14,426
2014/12/12 00:00:00.0,3322,3329,3322,3329,10,416
2014/12/15 00:00:00.0,3302,3321,3302,3319,20,404
2014/12/16 00:00:00.0,3295,3348,3286,3324,42,380
2014/12/17 00:00:00.0,3325,3325,3311,3314,38,374
2014/12/18 00:00:00.0,3301,3301,3290,3293,18,374
2014/12/19 00:00:00.0,3266,3268,3266,3268,6,368
2014/12/22 00:00:00.0,3267,3307,3266,3266,6,366
2014/12/23 00:00:00.0,3266,3307,3266,3274,26,360
2014/12/25 00:00:00.0,3327,3327,3314,3314,26,352
2014/12/26 00:00:00.0,3302,3331,3302,3327,28,358
2014/12/29 00:00:00.0,3304,3324,3304,3314,42,376
2014/12/30 00:00:00.0,3314,3334,3305,3305,10,376
2014/12/31 00:00:00.0,3302,3302,3257,3269,62,376
2015/01/05 00:00:00.0,3299,3299,3264,3264,10,372
2015/01/06 00:00:00.0,3319,3320,3260,3268,16,372
2015/01/08 00:00:00.0,3296,3298,3296,3296,10,370
2015/01/09 00:00:00.0,3314,3314,3264,3296,22,372
2015/01/13 00:00:00.0,3263,3290,3263,3267,10,370
2015/01/14 00:00:00.0,3264,3265,3254,3254,8,362
2015/01/15 00:00:00.0,3220,3261,3220,3261,8,360
2015/01/16 00:00:00.0,3256,3256,3219,3244,100,386
2015/01/19 00:00:00.0,3238,3243,3234,3234,8,388
2015/01/20 00:00:00.0,3228,3228,3228,3228,4,390
2015/01/21 00:00:00.0,3247,3247,3227,3227,10,392
2015/01/22 00:00:00.0,3236,3243,3236,3241,8,392
2015/01/27 00:00:00.0,3228,3228,3223,3223,16,396
2015/01/28 00:00:00.0,3221,3221,3215,3215,6,392
2015/01/29 00:00:00.0,3234,3234,3234,3234,2,390
2015/01/30 00:00:00.0,3216,3219,3213,3214,8,390
2015/02/02 00:00:00.0,3203,3214,3201,3201,12,392
2015/02/03 00:00:00.0,3189,3205,3182,3189,24,394
2015/02/04 00:00:00.0,3201,3214,3201,3206,20,392
2015/02/06 00:00:00.0,3227,3227,3204,3204,14,398
2015/02/13 00:00:00.0,3199,3212,3199,3212,10,380
2015/03/05 00:00:00.0,3209,3215,3208,3214,28,444
2015/03/11 00:00:00.0,3211,3223,3211,3216,66,464
2015/03/24 00:00:00.0,3206,3224,3205,3224,52,450
2015/03/27 00:00:00.0,3214,3214,3214,3214,16,462
2015/03/30 00:00:00.0,3207,3221,3207,3211,18,466
2015/04/08 00:00:00.0,3190,3214,3176,3202,22,508
2015/04/09 00:00:00.0,3183,3193,3167,3193,42,502
2015/04/17 00:00:00.0,3154,3161,3135,3154,18,466
2015/04/20 00:00:00.0,3112,3144,3112,3133,44,460
2015/04/24 00:00:00.0,3157,3159,3146,3146,88,508
2015/04/29 00:00:00.0,3146,3169,3120,3125,140,530
2015/04/30 00:00:00.0,3141,3149,3141,3145,70,580
2015/05/05 00:00:00.0,3131,3132,3123,3123,90,654
2015/05/06 00:00:00.0,3152,3152,3134,3134,218,776
2015/05/07 00:00:00.0,3131,3141,3106,3121,128,810
2015/05/08 00:00:00.0,3131,3136,3121,3131,112,824
2015/05/11 00:00:00.0,3117,3140,3117,3125,188,790
2015/05/12 00:00:00.0,3113,3119,3105,3106,104,804
2015/05/13 00:00:00.0,3108,3111,3102,3109,70,830
2015/05/14 00:00:00.0,3118,3118,3102,3106,34,824
2015/05/20 00:00:00.0,3113,3113,3014,3036,70,816
2015/05/21 00:00:00.0,3032,3033,2971,3012,130,824
2015/05/22 00:00:00.0,3013,3022,3001,3020,148,798
2015/05/26 00:00:00.0,2971,2978,2942,2957,140,906
2015/05/29 00:00:00.0,2968,2968,2953,2964,46,1000
2015/06/09 00:00:00.0,2969,3027,2969,2983,108,1082
2015/06/11 00:00:00.0,2988,2988,2972,2974,44,1076
2015/06/24 00:00:00.0,2996,2996,2968,2968,56,1076
2015/06/25 00:00:00.0,2966,2966,2966,2966,2,1076
2015/06/26 00:00:00.0,2972,2979,2967,2971,130,1072
2015/06/29 00:00:00.0,2969,2970,2955,2955,32,1076
2015/07/02 00:00:00.0,2950,2950,2927,2933,156,1066
2015/07/03 00:00:00.0,2947,2974,2940,2954,108,1068
2015/07/06 00:00:00.0,2959,2975,2948,2955,62,1074
2015/07/07 00:00:00.0,2923,2926,2905,2905,174,1058
2015/07/08 00:00:00.0,2926,2926,2802,2802,316,856
2015/07/09 00:00:00.0,2715,2909,2703,2848,280,766
2015/07/10 00:00:00.0,2863,2885,2863,2884,82,746
2015/07/14 00:00:00.0,2883,2920,2883,2920,108,720
2015/07/15 00:00:00.0,2911,2929,2911,2914,60,726
2015/07/17 00:00:00.0,2900,2921,2900,2920,16,714
2015/07/30 00:00:00.0,2907,2907,2891,2895,64,686
2015/08/04 00:00:00.0,2915,2917,2897,2909,82,594
2015/08/06 00:00:00.0,2925,2925,2903,2909,250,410
2015/08/12 00:00:00.0,2954,2954,2923,2930,26,378
2015/08/20 00:00:00.0,2941,2941,2932,2935,28,308
2015/08/21 00:00:00.0,2951,2965,2826,2921,110,256
2015/08/25 00:00:00.0,2971,2971,2919,2941,34,214
2015/08/26 00:00:00.0,2976,2976,2924,2953,70,186
2015/08/28 00:00:00.0,2983,2983,2944,2944,28,158
2015/09/08 00:00:00.0,3035,3035,2992,2999,24,80
2015/09/09 00:00:00.0,3015,3020,3003,3004,18,78
2015/09/14 00:00:00.0,2993,3025,2993,2997,12,78
2015/09/15 00:00:00.0,3053,3131,3033,3131,48,46
2015/09/16 00:00:00.0,3125,3125,3069,3083,18,52
2015/09/17 00:00:00.0,3146,3146,3146,3146,2,42
2015/10/08 00:00:00.0,3079,3169,3077,3135,22,38
2015/10/22 00:00:00.0,3066,3146,3066,3131,54,30
2015/10/23 00:00:00.0,3125,3143,3125,3133,22,26
2015/10/26 00:00:00.0,3134,3151,3103,3139,20,28
2015/10/27 00:00:00.0,3143,3143,3138,3141,6,24
2015/10/28 00:00:00.0,3115,3159,3093,3135,10,26
2015/11/02 00:00:00.0,3210,3210,3204,3204,6,18
2015/11/05 00:00:00.0,3194,3252,3173,3234,10,18
2015/11/09 00:00:00.0,3241,3241,3213,3236,6,18
2015/11/17 00:00:00.0,3206,3263,3187,3263,28,16
2015/11/20 00:00:00.0,3212,3248,3197,3248,8,16
2015/11/26 00:00:00.0,3269,3269,3239,3239,12,10
2015/11/30 00:00:00.0,3210,3232,3210,3232,4,10
2015/12/01 00:00:00.0,3228,3228,3228,3228,2,10
2015/12/10 00:00:00.0,3223,3267,3223,3247,6,12
2015/12/21 00:00:00.0,3331,3342,3278,3278,14,16
2015/12/22 00:00:00.0,3233,3233,3233,3233,2,16
2015/12/28 00:00:00.0,3262,3262,3262,3262,2,18
2015/12/31 00:00:00.0,3279,3279,3279,3279,4,20
2016/01/05 00:00:00.0,3229,3229,3229,3229,2,18
2016/01/06 00:00:00.0,3229,3229,3229,3229,6,16
2016/01/11 00:00:00.0,3250,3250,3211,3211,4,18
2016/01/22 00:00:00.0,3245,3245,3195,3195,4,16
2016/01/29 00:00:00.0,3278,3278,3278,3278,2,44
2016/02/15 00:00:00.0,3356,3356,3303,3305,12,28
2016/02/16 00:00:00.0,3300,3312,3297,3306,18,20
2016/02/24 00:00:00.0,3262,3283,3262,3283,6,24
2016/02/29 00:00:00.0,3254,3254,3252,3252,4,20
2016/03/04 00:00:00.0,3283,3285,3255,3276,12,20
2016/03/10 00:00:00.0,3269,3269,3269,3269,2,48
2016/03/14 00:00:00.0,3206,3244,3206,3216,12,50
2016/03/17 00:00:00.0,3175,3248,3125,3248,20,52
2016/03/22 00:00:00.0,3219,3219,3219,3219,4,56
2016/03/24 00:00:00.0,3206,3243,3199,3210,60,58
2016/04/05 00:00:00.0,3230,3230,3184,3198,88,112
2016/04/06 00:00:00.0,3165,3181,3160,3181,54,118
2016/04/07 00:00:00.0,3183,3194,3176,3191,42,98
2016/04/08 00:00:00.0,3218,3238,3208,3227,60,82
2016/04/13 00:00:00.0,3297,3317,3292,3311,110,84
2016/04/15 00:00:00.0,3352,3352,3308,3324,60,84
2016/04/18 00:00:00.0,3333,3367,3326,3343,34,92
2016/04/20 00:00:00.0,3372,3372,3371,3371,6,88
2016/04/21 00:00:00.0,3442,3477,3439,3448,16,74
2016/04/25 00:00:00.0,3488,3510,3423,3425,70,66
2016/04/29 00:00:00.0,3460,3462,3410,3431,32,72
2016/05/04 00:00:00.0,3427,3451,3427,3432,18,68
2016/05/05 00:00:00.0,3447,3453,3446,3446,28,78
2016/05/16 00:00:00.0,3484,3484,3484,3484,2,96
2016/05/18 00:00:00.0,3550,3575,3550,3551,12,94
2016/05/20 00:00:00.0,3561,3561,3519,3519,26,90
2016/05/23 00:00:00.0,3506,3506,3506,3506,8,98
2016/05/24 00:00:00.0,3508,3533,3508,3531,48,94
2016/05/25 00:00:00.0,3526,3570,3526,3552,42,104
2016/05/26 00:00:00.0,3505,3619,3504,3617,68,112
2016/05/27 00:00:00.0,3629,3652,3566,3652,46,96
2016/06/01 00:00:00.0,3722,3722,3722,3722,30,90
2016/06/06 00:00:00.0,3792,3824,3792,3824,18,94
2016/06/08 00:00:00.0,3868,3868,3868,3868,2,96
2016/06/15 00:00:00.0,3978,3978,3978,3978,32,88
2016/06/16 00:00:00.0,3940,4054,3933,4053,32,82
2016/06/17 00:00:00.0,4044,4045,4040,4040,14,86
2016/06/20 00:00:00.0,3929,4086,3929,4082,8,86
2016/06/21 00:00:00.0,4079,4079,3958,3958,16,84
2016/06/23 00:00:00.0,3935,4078,3934,4043,20,90
2016/06/27 00:00:00.0,3967,4046,3940,4032,46,120
2016/06/28 00:00:00.0,3948,4039,3943,3995,64,144
2016/06/29 00:00:00.0,3967,3983,3967,3980,16,142
2016/06/30 00:00:00.0,3917,4073,3916,4073,34,148
2016/07/01 00:00:00.0,3993,4210,3992,4204,48,104
2016/07/04 00:00:00.0,3976,3976,3976,3976,6,104
2016/07/05 00:00:00.0,4141,4141,4136,4136,6,106
2016/07/06 00:00:00.0,4154,4154,4154,4154,2,104
2016/07/12 00:00:00.0,4006,4052,4006,4028,78,44
2016/07/14 00:00:00.0,4037,4047,4037,4047,6,60
2016/07/15 00:00:00.0,4005,4005,3982,3993,18,38
2016/07/18 00:00:00.0,4035,4035,4035,4035,2,38
2016/07/20 00:00:00.0,3948,3948,3944,3944,4,42
2016/07/21 00:00:00.0,3959,3959,3944,3944,6,44
2016/08/11 00:00:00.0,3872,3872,3872,3872,10,52
2016/08/12 00:00:00.0,3846,3864,3830,3859,46,58
2016/08/15 00:00:00.0,3839,3865,3821,3851,28,66
2016/08/17 00:00:00.0,3835,3856,3835,3856,10,64
2016/08/18 00:00:00.0,3860,3860,3860,3860,2,64
2016/08/19 00:00:00.0,3839,3839,3836,3836,4,60
2016/08/22 00:00:00.0,3831,3834,3831,3834,6,58
2016/08/23 00:00:00.0,3836,3864,3828,3848,14,58
2016/08/24 00:00:00.0,3836,3836,3833,3833,6,62
2016/08/30 00:00:00.0,3812,3854,3812,3854,16,64
2016/09/01 00:00:00.0,3819,3819,3797,3805,30,62
2016/09/02 00:00:00.0,3796,3796,3796,3796,2,62
2016/09/07 00:00:00.0,3764,3765,3764,3765,4,58
2016/10/18 00:00:00.0,3772,3787,3772,3787,8,48
2016/10/20 00:00:00.0,3811,3813,3796,3813,8,42
2016/10/21 00:00:00.0,3834,3852,3834,3838,8,38
2016/10/24 00:00:00.0,3876,3896,3876,3896,8,30
2016/11/16 00:00:00.0,3841,3841,3841,3841,2,28
2016/12/26 00:00:00.0,4040,4040,3947,3947,4,26
2017/01/05 00:00:00.0,4136,4136,4136,4136,2,70
2017/01/06 00:00:00.0,4028,4159,4028,4081,62,28
2017/01/16 00:00:00.0,4104,4125,3918,4003,24,24
2017/01/18 00:00:00.0,4065,4065,4008,4016,14,24
2017/01/25 00:00:00.0,4042,4042,4042,4042,2,24
2017/02/06 00:00:00.0,4089,4089,4016,4016,18,22
2017/02/20 00:00:00.0,4015,4015,4015,4015,4,22
2017/03/01 00:00:00.0,4088,4088,4039,4039,4,16
2017/03/10 00:00:00.0,4118,4118,4118,4118,6,16
2017/03/14 00:00:00.0,4024,4043,4024,4043,4,14
2017/03/15 00:00:00.0,3923,3923,3923,3923,4,12
2017/03/16 00:00:00.0,3992,4003,3864,3964,22,10
2017/03/17 00:00:00.0,3937,3939,3918,3919,12,14
2017/03/23 00:00:00.0,3937,3956,3937,3947,12,20
2017/03/24 00:00:00.0,3920,3937,3908,3932,8,20
2017/03/27 00:00:00.0,4013,4013,3961,3961,4,18
2017/03/28 00:00:00.0,3915,3915,3905,3905,6,24
2017/04/06 00:00:00.0,3889,3896,3889,3896,8,26
2017/04/10 00:00:00.0,3908,3909,3889,3907,22,24
2017/04/11 00:00:00.0,3924,3937,3905,3918,18,20
2017/04/12 00:00:00.0,3936,3966,3921,3921,12,24
2017/04/13 00:00:00.0,3956,3956,3891,3938,8,22
2017/04/14 00:00:00.0,3933,3933,3927,3927,10,22
2017/04/17 00:00:00.0,3935,3961,3906,3906,30,26
2017/04/18 00:00:00.0,3866,3869,3863,3867,8,32
2017/04/20 00:00:00.0,3857,3866,3857,3866,6,26
2017/04/21 00:00:00.0,3879,3879,3879,3879,2,28
2017/04/24 00:00:00.0,3886,3887,3829,3860,16,26
2017/04/25 00:00:00.0,3835,3855,3815,3838,26,24
2017/04/26 00:00:00.0,3850,3909,3847,3857,16,24
2017/04/27 00:00:00.0,3836,3862,3836,3862,6,24
2017/04/28 00:00:00.0,3881,3891,3881,3891,8,24
2017/05/02 00:00:00.0,3917,3932,3917,3932,12,26
2017/05/03 00:00:00.0,3938,3938,3929,3929,4,26
2017/05/05 00:00:00.0,3927,3927,3923,3923,6,26
2017/05/08 00:00:00.0,3930,3945,3918,3945,26,28
2017/05/09 00:00:00.0,3919,3925,3919,3924,10,26
2017/05/10 00:00:00.0,3905,3942,3888,3942,16,26
2017/05/11 00:00:00.0,4011,4011,3912,3913,10,26
2017/05/16 00:00:00.0,3934,3946,3923,3923,8,20
2017/05/19 00:00:00.0,3837,3948,3837,3891,10,20
2017/05/22 00:00:00.0,3920,3961,3920,3961,8,16
2017/05/23 00:00:00.0,3915,3953,3915,3915,6,18
2017/05/31 00:00:00.0,3401,3401,3218,3238,358,154
2017/06/01 00:00:00.0,3243,3260,3215,3219,198,184
2017/06/02 00:00:00.0,3219,3239,3209,3228,120,204
2017/06/05 00:00:00.0,3218,3246,3210,3211,410,322
2017/06/06 00:00:00.0,3216,3216,3205,3214,48,320
2017/06/07 00:00:00.0,3204,3213,3191,3207,588,824
2017/06/08 00:00:00.0,3207,3209,3200,3206,98,844
2017/06/09 00:00:00.0,3222,3240,3206,3231,168,860
2017/06/12 00:00:00.0,3235,3323,3225,3291,240,906
2017/06/13 00:00:00.0,3370,3370,3261,3266,126,916
2017/06/14 00:00:00.0,3278,3302,3266,3274,130,896
2017/06/15 00:00:00.0,3299,3299,3267,3273,154,896
2017/06/16 00:00:00.0,3269,3314,3258,3274,240,868
2017/06/19 00:00:00.0,3291,3295,3265,3274,126,860
2017/06/20 00:00:00.0,3279,3279,3255,3263,86,854
2017/06/21 00:00:00.0,3262,3262,3247,3258,14,850
2017/06/22 00:00:00.0,3252,3252,3244,3244,6,850
2017/06/23 00:00:00.0,3246,3254,3245,3248,152,950
2017/06/26 00:00:00.0,3261,3266,3256,3266,68,1010
2017/06/27 00:00:00.0,3254,3260,3252,3252,22,998
2017/06/28 00:00:00.0,3258,3262,3241,3241,146,1098
2017/06/29 00:00:00.0,3221,3268,3221,3246,204,1108
2017/06/30 00:00:00.0,3339,3339,3235,3253,130,1102
2017/07/03 00:00:00.0,3275,3351,3247,3319,320,1100
2017/07/04 00:00:00.0,3314,3369,3311,3324,230,1096
2017/07/05 00:00:00.0,3312,3337,3312,3337,18,1096
2017/07/06 00:00:00.0,3331,3336,3275,3285,72,1090
2017/07/07 00:00:00.0,3290,3308,3283,3297,48,1090
2017/07/10 00:00:00.0,3281,3357,3281,3333,68,1092
2017/07/11 00:00:00.0,3328,3356,3303,3330,84,1090
2017/07/12 00:00:00.0,3327,3335,3318,3330,66,1090
2017/07/13 00:00:00.0,3329,3330,3319,3319,40,1096
2017/07/14 00:00:00.0,3305,3313,3304,3304,22,1092
2017/07/17 00:00:00.0,3303,3328,3303,3314,26,1092
2017/07/18 00:00:00.0,3312,3323,3311,3313,24,1092
2017/07/19 00:00:00.0,3326,3338,3308,3315,26,1090
2017/07/20 00:00:00.0,3319,3323,3316,3317,20,1090
2017/07/21 00:00:00.0,3326,3348,3304,3309,122,1090
2017/07/24 00:00:00.0,3311,3317,3306,3306,20,1094
2017/07/25 00:00:00.0,3312,3320,3312,3315,138,1090
2017/07/26 00:00:00.0,3315,3319,3188,3290,156,1090
2017/07/27 00:00:00.0,3335,3335,3302,3307,180,1088
2017/07/28 00:00:00.0,3311,3322,3307,3314,44,1090
2017/07/31 00:00:00.0,3308,3312,3290,3307,16,1090
2017/08/01 00:00:00.0,3305,3308,3304,3305,14,1088
2017/08/02 00:00:00.0,3295,3295,3226,3276,80,1088
2017/08/03 00:00:00.0,3266,3276,3220,3273,44,1102
2017/08/04 00:00:00.0,3276,3307,3272,3290,34,1094
2017/08/07 00:00:00.0,3283,3292,3277,3292,30,1094
2017/08/08 00:00:00.0,3283,3319,3281,3319,30,1096
2017/08/09 00:00:00.0,3316,3333,3293,3325,30,1098
2017/08/10 00:00:00.0,3321,3324,3310,3324,20,1094
2017/08/11 00:00:00.0,3339,3362,3287,3291,62,1094
2017/08/14 00:00:00.0,3291,3298,3286,3298,16,1094
2017/08/15 00:00:00.0,3306,3306,3293,3293,10,1094
2017/08/16 00:00:00.0,3304,3305,3272,3290,44,1094
2017/08/17 00:00:00.0,3277,3303,3276,3296,36,1092
2017/08/18 00:00:00.0,3301,3305,3271,3271,28,1090
2017/08/21 00:00:00.0,3295,3306,3280,3306,36,1090
2017/08/22 00:00:00.0,3227,3301,3227,3282,32,1090
2017/08/23 00:00:00.0,3278,3297,3274,3291,22,1090
2017/08/24 00:00:00.0,3273,3273,3272,3272,4,1090
2017/08/25 00:00:00.0,3248,3286,3248,3283,34,1100
2017/08/28 00:00:00.0,3278,3287,3278,3287,12,1096
2017/08/30 00:00:00.0,3290,3290,3290,3290,2,1096
2017/08/31 00:00:00.0,3288,3289,3272,3272,16,1096
2017/09/01 00:00:00.0,3301,3301,3271,3271,72,1112
2017/09/04 00:00:00.0,3287,3293,3286,3293,38,1128
2017/09/05 00:00:00.0,3275,3285,3273,3276,20,1136
2017/09/06 00:00:00.0,3287,3288,3286,3288,12,1136
2017/09/07 00:00:00.0,3290,3290,3290,3290,2,1136
2017/09/08 00:00:00.0,3303,3303,3277,3277,8,1136
2017/09/11 00:00:00.0,3293,3293,3275,3275,8,1136
2017/09/12 00:00:00.0,3280,3289,3280,3289,6,1136
2017/09/14 00:00:00.0,3275,3284,3274,3284,6,1138
2017/09/15 00:00:00.0,3254,3302,3254,3273,34,1132
2017/09/18 00:00:00.0,3276,3283,3271,3283,16,1132
2017/09/19 00:00:00.0,3250,3285,3250,3278,218,1332
2017/09/20 00:00:00.0,3244,3277,3244,3277,10,1334
2017/09/21 00:00:00.0,3266,3266,3266,3266,2,1332
2017/09/22 00:00:00.0,3291,3291,3254,3281,34,1332
2017/09/25 00:00:00.0,3271,3286,3269,3286,10,1332
2017/09/26 00:00:00.0,3291,3298,3285,3285,26,1332
2017/09/27 00:00:00.0,3278,3288,3271,3285,42,1334
2017/09/28 00:00:00.0,3247,3285,3246,3281,18,1334
2017/09/29 00:00:00.0,3266,3280,3266,3280,12,1334
2017/10/09 00:00:00.0,3266,3269,3266,3266,4,1334
2017/10/10 00:00:00.0,3224,3284,3222,3267,118,1234
2017/10/11 00:00:00.0,3316,3316,3292,3300,10,1234
2017/10/13 00:00:00.0,3277,3309,3275,3295,40,1234
2017/10/16 00:00:00.0,3319,3339,3282,3287,48,1232
2017/10/17 00:00:00.0,3273,3289,3273,3288,22,1228
2017/10/18 00:00:00.0,3283,3283,3272,3272,8,1228
2017/10/19 00:00:00.0,3267,3285,3265,3280,54,1228
2017/10/20 00:00:00.0,3265,3284,3265,3280,46,1224
2017/10/23 00:00:00.0,3274,3276,3263,3273,64,1222
2017/10/24 00:00:00.0,3262,3272,3262,3270,76,1254
2017/10/25 00:00:00.0,3265,3268,3264,3268,200,1414
2017/10/26 00:00:00.0,3275,3275,3264,3270,292,1586
2017/10/27 00:00:00.0,3263,3276,3263,3265,1692,1640
2017/10/30 00:00:00.0,3265,3338,3232,3232,1280,2072
2017/10/31 00:00:00.0,3261,3269,3258,3260,1740,2910
2017/11/01 00:00:00.0,3266,3271,3251,3251,1766,3820
2017/11/02 00:00:00.0,3268,3310,3261,3272,2348,4582
2017/11/03 00:00:00.0,3246,3289,3246,3266,1520,5008
2017/11/06 00:00:00.0,3288,3300,3260,3278,2790,4416
2017/11/07 00:00:00.0,3278,3319,3276,3308,2368,5478
2017/11/08 00:00:00.0,3291,3320,3281,3311,3354,7378
2017/11/09 00:00:00.0,3313,3385,3303,3363,3112,8570
2017/11/10 00:00:00.0,3387,3388,3333,3346,3330,9568
2017/11/13 00:00:00.0,3365,3369,3322,3323,3374,10230
2017/11/14 00:00:00.0,3316,3339,3290,3295,2828,10620
2017/11/15 00:00:00.0,3300,3306,3274,3290,1992,10536
2017/11/16 00:00:00.0,3292,3299,3282,3293,2182,10568
2017/11/17 00:00:00.0,3280,3294,3280,3289,2442,11546
2017/11/20 00:00:00.0,3290,3303,3208,3295,2300,11810
2017/11/21 00:00:00.0,3313,3313,3285,3294,2426,11842
2017/11/22 00:00:00.0,3311,3328,3292,3328,1472,11924
2017/11/23 00:00:00.0,3328,3328,3302,3302,2072,12328
2017/11/24 00:00:00.0,3300,3315,3300,3306,1254,12124
2017/11/27 00:00:00.0,3315,3315,3301,3304,1190,12232
2017/11/28 00:00:00.0,3302,3309,3302,3306,1006,12236
2017/11/29 00:00:00.0,3303,3310,3303,3307,606,12252
2017/11/30 00:00:00.0,3306,3328,3306,3309,1078,12258
2017/12/01 00:00:00.0,3320,3320,3305,3309,1144,12212
2017/12/04 00:00:00.0,3306,3339,3306,3327,1800,11508
2017/12/05 00:00:00.0,3338,3342,3317,3320,1120,11410
2017/12/06 00:00:00.0,3311,3351,3311,3347,1376,11308
2017/12/07 00:00:00.0,3380,3380,3330,3339,1092,11222
2017/12/08 00:00:00.0,3333,3348,3333,3340,936,11198
2017/12/11 00:00:00.0,3330,3337,3226,3331,972,11192
2017/12/12 00:00:00.0,3339,3340,3305,3312,1006,11156
2017/12/13 00:00:00.0,3303,3321,3303,3321,822,11148
2017/12/14 00:00:00.0,3311,3317,3311,3312,836,11132
2017/12/15 00:00:00.0,3319,3319,3300,3305,870,11130
2017/12/18 00:00:00.0,3301,3346,3251,3340,1992,10766
2017/12/19 00:00:00.0,3360,3360,3312,3325,912,10742
2017/12/20 00:00:00.0,3300,3334,3300,3322,934,10758
2017/12/21 00:00:00.0,3333,3333,3319,3322,1626,9954
2017/12/22 00:00:00.0,3329,3329,3290,3300,906,9932
2017/12/25 00:00:00.0,3280,3315,3280,3308,950,9934
2017/12/26 00:00:00.0,3305,3305,3295,3301,1610,9460
2017/12/27 00:00:00.0,3307,3307,3293,3293,1030,9474
2017/12/28 00:00:00.0,3292,3297,3280,3280,1566,8860
2017/12/29 00:00:00.0,3273,3288,3258,3266,1538,8480
2018/01/02 00:00:00.0,3286,3286,3273,3274,11676,9492
2018/01/03 00:00:00.0,3268,3282,3248,3273,31430,24340
2018/01/04 00:00:00.0,3262,3279,3262,3272,37184,30886
2018/01/05 00:00:00.0,3275,3325,3259,3278,43676,33886
2018/01/08 00:00:00.0,3278,3284,3264,3272,53382,36180
2018/01/09 00:00:00.0,3277,3277,3261,3264,48862,37438
2018/01/10 00:00:00.0,3261,3270,3199,3207,50244,37432
2018/01/11 00:00:00.0,3237,3237,3198,3211,66152,41264
2018/01/12 00:00:00.0,3219,3220,3188,3194,56766,41130
2018/01/15 00:00:00.0,3194,3198,3147,3192,54710,42524
2018/01/16 00:00:00.0,3182,3187,3163,3169,51612,44708
2018/01/17 00:00:00.0,3159,3189,3159,3181,41676,46026
2018/01/18 00:00:00.0,3175,3217,3170,3196,74134,51610
2018/01/19 00:00:00.0,3182,3220,3177,3207,64914,45468
2018/01/22 00:00:00.0,3196,3226,3196,3219,52544,48890
2018/01/23 00:00:00.0,3225,3277,3215,3273,51046,47566
2018/01/24 00:00:00.0,3261,3283,3243,3274,37940,43506
2018/01/25 00:00:00.0,3267,3289,3255,3273,52850,52352
2018/01/26 00:00:00.0,3276,3305,3264,3294,56794,50220
2018/01/29 00:00:00.0,3284,3298,3271,3284,39830,49562
2018/01/30 00:00:00.0,3288,3324,3284,3315,38536,46372
2018/01/31 00:00:00.0,3307,3384,3291,3348,24822,49346
2018/02/01 00:00:00.0,3353,3353,3278,3294,119720,56840
2018/02/02 00:00:00.0,3306,3314,3269,3286,85118,57226
2018/02/05 00:00:00.0,3292,3296,3272,3274,33876,54664
2018/02/06 00:00:00.0,3274,3287,3266,3276,37142,54330
2018/02/07 00:00:00.0,3271,3342,3271,3327,63882,71226
2018/02/08 00:00:00.0,3310,3349,3296,3349,96156,74776
2018/02/09 00:00:00.0,3327,3370,3323,3366,119032,73250
2018/02/12 00:00:00.0,3351,3399,3351,3395,110878,66300
2018/02/13 00:00:00.0,3395,3399,3362,3365,120966,49032
2018/02/14 00:00:00.0,3374,3399,3349,3399,54644,42384
2018/02/22 00:00:00.0,3409,3443,3403,3433,58076,47312
2018/02/23 00:00:00.0,3420,3444,3362,3381,83376,62022
2018/02/26 00:00:00.0,3388,3415,3374,3393,59250,64122
2018/02/27 00:00:00.0,3395,3404,3370,3379,91310,62010
2018/02/28 00:00:00.0,3393,3396,3368,3388,19962,62608
2018/03/01 00:00:00.0,3389,3480,3389,3434,103546,58696
2018/03/02 00:00:00.0,3424,3465,3405,3436,70812,58286
2018/03/05 00:00:00.0,3421,3445,3340,3403,167876,69926
2018/03/06 00:00:00.0,3408,3408,3362,3389,131126,75654
2018/03/07 00:00:00.0,3379,3402,3352,3382,155276,76772
2018/03/08 00:00:00.0,3380,3438,3374,3414,162748,90690
2018/03/09 00:00:00.0,3388,3438,3388,3425,200658,100996
2018/03/12 00:00:00.0,3403,3440,3398,3416,213684,110568
2018/03/13 00:00:00.0,3412,3449,3390,3446,176790,118302
2018/03/14 00:00:00.0,3425,3486,3410,3421,172348,100764
2018/03/15 00:00:00.0,3435,3443,3403,3432,139688,106522
2018/03/16 00:00:00.0,3436,3477,3426,3458,141244,103592
2018/03/19 00:00:00.0,3465,3485,3434,3462,89228,109220
2018/03/20 00:00:00.0,3447,3467,3428,3445,94682,110282
2018/03/21 00:00:00.0,3435,3455,3433,3449,103408,107352
2018/03/22 00:00:00.0,3446,3457,3432,3438,93000,105450
2018/03/23 00:00:00.0,3434,3524,3431,3460,89660,102638
2018/03/26 00:00:00.0,3460,3511,3426,3509,142862,101992
2018/03/27 00:00:00.0,3515,3533,3469,3480,128532,95252
2018/03/28 00:00:00.0,3490,3490,3468,3480,78592,94454
2018/03/29 00:00:00.0,3482,3482,3451,3454,24456,90864
2018/03/30 00:00:00.0,3457,3516,3441,3480,16066,91708
2018/04/02 00:00:00.0,3474,3531,3470,3529,136270,103802
2018/04/03 00:00:00.0,3529,3622,3512,3610,248488,124700
2018/04/04 00:00:00.0,3607,3684,3606,3649,173580,124684
2018/04/09 00:00:00.0,3791,3806,3705,3792,168866,131466
2018/04/10 00:00:00.0,3799,3820,3788,3820,132340,133362
2018/04/11 00:00:00.0,3732,3736,3657,3679,177040,143076
2018/04/12 00:00:00.0,3681,3688,3648,3651,200850,144474
2018/04/13 00:00:00.0,3639,3669,3629,3647,234026,149114
2018/04/16 00:00:00.0,3625,3641,3588,3608,229224,152768
2018/04/17 00:00:00.0,3610,3622,3525,3608,299536,157028
2018/04/18 00:00:00.0,3573,3637,3552,3576,287178,159996
2018/04/19 00:00:00.0,3566,3575,3543,3559,199826,155214
2018/04/20 00:00:00.0,3542,3588,3541,3569,154334,152042
2018/04/23 00:00:00.0,3566,3603,3526,3551,189780,148924
2018/04/24 00:00:00.0,3539,3565,3518,3550,158844,142864
2018/04/25 00:00:00.0,3555,3578,3543,3551,101982,142930
2018/04/26 00:00:00.0,3555,3558,3502,3517,87864,125166
2018/04/27 00:00:00.0,3510,3524,3473,3487,46088,118626
2018/05/02 00:00:00.0,3505,3553,3504,3544,112852,135418
2018/05/03 00:00:00.0,3537,3596,3537,3586,228966,151392
2018/05/04 00:00:00.0,3574,3605,3535,3579,369838,169080
2018/05/07 00:00:00.0,3567,3605,3545,3553,276788,179052
2018/05/08 00:00:00.0,3566,3568,3488,3490,314204,185756
2018/05/09 00:00:00.0,3508,3523,3451,3484,346110,179732
2018/05/10 00:00:00.0,3487,3504,3477,3503,301600,185292
2018/05/11 00:00:00.0,3503,3514,3451,3453,311930,194486
2018/05/14 00:00:00.0,3468,3474,3428,3434,272004,189940
2018/05/15 00:00:00.0,3450,3450,3389,3410,376904,193786
2018/05/16 00:00:00.0,3415,3420,3351,3370,399020,191772
2018/05/17 00:00:00.0,3374,3398,3353,3369,375110,185986
2018/05/18 00:00:00.0,3382,3398,3338,3371,208028,186648
2018/05/21 00:00:00.0,3375,3375,3335,3356,276274,187792
2018/05/22 00:00:00.0,3365,3375,3348,3363,235524,187292
2018/05/23 00:00:00.0,3370,3401,3367,3391,229456,190828
2018/05/24 00:00:00.0,3393,3454,3385,3440,253314,192242
2018/05/25 00:00:00.0,3432,3445,3408,3424,118266,186140
2018/05/28 00:00:00.0,3428,3435,3413,3422,101844,187122
2018/05/29 00:00:00.0,3418,3454,3308,3453,35720,185552
2018/05/30 00:00:00.0,3442,3508,3427,3437,45578,182926
2018/05/31 00:00:00.0,3436,3441,3399,3422,27108,178878
2018/06/01 00:00:00.0,3425,3437,3421,3433,260260,193136
2018/06/04 00:00:00.0,3421,3469,3411,3454,289922,189966
2018/06/05 00:00:00.0,3446,3460,3382,3417,415536,182666
2018/06/06 00:00:00.0,3412,3426,3408,3414,315404,181094
2018/06/07 00:00:00.0,3410,3415,3378,3384,265858,182574
2018/06/08 00:00:00.0,3381,3401,3282,3307,380740,177212
2018/06/11 00:00:00.0,3295,3345,3294,3337,408004,170368
2018/06/12 00:00:00.0,3329,3341,3320,3338,268782,172304
2018/06/13 00:00:00.0,3329,3363,3327,3353,152028,169762
2018/06/14 00:00:00.0,3320,3380,3320,3362,208680,165478
2018/06/15 00:00:00.0,3367,3383,3340,3369,166544,173398
2018/06/19 00:00:00.0,3482,3514,3450,3473,156908,180520
2018/06/20 00:00:00.0,3468,3478,3407,3458,186246,176120
2018/06/21 00:00:00.0,3448,3474,3417,3425,172412,180154
2018/06/22 00:00:00.0,3445,3448,3362,3400,224634,170048
2018/06/25 00:00:00.0,3408,3438,3398,3423,276786,171130
2018/06/26 00:00:00.0,3411,3480,3405,3465,227126,171348
2018/06/27 00:00:00.0,3460,3551,3452,3529,212762,169672
2018/06/28 00:00:00.0,3542,3549,3503,3531,128566,165342
2018/06/29 00:00:00.0,3525,3563,3522,3553,84020,165522
2018/07/02 00:00:00.0,3558,3576,3539,3568,156478,173558
2018/07/03 00:00:00.0,3554,3575,3495,3529,188954,172114
2018/07/04 00:00:00.0,3538,3538,3487,3496,167494,175184
2018/07/05 00:00:00.0,3493,3524,3465,3517,109710,172318
2018/07/06 00:00:00.0,3507,3529,3421,3481,181698,178580
2018/07/09 00:00:00.0,3486,3518,3464,3490,149858,178964
2018/07/10 00:00:00.0,3490,3490,3431,3449,156152,183960
2018/07/11 00:00:00.0,3449,3478,3434,3441,211626,186914
2018/07/12 00:00:00.0,3438,3460,3417,3427,103910,182632
2018/07/13 00:00:00.0,3414,3435,3387,3397,321990,168032
2018/07/16 00:00:00.0,3402,3413,3384,3401,157258,165514
2018/07/17 00:00:00.0,3396,3437,3394,3434,227768,170278
2018/07/18 00:00:00.0,3424,3444,3416,3420,378172,173394
2018/07/19 00:00:00.0,3418,3438,3410,3437,454584,162622
2018/07/20 00:00:00.0,3432,3480,3432,3458,561132,162292
2018/07/23 00:00:00.0,3460,3479,3460,3472,306586,162898
2018/07/24 00:00:00.0,3470,3480,3427,3455,285120,156574
2018/07/25 00:00:00.0,3449,3503,3449,3492,246668,156864
2018/07/26 00:00:00.0,3500,3510,3476,3498,166466,157662
2018/07/27 00:00:00.0,3505,3516,3473,3477,296642,158410
2018/07/30 00:00:00.0,3476,3506,3475,3501,343702,158484
2018/07/31 00:00:00.0,3499,3514,3439,3467,362036,152976
2018/08/01 00:00:00.0,3475,3506,3427,3435,206158,150006
2018/08/02 00:00:00.0,3435,3466,3430,3438,216782,158082
2018/08/03 00:00:00.0,3435,3442,3407,3407,248686,157838
2018/08/06 00:00:00.0,3421,3441,3402,3434,188604,161630
2018/08/07 00:00:00.0,3442,3470,3420,3469,215596,158602
2018/08/08 00:00:00.0,3454,3598,3454,3590,270940,173668
2018/08/09 00:00:00.0,3619,3655,3595,3604,165904,148032
2018/08/10 00:00:00.0,3578,3625,3549,3581,350720,181742
2018/08/13 00:00:00.0,3593,3604,3510,3534,350742,188520
2018/08/14 00:00:00.0,3557,3599,3537,3574,378346,196674
2018/08/15 00:00:00.0,3601,3605,3542,3561,351004,202944
2018/08/16 00:00:00.0,3564,3564,3472,3505,329464,202258
2018/08/17 00:00:00.0,3512,3522,3474,3478,320520,200662
2018/08/20 00:00:00.0,3480,3503,3443,3466,359974,200688
2018/08/21 00:00:00.0,3456,3485,3454,3478,287276,200930
2018/08/22 00:00:00.0,3471,3518,3470,3508,242714,205444
2018/08/23 00:00:00.0,3508,3536,3425,3426,349856,208792
2018/08/24 00:00:00.0,3430,3445,3414,3436,294830,205802
2018/08/27 00:00:00.0,3443,3445,3342,3344,289542,203758
2018/08/28 00:00:00.0,3362,3372,3352,3361,260696,195390
2018/08/29 00:00:00.0,3372,3376,3344,3347,237774,195312
2018/08/30 00:00:00.0,3358,3395,3353,3390,160596,192860
2018/08/31 00:00:00.0,3396,3399,3356,3362,139472,194226
2018/09/03 00:00:00.0,3370,3377,3349,3376,356468,199642
2018/09/04 00:00:00.0,3374,3385,3349,3356,436870,201346
2018/09/05 00:00:00.0,3368,3382,3352,3353,384700,204122
2018/09/06 00:00:00.0,3362,3363,3337,3363,290026,192304
2018/09/07 00:00:00.0,3360,3372,3349,3362,273364,196956
2018/09/10 00:00:00.0,3369,3454,3347,3439,325970,205976
2018/09/11 00:00:00.0,3441,3445,3408,3420,309464,206448
2018/09/12 00:00:00.0,3422,3431,3375,3384,258896,207322
2018/09/13 00:00:00.0,3376,3397,3332,3342,259568,210778
2018/09/14 00:00:00.0,3351,3360,3341,3351,165368,206196
2018/09/17 00:00:00.0,3350,3383,3347,3367,141344,199796
2018/09/18 00:00:00.0,3367,3397,3367,3373,196584,193116
2018/09/19 00:00:00.0,3364,3383,3362,3373,156654,192440
2018/09/20 00:00:00.0,3389,3393,3363,3366,141988,189830
2018/09/21 00:00:00.0,3348,3388,3348,3377,163788,190182
2018/09/25 00:00:00.0,3392,3454,3392,3431,100342,192166
2018/09/26 00:00:00.0,3440,3447,3429,3438,89000,183870
2018/09/27 00:00:00.0,3447,3447,3403,3428,86420,173996
2018/09/28 00:00:00.0,3426,3452,3412,3444,76264,160870
2018/10/08 00:00:00.0,3469,3560,3469,3520,236006,168550
2018/10/09 00:00:00.0,3521,3586,3521,3546,426660,184746
2018/10/10 00:00:00.0,3546,3561,3471,3537,325232,188216
2018/10/11 00:00:00.0,3537,3560,3499,3504,311410,189434
2018/10/12 00:00:00.0,3515,3554,3496,3513,339514,191454
2018/10/15 00:00:00.0,3527,3533,3487,3491,208956,184542
2018/10/16 00:00:00.0,3496,3530,3484,3498,219978,184966
2018/10/17 00:00:00.0,3506,3512,3476,3509,215394,186666
2018/10/18 00:00:00.0,3508,3515,3478,3481,324136,184742
2018/10/19 00:00:00.0,3493,3493,3460,3469,150044,191590
2018/10/22 00:00:00.0,3480,3480,3434,3444,235656,192478
2018/10/23 00:00:00.0,3443,3453,3432,3433,205958,188250
2018/10/24 00:00:00.0,3429,3452,3418,3451,166394,186990
2018/10/25 00:00:00.0,3445,3469,3425,3443,187168,187716
2018/10/26 00:00:00.0,3465,3465,3423,3436,105368,186566
2018/10/29 00:00:00.0,3409,3446,3389,3394,103956,186304
2018/10/30 00:00:00.0,3397,3400,3342,3344,61762,187432
2018/10/31 00:00:00.0,3356,3367,3344,3360,63434,186992
2018/11/01 00:00:00.0,3354,3362,3311,3326,336548,190104
2018/11/02 00:00:00.0,3341,3342,3227,3233,354286,194900
2018/11/05 00:00:00.0,3231,3303,3231,3272,383912,194200
2018/11/06 00:00:00.0,3268,3290,3261,3271,357176,194296
2018/11/07 00:00:00.0,3278,3297,3262,3287,326064,196852
2018/11/08 00:00:00.0,3289,3289,3219,3253,319352,195306
2018/11/09 00:00:00.0,3259,3259,3230,3243,337558,194744
2018/11/12 00:00:00.0,3234,3251,3223,3245,300808,199078
2018/11/13 00:00:00.0,3228,3250,3205,3248,300680,203768
2018/11/14 00:00:00.0,3249,3251,3215,3224,161230,206468
2018/11/15 00:00:00.0,3223,3240,3205,3216,182316,211122
2018/11/16 00:00:00.0,3207,3273,3207,3267,193060,210030
2018/11/19 00:00:00.0,3255,3267,3244,3244,243236,209878
2018/11/20 00:00:00.0,3245,3246,3199,3224,239370,205980
2018/11/21 00:00:00.0,3220,3250,3205,3244,224108,207536
2018/11/22 00:00:00.0,3225,3243,3219,3227,198080,207380
2018/11/23 00:00:00.0,3220,3238,3178,3185,170972,206326
2018/11/26 00:00:00.0,3173,3193,3106,3125,116814,203562
2018/11/27 00:00:00.0,3148,3148,3106,3115,117114,202500
2018/11/28 00:00:00.0,3116,3144,3114,3137,84904,199832
2018/11/29 00:00:00.0,3122,3154,3122,3136,52564,200370
2018/11/30 00:00:00.0,3132,3158,3127,3146,40050,201362
2018/12/03 00:00:00.0,3149,3163,3106,3142,410304,202126
2018/12/04 00:00:00.0,3140,3142,3070,3082,473572,208800
2018/12/05 00:00:00.0,3088,3111,3082,3109,495956,211328
2018/12/06 00:00:00.0,3114,3126,3100,3111,493460,207804
2018/12/07 00:00:00.0,3099,3115,3082,3093,360132,209150
2018/12/10 00:00:00.0,3086,3096,3068,3077,318162,208722
2018/12/11 00:00:00.0,3078,3087,3047,3064,376758,211018
2018/12/12 00:00:00.0,3083,3087,3051,3068,284292,208974
2018/12/13 00:00:00.0,3073,3084,3067,3082,243632,212612
2018/12/14 00:00:00.0,3083,3084,3022,3041,117846,219464
2018/12/17 00:00:00.0,3025,3051,3025,3043,108826,219468
2018/12/18 00:00:00.0,3041,3053,3031,3049,120194,216616
2018/12/19 00:00:00.0,3055,3067,3048,3055,105916,207586
2018/12/20 00:00:00.0,3053,3060,3046,3057,107972,215744
2018/12/21 00:00:00.0,3069,3073,3031,3039,148468,217880
2018/12/24 00:00:00.0,3032,3041,2993,3006,197468,218812
2018/12/25 00:00:00.0,3008,3014,2979,2987,124622,210784
2018/12/26 00:00:00.0,2992,2993,2979,2984,57166,204462
2018/12/27 00:00:00.0,2986,2992,2964,2969,61888,205360
