2013/12/06 00:00:00.0,126.05,128.95,123.15,125.85,87626,4140
2013/12/09 00:00:00.0,126,131.55,124.8,131.55,62784,12650
2013/12/10 00:00:00.0,133,135.65,131.75,132.95,342668,27388
2013/12/11 00:00:00.0,133,136.6,132.05,136.25,343376,49428
2013/12/12 00:00:00.0,136.1,138.05,133.85,134.1,532390,47466
2013/12/13 00:00:00.0,133.75,135.15,132.35,132.9,244824,38032
2013/12/16 00:00:00.0,133.15,134.9,132.15,134.5,252544,48148
2013/12/17 00:00:00.0,134.95,134.95,132.45,132.55,197996,44252
2013/12/18 00:00:00.0,132.65,133.1,129.75,131.35,231316,42362
2013/12/19 00:00:00.0,131.4,132.1,130.6,131.35,128592,43906
2013/12/20 00:00:00.0,131.2,131.9,129.9,130.95,122352,39746
2013/12/23 00:00:00.0,130.9,133.35,130.65,131.8,187844,47050
2013/12/24 00:00:00.0,131.9,133.35,131.05,132.05,208454,66554
2013/12/25 00:00:00.0,132.35,133.2,130.6,130.65,169892,73540
2013/12/26 00:00:00.0,130.2,130.2,127.05,127.05,200238,64344
2013/12/27 00:00:00.0,126.1,126.5,124.4,124.55,267116,67328
2013/12/30 00:00:00.0,124.05,124.55,120.55,122.9,264818,63580
2013/12/31 00:00:00.0,122.55,123.75,121.75,122.9,131380,60024
2014/01/02 00:00:00.0,123.05,123.5,121.4,121.6,99002,64770
2014/01/03 00:00:00.0,121,122.7,120.15,122.55,125570,56228
2014/01/06 00:00:00.0,122.4,122.5,117.45,120.4,324754,53610
2014/01/07 00:00:00.0,121,122.4,120.2,121.15,235352,53810
2014/01/08 00:00:00.0,121.05,121.15,118.75,120.65,189702,51056
2014/01/09 00:00:00.0,120.75,124.65,120.1,123.7,320480,57382
2014/01/10 00:00:00.0,122.95,125.15,122.65,124.2,204504,62384
2014/01/13 00:00:00.0,124.65,124.85,123.45,123.85,131482,66602
2014/01/14 00:00:00.0,124.1,125.45,122.35,125.3,232250,68046
2014/01/15 00:00:00.0,125.1,125.75,124.25,124.55,203080,70402
2014/01/16 00:00:00.0,124.8,124.8,121.6,122.35,308130,71842
2014/01/17 00:00:00.0,122.1,125.05,122.1,124.85,212304,69734
2014/01/20 00:00:00.0,124.9,128.5,124.85,125.9,224554,83976
2014/01/21 00:00:00.0,125.55,126.45,124.3,124.9,179488,85382
2014/01/22 00:00:00.0,125.05,127.65,123.7,123.95,334868,90518
2014/01/23 00:00:00.0,124.05,127.15,124.05,127,266346,81142
2014/01/24 00:00:00.0,126.8,128,126.2,127.95,177764,83952
2014/01/27 00:00:00.0,127.55,128.4,126.9,128,172774,92346
2014/01/28 00:00:00.0,127.7,128,125.25,127.85,277430,77498
2014/01/29 00:00:00.0,128.05,130.85,127.85,130.65,240280,85096
2014/01/30 00:00:00.0,130.6,132.1,129.9,131.85,153518,83984
2014/02/07 00:00:00.0,131.45,131.75,129.95,130.9,70024,81096
2014/02/10 00:00:00.0,130.55,132.5,130.4,132.05,135194,96366
2014/02/11 00:00:00.0,131.85,132.05,130.55,131.15,124478,88504
2014/02/12 00:00:00.0,131.4,132.2,130.05,131.4,131284,91844
2014/02/13 00:00:00.0,131.35,131.65,128.6,129.45,200326,90262
2014/02/14 00:00:00.0,129.55,130.25,128.75,129.45,131352,82722
2014/02/17 00:00:00.0,129.55,133.85,129.05,133.55,219516,105428
2014/02/18 00:00:00.0,133.3,133.55,130.3,130.95,274044,94976
2014/02/19 00:00:00.0,131.25,131.45,126.5,127.2,331872,90980
2014/02/20 00:00:00.0,127.55,128.5,126.7,127.85,179686,78338
2014/02/21 00:00:00.0,128.05,128.7,127.25,128.15,163882,77500
2014/02/24 00:00:00.0,128.25,128.3,123.7,126.15,209092,71478
2014/02/25 00:00:00.0,126.45,127.3,125.8,126.15,130270,72528
2014/02/26 00:00:00.0,126.05,127.1,125.25,126.8,126272,69746
2014/02/27 00:00:00.0,126.75,127.6,124.25,124.6,204598,73552
2014/02/28 00:00:00.0,124.65,125.5,124.05,124.6,121002,68292
2014/03/03 00:00:00.0,124.45,126.35,124.2,126.25,135394,73848
2014/03/04 00:00:00.0,126.25,129.75,125.6,128.65,205148,84994
2014/03/05 00:00:00.0,128.95,129.95,128.75,129.8,163012,86920
2014/03/06 00:00:00.0,129.9,130.7,128.7,129.5,153922,83952
2014/03/07 00:00:00.0,129.8,131.3,129.2,130.85,193872,93098
2014/03/10 00:00:00.0,129.7,130.6,125.35,128.7,341144,77906
2014/03/11 00:00:00.0,128.7,133.25,128.6,131.6,263378,87838
2014/03/12 00:00:00.0,130.85,132.95,129.95,131.75,200316,89266
2014/03/13 00:00:00.0,131.95,134.45,131.25,133.55,195234,104252
2014/03/14 00:00:00.0,133.4,134.35,131.15,131.25,221030,87586
2014/03/17 00:00:00.0,129.45,130.25,125.8,125.8,64430,84158
2014/03/18 00:00:00.0,124.6,126.95,124.55,126.4,175418,74008
2014/03/19 00:00:00.0,126.4,127.2,126,126.4,94748,75374
2014/03/20 00:00:00.0,126.95,127.2,125.7,126.7,86896,75048
2014/03/21 00:00:00.0,126.5,131.4,126.4,129.5,266544,79674
2014/03/24 00:00:00.0,129.65,131.55,129.45,131.55,131740,84128
2014/03/25 00:00:00.0,131.5,132.2,128,128.05,250486,95720
2014/03/26 00:00:00.0,127.95,131.25,127.65,130.55,151144,91192
2014/03/27 00:00:00.0,130.35,130.9,129.5,130.1,123412,84704
2014/03/28 00:00:00.0,130.6,131.95,130.2,131.8,104698,89090
2014/03/31 00:00:00.0,132,133.35,131.2,132.6,129560,94704
2014/04/01 00:00:00.0,132.75,135.7,132.35,134.95,228232,123240
2014/04/02 00:00:00.0,135,136.75,133.45,134.95,362446,128908
2014/04/03 00:00:00.0,134.7,136.95,134.4,136.95,212626,135136
2014/04/04 00:00:00.0,137.6,140.35,137.5,139.95,373424,151428
2014/04/08 00:00:00.0,139.95,142.8,138.35,142.45,332896,164408
2014/04/09 00:00:00.0,142.35,143.95,139.6,141.8,645218,149422
2014/04/10 00:00:00.0,142,142.8,140.65,141.5,306120,141266
2014/04/11 00:00:00.0,141.25,143.6,140.35,143.45,385018,165202
2014/04/14 00:00:00.0,144.35,146.35,143.45,144.85,584464,145194
2014/04/15 00:00:00.0,144.85,145.3,142.95,144.65,453638,136178
2014/04/16 00:00:00.0,144.55,147.65,143.5,147,482108,142768
2014/04/17 00:00:00.0,147.4,148.25,140.65,142.25,1198962,119250
2014/04/18 00:00:00.0,142.05,144,141.4,143.1,740844,114366
2014/04/21 00:00:00.0,142.95,143.35,139.6,140.35,341130,96014
2014/04/22 00:00:00.0,140.1,140.55,137.85,138.8,445730,80068
2014/04/23 00:00:00.0,139,141.25,138.85,141.15,360184,86490
2014/04/24 00:00:00.0,141.45,142.25,140.15,141.25,302534,80756
2014/04/25 00:00:00.0,141.4,141.65,140.3,141.45,176612,70320
2014/04/28 00:00:00.0,141.4,142.8,139.75,140.1,209754,66210
2014/04/29 00:00:00.0,139.65,141.4,139.55,141.3,231556,77734
2014/04/30 00:00:00.0,141.45,143.45,140.8,141.95,354302,77848
2014/05/05 00:00:00.0,141.65,143.95,141.15,143.9,257336,95930
2014/05/06 00:00:00.0,143.65,145.55,143.5,145.4,280538,110904
2014/05/07 00:00:00.0,145.05,146.1,142,142.65,369048,101116
2014/05/08 00:00:00.0,142.65,143.65,141.4,143.3,359830,103388
2014/05/09 00:00:00.0,143.45,143.8,139.95,140.35,364830,97540
2014/05/12 00:00:00.0,140.45,141.5,139.7,140.9,236028,85720
2014/05/13 00:00:00.0,140.95,141.35,138.1,138.4,291760,89368
2014/05/14 00:00:00.0,138.5,139.7,137.7,138,256726,79278
2014/05/15 00:00:00.0,138.35,139.15,136.9,137.1,281198,86372
2014/05/16 00:00:00.0,137,137.7,135.95,137.1,254534,74710
2014/05/19 00:00:00.0,137.3,139.85,136.75,137.35,313916,68328
2014/05/20 00:00:00.0,137.25,137.55,134.7,135.2,262706,71622
2014/05/21 00:00:00.0,135.35,136.75,134.8,135.2,187074,68200
2014/05/22 00:00:00.0,135.35,136.6,134.7,135.9,176952,69468
2014/05/23 00:00:00.0,135.95,138.85,135.4,138.6,321260,77866
2014/05/26 00:00:00.0,138.7,140.3,138.35,139.6,239470,77356
2014/05/27 00:00:00.0,139.3,139.7,135.7,136.05,249324,66638
2014/05/28 00:00:00.0,135.85,136.9,135.45,136.3,166760,66776
2014/05/29 00:00:00.0,136.1,137.15,135.5,136.05,183212,66088
2014/05/30 00:00:00.0,136.15,136.3,132.2,133.1,273060,76236
2014/06/03 00:00:00.0,133.2,133.95,132.45,132.75,123688,79958
2014/06/04 00:00:00.0,132.7,133.9,131.9,132.3,166392,87358
2014/06/05 00:00:00.0,132.4,134.75,132.15,134.45,193852,70768
2014/06/06 00:00:00.0,134.4,135.1,133.25,134.6,175792,67092
2014/06/09 00:00:00.0,134.7,136,134.2,134.6,164834,75114
2014/06/10 00:00:00.0,134.6,135.4,133,134.8,183724,74340
2014/06/11 00:00:00.0,134.85,136.95,134.6,135.1,265882,78798
2014/06/12 00:00:00.0,134.75,135.25,133.7,134.4,104888,73302
2014/06/13 00:00:00.0,134.3,135.5,133.4,133.9,174168,78254
2014/06/16 00:00:00.0,134,134.95,133.5,133.95,106006,79106
2014/06/17 00:00:00.0,133.9,134.6,133.1,134.35,128966,74856
2014/06/18 00:00:00.0,134.5,135,133.35,133.45,111208,80474
2014/06/19 00:00:00.0,133.65,133.95,130.7,131.95,221214,91678
2014/06/20 00:00:00.0,131.7,132.45,131.55,132.05,94882,76870
2014/06/23 00:00:00.0,132.05,132.95,130.4,130.4,118748,87462
2014/06/24 00:00:00.0,130.45,134.55,129.7,134.5,304162,87362
2014/06/25 00:00:00.0,134.85,136.8,134.15,136.4,281692,86232
2014/06/26 00:00:00.0,136.4,137.75,135.9,137.65,172680,85406
2014/06/27 00:00:00.0,137.7,138.9,137.35,138.4,143550,87174
2014/06/30 00:00:00.0,138.2,138.55,137.15,138.35,117514,86710
2014/07/01 00:00:00.0,138.65,139.35,137.25,138.95,143058,86318
2014/07/02 00:00:00.0,138.7,139.25,136.65,138.65,136230,80426
2014/07/03 00:00:00.0,138.9,139.2,138,138.1,79198,78548
2014/07/04 00:00:00.0,138.35,140.95,137.7,140.6,191706,93208
2014/07/07 00:00:00.0,140.55,141.7,138.25,139.6,181668,81436
2014/07/08 00:00:00.0,139.6,139.7,137.05,137.5,117326,75062
2014/07/09 00:00:00.0,137.5,138.25,136.05,136.7,95546,66068
2014/07/10 00:00:00.0,136.7,139.35,136.1,138.75,117246,72108
2014/07/11 00:00:00.0,138.65,139.45,137.1,137.9,102008,63164
2014/07/14 00:00:00.0,137.6,138.2,136.75,137.6,69516,59334
2014/07/15 00:00:00.0,137.2,139.95,136.85,139.15,137450,70512
2014/07/16 00:00:00.0,138.9,139.45,137.7,138.15,84112,61366
2014/07/17 00:00:00.0,138.1,139.5,138,139.35,87940,65460
2014/07/18 00:00:00.0,139.3,139.85,137.5,138.8,116644,61758
2014/07/21 00:00:00.0,138.8,139.7,138.4,139.45,79734,65128
2014/07/22 00:00:00.0,139.65,139.65,138.55,139.5,74842,66820
2014/07/23 00:00:00.0,139.5,140.6,137.8,138.7,114952,69302
2014/07/24 00:00:00.0,138.85,139.9,138.45,139.35,86612,73318
2014/07/25 00:00:00.0,139.1,144.9,138.85,144,222776,89654
2014/07/28 00:00:00.0,144.05,145.25,143.05,144.65,122372,91590
2014/07/29 00:00:00.0,144.85,146.65,144.35,144.8,116590,93404
2014/07/30 00:00:00.0,144.5,146.35,143.2,145.95,121920,99436
2014/07/31 00:00:00.0,146.15,148.25,145.7,147,170924,102282
2014/08/01 00:00:00.0,146.5,147.55,145.85,146.65,95252,96654
2014/08/04 00:00:00.0,146.7,148.8,146.7,147.75,112300,96808
2014/08/05 00:00:00.0,148.05,148.2,146.85,147.55,82926,97440
2014/08/06 00:00:00.0,147.35,147.85,147.05,147.65,56196,95838
2014/08/07 00:00:00.0,147.5,148.45,146.15,146.9,92794,91364
2014/08/08 00:00:00.0,146.8,147.1,145.7,146.55,84660,87886
2014/08/11 00:00:00.0,146.6,147.65,146.15,146.95,77172,82808
2014/08/12 00:00:00.0,147.25,148.85,147.1,148.25,95336,87286
2014/08/13 00:00:00.0,148.35,151.2,147.95,151,175118,86226
2014/08/14 00:00:00.0,150.8,151.2,148.65,149.9,132898,78590
2014/08/15 00:00:00.0,149.5,151.15,149.1,151,84466,78638
2014/08/18 00:00:00.0,151.05,151.45,146.2,146.3,141000,70736
2014/08/19 00:00:00.0,146.25,146.6,144.7,146.05,97622,66580
2014/08/20 00:00:00.0,146.1,147.3,145.2,147.1,78032,68156
2014/08/21 00:00:00.0,146.95,148.15,146.55,146.95,82846,67838
2014/08/22 00:00:00.0,146.6,146.8,144,145.8,84464,64258
2014/08/25 00:00:00.0,145.6,146.6,145.45,146.1,44976,60184
2014/08/26 00:00:00.0,146.1,146.2,144.45,145.1,74978,53104
2014/08/27 00:00:00.0,145.35,146.4,144.85,145.25,51786,51766
2014/08/28 00:00:00.0,145.1,145.95,143.75,144.4,81916,44662
2014/08/29 00:00:00.0,144.25,144.45,141.1,141.15,78900,34880
2014/09/01 00:00:00.0,140.5,140.5,134.55,135.05,64528,35326
2014/09/02 00:00:00.0,134.85,135.4,134.1,134.6,37806,40198
2014/09/03 00:00:00.0,134.35,135.05,134.25,134.5,21056,38052
2014/09/04 00:00:00.0,134.35,135.2,134,134.35,32298,41184
2014/09/05 00:00:00.0,134.45,135.3,134.05,135.25,34328,40904
2014/09/09 00:00:00.0,135.4,135.65,134.65,135.45,28484,38916
2014/09/10 00:00:00.0,134.8,135.25,133.2,133.4,51080,41778
2014/09/11 00:00:00.0,133.9,134.15,133,133.65,31664,44022
2014/09/12 00:00:00.0,133.5,133.7,132.2,132.9,52116,54222
2014/09/15 00:00:00.0,132.45,133.35,132.45,132.65,29286,52820
2014/09/16 00:00:00.0,132.2,134.2,132.05,133.2,54800,46232
2014/09/17 00:00:00.0,133.55,133.75,132.85,133.1,20674,46928
2014/09/18 00:00:00.0,133.5,133.9,132.95,133.3,20018,48442
2014/09/19 00:00:00.0,133.05,133.3,131.55,131.65,48064,56658
2014/09/22 00:00:00.0,132.3,133.65,131.5,133.25,81068,51380
2014/09/23 00:00:00.0,133.25,133.95,132.65,132.7,41086,48280
2014/09/24 00:00:00.0,132.65,133.35,130.8,132.55,104122,49290
2014/09/25 00:00:00.0,132.75,133,131.85,132.95,29382,50084
2014/09/26 00:00:00.0,133,134.6,132.5,133.9,48672,46068
2014/09/29 00:00:00.0,133.65,134.45,132.65,134.25,25568,44978
2014/09/30 00:00:00.0,134.35,138.6,134.35,135.15,33148,41766
2014/10/08 00:00:00.0,135.55,136.05,133.75,134.3,22822,43026
2014/10/09 00:00:00.0,134.25,135.15,134,134.85,21098,44824
2014/10/10 00:00:00.0,134.5,134.8,133.85,134.25,21668,45206
2014/10/13 00:00:00.0,134.6,137,134.4,136.35,35500,47744
2014/10/14 00:00:00.0,136.45,136.85,135.9,136.5,18290,47346
2014/10/15 00:00:00.0,136.5,136.7,130.8,132.35,43034,43444
2014/10/16 00:00:00.0,131.95,133.05,131.6,131.7,35238,42974
2014/10/17 00:00:00.0,132.15,132.5,131.55,131.75,20958,43192
2014/10/20 00:00:00.0,131.8,132.2,130.8,131.15,35298,47896
2014/10/21 00:00:00.0,130.95,131.5,130.8,131,18166,46882
2014/10/22 00:00:00.0,131.05,131.15,129.85,130.2,53134,55194
2014/10/23 00:00:00.0,130.2,131.1,130.15,130.4,26296,50038
2014/10/24 00:00:00.0,130.45,131.8,130.15,131.5,31648,46280
2014/10/27 00:00:00.0,131.4,131.55,130.3,130.4,19922,50014
2014/10/28 00:00:00.0,130.3,131,130.05,130.25,27312,49112
2014/10/29 00:00:00.0,130.5,130.85,130.1,130.3,24156,47398
2014/10/30 00:00:00.0,130.25,131.65,130.25,131.15,28158,44604
2014/10/31 00:00:00.0,131.1,131.1,130.2,130.2,19844,46614
2014/11/03 00:00:00.0,130.2,130.2,129.1,129.3,51010,59216
2014/11/04 00:00:00.0,129.1,130.2,129.1,129.35,31106,58706
2014/11/05 00:00:00.0,129.3,131,129.2,130.55,41070,48110
2014/11/06 00:00:00.0,130.45,130.85,129.35,129.4,27950,46982
2014/11/07 00:00:00.0,129.4,129.75,129,129.45,39354,51000
2014/11/10 00:00:00.0,129.5,129.85,129.1,129.5,16782,48836
2014/11/11 00:00:00.0,129.65,131.45,129.05,130,50482,44838
2014/11/12 00:00:00.0,130.5,130.5,129.3,129.4,16128,45012
2014/11/13 00:00:00.0,129.3,130.55,129.25,129.65,17752,44010
2014/11/14 00:00:00.0,129.95,130.6,129.6,130.55,17820,43144
2014/11/17 00:00:00.0,130.85,133.9,130.4,133.55,50100,44160
2014/11/18 00:00:00.0,133.2,133.5,132.6,133.05,15072,43750
2014/11/19 00:00:00.0,133.1,134.1,132.6,133.1,18502,45248
2014/11/20 00:00:00.0,133.15,133.65,132.3,132.4,19962,44694
2014/11/21 00:00:00.0,132.6,133.05,129.35,129.65,47444,38422
2014/11/24 00:00:00.0,129.9,130.4,129.3,129.75,17682,38636
2014/11/25 00:00:00.0,129.65,130.4,129.5,129.5,21208,38798
2014/11/26 00:00:00.0,129.5,129.5,128.45,129.05,39736,40794
2014/11/27 00:00:00.0,129.1,129.1,128.75,129,11284,39304
2014/11/28 00:00:00.0,128.85,130.1,128.3,128.35,25592,38816
2014/12/01 00:00:00.0,128.05,128.15,127.1,127.15,23046,41750
2014/12/02 00:00:00.0,127.55,127.95,127.1,127.25,17038,38250
2014/12/03 00:00:00.0,127.15,127.15,125.9,126.5,19106,39492
2014/12/04 00:00:00.0,126.4,126.8,126.15,126.4,10114,38356
2014/12/05 00:00:00.0,126.4,126.7,125.5,125.5,14738,36798
2014/12/08 00:00:00.0,125.65,125.75,124.85,125,20244,35192
2014/12/09 00:00:00.0,124.8,125.15,124.55,124.65,12014,32668
2014/12/10 00:00:00.0,124.85,125.7,124.45,125.55,22398,29466
2014/12/11 00:00:00.0,125.25,125.8,124.8,125,29190,28758
2014/12/12 00:00:00.0,124.75,125.2,124.5,124.85,10844,27422
2014/12/15 00:00:00.0,124.75,125.3,124.75,124.9,6578,26326
2014/12/16 00:00:00.0,125,125.3,124.45,125.1,9636,25850
2014/12/17 00:00:00.0,124.9,125.15,120.7,120.8,19948,25194
2014/12/18 00:00:00.0,120.3,121.7,118.25,121.15,19812,23342
2014/12/19 00:00:00.0,120.95,121.6,119.4,121.2,11628,22880
2014/12/22 00:00:00.0,121.25,124.7,121.2,123.6,17250,23142
2014/12/23 00:00:00.0,123.4,123.85,121.05,123.55,11326,25084
2014/12/24 00:00:00.0,122.9,124.85,121.95,124.6,11262,24346
2014/12/25 00:00:00.0,124.4,126.7,124.3,126.5,15848,23746
2014/12/26 00:00:00.0,126.65,128.15,126.65,128.05,14530,23664
2014/12/29 00:00:00.0,127.9,130.1,127.65,129.95,45164,27062
2014/12/30 00:00:00.0,130.2,132.1,129.4,132.05,31096,22738
2014/12/31 00:00:00.0,132.9,133.3,130.05,133.3,58548,21772
2015/01/05 00:00:00.0,134.7,135.75,131.2,131.25,18666,19706
2015/01/06 00:00:00.0,135.95,136.1,131.1,131.6,13110,18276
2015/01/07 00:00:00.0,132.05,133.05,130.8,131.15,7666,18182
2015/01/08 00:00:00.0,131.75,131.75,129.25,129.65,7056,18354
2015/01/09 00:00:00.0,129.55,130.1,126.4,126.5,10676,17360
2015/01/12 00:00:00.0,125.9,126.75,124.25,126.1,8850,17502
2015/01/13 00:00:00.0,125.35,128.2,125.15,128.05,13466,18398
2015/01/14 00:00:00.0,127.7,127.7,123.5,123.6,14156,17552
2015/01/15 00:00:00.0,121.4,122.3,119.75,119.95,9726,17008
2015/01/16 00:00:00.0,116.05,119.05,115.95,117.45,29910,15268
2015/01/19 00:00:00.0,111.1,114.3,110.4,111.75,15786,11822
2015/01/20 00:00:00.0,110.95,112,108.8,109.65,13046,12168
2015/01/21 00:00:00.0,111,111.1,109.15,109.25,7862,11960
2015/01/22 00:00:00.0,109.15,111.35,108.9,109.6,10582,11830
2015/01/23 00:00:00.0,110.25,111.25,109.7,111.25,8306,10978
2015/01/26 00:00:00.0,111.85,112.25,109.45,109.95,5904,10742
2015/01/27 00:00:00.0,109.65,111.95,109.65,110.85,6154,10126
2015/01/28 00:00:00.0,110.2,111.05,109.3,109.85,5048,9776
2015/01/29 00:00:00.0,110.2,110.45,109.1,109.9,5442,8890
2015/01/30 00:00:00.0,110.25,113,110.25,113,9970,6616
2015/02/02 00:00:00.0,114.55,114.85,113.05,113.3,1274,6518
2015/02/03 00:00:00.0,113.6,114.3,113.35,113.95,982,6536
2015/02/04 00:00:00.0,114.85,115.6,113.35,113.9,3116,6664
2015/02/05 00:00:00.0,114.5,114.5,113.15,113.4,1608,6782
2015/02/06 00:00:00.0,113.1,114.7,112.8,112.9,3254,6528
2015/02/09 00:00:00.0,112.35,114.3,112.35,113.3,1436,6322
2015/02/10 00:00:00.0,114.6,114.7,112.8,112.9,1452,6502
2015/02/11 00:00:00.0,113.3,114.3,112.4,113.6,2010,6130
2015/02/12 00:00:00.0,113.85,113.9,112.35,112.9,1598,6246
2015/02/13 00:00:00.0,113.25,113.75,112.35,113.75,2322,5658
2015/02/16 00:00:00.0,115.6,119.85,115.6,119.15,5142,5062
2015/02/17 00:00:00.0,118.85,119.75,116.2,116.7,3142,4726
2015/02/25 00:00:00.0,116.5,117.7,116.25,116.7,788,4602
2015/02/26 00:00:00.0,117.05,118.35,116.8,117.8,1454,4714
2015/02/27 00:00:00.0,118.9,118.9,116.7,117.8,2462,4368
2015/03/02 00:00:00.0,118.7,119.6,117.45,118.05,1414,4420
2015/03/03 00:00:00.0,118.65,119,117.75,118.55,712,4390
2015/03/04 00:00:00.0,118.6,121.45,118.6,121.45,2342,4662
2015/03/05 00:00:00.0,120.95,123,120.6,122.05,2998,4772
2015/03/06 00:00:00.0,121.8,122.65,119.2,119.2,1900,4568
2015/03/09 00:00:00.0,118.8,119.9,117.45,117.75,2024,4038
2015/03/10 00:00:00.0,117.9,118.65,116.55,116.6,1340,4144
2015/03/11 00:00:00.0,116.65,117.8,115.65,116.6,934,3998
2015/03/12 00:00:00.0,116.65,117.7,116.3,117.45,1106,4142
2015/03/13 00:00:00.0,117.1,117.75,115.7,116.35,1732,4428
2015/03/16 00:00:00.0,117.9,119.55,114.25,118.65,1320,3944
2015/03/17 00:00:00.0,118.55,118.9,116.7,117.3,1556,4656
2015/03/18 00:00:00.0,117.6,119.3,117.1,118.95,1022,4620
2015/03/19 00:00:00.0,119.35,119.4,118.45,118.95,782,4564
2015/03/20 00:00:00.0,119,119.2,117.55,118,1298,4920
2015/03/23 00:00:00.0,118.2,120,118.1,120,1078,5168
2015/03/24 00:00:00.0,120.1,120.65,119.5,119.65,1430,5044
2015/03/25 00:00:00.0,119.65,120.05,119.05,120,950,5092
2015/03/26 00:00:00.0,119.9,120.65,119.6,119.75,872,5166
2015/03/27 00:00:00.0,119.6,120,119.3,119.75,532,5118
2015/03/30 00:00:00.0,119.65,119.85,118.05,118.05,1130,5144
2015/03/31 00:00:00.0,117.7,118.1,115.9,116.15,2016,4614
2015/04/01 00:00:00.0,116.65,117,115.05,115.4,756,4660
2015/04/02 00:00:00.0,114.5,116.3,114.45,114.8,856,4580
2015/04/03 00:00:00.0,114.65,115.75,114.25,115.2,1144,4698
2015/04/07 00:00:00.0,115.65,117.2,115.25,117.15,1234,4676
2015/04/08 00:00:00.0,117.4,117.55,115.35,116.35,838,4658
2015/04/09 00:00:00.0,116.15,116.15,111.1,111.25,2044,4356
2015/04/10 00:00:00.0,110.3,110.65,107.8,107.85,2190,4456
2015/04/13 00:00:00.0,107.85,107.85,101.85,104.35,7488,4272
2015/04/14 00:00:00.0,104.25,106.15,102.85,103.5,4466,4220
2015/04/15 00:00:00.0,103.55,104.45,102.3,102.95,2162,4294
2015/04/16 00:00:00.0,103.35,104.3,103,103.3,1678,4294
2015/04/17 00:00:00.0,103.7,105.45,103.1,103.85,2416,4290
2015/04/20 00:00:00.0,104.4,105.15,103.7,103.85,1592,4176
2015/04/21 00:00:00.0,103.95,103.95,101.45,101.8,2380,4096
2015/04/22 00:00:00.0,101.75,104.65,101.5,104.2,1600,3894
2015/04/23 00:00:00.0,104.5,105.6,102.7,103.45,1302,3780
2015/04/24 00:00:00.0,103.85,104.85,103.55,103.6,1170,3754
2015/04/27 00:00:00.0,103.85,104.6,102.55,104.25,1720,3840
2015/04/28 00:00:00.0,104.05,106.85,103.85,104.75,3346,3700
2015/04/29 00:00:00.0,104.6,105.2,101.05,101.4,2172,3864
2015/04/30 00:00:00.0,100.5,102.55,98.45,102.05,4684,2816
2015/05/04 00:00:00.0,99.1,105.4,98.55,105.4,2576,2488
2015/05/05 00:00:00.0,107.25,108.4,105.85,107.9,1336,2442
2015/05/06 00:00:00.0,109.25,109.5,107.75,108.75,832,2408
2015/05/07 00:00:00.0,108.1,108.95,107.1,107.55,426,2390
2015/05/08 00:00:00.0,107.6,110.75,107.1,110.15,1238,2256
2015/05/11 00:00:00.0,110,111.35,109.8,110.1,1054,2242
2015/05/12 00:00:00.0,110.95,111.15,107.7,107.8,774,2176
2015/05/13 00:00:00.0,108,108.45,106.6,106.85,646,2234
2015/05/14 00:00:00.0,106.1,109.5,105.85,109.5,812,2082
2015/05/15 00:00:00.0,108.95,109.4,108.3,109.35,300,2088
2015/05/18 00:00:00.0,112.7,112.7,111.15,111.55,304,1782
2015/05/19 00:00:00.0,111.1,111.4,110.55,110.95,152,1738
2015/05/20 00:00:00.0,110,110.9,109.25,109.6,442,1648
2015/05/21 00:00:00.0,109.3,110.4,109.2,109.7,182,1662
2015/05/22 00:00:00.0,109.95,110.15,108.7,109.7,320,1714
2015/05/25 00:00:00.0,109.6,109.6,108.2,108.55,302,1742
2015/05/26 00:00:00.0,109.05,109.45,108.3,109.1,398,1778
2015/05/27 00:00:00.0,108.75,109.75,105.15,105.7,938,1804
2015/05/28 00:00:00.0,105.85,106.55,104.15,105.1,784,1812
2015/05/29 00:00:00.0,105,105.8,103.95,104.75,434,1756
2015/06/01 00:00:00.0,104.8,106,103.85,106,456,1754
2015/06/02 00:00:00.0,106.65,106.7,105.65,106.45,462,1764
2015/06/03 00:00:00.0,106.3,106.3,105.15,105.5,260,1756
2015/06/04 00:00:00.0,105.35,105.8,105,105.65,198,1730
2015/06/05 00:00:00.0,105.4,105.75,103.25,103.5,450,1766
2015/06/08 00:00:00.0,103.2,104,103.2,103.6,174,1790
2015/06/09 00:00:00.0,103.55,103.7,103.2,103.3,274,1794
2015/06/10 00:00:00.0,103.95,103.95,103.1,103.45,194,1796
2015/06/11 00:00:00.0,103.5,104.25,103.4,103.5,244,1792
2015/06/12 00:00:00.0,102.7,102.7,100.6,101,318,1820
2015/06/15 00:00:00.0,101.55,101.65,97.85,99,522,1824
2015/06/16 00:00:00.0,98.95,99.65,97.85,98.85,176,1800
2015/06/17 00:00:00.0,98.3,99.45,98.3,98.45,132,1794
2015/06/18 00:00:00.0,99.3,99.35,98.15,98.15,52,1766
2015/06/19 00:00:00.0,98.5,102.6,98.3,101.6,642,1652
2015/06/23 00:00:00.0,101.75,104.35,101.75,102.95,480,1664
2015/06/24 00:00:00.0,102.9,103.2,102.25,102.95,104,1640
2015/06/25 00:00:00.0,102.6,102.6,101.35,101.5,116,1624
2015/06/26 00:00:00.0,101.9,102.05,100.45,101.3,264,1632
2015/06/29 00:00:00.0,101.15,101.4,97.35,97.35,428,1658
2015/06/30 00:00:00.0,98.15,99.6,97.3,99.6,460,1632
2015/07/01 00:00:00.0,98.8,100.25,97.3,98.8,314,1566
2015/07/02 00:00:00.0,98.35,98.55,97.4,98.1,210,1546
2015/07/03 00:00:00.0,98.4,98.4,97.15,97.8,132,1532
2015/07/06 00:00:00.0,97.15,97.55,93.4,95.05,592,1506
2015/07/07 00:00:00.0,94.8,95.05,93.4,93.4,170,1478
2015/07/08 00:00:00.0,90.35,92.3,89.55,89.55,110,1446
2015/07/09 00:00:00.0,91.15,94.7,91.15,92.15,332,1398
2015/07/10 00:00:00.0,92.5,94.65,92.3,93.1,352,1392
2015/07/13 00:00:00.0,92.75,93.4,90.35,93.4,500,1504
2015/07/14 00:00:00.0,92.7,94.55,91.8,91.85,528,1494
2015/07/15 00:00:00.0,91.85,93.95,91.1,91.65,366,1494
2015/07/16 00:00:00.0,91.45,92.3,91.2,92.3,132,1488
2015/07/17 00:00:00.0,91.85,92.05,90.6,90.6,100,1478
2015/07/20 00:00:00.0,90.05,90.9,89.7,90.9,80,1466
2015/07/21 00:00:00.0,91.3,93.1,90.2,90.4,224,1478
2015/07/22 00:00:00.0,90.5,90.75,90.3,90.3,46,1472
2015/07/23 00:00:00.0,90,90.4,89.55,89.55,76,1460
2015/07/24 00:00:00.0,89.9,91,89.65,90.55,136,1422
2015/07/27 00:00:00.0,89.9,90.65,89.9,89.9,124,1356
2015/07/28 00:00:00.0,89.7,90.2,89.5,89.8,166,1296
2015/07/29 00:00:00.0,90,91.3,89.45,90.3,402,1128
2015/07/30 00:00:00.0,90.8,90.8,89.25,89.25,124,1098
2015/07/31 00:00:00.0,89,89.7,88.6,89.5,220,1066
2015/08/03 00:00:00.0,89.5,90.2,89.5,90.2,90,1028
2015/08/04 00:00:00.0,90.8,93.45,90.3,92.25,486,956
2015/08/05 00:00:00.0,92.75,92.95,91.5,91.95,246,954
2015/08/06 00:00:00.0,92.45,92.65,90.25,90.25,254,964
2015/08/07 00:00:00.0,90.3,90.35,87.1,87.2,366,996
2015/08/10 00:00:00.0,86.85,86.85,83.25,84.5,840,1068
2015/08/11 00:00:00.0,85.75,86.2,84.6,85,464,1058
2015/08/12 00:00:00.0,84.4,85.6,84.4,84.7,182,1086
2015/08/13 00:00:00.0,85.55,85.85,84.45,85.35,226,1062
2015/08/14 00:00:00.0,85.2,85.8,84.4,84.6,278,1040
2015/08/17 00:00:00.0,82.95,84.85,82.95,84.2,214,1020
2015/08/18 00:00:00.0,84,84.65,83.4,83.5,134,954
2015/08/19 00:00:00.0,82.9,83.3,81.7,82.55,202,958
2015/08/20 00:00:00.0,82,82.3,81.65,81.75,100,934
2015/08/21 00:00:00.0,82.1,82.1,79.5,81.5,176,868
2015/08/24 00:00:00.0,78.75,80.75,78.65,79.45,186,824
2015/08/25 00:00:00.0,81.3,83.45,80,83.45,296,780
2015/08/26 00:00:00.0,84.9,86.1,84.6,85.75,408,726
2015/08/27 00:00:00.0,85.45,85.5,83.4,84.95,156,670
2015/08/28 00:00:00.0,83.95,85.3,82.4,83.5,290,518
2015/08/31 00:00:00.0,82.75,82.8,80.1,80.3,430,392
2015/09/01 00:00:00.0,78.4,79.15,78.3,79.1,30,378
2015/09/07 00:00:00.0,79.75,80,79.4,80,16,382
2015/09/08 00:00:00.0,78.2,78.2,77.35,77.35,8,382
2015/09/09 00:00:00.0,73.65,74,73.65,74,16,372
2015/09/10 00:00:00.0,73.4,73.95,73.35,73.95,26,374
2015/09/14 00:00:00.0,76.7,76.95,76.7,76.95,78,368
2015/09/15 00:00:00.0,72.95,72.95,72.95,72.95,4,364
2015/09/16 00:00:00.0,70.85,76.95,70.85,71.05,18,356
2015/09/17 00:00:00.0,82.4,83.85,82.35,82.85,70,88
2015/09/18 00:00:00.0,84,85.3,84,85.25,32,104
2015/09/21 00:00:00.0,87.8,88.15,85.45,86.6,50,110
2015/09/22 00:00:00.0,86.8,87.35,86.3,86.85,32,122
2015/09/23 00:00:00.0,86.6,88.75,86.6,87.65,114,142
2015/09/24 00:00:00.0,88.65,88.85,88.65,88.85,16,156
2015/09/25 00:00:00.0,88.85,91.4,88.3,91.4,34,158
2015/09/28 00:00:00.0,86.35,89.45,86.35,88.75,20,156
2015/09/29 00:00:00.0,85.6,90.05,85.55,89.35,50,172
2015/09/30 00:00:00.0,90.7,90.8,90.7,90.8,6,172
2015/10/08 00:00:00.0,91.3,92.5,89.7,91.1,70,172
2015/10/09 00:00:00.0,91.7,91.7,87.95,87.95,54,192
2015/10/12 00:00:00.0,88.65,90.55,88.6,89.55,40,188
2015/10/13 00:00:00.0,89.35,89.4,88.75,88.8,20,190
2015/10/14 00:00:00.0,89.7,89.7,88.9,89.35,10,190
2015/10/15 00:00:00.0,90,90.15,89.3,89.3,18,186
2015/10/16 00:00:00.0,90.5,90.5,89.5,90.35,8,186
2015/10/19 00:00:00.0,89.25,89.9,89.25,89.9,6,186
2015/10/20 00:00:00.0,89.95,90.15,89.6,90.15,18,184
2015/10/21 00:00:00.0,90,90,89.75,89.95,6,186
2015/10/23 00:00:00.0,90.3,90.3,90.3,90.3,4,184
2015/10/26 00:00:00.0,90.8,90.8,89.55,89.95,8,186
2015/10/27 00:00:00.0,87.15,87.85,87.15,87.85,10,192
2015/10/28 00:00:00.0,91.05,91.05,89.55,89.7,6,190
2015/10/29 00:00:00.0,89.6,89.6,88.6,88.6,110,192
2015/10/30 00:00:00.0,90.2,90.2,87.9,88.6,90,192
2015/11/02 00:00:00.0,90.9,90.9,88.75,88.75,34,192
2015/11/03 00:00:00.0,91.1,91.1,91.1,91.1,20,184
2015/11/04 00:00:00.0,87.05,87.05,87.05,87.05,4,184
2015/11/06 00:00:00.0,87.85,87.85,87.85,87.85,2,184
2015/11/10 00:00:00.0,83.75,84.55,83.6,83.6,8,182
2015/11/13 00:00:00.0,82.6,82.65,82.6,82.65,10,174
2015/11/17 00:00:00.0,84.05,88.05,84.05,88.05,4,28
2015/11/23 00:00:00.0,83.3,83.3,83.3,83.3,2,28
2015/11/24 00:00:00.0,79.7,85.85,79.45,83.7,44,42
2015/11/26 00:00:00.0,81.55,81.6,81.55,81.6,4,42
2015/11/30 00:00:00.0,84.7,84.7,82.25,82.25,8,38
2015/12/01 00:00:00.0,82.4,83.75,82.4,83.6,6,40
2015/12/02 00:00:00.0,80.4,83.15,80.4,83.15,4,38
2015/12/07 00:00:00.0,79.9,79.95,79.9,79.95,4,36
2015/12/10 00:00:00.0,82.75,82.8,82.7,82.7,8,40
2015/12/14 00:00:00.0,84.7,86.4,84.7,86.4,14,44
2015/12/15 00:00:00.0,83.15,84,83.15,84,6,42
2015/12/16 00:00:00.0,84.05,84.05,84.05,84.05,2,44
2015/12/18 00:00:00.0,80.55,80.55,80.55,80.55,4,48
2015/12/22 00:00:00.0,82.05,82.05,82.05,82.05,4,46
2015/12/25 00:00:00.0,78.05,78.05,78.05,78.05,2,46
2015/12/28 00:00:00.0,78.15,78.15,78.15,78.15,2,46
2015/12/29 00:00:00.0,81.4,81.4,81.4,81.4,2,44
2015/12/30 00:00:00.0,83.15,83.15,83.15,83.15,2,44
2015/12/31 00:00:00.0,82.65,82.65,82.65,82.65,10,44
2016/06/13 00:00:00.0,75.35,81.1,75.35,80.85,10,14
2016/06/14 00:00:00.0,79.3,79.3,79.3,79.3,2,12
2016/06/16 00:00:00.0,82.7,82.8,80.5,82.8,22,18
2016/06/17 00:00:00.0,85.85,85.85,82.25,82.25,4,18
2016/06/20 00:00:00.0,87.35,87.95,83.85,87.95,20,22
2016/06/21 00:00:00.0,91,91.35,87.8,91.3,28,30
2016/06/23 00:00:00.0,94.75,94.75,86.65,90.25,104,36
2016/06/24 00:00:00.0,88.5,91.6,88.5,91.6,6,34
2016/06/27 00:00:00.0,85.6,90.15,85.6,89.45,34,32
2016/06/28 00:00:00.0,85.75,89.1,84.65,86.5,62,34
2016/06/29 00:00:00.0,84.05,90.7,84.05,90.7,68,44
2016/06/30 00:00:00.0,93.4,93.55,90.15,93.4,70,26
2016/07/01 00:00:00.0,94.35,94.65,91.1,93,34,26
2016/07/04 00:00:00.0,93.4,97.4,93.4,96.65,64,42
2016/07/05 00:00:00.0,96.25,99.3,91.8,95.5,40,44
2016/07/06 00:00:00.0,96.05,96.05,94.95,94.95,4,42
2016/07/07 00:00:00.0,95.25,96.25,91.35,91.95,12,40
2016/07/08 00:00:00.0,92.1,92.45,89.85,92.05,10,38
2016/07/13 00:00:00.0,92.6,92.6,92.6,92.6,2,38
2016/07/14 00:00:00.0,93.35,93.35,93.35,93.35,2,38
2016/07/18 00:00:00.0,92.65,94.95,91.3,94.95,12,42
2016/07/20 00:00:00.0,94.45,94.45,91.55,92.7,14,40
2016/07/21 00:00:00.0,90.45,90.45,90.45,90.45,2,40
2016/07/22 00:00:00.0,92.35,92.35,92.35,92.35,2,38
2016/07/25 00:00:00.0,96.4,96.45,89.25,93.1,28,40
2016/07/27 00:00:00.0,90.55,91.65,90.55,91.65,4,40
2016/07/28 00:00:00.0,87.5,91.7,87.5,91.7,4,38
2016/08/01 00:00:00.0,93.6,93.6,89.9,89.9,4,38
2016/08/04 00:00:00.0,92.3,92.3,92.3,92.3,2,36
2016/08/05 00:00:00.0,90.05,90.05,90.05,90.05,4,36
2016/08/08 00:00:00.0,88.25,88.25,88.25,88.25,2,36
2016/08/09 00:00:00.0,85.05,91.05,85.05,90.4,36,38
2016/08/10 00:00:00.0,91.7,92.85,91.7,92.85,10,44
2016/08/12 00:00:00.0,94.7,94.75,93.95,93.95,6,42
2016/08/25 00:00:00.0,91.7,97.1,91.7,94,14,40
2016/09/01 00:00:00.0,100,100,100,100,2,40
2016/09/05 00:00:00.0,96.05,99.5,96.05,96.85,18,42
2016/09/07 00:00:00.0,99.5,99.5,99.5,99.5,4,42
2016/09/09 00:00:00.0,96.75,98.5,96.4,98.5,10,42
2016/09/21 00:00:00.0,97.7,97.7,97.7,97.7,2,42
2016/09/22 00:00:00.0,97.75,97.75,97.3,97.3,6,44
2016/09/26 00:00:00.0,92.95,97.5,92.95,93.05,6,42
2016/09/28 00:00:00.0,93.15,94.85,93.15,94.85,4,42
2016/10/17 00:00:00.0,97.3,97.3,94.2,96.95,10,46
2016/10/18 00:00:00.0,96.95,96.95,96.95,96.95,2,48
2016/10/19 00:00:00.0,96.9,96.9,96.9,96.9,2,46
2016/10/20 00:00:00.0,97.05,97.9,97.05,97.9,6,44
2016/10/24 00:00:00.0,97.85,97.85,94.55,96.3,14,44
2016/10/27 00:00:00.0,97.4,98.3,93.45,97.75,12,46
2016/11/02 00:00:00.0,93.15,93.15,92.4,92.4,16,44
2016/11/03 00:00:00.0,92.4,92.4,92.4,92.4,2,42
2016/11/04 00:00:00.0,92.8,92.8,92.8,92.8,2,42
2016/11/08 00:00:00.0,93.5,93.55,93.5,93.55,8,42
2016/11/09 00:00:00.0,94.45,94.45,89.95,90.05,8,42
2016/11/10 00:00:00.0,90.6,93.85,86.75,93.2,18,44
2016/11/11 00:00:00.0,92.05,93.75,92,93.7,16,44
2016/11/14 00:00:00.0,93.75,97.1,93.75,97.1,38,50
2016/11/15 00:00:00.0,98.25,103.95,98,103.9,672,186
2016/11/16 00:00:00.0,106.75,107.05,103.95,107.05,618,270
2016/11/17 00:00:00.0,108.05,114,106.95,114,1188,538
2016/11/18 00:00:00.0,115.2,117.25,111.3,116.65,2614,574
2016/11/21 00:00:00.0,116.1,119.7,115.75,118.05,1200,642
2016/11/22 00:00:00.0,117.45,119.15,113.7,116.1,2154,602
2016/11/23 00:00:00.0,115.95,118.95,114.25,117.7,728,576
2016/11/24 00:00:00.0,118.75,119.2,116.15,116.15,342,536
2016/11/25 00:00:00.0,115.8,116.5,111.8,111.8,474,460
2016/11/28 00:00:00.0,110.3,111.7,107.9,109.35,428,458
2016/11/29 00:00:00.0,108.7,110.75,105.9,105.9,304,396
2016/11/30 00:00:00.0,104.15,107.5,102.95,103.85,220,416
2016/12/01 00:00:00.0,105.5,106.75,102.95,106.75,188,432
2016/12/02 00:00:00.0,106.65,108.85,104.35,106.2,350,420
2016/12/05 00:00:00.0,105.05,107.75,104.9,104.9,136,418
2016/12/06 00:00:00.0,105.95,108.8,105.5,107.45,214,430
2016/12/07 00:00:00.0,107.5,112.45,107.5,109,396,444
2016/12/08 00:00:00.0,108.75,108.75,105.9,107.9,138,436
2016/12/09 00:00:00.0,106.15,106.15,102.45,104.75,302,434
2016/12/12 00:00:00.0,105.7,108.6,104.45,107.9,204,444
2016/12/13 00:00:00.0,110.75,110.75,105.1,107.25,188,432
2016/12/14 00:00:00.0,106.35,107.35,104,105.55,178,422
2016/12/15 00:00:00.0,104.05,106.45,103.9,105.8,120,422
2016/12/16 00:00:00.0,104.4,105.5,102.1,104.25,76,402
2016/12/19 00:00:00.0,104.1,104.3,101,101,130,390
2016/12/20 00:00:00.0,100.85,101.75,98.3,98.3,212,338
2016/12/21 00:00:00.0,98.9,98.9,93.65,93.75,220,314
2016/12/22 00:00:00.0,94.05,94.75,91.55,92.15,74,298
2016/12/23 00:00:00.0,91,94.6,91,91.6,134,276
2016/12/26 00:00:00.0,90.7,90.8,89.1,89.5,146,236
2016/12/27 00:00:00.0,89.35,92.9,89.35,92.35,124,234
2016/12/28 00:00:00.0,93.6,95.5,89.6,93.15,160,230
2016/12/29 00:00:00.0,91.85,92.75,89.55,89.6,286,176
2016/12/30 00:00:00.0,87.15,94.15,86.45,86.9,340,90
2017/01/03 00:00:00.0,87.45,87.45,84.05,85.4,8,86
2017/01/04 00:00:00.0,89.1,89.1,88.4,88.95,4,86
2017/01/05 00:00:00.0,93.5,93.5,93.5,93.5,2,86
2017/01/06 00:00:00.0,98.7,98.7,94.1,94.1,6,92
2017/01/09 00:00:00.0,101.85,101.85,101.85,101.85,2,94
2017/01/10 00:00:00.0,107.65,107.65,107.65,107.65,2,96
2017/01/11 00:00:00.0,112.35,112.35,112.35,112.35,8,96
2017/01/12 00:00:00.0,110.35,119.5,110.35,119.5,80,108
2017/01/13 00:00:00.0,122.25,122.25,122.25,122.25,2,108
2017/01/16 00:00:00.0,128.95,129,126,126,32,108
2017/01/17 00:00:00.0,102.6,106.1,102.05,106.1,6,18
2017/01/18 00:00:00.0,101.75,109.25,101.75,107.7,86,28
2017/01/19 00:00:00.0,108,111.2,108,110.4,64,54
2017/01/20 00:00:00.0,105.95,107.85,105.95,106.4,48,58
2017/01/23 00:00:00.0,106.65,106.65,100.5,101.6,84,90
2017/01/24 00:00:00.0,100,102.8,99.95,102.8,96,90
2017/01/25 00:00:00.0,101.95,104.75,98.95,101.5,22,84
2017/01/26 00:00:00.0,101.95,101.95,99.6,101.1,36,84
2017/02/03 00:00:00.0,98.75,100.55,96.6,100.35,22,92
2017/02/06 00:00:00.0,99.95,103.7,99.95,103.7,96,126
2017/02/07 00:00:00.0,104.75,105.45,103.75,104.75,198,106
2017/02/08 00:00:00.0,104.7,105.55,103.8,104.9,22,100
2017/02/09 00:00:00.0,103.95,104.05,103.15,103.55,20,100
2017/02/10 00:00:00.0,103.95,103.95,101.8,101.85,38,104
2017/02/13 00:00:00.0,102.55,105.05,102,103.5,56,110
2017/02/14 00:00:00.0,103.3,104.8,102.5,103.75,50,114
2017/02/15 00:00:00.0,102.45,102.9,100.8,102.85,44,112
2017/02/16 00:00:00.0,103.8,104.75,101.85,102.4,76,102
2017/02/17 00:00:00.0,104.3,104.3,101.55,102.5,58,98
2017/02/20 00:00:00.0,102.65,102.7,101.2,102.35,18,96
2017/02/21 00:00:00.0,102.9,105.8,101.45,101.7,112,94
2017/02/22 00:00:00.0,101.75,102.2,100.9,102.15,14,92
2017/02/23 00:00:00.0,101.25,102.8,100.15,100.4,38,86
2017/02/24 00:00:00.0,98.6,100.95,98.6,99.95,54,82
2017/02/27 00:00:00.0,98.65,102,97.2,99.5,76,78
2017/02/28 00:00:00.0,96.85,101.05,96.25,96.25,108,62
2017/03/06 00:00:00.0,105.8,105.8,105.15,105.2,44,64
2017/03/07 00:00:00.0,106.05,106.05,105.05,105.05,24,64
2017/03/09 00:00:00.0,101.85,102.3,101.4,101.65,38,60
2017/03/13 00:00:00.0,96.45,96.8,96.45,96.8,6,60
2017/04/05 00:00:00.0,107.9,107.9,105.6,105.6,12,18
2017/04/11 00:00:00.0,107.25,107.6,105.1,105.65,18,18
2017/04/13 00:00:00.0,106.85,106.85,106.85,106.85,2,16
2017/04/14 00:00:00.0,106.65,106.65,106.65,106.65,2,16
2017/04/24 00:00:00.0,104.9,105.3,104.9,105.3,4,12
2017/04/26 00:00:00.0,103.1,103.1,103.1,103.1,2,12
2017/04/28 00:00:00.0,101.1,101.1,101.1,101.1,2,12
2017/06/07 00:00:00.0,104.5,112.5,104.5,112.5,10,16
2017/06/08 00:00:00.0,112.15,121.15,106.6,118.4,118,30
2017/06/09 00:00:00.0,115.9,117.35,115.9,116.1,6,26
2017/06/12 00:00:00.0,119.15,119.15,114.65,114.65,4,26
2017/06/15 00:00:00.0,114.9,115.75,114.9,115.75,4,24
2017/06/20 00:00:00.0,114.6,114.6,109.3,109.4,18,16
2017/06/22 00:00:00.0,105.5,105.5,105.5,105.5,4,16
2017/06/23 00:00:00.0,108.7,110.55,108.55,108.55,16,24
2017/06/26 00:00:00.0,113,113,106.8,107.2,82,22
2017/06/27 00:00:00.0,107.75,107.75,107.75,107.75,2,22
2017/06/28 00:00:00.0,109.2,109.25,108,108,6,18
2017/06/29 00:00:00.0,108.6,109,108.6,109,16,16
2017/06/30 00:00:00.0,109.05,109.05,109.05,109.05,2,16
2017/07/03 00:00:00.0,109.05,109.05,109,109,6,16
2017/07/04 00:00:00.0,109.5,109.5,109.5,109.5,2,14
2017/07/05 00:00:00.0,112.2,112.2,110.35,110.35,4,12
2017/08/01 00:00:00.0,111,111,111,111,2,12
2017/10/18 00:00:00.0,111.3,115.3,111.3,115.3,10,12
2017/10/19 00:00:00.0,115.3,116.35,113.3,113.3,10,8
2017/10/27 00:00:00.0,116.2,116.2,113,113,6,6
2017/10/30 00:00:00.0,116.2,116.2,112.75,112.75,6,6
2017/11/01 00:00:00.0,113.7,122.75,113.7,122.75,30,18
2017/11/02 00:00:00.0,122.35,124.75,120.05,120.05,34,12
2017/11/03 00:00:00.0,118.85,120.5,115.35,118.15,16,8
2017/11/09 00:00:00.0,120.45,121.65,120.45,121.65,4,12
2017/11/10 00:00:00.0,121.65,121.65,120.45,120.45,6,10
2017/11/13 00:00:00.0,117.1,121.6,115.55,118.6,16,8
2017/11/17 00:00:00.0,126.9,126.9,126.9,126.9,2,8
2017/11/20 00:00:00.0,131.55,132.2,127.6,127.6,12,10
2017/12/04 00:00:00.0,122.95,130.35,122.95,130.1,18,14
2017/12/05 00:00:00.0,127.3,127.3,125.65,125.65,12,10
2017/12/06 00:00:00.0,130.35,130.35,125.55,125.55,46,8
2017/12/11 00:00:00.0,124.2,126.4,124.2,126.4,4,6
2017/12/18 00:00:00.0,133.1,133.1,124.8,129.85,14,2
2017/12/20 00:00:00.0,129.9,131.65,129.8,129.8,6,2
2017/12/29 00:00:00.0,129.2,129.2,128.85,129.1,12,2
2018/01/02 00:00:00.0,130.15,131.3,128.75,131.3,26,6
2018/01/03 00:00:00.0,130.75,130.75,129.7,129.7,4,4
2018/01/04 00:00:00.0,129.2,129.2,129.2,129.2,2,4
2018/01/05 00:00:00.0,130.9,131.85,130.9,131.85,6,8
2018/01/08 00:00:00.0,131,131,131,131,2,6
2018/01/12 00:00:00.0,132.7,132.7,115.8,116.6,20,20
2018/01/16 00:00:00.0,126.15,126.15,126.15,126.15,2,20
2018/01/17 00:00:00.0,127.15,129.2,123.4,126.15,16,16
2018/01/18 00:00:00.0,128.4,130.6,125.7,128.05,48,14
2018/01/19 00:00:00.0,128.65,129.95,128.65,129.6,10,12
2018/01/22 00:00:00.0,129,129.4,129,129.25,14,12
2018/01/23 00:00:00.0,129.35,129.35,129.35,129.35,4,8
2018/01/26 00:00:00.0,128.2,132.55,126.35,130.9,14,8
2018/01/29 00:00:00.0,126.3,130.9,124.8,130.9,26,16
2018/01/30 00:00:00.0,130.8,131,126.8,128.1,14,14
2018/01/31 00:00:00.0,130.1,130.4,130.1,130.25,10,8
2018/02/02 00:00:00.0,132,132,132,132,2,8
2018/02/05 00:00:00.0,135.35,135.35,135.35,135.35,2,8
2018/02/08 00:00:00.0,141.15,141.15,141.15,141.15,2,8
2018/02/09 00:00:00.0,138.95,140.55,136.5,137.45,54,18
2018/02/14 00:00:00.0,138.1,138.65,138.1,138.65,4,14
2018/02/26 00:00:00.0,133.8,135,133.8,134.1,8,8
2018/03/12 00:00:00.0,135.05,138.35,135.05,136.3,16,12
2018/03/13 00:00:00.0,137.95,141,137.55,137.55,8,10
2018/03/15 00:00:00.0,140.95,142.85,136.7,137.55,34,8
2018/03/22 00:00:00.0,138.35,138.35,134.8,134.85,26,16
2018/03/23 00:00:00.0,134.15,134.15,134.1,134.1,8,18
2018/03/26 00:00:00.0,132.4,136.7,132.4,134.9,14,14
2018/03/27 00:00:00.0,136.75,137.55,132.95,134.3,22,14
2018/04/09 00:00:00.0,136.75,136.75,136.75,136.75,2,12
2018/04/20 00:00:00.0,136.75,136.75,136.75,136.75,2,12
2018/04/24 00:00:00.0,137.05,142.9,135,141.5,30,8
2018/04/27 00:00:00.0,143.55,145.6,143.55,145.6,4,8
2018/05/16 00:00:00.0,133.95,140.35,133.95,137.15,22,10
2018/05/17 00:00:00.0,138.4,142,135.65,141.95,16,10
2018/05/28 00:00:00.0,137.8,148.95,137.8,141.85,24,8
2018/05/29 00:00:00.0,147.8,147.8,137.8,137.8,8,8
2018/06/06 00:00:00.0,136.15,140.85,136.15,140.85,10,8
2018/06/21 00:00:00.0,132.5,146.35,132.5,141.5,56,10
2018/06/22 00:00:00.0,144.95,146.2,139.3,144.45,58,18
2018/06/25 00:00:00.0,140.85,144.95,140.8,144.95,12,12
2018/06/26 00:00:00.0,142.3,145.4,141.8,143.95,24,10
2018/06/27 00:00:00.0,142.1,144.95,142.1,144.95,4,8
2018/06/29 00:00:00.0,145.05,145.05,145.05,145.05,2,10
2018/07/02 00:00:00.0,142.5,144.85,142.5,144.85,4,10
2018/07/03 00:00:00.0,144.95,144.95,142.55,142.55,6,10
2018/07/05 00:00:00.0,142.6,145.6,140.15,141.5,22,12
2018/07/06 00:00:00.0,142.35,142.35,140.15,140.8,10,14
2018/07/10 00:00:00.0,141.5,141.5,141.5,141.5,2,12
2018/07/11 00:00:00.0,140.85,141.1,140.85,141.1,6,12
2018/07/12 00:00:00.0,141.2,142.55,141.2,142.55,6,10
2018/07/13 00:00:00.0,141.65,142.85,141.65,142.75,12,10
2018/07/25 00:00:00.0,146.3,146.3,142.05,145,12,10
2018/07/27 00:00:00.0,142.35,142.35,142.35,142.35,2,8
2018/07/31 00:00:00.0,142.75,143.7,142.75,143.3,8,8
2018/08/01 00:00:00.0,145.6,145.6,143.65,143.65,6,10
2018/08/02 00:00:00.0,142.45,142.45,142.45,142.45,2,8
2018/08/03 00:00:00.0,142.85,145.15,142.8,142.8,10,10
2018/08/06 00:00:00.0,144.85,144.85,144.85,144.85,2,10
2018/08/07 00:00:00.0,147.05,147.05,144,144.6,6,10
2018/08/13 00:00:00.0,146.6,146.6,144.15,144.15,6,8
2018/08/14 00:00:00.0,143.4,146.8,143.4,143.5,8,8
2018/08/16 00:00:00.0,144.1,150.35,144.1,149.75,16,12
2018/08/17 00:00:00.0,152.65,152.65,149.5,149.5,8,6
2018/08/20 00:00:00.0,149.85,156.4,149.85,154.4,8,6
2018/08/21 00:00:00.0,154,162,149.65,156.05,36,14
2018/08/22 00:00:00.0,163.9,163.9,155.45,155.45,16,8
2018/08/30 00:00:00.0,156.3,163.2,156.3,163.2,4,8
2018/08/31 00:00:00.0,155,165.95,155,159.1,10,8
2018/09/26 00:00:00.0,148.65,148.65,148.65,148.65,2,10
2018/09/27 00:00:00.0,152.15,152.15,152.15,152.15,4,12
2018/09/28 00:00:00.0,153.65,153.65,147.5,147.5,12,10
2018/10/11 00:00:00.0,126.4,126.4,126.4,126.4,2,10
2018/10/12 00:00:00.0,122.65,122.65,122.65,122.65,2,10
2018/10/15 00:00:00.0,122.9,122.9,122.9,122.9,2,10
2018/11/14 00:00:00.0,128.1,128.75,128.1,128.75,6,8
2018/11/21 00:00:00.0,135.75,144.25,135.75,141.45,12,6
2018/11/22 00:00:00.0,138.25,138.25,133,133,8,8
2018/11/26 00:00:00.0,136.55,139.8,128.95,139.8,10,4
2018/11/27 00:00:00.0,143.35,143.35,133.8,140.9,6,4
2018/11/29 00:00:00.0,144.35,144.35,137.1,137.1,10,8
2018/11/30 00:00:00.0,136.1,144.95,136.1,139.65,18,12
2018/12/03 00:00:00.0,142.4,144.65,142.4,144,16,8
2018/12/04 00:00:00.0,139,149.4,139,146.8,28,8
2018/12/05 00:00:00.0,142.6,147.65,142,144.35,18,10
2018/12/07 00:00:00.0,143.75,147.7,143,143.7,14,4
2018/12/10 00:00:00.0,144.3,144.3,140.4,143.3,8,8
2018/12/11 00:00:00.0,143.95,143.95,137.05,142.55,14,6
2018/12/13 00:00:00.0,136.05,142.3,136.05,142.3,4,6
2018/12/17 00:00:00.0,144.25,144.5,137.4,141,22,6
2018/12/18 00:00:00.0,139.65,139.8,139.65,139.8,4,6
2018/12/25 00:00:00.0,136.2,143.7,136.2,136.75,8,6
2018/12/26 00:00:00.0,134.7,135.65,134.15,134.15,10,10
2018/12/27 00:00:00.0,129.35,138.2,129.05,132.65,32,8
