2013/10/09 00:00:00.0,4623,4650,4477,4496,348048,70848
2013/10/10 00:00:00.0,4466,4526,4460,4508,211202,59318
2013/10/11 00:00:00.0,4514,4530,4462,4472,184686,65140
2013/10/14 00:00:00.0,4482,4494,4438,4448,152084,71040
2013/10/15 00:00:00.0,4456,4498,4440,4446,205172,67194
2013/10/16 00:00:00.0,4434,4488,4432,4436,208108,70434
2013/10/17 00:00:00.0,4452,4464,4412,4414,143604,76362
2013/10/18 00:00:00.0,4416,4434,4406,4408,90502,78640
2013/10/21 00:00:00.0,4414,4470,4410,4456,156472,62104
2013/10/22 00:00:00.0,4448,4458,4432,4444,58382,59474
2013/10/23 00:00:00.0,4436,4448,4412,4440,85922,57502
2013/10/24 00:00:00.0,4438,4486,4430,4462,162240,56806
2013/10/25 00:00:00.0,4464,4468,4410,4410,116512,43412
2013/10/28 00:00:00.0,4416,4416,4252,4270,357956,97430
2013/10/29 00:00:00.0,4270,4290,4250,4272,232692,96152
2013/10/30 00:00:00.0,4272,4330,4230,4318,393468,63580
2013/10/31 00:00:00.0,4310,4326,4290,4294,129564,56496
2013/11/01 00:00:00.0,4292,4342,4260,4312,192536,46292
2013/11/04 00:00:00.0,4284,4338,4282,4316,94986,45510
2013/11/05 00:00:00.0,4314,4334,4268,4312,127518,43728
2013/11/06 00:00:00.0,4304,4320,4294,4312,71676,45792
2013/11/07 00:00:00.0,4316,4328,4272,4278,114216,65332
2013/11/08 00:00:00.0,4276,4288,4256,4264,104266,72412
2013/11/11 00:00:00.0,4264,4290,4258,4282,61848,67726
2013/11/12 00:00:00.0,4276,4312,4272,4308,88762,55092
2013/11/13 00:00:00.0,4284,4294,4266,4290,65736,57160
2013/11/14 00:00:00.0,4302,4308,4270,4272,52176,61116
2013/11/15 00:00:00.0,4272,4288,4252,4276,106202,60764
2013/11/18 00:00:00.0,4282,4318,4276,4296,49984,55752
2013/11/19 00:00:00.0,4286,4310,4270,4300,72776,57862
2013/11/20 00:00:00.0,4300,4330,4300,4316,76396,56864
2013/11/21 00:00:00.0,4312,4316,4294,4304,33602,54952
2013/11/22 00:00:00.0,4318,4354,4314,4344,75690,54746
2013/11/25 00:00:00.0,4340,4372,4322,4362,85036,56340
2013/11/26 00:00:00.0,4364,4448,4354,4374,228092,50498
2013/11/27 00:00:00.0,4372,4388,4336,4342,77680,46426
2013/11/28 00:00:00.0,4336,4362,4324,4352,48134,42292
2013/11/29 00:00:00.0,4356,4370,4338,4358,42366,40144
2013/12/02 00:00:00.0,4366,4376,4346,4358,46410,41828
2013/12/03 00:00:00.0,4364,4412,4356,4386,83056,45078
2013/12/04 00:00:00.0,4410,4414,4382,4392,94150,50120
2013/12/05 00:00:00.0,4402,4408,4376,4380,57612,43332
2013/12/06 00:00:00.0,4386,4432,4364,4426,137768,63982
2013/12/09 00:00:00.0,4428,4444,4380,4400,120384,51104
2013/12/10 00:00:00.0,4402,4412,4384,4392,51038,50586
2013/12/11 00:00:00.0,4394,4408,4384,4394,33482,48892
2013/12/12 00:00:00.0,4402,4424,4376,4392,80188,53834
2013/12/13 00:00:00.0,4392,4392,4310,4376,89038,50000
2013/12/16 00:00:00.0,4382,4386,4340,4366,35422,46722
2013/12/17 00:00:00.0,4366,4370,4334,4336,35736,45992
2013/12/18 00:00:00.0,4336,4348,4322,4342,23716,45326
2013/12/19 00:00:00.0,4340,4356,4334,4334,14312,44204
2013/12/20 00:00:00.0,4334,4356,4322,4324,31336,46668
2013/12/23 00:00:00.0,4322,4338,4314,4338,22966,45180
2013/12/24 00:00:00.0,4334,4340,4324,4334,15920,45402
2013/12/25 00:00:00.0,4332,4362,4332,4344,16872,46756
2013/12/26 00:00:00.0,4348,4350,4276,4290,67832,54982
2013/12/27 00:00:00.0,4284,4336,4270,4324,58462,47448
2013/12/30 00:00:00.0,4326,4348,4320,4342,22332,42218
2013/12/31 00:00:00.0,4330,4332,4302,4312,24220,44162
2014/01/02 00:00:00.0,4310,4322,4294,4302,24404,45482
2014/01/03 00:00:00.0,4296,4304,4268,4292,25152,45662
2014/01/06 00:00:00.0,4282,4318,4278,4298,17490,45934
2014/01/07 00:00:00.0,4290,4302,4264,4264,25656,49250
2014/01/08 00:00:00.0,4260,4290,4222,4288,38568,46616
2014/01/09 00:00:00.0,4292,4326,4280,4296,24794,44092
2014/01/10 00:00:00.0,4296,4320,4274,4298,11184,43332
2014/01/13 00:00:00.0,4304,4330,4296,4320,12766,42070
2014/01/14 00:00:00.0,4324,4356,4318,4352,21946,42446
2014/01/15 00:00:00.0,4334,4382,4334,4378,24686,45478
2014/01/16 00:00:00.0,4388,4494,4368,4374,17796,42026
2014/01/17 00:00:00.0,4382,4390,4356,4366,15492,41174
2014/01/20 00:00:00.0,4366,4386,4346,4368,16408,37306
2014/01/21 00:00:00.0,4370,4376,4352,4360,9484,36758
2014/01/22 00:00:00.0,4378,4384,4356,4362,7412,35172
2014/01/23 00:00:00.0,4370,4372,4364,4370,4306,34914
2014/01/24 00:00:00.0,4372,4382,4366,4372,8486,31078
2014/01/27 00:00:00.0,4366,4392,4364,4382,8836,28508
2014/01/28 00:00:00.0,4380,4394,4376,4382,7726,25298
2014/01/29 00:00:00.0,4378,4380,4340,4374,8556,23352
2014/01/30 00:00:00.0,4372,4432,4358,4392,7588,22704
2014/02/07 00:00:00.0,4394,4424,4394,4424,9496,20468
2014/02/10 00:00:00.0,4424,4440,4398,4432,11986,19670
2014/02/11 00:00:00.0,4422,4436,4418,4430,5710,19088
2014/02/12 00:00:00.0,4426,4428,4358,4364,10930,16016
2014/02/13 00:00:00.0,4376,4390,4320,4346,3198,16308
2014/02/14 00:00:00.0,4296,4418,4282,4288,8424,17952
2014/02/17 00:00:00.0,4376,4392,4334,4354,13682,18466
2014/02/18 00:00:00.0,4388,4396,4374,4388,7944,13134
2014/02/19 00:00:00.0,4396,4406,4370,4376,7584,12942
2014/02/20 00:00:00.0,4374,4382,4320,4358,18720,14846
2014/02/21 00:00:00.0,4356,4360,4328,4352,9624,15608
2014/02/24 00:00:00.0,4348,4358,4324,4328,6792,15780
2014/02/25 00:00:00.0,4334,4346,4326,4330,6120,15548
2014/02/26 00:00:00.0,4332,4334,4222,4260,31590,22378
2014/02/27 00:00:00.0,4258,4284,4246,4264,12680,21422
2014/02/28 00:00:00.0,4264,4270,4248,4262,7354,19936
2014/03/03 00:00:00.0,4274,4276,4244,4252,6462,20190
2014/03/04 00:00:00.0,4252,4264,4238,4238,11234,21786
2014/03/05 00:00:00.0,4246,4282,4244,4260,6542,20934
2014/03/06 00:00:00.0,4256,4258,4220,4250,11640,21742
2014/03/07 00:00:00.0,4256,4264,4228,4236,13184,24890
2014/03/10 00:00:00.0,4224,4230,4148,4184,33154,30556
2014/03/11 00:00:00.0,4180,4228,4172,4210,16542,29114
2014/03/12 00:00:00.0,4200,4202,4154,4184,12462,29608
2014/03/13 00:00:00.0,4186,4192,4172,4184,11202,32450
2014/03/14 00:00:00.0,4178,4186,4154,4182,10010,31576
2014/03/17 00:00:00.0,4184,4198,4170,4182,10010,31636
2014/03/18 00:00:00.0,4190,4200,4186,4196,7720,29958
2014/03/19 00:00:00.0,4198,4232,4196,4216,19360,31438
2014/03/20 00:00:00.0,4228,4238,4218,4220,11134,30526
2014/03/21 00:00:00.0,4218,4228,4198,4222,11526,29810
2014/03/24 00:00:00.0,4220,4238,4220,4230,9516,29374
2014/03/25 00:00:00.0,4230,4256,4222,4240,13692,26484
2014/03/26 00:00:00.0,4238,4250,4216,4222,12984,26318
2014/03/27 00:00:00.0,4224,4224,4210,4216,8942,25290
2014/03/28 00:00:00.0,4214,4220,4052,4174,31654,28460
2014/03/31 00:00:00.0,4290,4290,4172,4174,14026,26280
2014/04/01 00:00:00.0,4170,4188,4164,4182,5332,27222
2014/04/02 00:00:00.0,4178,4184,4146,4150,12436,29822
2014/04/03 00:00:00.0,4146,4152,4098,4122,16014,34862
2014/04/04 00:00:00.0,4122,4140,4120,4136,8812,31510
2014/04/08 00:00:00.0,4136,4188,4132,4158,16754,29932
2014/04/09 00:00:00.0,4162,4174,4158,4164,7140,30744
2014/04/10 00:00:00.0,4164,4166,4148,4158,8186,32588
2014/04/11 00:00:00.0,4154,4170,4150,4168,5030,32476
2014/04/14 00:00:00.0,4170,4236,4170,4218,21388,30530
2014/04/15 00:00:00.0,4236,4238,4214,4220,4172,29586
2014/04/16 00:00:00.0,4218,4234,4196,4202,17558,30720
2014/04/17 00:00:00.0,4204,4206,4180,4188,10174,29684
2014/04/18 00:00:00.0,4188,4194,4172,4186,10504,27608
2014/04/21 00:00:00.0,4192,4206,4146,4174,10700,27450
2014/04/22 00:00:00.0,4170,4178,4152,4178,10740,26508
2014/04/23 00:00:00.0,4178,4178,4160,4176,6368,26640
2014/04/24 00:00:00.0,4174,4216,4170,4214,14190,25928
2014/04/25 00:00:00.0,4208,4218,4194,4202,6836,26252
2014/04/28 00:00:00.0,4194,4218,4190,4214,10672,26428
2014/04/29 00:00:00.0,4212,4218,4200,4214,9540,26266
2014/04/30 00:00:00.0,4214,4240,4206,4236,11794,23680
2014/05/05 00:00:00.0,4236,4238,4216,4236,7934,22188
2014/05/06 00:00:00.0,4236,4246,4232,4236,5540,24092
2014/05/07 00:00:00.0,4230,4240,4198,4202,4836,24236
2014/05/08 00:00:00.0,4202,4230,4196,4222,4828,25416
2014/05/09 00:00:00.0,4214,4228,4212,4224,2202,25470
2014/05/12 00:00:00.0,4214,4230,4214,4224,1944,25384
2014/05/13 00:00:00.0,4226,4242,4224,4232,2188,25362
2014/05/14 00:00:00.0,4220,4232,4220,4230,1428,25390
2014/05/15 00:00:00.0,4222,4232,4220,4222,1542,25120
2014/05/16 00:00:00.0,4222,4232,4214,4228,3156,25204
2014/05/19 00:00:00.0,4220,4230,4208,4220,4078,25626
2014/05/20 00:00:00.0,4210,4226,4208,4224,2772,25978
2014/05/21 00:00:00.0,4214,4234,4210,4224,7810,25734
2014/05/22 00:00:00.0,4222,4246,4218,4234,4634,26162
2014/05/23 00:00:00.0,4242,4244,4224,4226,2536,26298
2014/05/26 00:00:00.0,4238,4238,4220,4226,2294,26760
2014/05/27 00:00:00.0,4230,4234,4182,4186,7746,27466
2014/05/28 00:00:00.0,4184,4186,4148,4152,6540,27874
2014/05/29 00:00:00.0,4168,4170,4142,4160,6194,30124
2014/05/30 00:00:00.0,4164,4182,4154,4174,5784,30770
2014/06/03 00:00:00.0,4180,4184,4136,4164,5900,32956
2014/06/04 00:00:00.0,4166,4178,4166,4174,2568,33848
2014/06/05 00:00:00.0,4178,4180,4166,4170,2208,34422
2014/06/06 00:00:00.0,4178,4178,4168,4172,1978,34518
2014/06/09 00:00:00.0,4176,4180,4170,4176,3708,35202
2014/06/10 00:00:00.0,4180,4186,4176,4182,4204,35592
2014/06/11 00:00:00.0,4184,4190,4162,4178,5184,35870
2014/06/12 00:00:00.0,4184,4190,4180,4188,1480,35814
2014/06/13 00:00:00.0,4188,4232,4188,4222,5960,35230
2014/06/16 00:00:00.0,4218,4222,4178,4182,2332,35058
2014/06/17 00:00:00.0,4254,4262,4250,4256,1244,27256
2014/06/18 00:00:00.0,4256,4258,4254,4254,1092,27016
2014/06/19 00:00:00.0,4252,4254,4238,4240,1934,27076
2014/06/20 00:00:00.0,4240,4246,4236,4240,1476,26868
2014/06/23 00:00:00.0,4244,4274,4244,4256,2068,26786
2014/06/24 00:00:00.0,4258,4266,4234,4248,2198,27460
2014/06/25 00:00:00.0,4244,4254,4242,4248,518,27498
2014/06/26 00:00:00.0,4250,4254,4240,4242,1056,27322
2014/06/27 00:00:00.0,4240,4252,4238,4248,678,27138
2014/06/30 00:00:00.0,4254,4262,4250,4258,1406,27106
2014/07/01 00:00:00.0,4254,4258,4222,4246,2072,26746
2014/07/02 00:00:00.0,4244,4266,4238,4264,3658,26668
2014/07/03 00:00:00.0,4270,4282,4262,4280,6026,26494
2014/07/04 00:00:00.0,4286,4306,4278,4288,5864,28090
2014/07/07 00:00:00.0,4294,4294,4270,4274,3064,28042
2014/07/08 00:00:00.0,4272,4280,4254,4258,3032,28930
2014/07/09 00:00:00.0,4268,4268,4252,4254,2030,29658
2014/07/10 00:00:00.0,4260,4268,4254,4260,1696,29938
2014/07/11 00:00:00.0,4270,4270,4260,4264,1214,29674
2014/07/14 00:00:00.0,4266,4266,4256,4262,1870,29062
2014/07/15 00:00:00.0,4266,4278,4266,4276,1596,28830
2014/07/16 00:00:00.0,4272,4280,4268,4268,1772,28510
2014/07/17 00:00:00.0,4272,4274,4266,4272,1324,28102
2014/07/18 00:00:00.0,4274,4274,4268,4272,802,27812
2014/07/21 00:00:00.0,4274,4278,4252,4260,3842,29116
2014/07/22 00:00:00.0,4264,4264,4246,4252,3514,28938
2014/07/23 00:00:00.0,4254,4254,4242,4244,5358,29332
2014/07/24 00:00:00.0,4246,4252,4232,4248,5798,29664
2014/07/25 00:00:00.0,4250,4258,4240,4256,3964,28114
2014/07/28 00:00:00.0,4256,4272,4250,4272,3596,26772
2014/07/29 00:00:00.0,4276,4286,4268,4270,1900,26816
2014/07/30 00:00:00.0,4270,4270,4252,4254,3128,26276
2014/07/31 00:00:00.0,4254,4264,4244,4252,7374,26086
2014/08/01 00:00:00.0,4234,4258,4234,4256,2862,25960
2014/08/04 00:00:00.0,4260,4274,4248,4270,2458,25816
2014/08/05 00:00:00.0,4270,4288,4260,4286,4072,25286
2014/08/06 00:00:00.0,4290,4290,4252,4262,2862,25438
2014/08/07 00:00:00.0,4266,4268,4250,4258,3384,26462
2014/08/08 00:00:00.0,4258,4266,4256,4262,2096,25434
2014/08/11 00:00:00.0,4254,4268,4252,4254,1452,25184
2014/08/12 00:00:00.0,4252,4252,4206,4230,2040,25118
2014/08/13 00:00:00.0,4222,4226,4196,4218,2472,25248
2014/08/14 00:00:00.0,4204,4218,4196,4214,974,25162
2014/08/15 00:00:00.0,4200,4216,4180,4194,2044,25584
2014/08/18 00:00:00.0,4190,4202,4188,4202,1746,24980
2014/08/19 00:00:00.0,4188,4228,4176,4204,1970,24982
2014/08/20 00:00:00.0,4210,4224,4204,4222,662,24700
2014/08/21 00:00:00.0,4228,4244,4228,4240,1564,24750
2014/08/22 00:00:00.0,4246,4246,4232,4234,1516,24742
2014/08/25 00:00:00.0,4246,4258,4234,4250,1778,24470
2014/08/26 00:00:00.0,4256,4276,4252,4268,5406,23274
2014/08/27 00:00:00.0,4272,4276,4264,4274,2968,22070
2014/08/28 00:00:00.0,4274,4288,4272,4286,6708,21326
2014/08/29 00:00:00.0,4286,4286,4256,4270,1940,21268
2014/09/01 00:00:00.0,4272,4278,4266,4276,794,20748
2014/09/02 00:00:00.0,4272,4288,4268,4286,1822,19258
2014/09/03 00:00:00.0,4280,4308,4280,4282,1986,17794
2014/09/04 00:00:00.0,4282,4294,4282,4294,1138,16988
2014/09/05 00:00:00.0,4290,4336,4282,4336,1586,15734
2014/09/09 00:00:00.0,4334,4334,4290,4312,4950,15318
2014/09/10 00:00:00.0,4300,4336,4300,4336,924,14532
2014/09/11 00:00:00.0,4320,4484,4314,4484,620,14030
2014/09/12 00:00:00.0,4454,4554,4332,4554,278,13960
2014/09/15 00:00:00.0,4526,4538,4526,4538,814,13210
2014/09/16 00:00:00.0,4268,4268,4192,4192,86,484
2014/09/17 00:00:00.0,4192,4202,4192,4200,24,488
2014/09/18 00:00:00.0,4198,4198,4168,4178,72,520
2014/09/19 00:00:00.0,4174,4174,4062,4100,98,500
2014/09/22 00:00:00.0,4118,4226,4036,4066,218,498
2014/09/23 00:00:00.0,4072,4074,4044,4074,18,494
2014/09/24 00:00:00.0,4050,4050,4050,4050,6,492
2014/09/25 00:00:00.0,4012,4068,4010,4062,46,508
2014/09/26 00:00:00.0,4060,4088,4048,4048,24,512
2014/09/29 00:00:00.0,4192,4192,4058,4142,62,518
2014/09/30 00:00:00.0,4080,4154,4080,4118,12,522
2014/10/08 00:00:00.0,4296,4300,4050,4136,34,522
2014/10/09 00:00:00.0,4108,4180,4086,4098,96,518
2014/10/10 00:00:00.0,4122,4140,4090,4090,46,526
2014/10/13 00:00:00.0,4088,4126,4088,4102,144,550
2014/10/14 00:00:00.0,4140,4140,4088,4114,166,544
2014/10/15 00:00:00.0,4104,4104,4074,4074,72,562
2014/10/16 00:00:00.0,4080,4080,4072,4072,14,572
2014/10/17 00:00:00.0,4072,4096,4068,4082,178,558
2014/10/20 00:00:00.0,4070,4076,4068,4076,18,568
2014/10/21 00:00:00.0,4102,4102,4078,4084,208,568
2014/10/22 00:00:00.0,4124,4124,4082,4092,140,572
2014/10/23 00:00:00.0,4092,4102,4092,4102,8,568
2014/10/24 00:00:00.0,4096,4108,4094,4102,22,570
2014/10/27 00:00:00.0,4096,4096,4082,4082,18,564
2014/10/28 00:00:00.0,4064,4064,4036,4058,12,564
2014/10/29 00:00:00.0,4072,4078,4050,4070,78,514
2014/10/30 00:00:00.0,4106,4108,4056,4070,24,500
2014/10/31 00:00:00.0,4052,4090,4052,4068,16,494
2014/11/03 00:00:00.0,4094,4100,4066,4068,152,490
2014/11/04 00:00:00.0,4052,4076,4052,4068,56,458
2014/11/05 00:00:00.0,4076,4076,4034,4034,56,430
2014/11/06 00:00:00.0,4040,4040,4038,4038,26,430
2014/11/07 00:00:00.0,4026,4036,4020,4024,40,412
2014/11/10 00:00:00.0,4006,4022,4000,4012,52,392
2014/11/11 00:00:00.0,3998,4004,3996,3996,20,376
2014/11/12 00:00:00.0,4004,4034,4004,4022,376,352
2014/11/13 00:00:00.0,4018,4028,3986,3986,88,324
2014/11/14 00:00:00.0,3896,4012,3896,3920,128,330
2014/11/17 00:00:00.0,3918,3990,3808,3808,356,336
2014/11/18 00:00:00.0,3804,3804,3706,3716,156,358
2014/11/19 00:00:00.0,3678,3822,3676,3740,196,340
2014/11/20 00:00:00.0,3690,3724,3690,3722,22,338
2014/11/21 00:00:00.0,3692,3736,3690,3718,12,334
2014/11/24 00:00:00.0,3682,3766,3682,3744,38,322
2014/11/25 00:00:00.0,3726,3762,3722,3730,14,324
2014/11/26 00:00:00.0,3686,3686,3672,3676,40,322
2014/11/27 00:00:00.0,3684,3686,3650,3650,28,314
2014/11/28 00:00:00.0,3572,3668,3556,3556,92,332
2014/12/01 00:00:00.0,3672,3672,3552,3668,46,330
2014/12/03 00:00:00.0,3664,3766,3590,3714,54,332
2014/12/04 00:00:00.0,3702,3702,3636,3644,26,334
2014/12/05 00:00:00.0,3596,3728,3532,3544,52,320
2014/12/08 00:00:00.0,3428,3454,3380,3382,138,284
2014/12/09 00:00:00.0,3400,3430,3378,3378,50,288
2014/12/10 00:00:00.0,3364,3482,3362,3482,150,166
2014/12/11 00:00:00.0,3482,3498,3462,3464,20,164
2014/12/12 00:00:00.0,3486,3504,3464,3504,12,166
2014/12/16 00:00:00.0,3466,3480,3466,3466,22,144
2014/12/17 00:00:00.0,3478,3478,3452,3460,26,156
2014/12/18 00:00:00.0,3486,3486,3440,3486,28,160
2014/12/24 00:00:00.0,3488,3504,3418,3474,20,160
2014/12/25 00:00:00.0,3510,3510,3436,3468,20,158
2014/12/26 00:00:00.0,3466,3492,3464,3492,8,158
2014/12/29 00:00:00.0,3464,3520,3460,3506,30,170
2014/12/30 00:00:00.0,3572,3572,3440,3524,130,170
2014/12/31 00:00:00.0,3526,3526,3504,3512,42,172
2015/01/05 00:00:00.0,3508,3508,3498,3498,34,172
2015/01/06 00:00:00.0,3494,3620,3450,3480,318,368
2015/01/07 00:00:00.0,3480,3502,3444,3460,122,456
2015/01/08 00:00:00.0,3490,3540,3386,3416,306,634
2015/01/09 00:00:00.0,3402,3402,3268,3270,478,658
2015/01/12 00:00:00.0,3250,3266,3088,3104,1670,1262
2015/01/13 00:00:00.0,3024,3106,2968,2968,2132,1682
2015/01/14 00:00:00.0,2972,3036,2838,2934,8450,2542
2015/01/15 00:00:00.0,2940,3024,2854,2964,10706,2978
2015/01/16 00:00:00.0,2992,3044,2942,2966,6784,3060
2015/01/19 00:00:00.0,2966,2992,2888,2894,7336,4238
2015/01/20 00:00:00.0,2896,2914,2874,2892,5308,4410
2015/01/21 00:00:00.0,2908,2910,2838,2854,7658,4828
2015/01/22 00:00:00.0,2856,2904,2854,2884,6790,5048
2015/01/23 00:00:00.0,2894,2900,2860,2866,4452,5470
2015/01/26 00:00:00.0,2866,2866,2746,2750,8410,6442
2015/01/27 00:00:00.0,2770,2800,2756,2772,7594,6402
2015/01/28 00:00:00.0,2772,2826,2770,2790,5752,5990
2015/01/29 00:00:00.0,2790,2798,2770,2782,3802,6444
2015/01/30 00:00:00.0,2798,2798,2746,2748,4694,6786
2015/02/02 00:00:00.0,2760,2792,2712,2774,9610,7308
2015/02/03 00:00:00.0,2786,2846,2770,2838,11418,7892
2015/02/04 00:00:00.0,2862,2864,2794,2816,14978,9078
2015/02/05 00:00:00.0,2824,2824,2776,2782,9476,9984
2015/02/06 00:00:00.0,2800,2832,2792,2826,10326,9786
2015/02/09 00:00:00.0,2822,2836,2808,2824,6876,9884
2015/02/10 00:00:00.0,2826,2838,2812,2824,4692,9766
2015/02/11 00:00:00.0,2824,2842,2818,2830,5090,9812
2015/02/12 00:00:00.0,2826,2858,2820,2854,5408,9006
2015/02/13 00:00:00.0,2858,2970,2856,2968,15056,9768
2015/02/16 00:00:00.0,2962,3028,2956,2968,13426,9354
2015/02/17 00:00:00.0,2966,2992,2918,2974,9374,8626
2015/02/25 00:00:00.0,2934,2940,2786,2930,5952,7740
2015/02/26 00:00:00.0,2906,3034,2906,3026,15380,9558
2015/02/27 00:00:00.0,3022,3088,3010,3078,26490,11528
2015/03/02 00:00:00.0,3100,3194,3084,3160,35488,16864
2015/03/03 00:00:00.0,3150,3290,3146,3202,73944,18264
2015/03/04 00:00:00.0,3212,3212,3140,3170,43574,18540
2015/03/05 00:00:00.0,3184,3190,3024,3052,65994,18846
2015/03/06 00:00:00.0,3056,3132,2998,3006,63450,19620
2015/03/09 00:00:00.0,3004,3058,2938,3026,95130,20118
2015/03/10 00:00:00.0,3004,3052,2968,2986,50268,19356
2015/03/11 00:00:00.0,2970,2990,2936,2962,34868,20394
2015/03/12 00:00:00.0,2964,3032,2964,3026,40072,20708
2015/03/13 00:00:00.0,3032,3068,3016,3052,46976,21532
2015/03/16 00:00:00.0,3034,3038,2950,2996,43948,19350
2015/03/17 00:00:00.0,2992,3022,2976,2992,31506,18978
2015/03/18 00:00:00.0,2982,3012,2956,2974,26266,19422
2015/03/19 00:00:00.0,2962,3046,2952,2998,34282,19250
2015/03/20 00:00:00.0,2984,3018,2984,2996,21808,18864
2015/03/23 00:00:00.0,3008,3114,3008,3098,52624,23688
2015/03/24 00:00:00.0,3118,3168,3072,3124,66204,23890
2015/03/25 00:00:00.0,3142,3164,3076,3094,37084,24244
2015/03/26 00:00:00.0,3114,3190,3106,3166,80980,27110
2015/03/27 00:00:00.0,3142,3180,3086,3126,65686,25204
2015/03/30 00:00:00.0,3134,3150,3072,3082,46238,23592
2015/03/31 00:00:00.0,3094,3136,3078,3088,41130,22766
2015/04/01 00:00:00.0,3084,3114,3072,3108,32300,21886
2015/04/02 00:00:00.0,3098,3242,3098,3242,103318,31010
2015/04/03 00:00:00.0,3238,3358,3206,3280,209808,32020
2015/04/07 00:00:00.0,3324,3398,3324,3368,59570,33100
2015/04/08 00:00:00.0,3362,3392,3260,3330,145542,30250
2015/04/09 00:00:00.0,3334,3340,3240,3298,115854,32574
2015/04/10 00:00:00.0,3302,3436,3296,3370,255874,44050
2015/04/13 00:00:00.0,3370,3458,3354,3386,196500,44080
2015/04/14 00:00:00.0,3408,3438,3330,3364,135586,43712
2015/04/15 00:00:00.0,3366,3424,3352,3374,159910,44732
2015/04/16 00:00:00.0,3378,3474,3368,3450,239992,53964
2015/04/17 00:00:00.0,3440,3468,3386,3406,177730,50032
2015/04/20 00:00:00.0,3404,3422,3296,3312,172770,52506
2015/04/21 00:00:00.0,3290,3306,3202,3222,227918,51504
2015/04/22 00:00:00.0,3228,3302,3228,3258,176742,51024
2015/04/23 00:00:00.0,3272,3300,3180,3214,188242,58894
2015/04/24 00:00:00.0,3236,3284,3206,3260,183216,59006
2015/04/27 00:00:00.0,3266,3342,3250,3310,212064,59500
2015/04/28 00:00:00.0,3320,3370,3300,3306,183576,60850
2015/04/29 00:00:00.0,3328,3332,3230,3248,141168,56810
2015/04/30 00:00:00.0,3250,3280,3232,3252,124522,58476
2015/05/04 00:00:00.0,3272,3294,3222,3268,67982,57838
2015/05/05 00:00:00.0,3282,3340,3274,3336,170948,63062
2015/05/06 00:00:00.0,3372,3386,3328,3348,152552,60788
2015/05/07 00:00:00.0,3366,3370,3256,3278,125600,59026
2015/05/08 00:00:00.0,3276,3276,3168,3196,137872,61986
2015/05/11 00:00:00.0,3208,3308,3208,3254,123384,65294
2015/05/12 00:00:00.0,3248,3258,3198,3210,71202,63648
2015/05/13 00:00:00.0,3230,3266,3220,3244,69232,64850
2015/05/14 00:00:00.0,3256,3256,3198,3222,62960,63958
2015/05/15 00:00:00.0,3226,3232,3200,3216,50726,65916
2015/05/18 00:00:00.0,3202,3222,3146,3152,52342,68310
2015/05/19 00:00:00.0,3142,3164,3056,3090,91186,69858
2015/05/20 00:00:00.0,3086,3086,2992,3014,81818,66888
2015/05/21 00:00:00.0,3014,3050,3010,3044,43334,68710
2015/05/22 00:00:00.0,3056,3090,3020,3062,55584,69104
2015/05/25 00:00:00.0,3022,3076,3012,3060,37168,68192
2015/05/26 00:00:00.0,3054,3144,3044,3074,43346,66808
2015/05/27 00:00:00.0,3058,3082,3022,3076,31122,65618
2015/05/28 00:00:00.0,3064,3082,3052,3072,33652,62374
2015/05/29 00:00:00.0,3070,3110,3064,3082,42284,62262
2015/06/01 00:00:00.0,3088,3136,3074,3110,47148,61368
2015/06/02 00:00:00.0,3116,3138,3088,3106,36766,62154
2015/06/03 00:00:00.0,3118,3136,3112,3126,33306,61600
2015/06/04 00:00:00.0,3116,3124,3038,3046,53520,66710
2015/06/05 00:00:00.0,3066,3066,3008,3010,51962,68368
2015/06/08 00:00:00.0,3026,3030,2988,3002,50572,73142
2015/06/09 00:00:00.0,3002,3018,2994,2994,30560,74300
2015/06/10 00:00:00.0,3006,3058,3006,3022,45936,71588
2015/06/11 00:00:00.0,3028,3088,3018,3054,25888,71392
2015/06/12 00:00:00.0,3030,3034,2928,2928,50422,77616
2015/06/15 00:00:00.0,2936,2950,2890,2922,32324,76140
2015/06/16 00:00:00.0,2978,3026,2964,3014,32258,48000
2015/06/17 00:00:00.0,3012,3012,2978,2988,21496,48296
2015/06/18 00:00:00.0,3008,3034,2984,2998,28936,48930
2015/06/19 00:00:00.0,3018,3018,2954,2960,36472,53320
2015/06/23 00:00:00.0,2962,2970,2918,2926,31644,56036
2015/06/24 00:00:00.0,2922,2978,2916,2978,32578,52374
2015/06/25 00:00:00.0,2978,2990,2950,2952,32008,53250
2015/06/26 00:00:00.0,2950,2974,2938,2962,32440,51254
2015/06/29 00:00:00.0,2950,2972,2924,2938,31176,49980
2015/06/30 00:00:00.0,2932,2950,2806,2814,52292,48710
2015/07/01 00:00:00.0,2834,2852,2810,2828,31644,49874
2015/07/02 00:00:00.0,2828,2832,2776,2818,36746,50902
2015/07/03 00:00:00.0,2832,2900,2826,2862,54310,47042
2015/07/06 00:00:00.0,2872,2874,2722,2728,46486,48570
2015/07/07 00:00:00.0,2720,2740,2636,2636,60160,50156
2015/07/08 00:00:00.0,2600,2632,2466,2466,43396,45484
2015/07/09 00:00:00.0,2406,2688,2250,2516,154400,39852
2015/07/10 00:00:00.0,2552,2594,2504,2548,123190,42420
2015/07/13 00:00:00.0,2536,2578,2470,2490,93658,45364
2015/07/14 00:00:00.0,2510,2560,2494,2500,106374,44520
2015/07/15 00:00:00.0,2516,2582,2512,2566,98966,40022
2015/07/16 00:00:00.0,2560,2568,2512,2552,86938,41324
2015/07/17 00:00:00.0,2558,2592,2538,2572,74108,39814
2015/07/20 00:00:00.0,2540,2602,2532,2594,73540,40056
2015/07/21 00:00:00.0,2606,2610,2572,2590,54822,38230
2015/07/22 00:00:00.0,2596,2672,2586,2628,118036,35066
2015/07/23 00:00:00.0,2622,2644,2586,2616,76286,34976
2015/07/24 00:00:00.0,2622,2660,2590,2604,98768,35872
2015/07/27 00:00:00.0,2610,2612,2492,2492,181254,48696
2015/07/28 00:00:00.0,2452,2544,2414,2498,164832,38472
2015/07/29 00:00:00.0,2500,2552,2484,2528,102358,37500
2015/07/30 00:00:00.0,2518,2568,2496,2526,122232,33420
2015/07/31 00:00:00.0,2542,2554,2516,2532,74860,33842
2015/08/03 00:00:00.0,2528,2568,2414,2436,125774,36902
2015/08/04 00:00:00.0,2414,2488,2406,2464,89038,34914
2015/08/05 00:00:00.0,2486,2494,2442,2480,63998,33924
2015/08/06 00:00:00.0,2488,2488,2440,2450,63654,33674
2015/08/07 00:00:00.0,2448,2544,2436,2538,64886,34380
2015/08/10 00:00:00.0,2502,2588,2502,2588,155596,36040
2015/08/11 00:00:00.0,2604,2644,2550,2554,154238,40596
2015/08/12 00:00:00.0,2540,2544,2502,2538,110482,40230
2015/08/13 00:00:00.0,2548,2578,2516,2554,103552,40954
2015/08/14 00:00:00.0,2538,2576,2518,2518,104370,38514
2015/08/17 00:00:00.0,2532,2552,2436,2454,110788,41974
2015/08/18 00:00:00.0,2446,2490,2438,2444,104824,42918
2015/08/19 00:00:00.0,2450,2466,2406,2462,119226,42518
2015/08/20 00:00:00.0,2460,2474,2398,2404,124792,52674
2015/08/21 00:00:00.0,2424,2428,2332,2350,173884,62222
2015/08/24 00:00:00.0,2338,2358,2256,2256,163242,57760
2015/08/25 00:00:00.0,2242,2310,2188,2244,224802,50424
2015/08/26 00:00:00.0,2304,2318,2246,2262,163572,48880
2015/08/27 00:00:00.0,2268,2374,2242,2368,231508,43916
2015/08/28 00:00:00.0,2378,2420,2354,2376,221706,41364
2015/08/31 00:00:00.0,2360,2410,2334,2358,272766,40640
2015/09/01 00:00:00.0,2356,2432,2340,2402,297438,38288
2015/09/02 00:00:00.0,2374,2402,2296,2298,287696,44870
2015/09/07 00:00:00.0,2290,2332,2280,2304,134392,47832
2015/09/08 00:00:00.0,2306,2322,2284,2322,168226,46908
2015/09/09 00:00:00.0,2334,2392,2328,2358,320082,43370
2015/09/10 00:00:00.0,2358,2468,2340,2460,369698,56226
2015/09/11 00:00:00.0,2464,2484,2428,2444,479640,55546
2015/09/14 00:00:00.0,2436,2548,2428,2502,1100400,79350
2015/09/15 00:00:00.0,2500,2554,2388,2418,1494106,103266
2015/09/16 00:00:00.0,2420,2446,2392,2436,1062878,98954
2015/09/17 00:00:00.0,2448,2460,2408,2412,844218,105670
2015/09/18 00:00:00.0,2402,2428,2364,2372,712262,105404
2015/09/21 00:00:00.0,2360,2404,2336,2402,592808,101866
2015/09/22 00:00:00.0,2408,2414,2338,2346,504884,111072
2015/09/23 00:00:00.0,2330,2382,2322,2360,499582,102088
2015/09/24 00:00:00.0,2356,2396,2346,2372,516284,102014
2015/09/25 00:00:00.0,2360,2398,2350,2364,489260,86066
2015/09/28 00:00:00.0,2368,2368,2326,2366,261580,82464
2015/09/29 00:00:00.0,2356,2388,2300,2328,613286,65252
2015/09/30 00:00:00.0,2346,2352,2308,2344,251382,51514
2015/10/08 00:00:00.0,2400,2444,2368,2380,170912,57298
2015/10/09 00:00:00.0,2382,2468,2378,2462,499380,78572
2015/10/12 00:00:00.0,2454,2462,2408,2436,427702,92892
2015/10/13 00:00:00.0,2426,2428,2370,2418,409536,86644
2015/10/14 00:00:00.0,2408,2440,2404,2414,339046,89334
2015/10/15 00:00:00.0,2416,2444,2404,2412,327006,93024
2015/10/16 00:00:00.0,2404,2448,2392,2428,427686,95192
2015/10/19 00:00:00.0,2422,2488,2418,2444,703868,121568
2015/10/20 00:00:00.0,2430,2440,2358,2380,585280,110948
2015/10/21 00:00:00.0,2384,2386,2274,2284,706738,120906
2015/10/22 00:00:00.0,2284,2292,2232,2258,867300,129502
2015/10/23 00:00:00.0,2262,2282,2152,2206,1187654,168036
2015/10/26 00:00:00.0,2200,2238,2164,2214,995272,160554
2015/10/27 00:00:00.0,2210,2238,2170,2226,815898,151480
2015/10/28 00:00:00.0,2212,2234,2204,2216,646462,145778
2015/10/29 00:00:00.0,2220,2266,2216,2238,625720,135748
2015/10/30 00:00:00.0,2242,2270,2176,2180,772742,163508
2015/11/02 00:00:00.0,2190,2212,2160,2188,688498,147088
2015/11/03 00:00:00.0,2184,2218,2152,2164,649186,165688
2015/11/04 00:00:00.0,2170,2254,2164,2226,777358,139806
2015/11/05 00:00:00.0,2232,2250,2194,2244,702392,160628
2015/11/06 00:00:00.0,2250,2300,2222,2290,1060914,169202
2015/11/09 00:00:00.0,2284,2308,2254,2266,967900,144002
2015/11/10 00:00:00.0,2268,2292,2248,2286,580280,142256
2015/11/11 00:00:00.0,2288,2290,2254,2262,513002,130860
2015/11/12 00:00:00.0,2262,2312,2246,2292,625766,131394
2015/11/13 00:00:00.0,2276,2332,2272,2280,803648,130482
2015/11/16 00:00:00.0,2274,2280,2158,2162,856436,141210
2015/11/17 00:00:00.0,2162,2178,2090,2104,881140,124892
2015/11/18 00:00:00.0,2096,2116,2064,2078,451838,122206
2015/11/19 00:00:00.0,2072,2092,2024,2034,380966,113712
2015/11/20 00:00:00.0,2026,2086,2014,2054,381296,100806
2015/11/23 00:00:00.0,2046,2086,1920,1922,504858,124196
2015/11/24 00:00:00.0,1928,1940,1864,1924,629076,110910
2015/11/25 00:00:00.0,1930,1968,1824,1936,1267428,136876
2015/11/26 00:00:00.0,1922,2002,1886,1950,1082316,108636
2015/11/27 00:00:00.0,1950,1970,1870,1892,775590,131930
2015/11/30 00:00:00.0,1888,1920,1858,1884,754052,137382
2015/12/01 00:00:00.0,1888,1908,1868,1898,596206,124004
2015/12/02 00:00:00.0,1886,1938,1880,1906,561460,114756
2015/12/03 00:00:00.0,1900,1910,1836,1842,634016,161276
2015/12/04 00:00:00.0,1848,1870,1814,1860,607370,138764
2015/12/07 00:00:00.0,1872,1918,1824,1838,577568,152660
2015/12/08 00:00:00.0,1830,1844,1758,1760,633360,180590
2015/12/09 00:00:00.0,1746,1782,1738,1754,521630,185350
2015/12/10 00:00:00.0,1746,1772,1690,1710,906898,235376
2015/12/11 00:00:00.0,1706,1720,1670,1702,740702,239908
2015/12/14 00:00:00.0,1690,1752,1686,1726,1101886,204364
2015/12/15 00:00:00.0,1704,1768,1694,1728,871762,200726
2015/12/16 00:00:00.0,1740,1758,1728,1744,615968,188250
2015/12/17 00:00:00.0,1744,1770,1736,1752,604694,191788
2015/12/18 00:00:00.0,1754,1796,1744,1790,611082,190130
2015/12/21 00:00:00.0,1790,1832,1776,1824,905868,175000
2015/12/22 00:00:00.0,1816,1870,1808,1862,829200,194492
2015/12/23 00:00:00.0,1856,1896,1856,1882,886610,200182
2015/12/24 00:00:00.0,1888,1904,1874,1874,670740,188864
2015/12/25 00:00:00.0,1874,1880,1840,1846,639896,209520
2015/12/28 00:00:00.0,1844,1856,1816,1828,478574,202976
2015/12/29 00:00:00.0,1822,1860,1816,1858,533762,215762
2015/12/30 00:00:00.0,1858,1896,1858,1872,678680,212488
2015/12/31 00:00:00.0,1870,1906,1866,1876,591100,210916
2016/01/04 00:00:00.0,1898,1906,1788,1796,736364,226876
2016/01/05 00:00:00.0,1796,1814,1772,1804,830046,242008
2016/01/06 00:00:00.0,1800,1812,1778,1794,664180,256992
2016/01/07 00:00:00.0,1772,1790,1730,1754,886346,282154
2016/01/08 00:00:00.0,1756,1802,1754,1786,962014,262826
2016/01/11 00:00:00.0,1784,1798,1750,1758,625606,256394
2016/01/12 00:00:00.0,1762,1772,1674,1694,1033442,321514
2016/01/13 00:00:00.0,1706,1730,1680,1698,1109698,320324
2016/01/14 00:00:00.0,1702,1718,1684,1712,990384,329120
2016/01/15 00:00:00.0,1710,1736,1702,1706,951922,336342
2016/01/18 00:00:00.0,1680,1728,1656,1708,1523010,372512
2016/01/19 00:00:00.0,1722,1760,1714,1758,1222728,395880
2016/01/20 00:00:00.0,1764,1768,1706,1716,1166896,418744
2016/01/21 00:00:00.0,1716,1730,1692,1706,1418798,416078
2016/01/22 00:00:00.0,1710,1788,1702,1762,1924444,400812
2016/01/25 00:00:00.0,1772,1778,1744,1748,1156884,424150
2016/01/26 00:00:00.0,1738,1760,1734,1748,837642,403904
2016/01/27 00:00:00.0,1758,1776,1748,1766,982598,399732
2016/01/28 00:00:00.0,1762,1790,1756,1760,1212154,406766
2016/01/29 00:00:00.0,1768,1772,1712,1716,1638366,529590
2016/02/01 00:00:00.0,1714,1736,1684,1688,1313122,604826
2016/02/02 00:00:00.0,1682,1712,1678,1700,953864,586592
2016/02/03 00:00:00.0,1698,1706,1668,1686,906654,613130
2016/02/04 00:00:00.0,1688,1718,1670,1700,1186518,541366
2016/02/05 00:00:00.0,1694,1708,1642,1644,935244,566504
2016/02/15 00:00:00.0,1624,1668,1624,1636,558050,589050
2016/02/16 00:00:00.0,1654,1698,1646,1682,1077050,619902
2016/02/17 00:00:00.0,1676,1690,1652,1664,991100,640828
2016/02/18 00:00:00.0,1676,1708,1670,1698,1267186,635592
2016/02/19 00:00:00.0,1700,1724,1694,1720,1245400,610236
2016/02/22 00:00:00.0,1716,1760,1712,1742,1577230,614962
2016/02/23 00:00:00.0,1752,1758,1720,1736,1057898,608110
2016/02/24 00:00:00.0,1740,1744,1680,1692,1302838,651356
2016/02/25 00:00:00.0,1690,1722,1674,1698,1528670,638186
2016/02/26 00:00:00.0,1700,1780,1688,1766,2363126,763754
2016/02/29 00:00:00.0,1770,1788,1748,1758,2577450,761486
2016/03/01 00:00:00.0,1762,1812,1738,1804,2611042,757758
2016/03/02 00:00:00.0,1810,1868,1794,1846,2837390,862818
2016/03/03 00:00:00.0,1842,1882,1830,1838,2804334,925470
2016/03/04 00:00:00.0,1836,1882,1816,1852,3020070,939454
2016/03/07 00:00:00.0,1856,1956,1848,1956,5512136,1004646
2016/03/08 00:00:00.0,1956,2000,1744,1872,6168754,905368
2016/03/09 00:00:00.0,1890,1892,1794,1840,3795438,867668
2016/03/10 00:00:00.0,1850,1880,1786,1792,3949502,983394
2016/03/11 00:00:00.0,1798,1836,1790,1814,2351412,997256
2016/03/14 00:00:00.0,1812,1862,1806,1820,2377286,987006
2016/03/15 00:00:00.0,1814,1834,1798,1808,2019092,990198
2016/03/16 00:00:00.0,1800,1848,1796,1842,2124834,940328
2016/03/17 00:00:00.0,1840,1890,1836,1884,1622802,940502
2016/03/18 00:00:00.0,1882,1948,1880,1920,2400594,935534
2016/03/21 00:00:00.0,1932,1954,1892,1918,2318340,958960
2016/03/22 00:00:00.0,1934,1956,1910,1920,1804234,1007752
2016/03/23 00:00:00.0,1916,1952,1878,1882,2061720,1067924
2016/03/24 00:00:00.0,1884,1892,1804,1806,2995616,1035434
2016/03/25 00:00:00.0,1790,1828,1786,1820,1719776,1009544
2016/03/28 00:00:00.0,1824,1850,1792,1794,1368162,1034872
2016/03/29 00:00:00.0,1794,1816,1770,1782,1566908,1070946
2016/03/30 00:00:00.0,1776,1814,1768,1804,1330230,1099094
2016/03/31 00:00:00.0,1814,1838,1766,1784,2000364,1128220
2016/04/01 00:00:00.0,1796,1816,1784,1806,1519998,1082306
2016/04/05 00:00:00.0,1754,1756,1704,1730,1547780,1034286
2016/04/06 00:00:00.0,1730,1756,1726,1746,918290,997630
2016/04/07 00:00:00.0,1746,1782,1742,1760,935990,1022064
2016/04/08 00:00:00.0,1750,1794,1744,1794,1300616,982222
2016/04/11 00:00:00.0,1814,1876,1814,1840,2353728,936604
2016/04/12 00:00:00.0,1852,1876,1836,1868,1735072,966502
2016/04/13 00:00:00.0,1876,1976,1862,1910,3402868,973102
2016/04/14 00:00:00.0,1922,1960,1912,1930,2363158,992446
2016/04/15 00:00:00.0,1944,1960,1914,1926,1959068,972300
2016/04/18 00:00:00.0,1906,1934,1878,1916,2547580,902910
2016/04/19 00:00:00.0,1926,2008,1918,1976,3806624,967424
2016/04/20 00:00:00.0,1982,2050,1958,2024,4717826,1119516
2016/04/21 00:00:00.0,2018,2128,1988,2128,4941474,1169878
2016/04/22 00:00:00.0,2128,2152,1990,2044,5708582,1079534
2016/04/25 00:00:00.0,2056,2160,2016,2058,5413886,1082988
2016/04/26 00:00:00.0,2070,2090,2020,2054,3292212,973826
2016/04/27 00:00:00.0,2072,2126,2026,2082,4385148,1072422
2016/04/28 00:00:00.0,2090,2098,2010,2040,3665254,1114598
2016/04/29 00:00:00.0,2048,2074,2032,2048,2219440,1115394
2016/05/03 00:00:00.0,2016,2028,1958,1982,1591026,1157096
2016/05/04 00:00:00.0,1962,1982,1950,1958,1399632,1162290
2016/05/05 00:00:00.0,1974,1984,1948,1966,1380494,1172510
2016/05/06 00:00:00.0,1992,2002,1902,1916,2024398,1148850
2016/05/09 00:00:00.0,1912,1942,1864,1884,1804868,1111066
2016/05/10 00:00:00.0,1862,1896,1844,1890,1494026,1019606
2016/05/11 00:00:00.0,1894,1946,1890,1934,1729538,1038866
2016/05/12 00:00:00.0,1936,1984,1914,1962,1686686,1061750
2016/05/13 00:00:00.0,1968,1990,1910,1924,2171220,982686
2016/05/16 00:00:00.0,1932,1988,1904,1978,1712392,990554
2016/05/17 00:00:00.0,1986,2022,1980,2000,1757162,1058000
2016/05/18 00:00:00.0,1990,2022,1962,1978,1853352,1010612
2016/05/19 00:00:00.0,1976,2010,1926,1926,1924092,936680
2016/05/20 00:00:00.0,1916,1956,1890,1938,1539218,918744
2016/05/23 00:00:00.0,1934,1948,1814,1856,1843458,822610
2016/05/24 00:00:00.0,1846,1874,1822,1828,1460088,826880
2016/05/25 00:00:00.0,1850,1874,1840,1868,1243774,813344
2016/05/26 00:00:00.0,1870,1894,1858,1882,1312884,823820
2016/05/27 00:00:00.0,1894,1894,1832,1838,1495542,901148
2016/05/30 00:00:00.0,1830,1868,1824,1856,1090696,886360
2016/05/31 00:00:00.0,1860,1890,1852,1860,1122970,864708
2016/06/01 00:00:00.0,1864,1874,1814,1830,1386262,948102
2016/06/02 00:00:00.0,1832,1868,1822,1856,874814,899532
2016/06/03 00:00:00.0,1850,1884,1842,1878,799120,878636
2016/06/06 00:00:00.0,1882,1918,1860,1918,1000632,835668
2016/06/07 00:00:00.0,1926,1932,1898,1926,927534,830638
2016/06/08 00:00:00.0,1932,1936,1906,1916,686750,809574
2016/06/13 00:00:00.0,1884,1936,1876,1926,583810,818970
2016/06/14 00:00:00.0,1920,1970,1918,1944,1122932,824728
2016/06/15 00:00:00.0,1942,1962,1908,1934,931462,819178
2016/06/16 00:00:00.0,1946,1952,1928,1934,795064,781760
2016/06/17 00:00:00.0,1928,1938,1896,1938,961974,790812
2016/06/20 00:00:00.0,1944,2004,1936,2002,1217138,841400
2016/06/21 00:00:00.0,2010,2020,1978,1986,930758,802554
2016/06/22 00:00:00.0,1976,2038,1966,2038,1079764,892180
2016/06/23 00:00:00.0,2034,2052,2020,2030,1100788,901788
2016/06/24 00:00:00.0,2042,2058,1980,1984,1543628,814120
2016/06/27 00:00:00.0,1988,2044,1982,2044,1022718,852124
2016/06/28 00:00:00.0,2022,2050,1996,2036,1248082,910204
2016/06/29 00:00:00.0,2050,2086,2038,2074,1858404,957734
2016/06/30 00:00:00.0,2080,2138,2066,2106,1664668,935582
2016/07/01 00:00:00.0,2090,2114,2062,2066,1236766,893084
2016/07/04 00:00:00.0,2070,2184,2064,2166,2162356,965058
2016/07/05 00:00:00.0,2172,2182,2030,2062,2030716,918388
2016/07/06 00:00:00.0,2046,2076,1974,1980,1824686,891502
2016/07/07 00:00:00.0,1968,2016,1964,1982,1099452,856510
2016/07/08 00:00:00.0,1990,2004,1930,1956,1239146,837896
2016/07/11 00:00:00.0,1962,1994,1946,1988,929890,851156
2016/07/12 00:00:00.0,2000,2050,1986,2050,1054890,849130
2016/07/13 00:00:00.0,2062,2092,2026,2046,1306926,851322
2016/07/14 00:00:00.0,2050,2120,2022,2102,1760614,953876
2016/07/15 00:00:00.0,2110,2116,2068,2098,1108798,963564
2016/07/18 00:00:00.0,2110,2110,2006,2010,1212810,924304
2016/07/19 00:00:00.0,1998,2032,1980,2006,843812,922936
2016/07/20 00:00:00.0,2010,2022,1988,2018,790872,914386
2016/07/21 00:00:00.0,2008,2070,1996,2064,1097322,915832
2016/07/22 00:00:00.0,2062,2068,2002,2006,917270,892510
2016/07/25 00:00:00.0,2012,2022,1964,2016,944496,878866
2016/07/26 00:00:00.0,2012,2034,1988,2012,1130644,932806
2016/07/27 00:00:00.0,2002,2048,1986,1994,1442630,908578
2016/07/28 00:00:00.0,2000,2016,1978,1988,1135940,912510
2016/07/29 00:00:00.0,1990,2000,1894,1906,1517400,928794
2016/08/01 00:00:00.0,1908,1946,1902,1940,938622,925332
2016/08/02 00:00:00.0,1930,1938,1900,1930,923088,952014
2016/08/03 00:00:00.0,1942,1964,1920,1932,922856,962786
2016/08/04 00:00:00.0,1940,1958,1922,1932,1111524,990428
2016/08/05 00:00:00.0,1934,1952,1920,1926,931412,1002218
2016/08/08 00:00:00.0,1932,1974,1904,1964,1300322,999746
2016/08/09 00:00:00.0,1972,1978,1940,1964,906886,1008820
2016/08/10 00:00:00.0,1966,1984,1952,1964,912504,1022130
2016/08/11 00:00:00.0,1972,1980,1942,1950,985008,1106236
2016/08/12 00:00:00.0,1952,1994,1948,1994,971568,1056866
2016/08/15 00:00:00.0,1988,2014,1974,2002,1021202,1091314
2016/08/16 00:00:00.0,2004,2016,1986,1988,976196,1144058
2016/08/17 00:00:00.0,1988,2008,1982,1988,880026,1182650
2016/08/18 00:00:00.0,1982,2000,1954,1964,1135042,1199408
2016/08/19 00:00:00.0,1970,1978,1928,1942,1306852,1285036
2016/08/22 00:00:00.0,1938,1952,1882,1884,1255178,1297646
2016/08/23 00:00:00.0,1884,1900,1872,1880,905484,1325818
2016/08/24 00:00:00.0,1882,1906,1876,1886,720644,1320694
2016/08/25 00:00:00.0,1886,1898,1826,1848,1317068,1321704
2016/08/26 00:00:00.0,1850,1880,1844,1864,831462,1273402
2016/08/29 00:00:00.0,1866,1892,1858,1872,868670,1266068
2016/08/30 00:00:00.0,1872,1878,1848,1854,717190,1302276
2016/08/31 00:00:00.0,1856,1866,1822,1850,1038800,1300774
2016/09/01 00:00:00.0,1848,1880,1842,1874,784580,1254078
2016/09/02 00:00:00.0,1870,1886,1858,1868,778878,1245202
2016/09/05 00:00:00.0,1874,1892,1864,1882,831994,1246302
2016/09/06 00:00:00.0,1888,1918,1876,1912,832244,1214632
2016/09/07 00:00:00.0,1902,1916,1896,1906,704692,1199466
2016/09/08 00:00:00.0,1906,1926,1882,1906,881222,1197298
2016/09/09 00:00:00.0,1904,1916,1898,1902,604718,1192272
2016/09/12 00:00:00.0,1900,1902,1820,1830,1348842,1263076
2016/09/13 00:00:00.0,1828,1844,1816,1830,779352,1271256
2016/09/14 00:00:00.0,1818,1842,1814,1824,730992,1276580
2016/09/19 00:00:00.0,1820,1854,1820,1848,428656,1246676
2016/09/20 00:00:00.0,1850,1864,1842,1850,619870,1253174
2016/09/21 00:00:00.0,1848,1868,1836,1840,770842,1268044
2016/09/22 00:00:00.0,1836,1872,1828,1832,1106562,1334366
2016/09/23 00:00:00.0,1838,1848,1806,1840,1116808,1375174
2016/09/26 00:00:00.0,1842,1852,1822,1832,734422,1362582
2016/09/27 00:00:00.0,1834,1842,1806,1818,892954,1428012
2016/09/28 00:00:00.0,1812,1812,1714,1730,2239442,1396040
2016/09/29 00:00:00.0,1732,1770,1716,1750,1451786,1302376
2016/09/30 00:00:00.0,1754,1768,1736,1750,703052,1225220
2016/10/10 00:00:00.0,1770,1774,1742,1748,566070,1244376
2016/10/11 00:00:00.0,1758,1816,1758,1792,1430714,1253114
2016/10/12 00:00:00.0,1786,1794,1748,1758,878254,1343736
2016/10/13 00:00:00.0,1764,1768,1738,1752,988342,1326284
2016/10/14 00:00:00.0,1754,1764,1726,1744,1116556,1408282
2016/10/17 00:00:00.0,1748,1812,1744,1804,1586336,1302550
2016/10/18 00:00:00.0,1808,1814,1780,1800,870080,1282046
2016/10/19 00:00:00.0,1798,1820,1788,1806,1311988,1250088
2016/10/20 00:00:00.0,1810,1886,1808,1870,2217052,1177090
2016/10/21 00:00:00.0,1866,1870,1838,1864,1019150,1156198
2016/10/24 00:00:00.0,1866,1882,1852,1874,889940,1159544
2016/10/25 00:00:00.0,1872,1896,1836,1846,1649860,1197630
2016/10/26 00:00:00.0,1848,1856,1780,1810,1965606,1223152
2016/10/27 00:00:00.0,1810,1840,1802,1828,1225056,1167570
2016/10/28 00:00:00.0,1826,1876,1826,1874,1408066,1112892
2016/10/31 00:00:00.0,1876,1884,1836,1878,1542516,1112034
2016/11/01 00:00:00.0,1876,1926,1846,1910,1640060,1119022
2016/11/02 00:00:00.0,1914,1974,1894,1904,2130284,1125180
2016/11/03 00:00:00.0,1904,1912,1880,1898,1075790,1123194
2016/11/04 00:00:00.0,1904,1916,1838,1842,1617306,1118374
2016/11/07 00:00:00.0,1836,1892,1834,1868,1239088,1124488
2016/11/08 00:00:00.0,1868,1932,1864,1914,1655946,1119876
2016/11/09 00:00:00.0,1910,1962,1902,1940,2035538,1124278
2016/11/10 00:00:00.0,1960,2066,1958,2052,2750170,1179188
2016/11/11 00:00:00.0,2048,2134,2026,2116,2553394,1260118
2016/11/14 00:00:00.0,2112,2164,1974,1976,2580726,1091472
2016/11/15 00:00:00.0,1980,2026,1956,2018,1455574,1122704
2016/11/16 00:00:00.0,2032,2094,2030,2092,1528816,1164604
2016/11/17 00:00:00.0,2084,2116,2052,2102,1285694,1127508
2016/11/18 00:00:00.0,2120,2124,2076,2098,1129574,1114800
2016/11/21 00:00:00.0,2108,2190,2084,2180,1498888,1102704
2016/11/22 00:00:00.0,2190,2274,2178,2264,1679900,1096176
2016/11/23 00:00:00.0,2240,2342,2202,2298,1890936,1109274
2016/11/24 00:00:00.0,2286,2316,2240,2260,1655812,1098656
2016/11/25 00:00:00.0,2268,2312,2202,2238,1551090,1074554
2016/11/28 00:00:00.0,2244,2314,2212,2300,1581102,1135590
2016/11/29 00:00:00.0,2308,2336,2246,2266,1477808,1075190
2016/11/30 00:00:00.0,2238,2266,2148,2198,1754800,953382
2016/12/01 00:00:00.0,2248,2352,2248,2316,2171612,936772
2016/12/02 00:00:00.0,2326,2344,2266,2310,1295362,896210
2016/12/05 00:00:00.0,2300,2410,2292,2392,1436208,914572
2016/12/06 00:00:00.0,2404,2428,2366,2388,1100026,925154
2016/12/07 00:00:00.0,2386,2460,2374,2424,1354278,912954
2016/12/08 00:00:00.0,2422,2448,2356,2374,932200,868396
2016/12/09 00:00:00.0,2384,2490,2374,2450,1668698,904674
2016/12/12 00:00:00.0,2454,2560,2436,2530,1198956,892366
2016/12/13 00:00:00.0,2528,2542,2478,2524,828918,897466
2016/12/14 00:00:00.0,2538,2552,2476,2508,929828,915718
2016/12/15 00:00:00.0,2502,2506,2456,2500,932846,924448
2016/12/16 00:00:00.0,2496,2546,2474,2480,971158,880376
2016/12/19 00:00:00.0,2486,2612,2480,2572,1412878,826448
2016/12/20 00:00:00.0,2576,2628,2532,2584,2018070,801970
2016/12/21 00:00:00.0,2596,2624,2562,2590,1387134,816722
2016/12/22 00:00:00.0,2588,2590,2510,2510,1289246,807180
2016/12/23 00:00:00.0,2502,2536,2458,2500,1353862,755534
2016/12/26 00:00:00.0,2490,2514,2418,2468,1332104,718312
2016/12/27 00:00:00.0,2470,2638,2448,2638,1565724,775456
2016/12/28 00:00:00.0,2644,2698,2632,2698,1135260,818174
2016/12/29 00:00:00.0,2718,2776,2672,2752,1975298,832474
2016/12/30 00:00:00.0,2752,2756,2696,2738,1314450,787326
2017/01/03 00:00:00.0,2744,2836,2642,2650,1190982,716172
2017/01/04 00:00:00.0,2674,2690,2622,2656,1281070,715970
2017/01/05 00:00:00.0,2654,2690,2634,2648,1120300,746036
2017/01/06 00:00:00.0,2658,2736,2650,2678,1564794,758490
2017/01/09 00:00:00.0,2690,2728,2662,2712,1475352,766368
2017/01/10 00:00:00.0,2694,2698,2618,2668,1464084,781042
2017/01/11 00:00:00.0,2666,2752,2654,2676,1752804,793020
2017/01/12 00:00:00.0,2678,2734,2664,2704,1232442,784698
2017/01/13 00:00:00.0,2720,2770,2712,2746,1347052,822594
2017/01/16 00:00:00.0,2738,2788,2722,2748,1091690,778518
2017/01/17 00:00:00.0,2750,2780,2674,2678,1137272,736636
2017/01/18 00:00:00.0,2702,2718,2666,2684,870456,711920
2017/01/19 00:00:00.0,2662,2664,2628,2656,862490,740854
2017/01/20 00:00:00.0,2656,2692,2576,2578,980812,718718
2017/01/23 00:00:00.0,2590,2634,2586,2598,685538,686050
2017/01/24 00:00:00.0,2592,2660,2582,2644,651552,618598
2017/01/25 00:00:00.0,2642,2658,2604,2652,497232,588124
2017/01/26 00:00:00.0,2644,2704,2634,2704,453330,551632
2017/02/03 00:00:00.0,2716,2744,2678,2730,496370,586922
2017/02/06 00:00:00.0,2730,2756,2712,2752,579358,623980
2017/02/07 00:00:00.0,2748,2750,2696,2726,511478,628156
2017/02/08 00:00:00.0,2714,2770,2692,2766,998192,722454
2017/02/09 00:00:00.0,2768,2780,2728,2744,731950,670608
2017/02/10 00:00:00.0,2746,2830,2738,2816,924110,724364
2017/02/13 00:00:00.0,2836,2976,2826,2944,1325914,832780
2017/02/14 00:00:00.0,2946,2964,2912,2942,653046,821820
2017/02/15 00:00:00.0,2948,2984,2826,2834,1235182,736316
2017/02/16 00:00:00.0,2828,2878,2780,2816,903044,702490
2017/02/17 00:00:00.0,2818,2854,2786,2814,769052,697726
2017/02/20 00:00:00.0,2806,2900,2772,2894,1045444,748566
2017/02/21 00:00:00.0,2898,2912,2830,2852,811852,723182
2017/02/22 00:00:00.0,2870,2922,2860,2910,1413680,790076
2017/02/23 00:00:00.0,2890,2906,2790,2814,1321002,717152
2017/02/24 00:00:00.0,2830,2890,2782,2890,1022548,706940
2017/02/27 00:00:00.0,2884,2960,2880,2940,1076270,736942
2017/02/28 00:00:00.0,2940,2954,2880,2896,819900,702160
2017/03/01 00:00:00.0,2898,2964,2874,2950,1297310,761150
2017/03/02 00:00:00.0,2960,2966,2888,2900,960856,725374
2017/03/03 00:00:00.0,2888,2890,2838,2876,939912,699376
2017/03/06 00:00:00.0,2882,2906,2834,2852,923778,727782
2017/03/07 00:00:00.0,2854,2884,2852,2864,694216,719916
2017/03/08 00:00:00.0,2872,2928,2790,2800,1775396,756382
2017/03/09 00:00:00.0,2804,2810,2670,2692,1500758,719280
2017/03/10 00:00:00.0,2664,2706,2642,2664,1071994,731806
2017/03/13 00:00:00.0,2690,2730,2614,2726,1180538,702480
2017/03/14 00:00:00.0,2718,2724,2632,2642,1009610,747912
2017/03/15 00:00:00.0,2608,2704,2602,2692,1122658,704704
2017/03/16 00:00:00.0,2696,2730,2678,2706,912138,681282
2017/03/17 00:00:00.0,2708,2718,2652,2700,881310,657900
2017/03/20 00:00:00.0,2708,2752,2666,2706,946388,664262
2017/03/21 00:00:00.0,2692,2732,2682,2732,939286,678132
2017/03/22 00:00:00.0,2726,2726,2590,2602,1242912,740408
2017/03/23 00:00:00.0,2594,2640,2564,2592,1086866,725238
2017/03/24 00:00:00.0,2582,2616,2574,2594,746038,717754
2017/03/27 00:00:00.0,2596,2606,2512,2540,979004,739218
2017/03/28 00:00:00.0,2538,2610,2532,2602,941458,720248
2017/03/29 00:00:00.0,2610,2636,2596,2632,662334,679860
2017/03/30 00:00:00.0,2620,2660,2600,2632,800672,696730
2017/03/31 00:00:00.0,2642,2668,2620,2638,714772,637804
2017/04/05 00:00:00.0,2678,2826,2676,2800,970846,666560
2017/04/06 00:00:00.0,2818,2820,2772,2806,765138,653060
2017/04/07 00:00:00.0,2812,2858,2748,2770,1475196,653306
2017/04/10 00:00:00.0,2760,2802,2730,2762,998338,659402
2017/04/11 00:00:00.0,2768,2784,2580,2588,1667068,722090
2017/04/12 00:00:00.0,2596,2620,2558,2584,920812,692308
2017/04/13 00:00:00.0,2584,2610,2556,2588,850058,689174
2017/04/14 00:00:00.0,2592,2608,2464,2492,1481272,737906
2017/04/17 00:00:00.0,2496,2568,2490,2532,1009910,719824
2017/04/18 00:00:00.0,2544,2550,2490,2506,702146,725966
2017/04/19 00:00:00.0,2510,2552,2434,2546,1239334,728828
2017/04/20 00:00:00.0,2542,2568,2460,2538,1109958,693700
2017/04/21 00:00:00.0,2532,2556,2494,2518,1041862,711474
2017/04/24 00:00:00.0,2522,2528,2474,2514,885728,705478
2017/04/25 00:00:00.0,2508,2556,2502,2546,765550,687286
2017/04/26 00:00:00.0,2538,2550,2486,2522,1154544,727552
2017/04/27 00:00:00.0,2518,2568,2502,2566,963422,695770
2017/04/28 00:00:00.0,2546,2628,2546,2618,1040134,650904
2017/05/02 00:00:00.0,2612,2630,2590,2618,429450,659720
2017/05/03 00:00:00.0,2624,2630,2598,2618,554388,660372
2017/05/04 00:00:00.0,2610,2610,2470,2524,1143024,592024
2017/05/05 00:00:00.0,2512,2522,2410,2414,1164976,652818
2017/05/08 00:00:00.0,2428,2480,2428,2450,707304,621282
2017/05/09 00:00:00.0,2438,2472,2428,2462,548146,636248
2017/05/10 00:00:00.0,2454,2482,2436,2452,774600,634582
2017/05/11 00:00:00.0,2462,2498,2442,2480,1035970,639842
2017/05/12 00:00:00.0,2482,2492,2408,2454,975870,645644
2017/05/15 00:00:00.0,2454,2516,2444,2510,739166,618562
2017/05/16 00:00:00.0,2534,2550,2502,2548,680308,613126
2017/05/17 00:00:00.0,2548,2560,2524,2540,619744,582214
2017/05/18 00:00:00.0,2548,2564,2500,2546,870478,601196
2017/05/19 00:00:00.0,2532,2602,2518,2592,924514,608030
2017/05/22 00:00:00.0,2596,2622,2578,2596,722210,624832
2017/05/23 00:00:00.0,2600,2620,2510,2516,1057780,623430
2017/05/24 00:00:00.0,2518,2534,2476,2516,713726,620772
2017/05/25 00:00:00.0,2506,2588,2506,2568,764906,617156
2017/05/26 00:00:00.0,2548,2558,2444,2474,869744,583868
2017/05/31 00:00:00.0,2476,2486,2322,2342,773386,648092
2017/06/01 00:00:00.0,2332,2372,2320,2356,512252,638510
2017/06/02 00:00:00.0,2348,2358,2310,2316,617172,672186
2017/06/05 00:00:00.0,2312,2364,2296,2348,578106,640138
2017/06/06 00:00:00.0,2330,2386,2318,2374,658292,633640
2017/06/07 00:00:00.0,2368,2384,2352,2366,489026,632804
2017/06/08 00:00:00.0,2358,2368,2322,2352,751226,628060
2017/06/09 00:00:00.0,2342,2366,2328,2334,484490,639494
2017/06/12 00:00:00.0,2336,2364,2314,2342,698138,666224
2017/06/13 00:00:00.0,2354,2372,2308,2320,796180,706376
2017/06/14 00:00:00.0,2314,2332,2264,2330,1243556,713146
2017/06/15 00:00:00.0,2328,2342,2288,2296,886808,727458
2017/06/16 00:00:00.0,2294,2326,2280,2310,680796,711136
2017/06/19 00:00:00.0,2318,2326,2264,2308,918734,728188
2017/06/20 00:00:00.0,2312,2336,2300,2322,824616,749114
2017/06/21 00:00:00.0,2296,2318,2252,2272,1102140,837690
2017/06/22 00:00:00.0,2280,2290,2244,2256,899580,833814
2017/06/23 00:00:00.0,2264,2280,2254,2270,516058,809924
2017/06/26 00:00:00.0,2270,2294,2250,2286,593324,783774
2017/06/27 00:00:00.0,2284,2300,2266,2300,573134,784558
2017/06/28 00:00:00.0,2304,2330,2296,2308,713648,758422
2017/06/29 00:00:00.0,2316,2366,2306,2348,1148084,763014
2017/06/30 00:00:00.0,2356,2370,2338,2360,581336,755074
2017/07/03 00:00:00.0,2360,2392,2358,2374,763960,763556
2017/07/04 00:00:00.0,2376,2398,2312,2338,829374,762190
2017/07/05 00:00:00.0,2338,2388,2336,2380,673648,761808
2017/07/06 00:00:00.0,2364,2388,2340,2384,783220,776970
2017/07/07 00:00:00.0,2388,2422,2372,2388,1009382,807450
2017/07/10 00:00:00.0,2386,2410,2358,2390,803132,802850
2017/07/11 00:00:00.0,2384,2484,2382,2462,1125220,858296
2017/07/12 00:00:00.0,2456,2506,2452,2464,941186,831286
2017/07/13 00:00:00.0,2464,2494,2444,2490,800298,848310
2017/07/14 00:00:00.0,2496,2548,2464,2530,1359550,879590
2017/07/17 00:00:00.0,2534,2600,2526,2590,1064094,847834
2017/07/18 00:00:00.0,2588,2612,2570,2582,709614,827952
2017/07/19 00:00:00.0,2594,2624,2592,2612,682698,851432
2017/07/20 00:00:00.0,2612,2634,2592,2594,973670,834578
2017/07/21 00:00:00.0,2604,2608,2548,2574,979400,803648
2017/07/24 00:00:00.0,2562,2592,2544,2584,693458,823260
2017/07/25 00:00:00.0,2590,2676,2586,2670,1183120,882724
2017/07/26 00:00:00.0,2682,2694,2640,2654,1105378,845636
2017/07/27 00:00:00.0,2660,2698,2644,2678,840390,866300
2017/07/28 00:00:00.0,2674,2690,2604,2632,1132712,821918
2017/07/31 00:00:00.0,2640,2712,2638,2708,913982,801448
2017/08/01 00:00:00.0,2704,2726,2684,2698,709816,796582
2017/08/02 00:00:00.0,2688,2698,2640,2672,768206,780934
2017/08/03 00:00:00.0,2678,2686,2630,2632,739544,776576
2017/08/04 00:00:00.0,2650,2698,2626,2640,956374,779470
2017/08/07 00:00:00.0,2642,2682,2584,2614,1147660,744422
2017/08/08 00:00:00.0,2616,2652,2600,2652,729312,744914
2017/08/09 00:00:00.0,2650,2708,2646,2696,1013620,745682
2017/08/10 00:00:00.0,2706,2740,2676,2706,850690,704354
2017/08/11 00:00:00.0,2722,2730,2566,2574,1325668,660508
2017/08/14 00:00:00.0,2578,2604,2574,2582,553944,662952
2017/08/15 00:00:00.0,2578,2626,2576,2604,872868,669642
2017/08/16 00:00:00.0,2598,2624,2584,2618,511684,683406
2017/08/17 00:00:00.0,2616,2690,2614,2674,967042,720368
2017/08/18 00:00:00.0,2662,2710,2658,2706,733452,751424
2017/08/21 00:00:00.0,2702,2726,2682,2706,789998,753630
2017/08/22 00:00:00.0,2700,2720,2650,2714,694470,768926
2017/08/23 00:00:00.0,2706,2762,2666,2684,1405550,805840
2017/08/24 00:00:00.0,2684,2742,2674,2736,864616,824812
2017/08/25 00:00:00.0,2734,2792,2712,2752,1121744,833244
2017/08/28 00:00:00.0,2752,2778,2714,2738,832706,814758
2017/08/29 00:00:00.0,2742,2758,2682,2716,966702,814354
2017/08/30 00:00:00.0,2714,2728,2692,2708,640808,813316
2017/08/31 00:00:00.0,2706,2706,2622,2672,763040,822180
2017/09/01 00:00:00.0,2682,2722,2672,2704,777844,825514
2017/09/04 00:00:00.0,2712,2746,2594,2616,1519546,828916
2017/09/05 00:00:00.0,2620,2638,2584,2606,928062,863824
2017/09/06 00:00:00.0,2620,2638,2598,2610,911916,878534
2017/09/07 00:00:00.0,2622,2640,2514,2530,1584622,863276
2017/09/08 00:00:00.0,2534,2546,2460,2472,1070386,839954
2017/09/11 00:00:00.0,2480,2498,2452,2494,739174,795706
2017/09/12 00:00:00.0,2498,2514,2476,2502,570272,779294
2017/09/13 00:00:00.0,2508,2522,2468,2478,697194,776912
2017/09/14 00:00:00.0,2484,2516,2464,2480,768344,768466
2017/09/15 00:00:00.0,2490,2508,2442,2500,1226772,762884
2017/09/18 00:00:00.0,2508,2536,2482,2516,978236,733686
2017/09/19 00:00:00.0,2510,2522,2466,2478,811292,757476
2017/09/20 00:00:00.0,2480,2498,2472,2486,547740,740630
2017/09/21 00:00:00.0,2490,2508,2422,2452,965500,727686
2017/09/22 00:00:00.0,2446,2500,2440,2500,698608,696862
2017/09/25 00:00:00.0,2500,2518,2488,2498,664714,688558
2017/09/26 00:00:00.0,2510,2528,2490,2516,607500,667870
2017/09/27 00:00:00.0,2512,2532,2498,2524,534028,651092
2017/09/28 00:00:00.0,2522,2528,2426,2448,874130,615156
2017/09/29 00:00:00.0,2458,2488,2438,2444,547470,586656
2017/10/09 00:00:00.0,2436,2458,2336,2370,680360,632466
2017/10/10 00:00:00.0,2382,2402,2374,2394,475594,638030
2017/10/11 00:00:00.0,2406,2430,2392,2416,515732,629926
2017/10/12 00:00:00.0,2414,2442,2386,2436,496096,609276
2017/10/13 00:00:00.0,2422,2450,2400,2442,575556,614190
2017/10/16 00:00:00.0,2448,2464,2390,2422,713720,635830
2017/10/17 00:00:00.0,2430,2444,2386,2434,809946,608498
2017/10/18 00:00:00.0,2434,2448,2408,2430,528168,602516
2017/10/19 00:00:00.0,2438,2438,2382,2394,651368,622248
2017/10/20 00:00:00.0,2386,2430,2374,2422,542624,594554
2017/10/23 00:00:00.0,2418,2454,2400,2436,613662,574888
2017/10/24 00:00:00.0,2436,2454,2430,2438,378758,564272
2017/10/25 00:00:00.0,2444,2524,2442,2514,856686,516484
2017/10/26 00:00:00.0,2514,2518,2500,2514,374712,518604
2017/10/27 00:00:00.0,2512,2534,2494,2510,500332,491458
2017/10/30 00:00:00.0,2508,2574,2484,2560,727126,531880
2017/10/31 00:00:00.0,2564,2574,2534,2538,514306,533462
2017/11/01 00:00:00.0,2540,2556,2504,2522,540118,536870
2017/11/02 00:00:00.0,2528,2548,2510,2530,409456,520958
2017/11/03 00:00:00.0,2532,2568,2528,2566,405860,521380
2017/11/06 00:00:00.0,2566,2598,2548,2590,521172,531620
2017/11/07 00:00:00.0,2588,2620,2578,2616,488908,542580
2017/11/08 00:00:00.0,2628,2628,2598,2616,298542,519590
2017/11/09 00:00:00.0,2616,2644,2606,2618,334892,518528
2017/11/10 00:00:00.0,2616,2628,2608,2618,288814,512478
2017/11/13 00:00:00.0,2628,2660,2618,2656,345298,521332
2017/11/14 00:00:00.0,2660,2660,2638,2644,237610,502540
2017/11/15 00:00:00.0,2640,2658,2528,2530,782014,443432
2017/11/16 00:00:00.0,2534,2552,2530,2538,224918,428426
2017/11/17 00:00:00.0,2534,2552,2526,2546,213834,422598
2017/11/20 00:00:00.0,2556,2616,2524,2612,448530,409088
2017/11/21 00:00:00.0,2606,2630,2596,2624,389690,389484
2017/11/22 00:00:00.0,2628,2678,2620,2670,345588,394812
2017/11/23 00:00:00.0,2682,2698,2666,2688,379508,404028
2017/11/24 00:00:00.0,2694,2720,2682,2708,243572,407994
2017/11/27 00:00:00.0,2714,2720,2648,2656,415408,417900
2017/11/28 00:00:00.0,2644,2680,2640,2672,254034,408328
2017/11/29 00:00:00.0,2670,2690,2658,2664,293332,405966
2017/11/30 00:00:00.0,2666,2710,2632,2710,438236,395568
2017/12/01 00:00:00.0,2716,2754,2702,2744,385048,412922
2017/12/04 00:00:00.0,2752,2792,2732,2750,433576,433716
2017/12/05 00:00:00.0,2750,2796,2730,2742,543488,439638
2017/12/06 00:00:00.0,2740,2800,2732,2754,621740,464926
2017/12/07 00:00:00.0,2746,2746,2600,2600,760860,384646
2017/12/08 00:00:00.0,2606,2646,2606,2626,394400,369040
2017/12/11 00:00:00.0,2642,2664,2582,2622,481590,354180
2017/12/12 00:00:00.0,2624,2646,2566,2592,418638,382628
2017/12/13 00:00:00.0,2600,2628,2564,2610,395152,357994
2017/12/14 00:00:00.0,2608,2634,2586,2602,382280,345526
2017/12/15 00:00:00.0,2606,2616,2582,2610,290342,362900
2017/12/18 00:00:00.0,2622,2664,2614,2648,374140,338200
2017/12/19 00:00:00.0,2646,2652,2624,2636,232080,331140
2017/12/20 00:00:00.0,2642,2670,2632,2644,332412,326492
2017/12/21 00:00:00.0,2646,2652,2568,2590,472612,369576
2017/12/22 00:00:00.0,2590,2604,2580,2590,264284,375928
2017/12/25 00:00:00.0,2590,2602,2572,2598,299572,377892
2017/12/26 00:00:00.0,2596,2614,2584,2606,271412,376790
2017/12/27 00:00:00.0,2604,2634,2588,2632,454676,380558
2017/12/28 00:00:00.0,2628,2642,2608,2626,231886,371802
2017/12/29 00:00:00.0,2610,2636,2608,2626,230888,369966
2018/01/02 00:00:00.0,2630,2688,2622,2684,444806,414860
2018/01/03 00:00:00.0,2680,2686,2664,2666,238682,421210
2018/01/04 00:00:00.0,2672,2706,2652,2700,375092,435666
2018/01/05 00:00:00.0,2696,2716,2664,2702,462880,455410
2018/01/08 00:00:00.0,2694,2716,2680,2694,338896,466506
2018/01/09 00:00:00.0,2680,2732,2680,2716,330956,475636
2018/01/10 00:00:00.0,2720,2764,2704,2760,480256,495524
2018/01/11 00:00:00.0,2770,2770,2744,2752,216948,487378
2018/01/12 00:00:00.0,2762,2770,2742,2756,272898,492874
2018/01/15 00:00:00.0,2750,2816,2740,2810,408078,541210
2018/01/16 00:00:00.0,2812,2812,2768,2772,318472,484716
2018/01/17 00:00:00.0,2770,2796,2752,2772,350108,481440
2018/01/18 00:00:00.0,2766,2792,2758,2770,297576,484864
2018/01/19 00:00:00.0,2772,2778,2732,2754,475360,470078
2018/01/22 00:00:00.0,2760,2800,2742,2792,359884,480026
2018/01/23 00:00:00.0,2790,2806,2760,2778,424584,458592
2018/01/24 00:00:00.0,2772,2872,2772,2868,856716,589084
2018/01/25 00:00:00.0,2870,2952,2858,2924,696722,623976
2018/01/26 00:00:00.0,2924,2940,2896,2920,470238,641782
2018/01/29 00:00:00.0,2918,2968,2914,2934,414336,659264
2018/01/30 00:00:00.0,2924,2932,2880,2902,521024,616576
2018/01/31 00:00:00.0,2898,2910,2872,2906,420318,617618
2018/02/01 00:00:00.0,2904,2920,2870,2882,537506,617032
2018/02/02 00:00:00.0,2890,2940,2882,2898,525228,615584
2018/02/05 00:00:00.0,2886,2894,2838,2872,618314,561972
2018/02/06 00:00:00.0,2870,2882,2806,2816,563614,538926
2018/02/07 00:00:00.0,2814,2840,2812,2822,279420,529952
2018/02/08 00:00:00.0,2810,2832,2770,2774,443934,512026
2018/02/09 00:00:00.0,2774,2796,2748,2750,334876,490808
2018/02/12 00:00:00.0,2748,2758,2708,2714,365532,489246
2018/02/13 00:00:00.0,2716,2728,2686,2704,283406,477648
2018/02/14 00:00:00.0,2702,2728,2658,2688,327316,459994
2018/02/22 00:00:00.0,2704,2742,2704,2736,226704,468048
2018/02/23 00:00:00.0,2740,2788,2740,2784,344770,485728
2018/02/26 00:00:00.0,2780,2816,2772,2800,324896,476110
2018/02/27 00:00:00.0,2796,2800,2778,2786,234988,477358
2018/02/28 00:00:00.0,2786,2836,2782,2802,541832,488060
2018/03/01 00:00:00.0,2804,2820,2764,2786,439812,489346
2018/03/02 00:00:00.0,2774,2784,2756,2756,180570,496590
2018/03/05 00:00:00.0,2774,2812,2726,2728,643398,519292
2018/03/06 00:00:00.0,2726,2748,2708,2738,342032,501682
2018/03/07 00:00:00.0,2748,2758,2714,2720,371676,516454
2018/03/08 00:00:00.0,2726,2734,2700,2718,352728,509680
2018/03/09 00:00:00.0,2718,2744,2686,2706,488074,494596
2018/03/12 00:00:00.0,2716,2756,2710,2740,407408,474068
2018/03/13 00:00:00.0,2734,2740,2672,2676,569074,509776
2018/03/14 00:00:00.0,2680,2700,2668,2686,402050,497554
2018/03/15 00:00:00.0,2698,2708,2684,2698,303830,487516
2018/03/16 00:00:00.0,2702,2736,2684,2728,359386,470626
2018/03/19 00:00:00.0,2726,2776,2722,2770,492128,471184
2018/03/20 00:00:00.0,2770,2796,2752,2790,404208,479030
2018/03/21 00:00:00.0,2796,2824,2784,2796,518130,469138
2018/03/22 00:00:00.0,2802,2824,2786,2812,417348,485512
2018/03/23 00:00:00.0,2804,2832,2762,2794,908388,457854
2018/03/26 00:00:00.0,2790,2898,2770,2860,1049200,464704
2018/03/27 00:00:00.0,2854,2878,2840,2862,490908,470776
2018/03/28 00:00:00.0,2878,2878,2832,2848,505138,476178
2018/03/29 00:00:00.0,2852,2870,2826,2868,518998,489448
2018/03/30 00:00:00.0,2864,2910,2840,2900,665394,519250
2018/04/02 00:00:00.0,2896,2906,2848,2860,478694,493140
2018/04/03 00:00:00.0,2856,2862,2802,2808,633026,479636
2018/04/04 00:00:00.0,2812,2816,2790,2804,357408,460816
2018/04/09 00:00:00.0,2796,2796,2750,2770,271710,449990
2018/04/10 00:00:00.0,2782,2812,2772,2810,192442,451880
2018/04/11 00:00:00.0,2846,2874,2832,2840,469222,469550
2018/04/12 00:00:00.0,2848,2878,2846,2866,443110,481020
2018/04/13 00:00:00.0,2854,2874,2834,2860,406744,489108
2018/04/16 00:00:00.0,2864,2894,2816,2820,475086,482218
2018/04/17 00:00:00.0,2824,2866,2816,2852,348188,475846
2018/04/18 00:00:00.0,2840,2892,2828,2878,487488,506370
2018/04/19 00:00:00.0,2896,2916,2882,2910,483402,523508
2018/04/20 00:00:00.0,2910,2942,2876,2884,628654,509156
2018/04/23 00:00:00.0,2878,2896,2864,2890,368788,494764
2018/04/24 00:00:00.0,2876,2908,2866,2898,450400,474956
2018/04/25 00:00:00.0,2894,2902,2818,2826,644878,459548
2018/04/26 00:00:00.0,2832,2850,2826,2844,270706,433610
2018/04/27 00:00:00.0,2848,2858,2844,2846,255176,405182
2018/05/02 00:00:00.0,2850,2926,2820,2920,378286,384236
2018/05/03 00:00:00.0,2920,2932,2910,2928,226720,394976
2018/05/04 00:00:00.0,2918,2958,2916,2950,333862,413486
2018/05/07 00:00:00.0,2950,2986,2950,2976,417572,423716
2018/05/08 00:00:00.0,2984,3006,2970,2976,266846,413132
2018/05/09 00:00:00.0,2976,2994,2954,2980,309096,420070
2018/05/10 00:00:00.0,2984,3004,2976,3000,363408,428974
2018/05/11 00:00:00.0,3000,3030,2980,3022,449340,441560
2018/05/14 00:00:00.0,3014,3040,3008,3012,282040,436652
2018/05/15 00:00:00.0,3020,3042,3006,3020,342506,436908
2018/05/16 00:00:00.0,3026,3064,3008,3028,464536,429530
2018/05/17 00:00:00.0,3022,3054,3014,3038,298712,424828
2018/05/18 00:00:00.0,3048,3218,3042,3218,928058,537770
2018/05/21 00:00:00.0,3236,3316,3206,3258,1069356,525936
2018/05/22 00:00:00.0,3254,3294,3238,3256,683462,550454
2018/05/23 00:00:00.0,3258,3278,3170,3200,847028,504296
2018/05/24 00:00:00.0,3192,3206,3162,3194,435784,503780
2018/05/25 00:00:00.0,3180,3216,3166,3182,502878,505052
2018/05/28 00:00:00.0,3144,3144,3086,3116,705290,461396
2018/05/29 00:00:00.0,3112,3144,3102,3124,299460,449472
2018/05/30 00:00:00.0,3122,3154,3066,3112,512136,415316
2018/05/31 00:00:00.0,3124,3178,3110,3138,456134,403550
2018/06/01 00:00:00.0,3126,3162,3126,3156,306368,399150
2018/06/04 00:00:00.0,3148,3206,3120,3190,606700,445080
2018/06/05 00:00:00.0,3182,3214,3130,3170,584486,443100
2018/06/06 00:00:00.0,3158,3238,3138,3228,673380,474990
2018/06/07 00:00:00.0,3218,3270,3210,3262,580920,496306
2018/06/08 00:00:00.0,3268,3284,3184,3190,603196,423898
2018/06/11 00:00:00.0,3190,3210,3172,3192,308904,418764
2018/06/12 00:00:00.0,3184,3238,3182,3236,360860,435966
2018/06/13 00:00:00.0,3228,3230,3146,3148,498992,420862
2018/06/14 00:00:00.0,3156,3182,3136,3150,342660,422426
2018/06/15 00:00:00.0,3160,3176,3112,3162,356332,410568
2018/06/19 00:00:00.0,3140,3170,3064,3066,388378,392564
2018/06/20 00:00:00.0,3066,3110,3054,3088,297652,383808
2018/06/21 00:00:00.0,3090,3102,3066,3070,259704,389404
2018/06/22 00:00:00.0,3062,3098,3020,3034,472420,385814
2018/06/25 00:00:00.0,3046,3092,3046,3082,296316,385750
2018/06/26 00:00:00.0,3088,3092,3044,3082,235094,392644
2018/06/27 00:00:00.0,3082,3148,3072,3142,511740,409244
2018/06/28 00:00:00.0,3146,3188,3144,3166,385058,413820
2018/06/29 00:00:00.0,3174,3214,3158,3202,398630,423954
2018/07/02 00:00:00.0,3208,3228,3176,3182,406046,415526
2018/07/03 00:00:00.0,3184,3224,3178,3220,305322,437102
2018/07/04 00:00:00.0,3222,3236,3184,3210,432562,434644
2018/07/05 00:00:00.0,3202,3250,3170,3234,520116,457554
2018/07/06 00:00:00.0,3236,3260,3210,3246,491206,477380
2018/07/09 00:00:00.0,3240,3310,3226,3296,651436,544870
2018/07/10 00:00:00.0,3298,3332,3280,3316,585452,554850
2018/07/11 00:00:00.0,3316,3342,3286,3332,582326,561160
2018/07/12 00:00:00.0,3320,3328,3240,3264,754112,500388
2018/07/13 00:00:00.0,3268,3280,3246,3248,326964,486012
2018/07/16 00:00:00.0,3256,3272,3232,3246,361262,476892
2018/07/17 00:00:00.0,3228,3230,3194,3220,523148,477588
2018/07/18 00:00:00.0,3226,3226,3206,3216,207486,468998
2018/07/19 00:00:00.0,3216,3246,3188,3222,537320,473238
2018/07/20 00:00:00.0,3210,3272,3204,3260,443902,502880
2018/07/23 00:00:00.0,3254,3276,3244,3246,311246,510352
2018/07/24 00:00:00.0,3264,3314,3258,3288,478330,511126
2018/07/25 00:00:00.0,3292,3332,3268,3314,487028,521540
2018/07/26 00:00:00.0,3314,3316,3272,3284,421256,499774
2018/07/27 00:00:00.0,3276,3312,3250,3264,465162,494338
2018/07/30 00:00:00.0,3268,3368,3262,3316,700842,505156
2018/07/31 00:00:00.0,3332,3352,3310,3310,369512,494450
2018/08/01 00:00:00.0,3310,3328,3242,3244,574468,482854
2018/08/02 00:00:00.0,3238,3270,3216,3258,428180,471660
2018/08/03 00:00:00.0,3248,3342,3230,3322,838368,489128
2018/08/06 00:00:00.0,3322,3332,3254,3326,776948,488728
2018/08/07 00:00:00.0,3332,3444,3332,3418,1271940,545538
2018/08/08 00:00:00.0,3428,3454,3370,3404,743564,534458
2018/08/09 00:00:00.0,3388,3418,3380,3382,297112,548628
2018/08/10 00:00:00.0,3374,3398,3346,3354,526448,545030
2018/08/13 00:00:00.0,3366,3430,3364,3408,712512,559900
2018/08/14 00:00:00.0,3408,3440,3370,3370,648260,549990
2018/08/15 00:00:00.0,3384,3394,3336,3362,557682,549100
2018/08/16 00:00:00.0,3354,3382,3200,3274,911198,496112
2018/08/17 00:00:00.0,3278,3290,3246,3266,404252,479162
2018/08/20 00:00:00.0,3280,3320,3238,3288,587252,487342
2018/08/21 00:00:00.0,3284,3310,3256,3268,439154,489324
2018/08/22 00:00:00.0,3280,3318,3248,3266,672068,509898
2018/08/23 00:00:00.0,3286,3314,3266,3268,616204,499224
2018/08/24 00:00:00.0,3266,3354,3226,3336,745332,489840
2018/08/27 00:00:00.0,3332,3384,3316,3360,494222,479940
2018/08/28 00:00:00.0,3368,3380,3338,3354,355194,477124
2018/08/29 00:00:00.0,3360,3388,3338,3368,361316,472390
2018/08/30 00:00:00.0,3376,3442,3366,3432,714752,505866
2018/08/31 00:00:00.0,3434,3496,3412,3478,807762,538968
2018/09/03 00:00:00.0,3482,3486,3436,3474,550318,547094
2018/09/04 00:00:00.0,3478,3510,3442,3458,599740,555330
2018/09/05 00:00:00.0,3474,3486,3424,3444,506192,544658
2018/09/06 00:00:00.0,3442,3514,3440,3514,800258,620362
2018/09/07 00:00:00.0,3524,3624,3520,3572,1391974,708400
2018/09/10 00:00:00.0,3576,3760,3566,3758,1600886,818832
2018/09/11 00:00:00.0,3758,3778,3596,3622,2152508,724268
2018/09/12 00:00:00.0,3624,3674,3588,3642,1534506,700936
2018/09/13 00:00:00.0,3644,3658,3598,3638,813816,688856
2018/09/14 00:00:00.0,3642,3654,3600,3636,837882,688098
2018/09/17 00:00:00.0,3646,3704,3552,3586,1464504,660056
2018/09/18 00:00:00.0,3590,3604,3536,3578,783094,628624
2018/09/19 00:00:00.0,3594,3640,3566,3636,838948,614092
2018/09/20 00:00:00.0,3636,3712,3630,3670,1036472,608698
2018/09/21 00:00:00.0,3672,3682,3650,3676,645898,558236
2018/09/25 00:00:00.0,3704,3752,3688,3698,738680,582674
2018/09/26 00:00:00.0,3702,3726,3656,3676,688036,594668
2018/09/27 00:00:00.0,3662,3722,3618,3710,978996,604936
2018/09/28 00:00:00.0,3708,3728,3664,3700,798584,549432
2018/10/08 00:00:00.0,3782,3790,3718,3754,367238,574748
2018/10/09 00:00:00.0,3750,3848,3740,3832,1042656,617108
2018/10/10 00:00:00.0,3836,3840,3778,3796,651606,582644
2018/10/11 00:00:00.0,3790,3804,3698,3712,759692,559512
2018/10/12 00:00:00.0,3716,3754,3712,3744,511034,562752
2018/10/15 00:00:00.0,3748,3758,3694,3718,679960,578140
2018/10/16 00:00:00.0,3718,3720,3648,3660,918190,585772
2018/10/17 00:00:00.0,3660,3710,3654,3704,510880,580540
2018/10/18 00:00:00.0,3692,3698,3598,3628,814980,545916
2018/10/19 00:00:00.0,3598,3638,3590,3620,411412,533220
2018/10/22 00:00:00.0,3630,3670,3622,3638,505228,494726
2018/10/23 00:00:00.0,3630,3638,3592,3602,547220,485660
2018/10/24 00:00:00.0,3576,3582,3510,3524,840884,471560
2018/10/25 00:00:00.0,3528,3544,3450,3470,678908,459942
2018/10/26 00:00:00.0,3486,3492,3446,3460,452540,435926
2018/10/29 00:00:00.0,3460,3492,3402,3442,666514,390642
2018/10/30 00:00:00.0,3450,3478,3426,3432,428844,367542
2018/10/31 00:00:00.0,3416,3456,3348,3450,832064,372794
2018/11/01 00:00:00.0,3448,3452,3370,3388,610224,363278
2018/11/02 00:00:00.0,3384,3406,3284,3320,662274,354872
2018/11/05 00:00:00.0,3314,3352,3286,3342,432720,328212
2018/11/06 00:00:00.0,3348,3370,3328,3342,410008,331952
2018/11/07 00:00:00.0,3340,3382,3320,3364,597628,369280
2018/11/08 00:00:00.0,3386,3444,3384,3426,614322,378214
2018/11/09 00:00:00.0,3426,3430,3380,3386,419966,378028
2018/11/12 00:00:00.0,3370,3370,3226,3334,1137444,350438
2018/11/13 00:00:00.0,3334,3356,3274,3290,647656,344704
2018/11/14 00:00:00.0,3294,3310,3112,3138,828310,340590
2018/11/15 00:00:00.0,3144,3196,3144,3190,546390,336486
2018/11/16 00:00:00.0,3196,3220,3168,3194,456408,327618
2018/11/19 00:00:00.0,3208,3210,3116,3142,561408,342374
2018/11/20 00:00:00.0,3126,3140,3092,3114,472954,335796
2018/11/21 00:00:00.0,3108,3112,2936,2998,690482,312530
2018/11/22 00:00:00.0,3012,3014,2932,2954,519802,323438
2018/11/23 00:00:00.0,2948,2968,2818,2850,766402,353672
2018/11/26 00:00:00.0,2824,2824,2718,2754,1004432,370162
2018/11/27 00:00:00.0,2756,2834,2734,2758,898416,359098
2018/11/28 00:00:00.0,2766,2862,2750,2850,848740,334864
2018/11/29 00:00:00.0,2828,2858,2788,2820,1006316,344102
2018/11/30 00:00:00.0,2842,2878,2794,2816,896664,322730
2018/12/03 00:00:00.0,2802,2988,2764,2912,837684,361656
2018/12/04 00:00:00.0,2906,2934,2878,2910,534986,352250
2018/12/05 00:00:00.0,2930,2930,2818,2870,867966,413692
2018/12/06 00:00:00.0,2898,2914,2782,2782,744704,442810
2018/12/07 00:00:00.0,2750,2820,2732,2780,774830,466150
2018/12/10 00:00:00.0,2798,2858,2776,2792,842580,453004
2018/12/11 00:00:00.0,2780,2808,2670,2708,914374,528652
2018/12/12 00:00:00.0,2726,2756,2714,2746,588456,497664
2018/12/13 00:00:00.0,2762,2778,2710,2758,672620,504810
2018/12/14 00:00:00.0,2740,2812,2738,2792,653508,494964
2018/12/17 00:00:00.0,2778,2794,2718,2792,825446,556228
2018/12/18 00:00:00.0,2802,2808,2720,2740,768844,548118
2018/12/19 00:00:00.0,2734,2754,2654,2694,970012,609428
2018/12/20 00:00:00.0,2696,2744,2690,2728,663754,530036
2018/12/21 00:00:00.0,2724,2774,2716,2750,823972,550316
2018/12/24 00:00:00.0,2730,2736,2690,2726,819392,555920
2018/12/25 00:00:00.0,2704,2724,2550,2580,1099732,580284
2018/12/26 00:00:00.0,2586,2602,2564,2574,498296,554356
2018/12/27 00:00:00.0,2590,2706,2540,2640,1258682,584540
