2014/12/19 00:00:00.0,2829,2845,2794,2810,34242,7240
2014/12/22 00:00:00.0,2812,2815,2743,2756,29196,10660
2014/12/23 00:00:00.0,2754,2774,2734,2757,19436,11306
2014/12/24 00:00:00.0,2762,2775,2761,2770,8844,10454
2014/12/25 00:00:00.0,2767,2767,2722,2743,21022,11334
2014/12/26 00:00:00.0,2741,2754,2734,2738,9518,11632
2014/12/29 00:00:00.0,2738,2757,2737,2752,6240,11162
2014/12/30 00:00:00.0,2747,2753,2731,2745,9718,10906
2014/12/31 00:00:00.0,2748,2749,2735,2739,5700,10148
2015/01/05 00:00:00.0,2746,2746,2703,2712,14824,12268
2015/01/06 00:00:00.0,2716,2726,2649,2654,31376,17486
2015/01/07 00:00:00.0,2663,2677,2651,2672,17328,15496
2015/01/08 00:00:00.0,2668,2687,2665,2683,11584,15668
2015/01/09 00:00:00.0,2680,2691,2669,2679,13146,16404
2015/01/12 00:00:00.0,2678,2690,2677,2688,8982,16120
2015/01/13 00:00:00.0,2689,2694,2668,2687,11472,16782
2015/01/14 00:00:00.0,2676,2693,2676,2678,9316,15844
2015/01/15 00:00:00.0,2675,2692,2671,2691,7732,15866
2015/01/16 00:00:00.0,2693,2719,2685,2712,13004,15218
2015/01/19 00:00:00.0,2722,2740,2709,2731,9894,14024
2015/01/20 00:00:00.0,2729,2738,2724,2733,4398,14198
2015/01/21 00:00:00.0,2732,2753,2731,2745,8160,14082
2015/01/22 00:00:00.0,2745,2753,2710,2730,11558,15532
2015/01/23 00:00:00.0,2723,2739,2717,2722,5552,16202
2015/01/26 00:00:00.0,2728,2740,2699,2734,6062,16026
2015/01/27 00:00:00.0,2730,2780,2729,2776,14778,15872
2015/01/28 00:00:00.0,2782,2803,2757,2799,14812,17048
2015/01/29 00:00:00.0,2796,2852,2791,2815,24484,17964
2015/01/30 00:00:00.0,2815,2827,2801,2814,15810,18170
2015/02/02 00:00:00.0,2819,2845,2802,2832,12692,18290
2015/02/03 00:00:00.0,2839,2839,2821,2829,10792,18844
2015/02/04 00:00:00.0,2848,2853,2831,2841,12782,19702
2015/02/05 00:00:00.0,2844,2893,2839,2865,62786,25956
2015/02/06 00:00:00.0,2872,2891,2866,2891,16310,25430
2015/02/09 00:00:00.0,2889,2914,2885,2909,46556,32114
2015/02/10 00:00:00.0,2920,2932,2907,2931,43636,36340
2015/02/11 00:00:00.0,2949,2949,2914,2926,28432,36076
2015/02/12 00:00:00.0,2932,2932,2895,2906,38792,32900
2015/02/13 00:00:00.0,2912,2941,2902,2928,30182,33622
2015/02/16 00:00:00.0,2929,2937,2921,2937,12040,32378
2015/02/17 00:00:00.0,2926,2937,2901,2908,16920,30594
2015/02/25 00:00:00.0,2913,2922,2884,2892,14578,30668
2015/02/26 00:00:00.0,2896,2905,2879,2895,24866,30626
2015/02/27 00:00:00.0,2896,2924,2892,2917,21912,32236
2015/03/02 00:00:00.0,2921,2930,2916,2923,13716,33138
2015/03/03 00:00:00.0,2921,2921,2888,2909,18450,28890
2015/03/04 00:00:00.0,2906,2939,2899,2938,28214,34654
2015/03/05 00:00:00.0,2928,2939,2908,2914,27576,30918
2015/03/06 00:00:00.0,2912,2925,2901,2911,16852,29624
2015/03/09 00:00:00.0,2906,2928,2899,2924,25228,32270
2015/03/10 00:00:00.0,2920,2963,2920,2948,112392,55144
2015/03/11 00:00:00.0,2945,2999,2945,2977,144634,64022
2015/03/12 00:00:00.0,2985,2985,2950,2976,76974,62720
2015/03/13 00:00:00.0,2979,3009,2965,2993,98260,67430
2015/03/16 00:00:00.0,2988,3019,2981,3006,119990,73230
2015/03/17 00:00:00.0,3008,3018,2995,3012,47612,74370
2015/03/18 00:00:00.0,3013,3013,2971,2978,66954,61922
2015/03/19 00:00:00.0,2995,2995,2962,2969,59418,60244
2015/03/20 00:00:00.0,2968,2998,2964,2981,66268,61922
2015/03/23 00:00:00.0,2995,3007,2984,2998,31636,60096
2015/03/24 00:00:00.0,3008,3067,3005,3050,104356,68086
2015/03/25 00:00:00.0,3056,3067,3026,3043,67996,67574
2015/03/26 00:00:00.0,3043,3055,3029,3048,40552,71098
2015/03/27 00:00:00.0,3047,3083,3036,3074,128430,75434
2015/03/30 00:00:00.0,3078,3081,3047,3072,54594,75500
2015/03/31 00:00:00.0,3073,3085,3050,3058,54558,71434
2015/04/01 00:00:00.0,3051,3052,2978,3001,112358,61472
2015/04/02 00:00:00.0,3008,3018,2984,2998,46114,60950
2015/04/03 00:00:00.0,3003,3003,2978,2998,36752,57682
2015/04/07 00:00:00.0,2997,2997,2973,2991,32034,56036
2015/04/08 00:00:00.0,2991,2999,2945,2954,85046,56032
2015/04/09 00:00:00.0,2958,2960,2940,2951,38456,56476
2015/04/10 00:00:00.0,2939,2980,2939,2975,51554,47868
2015/04/13 00:00:00.0,2966,3016,2966,3004,83204,48908
2015/04/14 00:00:00.0,3008,3009,2966,2974,48702,45432
2015/04/15 00:00:00.0,2976,2978,2897,2918,93318,45036
2015/04/16 00:00:00.0,2929,2936,2909,2924,39216,42644
2015/04/17 00:00:00.0,2927,2951,2921,2948,35464,39216
2015/04/20 00:00:00.0,2950,2960,2920,2930,31742,38634
2015/04/21 00:00:00.0,2932,2945,2913,2929,32268,38882
2015/04/22 00:00:00.0,2917,2943,2915,2939,21374,37560
2015/04/23 00:00:00.0,2936,2954,2934,2939,21884,37992
2015/04/24 00:00:00.0,2946,2949,2908,2936,43088,38698
2015/04/27 00:00:00.0,2929,2939,2923,2934,15028,38966
2015/04/28 00:00:00.0,2936,2964,2927,2933,46638,38456
2015/04/29 00:00:00.0,2937,2937,2913,2928,26274,37698
2015/04/30 00:00:00.0,2929,2958,2929,2955,29722,38240
2015/05/04 00:00:00.0,2946,2994,2946,2973,49340,40220
2015/05/05 00:00:00.0,2977,2980,2962,2974,21674,37846
2015/05/06 00:00:00.0,2977,2977,2965,2970,15858,35416
2015/05/07 00:00:00.0,2969,3007,2959,2980,68884,36754
2015/05/08 00:00:00.0,2971,2977,2959,2965,24478,34214
2015/05/11 00:00:00.0,2970,2982,2958,2962,17570,33452
2015/05/12 00:00:00.0,2960,2980,2954,2979,19006,34344
2015/05/13 00:00:00.0,2973,2997,2973,2985,22996,35824
2015/05/14 00:00:00.0,2987,2997,2975,2993,25954,34970
2015/05/15 00:00:00.0,2998,3009,2990,2992,25242,37222
2015/05/18 00:00:00.0,2995,2995,2977,2980,13904,34648
2015/05/19 00:00:00.0,2983,2990,2973,2985,14922,35224
2015/05/20 00:00:00.0,2980,2992,2966,2975,28272,34058
2015/05/21 00:00:00.0,2978,2980,2965,2975,12980,33154
2015/05/22 00:00:00.0,2976,2978,2960,2966,15278,32376
2015/05/25 00:00:00.0,2960,2962,2919,2920,27272,30544
2015/05/26 00:00:00.0,2927,2934,2892,2894,32466,30372
2015/05/27 00:00:00.0,2881,2898,2849,2856,29282,32640
2015/05/28 00:00:00.0,2874,2879,2857,2872,25418,31874
2015/05/29 00:00:00.0,2873,2890,2869,2882,16558,29870
2015/06/01 00:00:00.0,2889,2906,2889,2892,12290,30032
2015/06/02 00:00:00.0,2890,2904,2884,2903,8156,29526
2015/06/03 00:00:00.0,2905,2905,2882,2887,11488,29348
2015/06/04 00:00:00.0,2884,2889,2840,2869,34106,31146
2015/06/05 00:00:00.0,2873,2875,2836,2837,16402,33450
2015/06/08 00:00:00.0,2811,2844,2778,2836,51114,38220
2015/06/09 00:00:00.0,2839,2850,2827,2837,14644,38902
2015/06/10 00:00:00.0,2845,2845,2812,2827,22450,38736
2015/06/11 00:00:00.0,2826,2844,2824,2838,13012,37410
2015/06/12 00:00:00.0,2833,2835,2809,2833,18072,38952
2015/06/15 00:00:00.0,2805,2824,2785,2806,25658,44746
2015/06/16 00:00:00.0,2809,2845,2799,2839,17794,46616
2015/06/17 00:00:00.0,2841,2852,2832,2835,12978,46100
2015/06/18 00:00:00.0,2834,2859,2833,2844,12528,44992
2015/06/19 00:00:00.0,2845,2854,2829,2837,10272,43948
2015/06/23 00:00:00.0,2844,2875,2825,2832,14612,42970
2015/06/24 00:00:00.0,2831,2836,2811,2827,19446,41692
2015/06/25 00:00:00.0,2829,2832,2813,2814,11188,44684
2015/06/26 00:00:00.0,2821,2826,2808,2820,13208,41862
2015/06/29 00:00:00.0,2827,2831,2799,2799,13676,42420
2015/06/30 00:00:00.0,2803,2803,2783,2794,10470,41606
2015/07/01 00:00:00.0,2806,2845,2804,2816,11282,40194
2015/07/02 00:00:00.0,2819,2819,2785,2799,7070,40288
2015/07/03 00:00:00.0,2806,2815,2800,2812,8062,40084
2015/07/06 00:00:00.0,2800,2824,2800,2811,10868,39674
2015/07/07 00:00:00.0,2814,2824,2795,2798,13150,39230
2015/07/08 00:00:00.0,2761,2800,2714,2767,114270,43018
2015/07/09 00:00:00.0,2799,2829,2786,2795,53990,34346
2015/07/10 00:00:00.0,2794,2812,2776,2777,23228,34966
2015/07/13 00:00:00.0,2776,2827,2766,2766,20060,35052
2015/07/14 00:00:00.0,2772,2783,2745,2746,9192,35604
2015/07/15 00:00:00.0,2736,2754,2732,2734,5868,35512
2015/07/16 00:00:00.0,2748,2756,2694,2754,24486,37970
2015/07/17 00:00:00.0,2763,2769,2741,2761,15602,40090
2015/07/20 00:00:00.0,2751,2764,2714,2727,13832,37486
2015/07/21 00:00:00.0,2728,2734,2707,2714,10906,38940
2015/07/22 00:00:00.0,2721,2726,2700,2705,10088,39380
2015/07/23 00:00:00.0,2710,2714,2684,2695,7944,39168
2015/07/24 00:00:00.0,2708,2709,2661,2662,12066,39236
2015/07/27 00:00:00.0,2651,2652,2592,2598,19560,41820
2015/07/28 00:00:00.0,2588,2606,2580,2590,14476,43454
2015/07/29 00:00:00.0,2574,2606,2574,2603,9618,43042
2015/07/30 00:00:00.0,2610,2610,2563,2563,8968,44408
2015/07/31 00:00:00.0,2562,2574,2560,2568,11706,44094
2015/08/03 00:00:00.0,2560,2567,2509,2527,24030,46686
2015/08/04 00:00:00.0,2528,2543,2512,2520,20294,46978
2015/08/05 00:00:00.0,2520,2523,2502,2515,18000,48248
2015/08/06 00:00:00.0,2548,2548,2500,2505,9140,48912
2015/08/07 00:00:00.0,2502,2502,2483,2488,10946,49868
2015/08/10 00:00:00.0,2483,2499,2437,2447,33096,58284
2015/08/11 00:00:00.0,2452,2475,2452,2455,23274,57072
2015/08/12 00:00:00.0,2449,2455,2434,2437,18708,62836
2015/08/13 00:00:00.0,2426,2495,2421,2493,52124,55360
2015/08/14 00:00:00.0,2489,2515,2487,2504,36074,50356
2015/08/17 00:00:00.0,2506,2520,2496,2516,18306,50676
2015/08/18 00:00:00.0,2517,2528,2495,2504,14062,50446
2015/08/19 00:00:00.0,2509,2509,2480,2489,20836,51444
2015/08/20 00:00:00.0,2493,2498,2468,2471,18352,52638
2015/08/21 00:00:00.0,2471,2477,2452,2459,14154,53366
2015/08/24 00:00:00.0,2455,2460,2435,2457,26478,51148
2015/08/25 00:00:00.0,2457,2496,2457,2478,31302,52108
2015/08/26 00:00:00.0,2483,2487,2467,2475,18530,53212
2015/08/27 00:00:00.0,2472,2475,2442,2448,29434,56270
2015/08/28 00:00:00.0,2462,2481,2444,2444,29254,54980
2015/08/31 00:00:00.0,2445,2445,2368,2370,36088,57458
2015/09/01 00:00:00.0,2384,2403,2351,2368,38496,58662
2015/09/02 00:00:00.0,2371,2378,2348,2353,38368,61956
2015/09/07 00:00:00.0,2347,2363,2327,2327,40980,70874
2015/09/08 00:00:00.0,2337,2355,2337,2354,24752,69496
2015/09/09 00:00:00.0,2365,2370,2328,2329,42810,84812
2015/09/10 00:00:00.0,2328,2339,2296,2328,86318,99106
2015/09/11 00:00:00.0,2329,2344,2323,2326,39166,100988
2015/09/14 00:00:00.0,2331,2337,2294,2297,51372,109626
2015/09/15 00:00:00.0,2296,2300,2278,2296,39750,109906
2015/09/16 00:00:00.0,2301,2319,2296,2315,63474,111528
2015/09/17 00:00:00.0,2301,2301,2273,2279,48060,110548
2015/09/18 00:00:00.0,2280,2282,2227,2232,131072,125808
2015/09/21 00:00:00.0,2276,2276,2228,2234,110298,129184
2015/09/22 00:00:00.0,2239,2240,2201,2205,99978,140494
2015/09/23 00:00:00.0,2200,2211,2190,2209,90112,142826
2015/09/24 00:00:00.0,2217,2221,2198,2200,43424,143906
2015/09/25 00:00:00.0,2204,2213,2196,2197,38120,149360
2015/09/28 00:00:00.0,2200,2204,2191,2195,35820,145886
2015/09/29 00:00:00.0,2192,2192,2143,2148,66748,145788
2015/09/30 00:00:00.0,2138,2149,2105,2108,92888,156700
2015/10/08 00:00:00.0,2107,2107,2015,2019,216274,182580
2015/10/09 00:00:00.0,2019,2071,2015,2041,238890,182724
2015/10/12 00:00:00.0,2045,2058,2009,2014,152868,206540
2015/10/13 00:00:00.0,2016,2016,1964,1979,358680,269022
2015/10/14 00:00:00.0,1954,1985,1947,1958,423924,323790
2015/10/15 00:00:00.0,1959,1976,1953,1961,268008,330354
2015/10/16 00:00:00.0,1962,1971,1944,1965,311764,334284
2015/10/19 00:00:00.0,1964,1975,1945,1947,318462,372948
2015/10/20 00:00:00.0,1946,1957,1935,1942,260462,374858
2015/10/21 00:00:00.0,1943,1960,1939,1943,202838,381982
2015/10/22 00:00:00.0,1949,1954,1905,1917,548626,438508
2015/10/23 00:00:00.0,1914,1930,1904,1926,394928,446724
2015/10/26 00:00:00.0,1927,1973,1925,1957,573422,460396
2015/10/27 00:00:00.0,1961,1990,1945,1985,529802,483596
2015/10/28 00:00:00.0,1983,1983,1946,1948,436106,504968
2015/10/29 00:00:00.0,1951,1973,1941,1964,463714,510812
2015/10/30 00:00:00.0,1963,1977,1950,1955,475344,520740
2015/11/02 00:00:00.0,1970,1973,1959,1968,282100,517066
2015/11/03 00:00:00.0,1964,2000,1961,1986,585474,487120
2015/11/04 00:00:00.0,1991,2029,1989,2020,575020,453624
2015/11/05 00:00:00.0,2019,2039,2017,2035,465938,493932
2015/11/06 00:00:00.0,2032,2074,2002,2069,636830,579148
2015/11/09 00:00:00.0,2069,2111,2054,2089,1297722,608868
2015/11/10 00:00:00.0,2085,2090,2029,2052,1168674,647148
2015/11/11 00:00:00.0,2046,2068,2037,2066,845624,680502
2015/11/12 00:00:00.0,2059,2132,2055,2130,1929550,688518
2015/11/13 00:00:00.0,2140,2158,2132,2153,1311772,592560
2015/11/16 00:00:00.0,2154,2162,2119,2140,1370326,665350
2015/11/17 00:00:00.0,2146,2146,2107,2131,1226272,683532
2015/11/18 00:00:00.0,2134,2148,2110,2127,1247966,723388
2015/11/19 00:00:00.0,2125,2126,2077,2101,1224734,696052
2015/11/20 00:00:00.0,2110,2142,2078,2106,1656184,667140
2015/11/23 00:00:00.0,2116,2140,2100,2128,1203168,699202
2015/11/24 00:00:00.0,2134,2196,2130,2136,1761848,696506
2015/11/25 00:00:00.0,2143,2164,2115,2162,1357840,726880
2015/11/26 00:00:00.0,2172,2178,2149,2149,914078,708454
2015/11/27 00:00:00.0,2151,2192,2142,2192,1073728,732662
2015/11/30 00:00:00.0,2185,2199,2167,2179,816584,784910
2015/12/01 00:00:00.0,2186,2192,2147,2152,808646,784004
2015/12/02 00:00:00.0,2154,2165,2145,2148,633062,782602
2015/12/03 00:00:00.0,2145,2165,2134,2155,567946,793782
2015/12/04 00:00:00.0,2162,2162,2099,2100,1240432,797666
2015/12/07 00:00:00.0,2099,2107,2055,2063,1116278,764552
2015/12/08 00:00:00.0,2053,2065,2025,2050,797070,717764
2015/12/09 00:00:00.0,2050,2064,2019,2023,724384,745854
2015/12/10 00:00:00.0,2018,2056,2014,2051,761052,739014
2015/12/11 00:00:00.0,2055,2061,2038,2060,551492,717698
2015/12/14 00:00:00.0,2055,2066,2036,2047,581926,724484
2015/12/15 00:00:00.0,2051,2076,2050,2066,669522,683472
2015/12/16 00:00:00.0,2065,2073,2058,2061,381158,699304
2015/12/17 00:00:00.0,2059,2093,2057,2093,607122,721328
2015/12/18 00:00:00.0,2096,2120,2087,2113,684922,681424
2015/12/21 00:00:00.0,2110,2116,2092,2104,591424,672156
2015/12/22 00:00:00.0,2104,2138,2069,2072,1305106,661696
2015/12/23 00:00:00.0,2064,2074,2050,2065,690980,656150
2015/12/24 00:00:00.0,2068,2076,2052,2058,581126,674410
2015/12/25 00:00:00.0,2054,2064,2026,2028,726570,716494
2015/12/28 00:00:00.0,2019,2021,1960,1961,1283606,816504
2015/12/29 00:00:00.0,1955,1996,1955,1985,1264506,804536
2015/12/30 00:00:00.0,1988,2024,1987,1997,1359540,775190
2015/12/31 00:00:00.0,1996,2017,1982,2007,999776,760252
2016/01/04 00:00:00.0,2001,2014,1982,2000,1002230,773760
2016/01/05 00:00:00.0,1996,2030,1992,2029,825406,761006
2016/01/06 00:00:00.0,2021,2040,2012,2032,910726,764222
2016/01/07 00:00:00.0,2036,2037,1989,1990,1069826,819520
2016/01/08 00:00:00.0,1993,2007,1988,1998,767830,833364
2016/01/11 00:00:00.0,1995,2014,1981,2005,911594,827460
2016/01/12 00:00:00.0,1994,2023,1988,2018,970024,812744
2016/01/13 00:00:00.0,2020,2024,2005,2011,757394,821466
2016/01/14 00:00:00.0,2011,2026,1996,2007,1173078,877254
2016/01/15 00:00:00.0,2004,2010,1987,2010,802046,812016
2016/01/18 00:00:00.0,2002,2034,2002,2025,860058,758228
2016/01/19 00:00:00.0,2026,2029,2008,2025,898200,789782
2016/01/20 00:00:00.0,2021,2043,2014,2025,911650,802830
2016/01/21 00:00:00.0,2025,2035,2020,2032,597010,794120
2016/01/22 00:00:00.0,2038,2073,2038,2073,956052,754314
2016/01/25 00:00:00.0,2074,2085,2064,2085,501438,785634
2016/01/26 00:00:00.0,2082,2088,2056,2059,731026,760218
2016/01/27 00:00:00.0,2056,2076,2055,2075,458712,736672
2016/01/28 00:00:00.0,2057,2064,2043,2057,515026,754058
2016/01/29 00:00:00.0,2048,2058,2028,2031,571124,723512
2016/02/01 00:00:00.0,2030,2046,2025,2040,308446,723266
2016/02/02 00:00:00.0,2033,2048,2033,2044,320434,718590
2016/02/03 00:00:00.0,2044,2057,2040,2054,252962,706944
2016/02/04 00:00:00.0,2055,2078,2051,2059,322654,674560
2016/02/05 00:00:00.0,2045,2059,2045,2053,173768,669748
2016/02/15 00:00:00.0,2056,2076,2050,2075,243742,669900
2016/02/16 00:00:00.0,2074,2082,2058,2064,247852,684824
2016/02/17 00:00:00.0,2042,2061,2019,2021,652512,767382
2016/02/18 00:00:00.0,2024,2030,2004,2009,617372,835556
2016/02/19 00:00:00.0,2010,2027,1992,1993,640746,843284
2016/02/22 00:00:00.0,1996,2006,1983,1986,594566,824316
2016/02/23 00:00:00.0,1987,2005,1961,2000,873854,865222
2016/02/24 00:00:00.0,1999,2004,1966,1977,721136,850764
2016/02/25 00:00:00.0,1980,1993,1970,1976,545388,830624
2016/02/26 00:00:00.0,1972,1997,1971,1972,575084,828544
2016/02/29 00:00:00.0,1964,1964,1908,1949,1712026,909482
2016/03/01 00:00:00.0,1950,1998,1944,1989,1044830,800454
2016/03/02 00:00:00.0,1987,1991,1970,1982,553618,755318
2016/03/03 00:00:00.0,1978,2026,1976,2018,927730,741368
2016/03/04 00:00:00.0,2015,2036,2013,2028,576132,678274
2016/03/07 00:00:00.0,2036,2046,1984,2005,835722,630606
2016/03/08 00:00:00.0,1997,2020,1994,2003,487832,609162
2016/03/09 00:00:00.0,1994,2016,1989,2003,496442,597272
2016/03/10 00:00:00.0,2002,2014,1974,1982,682940,608392
2016/03/11 00:00:00.0,1976,2020,1975,2016,712298,580474
2016/03/14 00:00:00.0,2001,2008,1971,1980,613290,629424
2016/03/15 00:00:00.0,1981,1990,1968,1984,468446,646878
2016/03/16 00:00:00.0,1971,1988,1967,1970,479920,682912
2016/03/17 00:00:00.0,1973,1980,1952,1963,545712,668506
2016/03/18 00:00:00.0,1964,2033,1961,1991,880174,543338
2016/03/21 00:00:00.0,1984,2033,1977,2017,730564,518906
2016/03/22 00:00:00.0,2028,2034,2002,2004,503124,482578
2016/03/23 00:00:00.0,2011,2025,1994,2001,511570,493718
2016/03/24 00:00:00.0,1989,1989,1967,1969,482080,431750
2016/03/25 00:00:00.0,1972,1977,1961,1970,306756,440722
2016/03/28 00:00:00.0,1951,1957,1913,1916,537056,440416
2016/03/29 00:00:00.0,1911,1932,1904,1925,376410,421952
2016/03/30 00:00:00.0,1926,1933,1920,1921,152446,412334
2016/03/31 00:00:00.0,1914,1922,1886,1897,353208,435810
2016/04/01 00:00:00.0,1887,1903,1887,1898,217758,433462
2016/04/05 00:00:00.0,1901,1928,1896,1915,284126,412510
2016/04/06 00:00:00.0,1909,1921,1909,1913,155376,395854
2016/04/07 00:00:00.0,1918,1921,1893,1895,201244,415888
2016/04/08 00:00:00.0,1891,1903,1889,1900,201720,416266
2016/04/11 00:00:00.0,1909,1914,1884,1909,290360,412176
2016/04/12 00:00:00.0,1911,1936,1905,1929,405020,409354
2016/04/13 00:00:00.0,1939,1966,1916,1934,443340,399642
2016/04/14 00:00:00.0,1940,1976,1940,1969,464174,442180
2016/04/15 00:00:00.0,1977,1977,1944,1949,356714,429890
2016/04/18 00:00:00.0,1957,2034,1957,2019,1266780,515448
2016/04/19 00:00:00.0,2033,2057,2016,2027,572524,487706
2016/04/20 00:00:00.0,2052,2109,2048,2087,640078,471762
2016/04/21 00:00:00.0,2120,2168,2120,2166,591588,479462
2016/04/22 00:00:00.0,2136,2162,2079,2099,957988,421018
2016/04/25 00:00:00.0,2075,2133,2073,2127,496296,441686
2016/04/26 00:00:00.0,2143,2151,2097,2115,414152,424344
2016/04/27 00:00:00.0,2123,2128,2057,2061,453974,418478
2016/04/28 00:00:00.0,2055,2068,2040,2064,383582,423466
2016/04/29 00:00:00.0,2088,2100,2058,2059,356622,448392
2016/05/03 00:00:00.0,2081,2117,2067,2111,443478,477186
2016/05/04 00:00:00.0,2084,2097,2075,2096,281994,453302
2016/05/05 00:00:00.0,2092,2096,2041,2049,479480,455472
2016/05/06 00:00:00.0,2022,2033,1995,2015,325382,391440
2016/05/09 00:00:00.0,2034,2034,1986,1995,286082,382556
2016/05/10 00:00:00.0,1983,2022,1983,2009,252280,382222
2016/05/11 00:00:00.0,2053,2083,2028,2076,543956,392982
2016/05/12 00:00:00.0,2070,2083,2037,2052,383712,385530
2016/05/13 00:00:00.0,2033,2039,2007,2024,361836,352486
2016/05/16 00:00:00.0,2021,2047,2008,2016,228078,348402
2016/05/17 00:00:00.0,2026,2044,2015,2044,159308,363018
2016/05/18 00:00:00.0,2063,2073,2005,2027,408812,360744
2016/05/19 00:00:00.0,2027,2069,2025,2067,361330,383524
2016/05/20 00:00:00.0,2071,2086,2054,2079,258312,400154
2016/05/23 00:00:00.0,2066,2111,2054,2060,520726,403222
2016/05/24 00:00:00.0,2040,2072,2034,2071,360822,403508
2016/05/25 00:00:00.0,2077,2085,2026,2027,331570,391468
2016/05/26 00:00:00.0,2049,2050,2027,2049,251662,394878
2016/05/27 00:00:00.0,2039,2083,2039,2080,421190,413182
2016/05/30 00:00:00.0,2093,2168,2084,2166,611804,493524
2016/05/31 00:00:00.0,2168,2209,2155,2175,723598,532888
2016/06/01 00:00:00.0,2168,2195,2156,2194,568584,560970
2016/06/02 00:00:00.0,2219,2227,2170,2171,600616,537216
2016/06/03 00:00:00.0,2177,2189,2158,2175,404146,523654
2016/06/06 00:00:00.0,2190,2221,2186,2203,378590,535806
2016/06/07 00:00:00.0,2216,2218,2169,2182,342920,510260
2016/06/08 00:00:00.0,2180,2199,2168,2174,239922,498652
2016/06/13 00:00:00.0,2196,2271,2192,2240,661332,565590
2016/06/14 00:00:00.0,2231,2257,2217,2252,479592,572586
2016/06/15 00:00:00.0,2271,2283,2169,2197,681216,540200
2016/06/16 00:00:00.0,2199,2199,2130,2130,491694,524746
2016/06/17 00:00:00.0,2140,2163,2108,2123,493740,483202
2016/06/20 00:00:00.0,2132,2153,2110,2124,333082,485718
2016/06/21 00:00:00.0,2118,2144,2117,2136,322338,495644
2016/06/22 00:00:00.0,2115,2137,2102,2124,348992,486986
2016/06/23 00:00:00.0,2113,2131,2064,2065,527726,482440
2016/06/24 00:00:00.0,2065,2081,2056,2059,308308,457630
2016/06/27 00:00:00.0,2063,2083,2051,2077,373922,456680
2016/06/28 00:00:00.0,2069,2115,2065,2094,437852,444570
2016/06/29 00:00:00.0,2092,2113,2064,2071,410920,464246
2016/06/30 00:00:00.0,2075,2104,2070,2081,459402,465508
2016/07/01 00:00:00.0,2083,2087,2025,2029,446784,490352
2016/07/04 00:00:00.0,2037,2084,2030,2074,599656,496118
2016/07/05 00:00:00.0,2065,2075,1997,2013,517482,488522
2016/07/06 00:00:00.0,1988,2010,1974,1992,356238,493372
2016/07/07 00:00:00.0,2006,2014,1972,1977,366044,497044
2016/07/08 00:00:00.0,1968,1977,1939,1965,374504,474140
2016/07/11 00:00:00.0,1983,1990,1964,1974,214614,471272
2016/07/12 00:00:00.0,1962,1979,1958,1979,298462,474472
2016/07/13 00:00:00.0,1989,2004,1972,1977,310026,467876
2016/07/14 00:00:00.0,1988,1990,1963,1970,219692,480752
2016/07/15 00:00:00.0,1953,1975,1952,1962,216738,489072
2016/07/18 00:00:00.0,1956,1956,1894,1900,427760,521246
2016/07/19 00:00:00.0,1908,1911,1879,1888,262164,530440
2016/07/20 00:00:00.0,1881,1897,1842,1895,307000,527478
2016/07/21 00:00:00.0,1886,1891,1870,1876,234018,542828
2016/07/22 00:00:00.0,1871,1883,1847,1854,244350,545246
2016/07/25 00:00:00.0,1864,1869,1844,1856,197050,545366
2016/07/26 00:00:00.0,1855,1871,1851,1861,186630,543302
2016/07/27 00:00:00.0,1864,1869,1834,1842,258510,557300
2016/07/28 00:00:00.0,1847,1847,1806,1815,320514,601710
2016/07/29 00:00:00.0,1819,1819,1788,1804,354514,566570
2016/08/01 00:00:00.0,1814,1819,1805,1808,208992,568082
2016/08/02 00:00:00.0,1803,1846,1790,1830,462778,558450
2016/08/03 00:00:00.0,1828,1845,1826,1837,273996,560800
2016/08/04 00:00:00.0,1838,1856,1833,1846,355864,551968
2016/08/05 00:00:00.0,1838,1858,1828,1834,280826,566434
2016/08/08 00:00:00.0,1839,1845,1797,1801,410008,609170
2016/08/09 00:00:00.0,1809,1820,1803,1806,288300,600206
2016/08/10 00:00:00.0,1808,1836,1806,1833,304578,592224
2016/08/11 00:00:00.0,1831,1845,1817,1819,305894,594612
2016/08/12 00:00:00.0,1823,1835,1817,1830,198442,592874
2016/08/15 00:00:00.0,1834,1880,1832,1873,530690,634308
2016/08/16 00:00:00.0,1882,1892,1860,1870,321510,630456
2016/08/17 00:00:00.0,1872,1879,1863,1864,204594,636218
2016/08/18 00:00:00.0,1858,1887,1858,1860,349516,652386
2016/08/19 00:00:00.0,1860,1866,1828,1830,426016,634034
2016/08/22 00:00:00.0,1834,1847,1806,1806,391598,630612
2016/08/23 00:00:00.0,1810,1814,1795,1798,364252,646098
2016/08/24 00:00:00.0,1807,1815,1790,1803,289684,658682
2016/08/25 00:00:00.0,1795,1816,1785,1800,399438,690578
2016/08/26 00:00:00.0,1802,1802,1789,1792,239314,700260
2016/08/29 00:00:00.0,1787,1813,1770,1797,407054,734912
2016/08/30 00:00:00.0,1797,1805,1772,1773,438994,808586
2016/08/31 00:00:00.0,1770,1775,1747,1749,489024,828038
2016/09/01 00:00:00.0,1746,1769,1744,1753,470462,827394
2016/09/02 00:00:00.0,1750,1758,1712,1713,994830,1053378
2016/09/05 00:00:00.0,1713,1721,1688,1691,645914,1113536
2016/09/06 00:00:00.0,1692,1702,1682,1693,427104,1115284
2016/09/07 00:00:00.0,1691,1703,1678,1680,582736,1191130
2016/09/08 00:00:00.0,1684,1699,1675,1684,637222,1217938
2016/09/09 00:00:00.0,1688,1708,1688,1699,557612,1166410
2016/09/12 00:00:00.0,1703,1706,1684,1690,383240,1160616
2016/09/13 00:00:00.0,1693,1720,1692,1718,630490,1121572
2016/09/14 00:00:00.0,1710,1710,1702,1706,282964,1124340
2016/09/19 00:00:00.0,1713,1720,1694,1707,685412,1181384
2016/09/20 00:00:00.0,1707,1712,1690,1699,511148,1216480
2016/09/21 00:00:00.0,1703,1706,1661,1664,988406,1335948
2016/09/22 00:00:00.0,1665,1675,1652,1670,802038,1372924
2016/09/23 00:00:00.0,1670,1674,1660,1662,382580,1377212
2016/09/26 00:00:00.0,1661,1669,1652,1659,419778,1340782
2016/09/27 00:00:00.0,1656,1667,1637,1639,556932,1300276
2016/09/28 00:00:00.0,1643,1647,1613,1620,559402,1239690
2016/09/29 00:00:00.0,1624,1637,1615,1633,450134,1197044
2016/09/30 00:00:00.0,1633,1661,1626,1656,566444,1115830
2016/10/10 00:00:00.0,1661,1706,1660,1704,673426,1063088
2016/10/11 00:00:00.0,1709,1712,1689,1697,369454,1056328
2016/10/12 00:00:00.0,1694,1718,1690,1699,446510,1069216
2016/10/13 00:00:00.0,1692,1724,1692,1723,524034,1058294
2016/10/14 00:00:00.0,1728,1757,1726,1753,835178,1003142
2016/10/17 00:00:00.0,1763,1779,1742,1748,571206,961046
2016/10/18 00:00:00.0,1749,1753,1729,1750,520182,961202
2016/10/19 00:00:00.0,1749,1761,1720,1748,822556,969508
2016/10/20 00:00:00.0,1757,1824,1757,1814,1311792,955314
2016/10/21 00:00:00.0,1802,1823,1781,1804,1091924,999306
2016/10/24 00:00:00.0,1789,1799,1777,1786,703194,1060450
2016/10/25 00:00:00.0,1788,1810,1749,1750,1041352,1101326
2016/10/26 00:00:00.0,1748,1784,1740,1778,743088,1099128
2016/10/27 00:00:00.0,1785,1806,1771,1781,867416,1073240
2016/10/28 00:00:00.0,1784,1785,1755,1760,806854,1143908
2016/10/31 00:00:00.0,1753,1782,1745,1772,758784,1177458
2016/11/01 00:00:00.0,1772,1804,1764,1775,1025894,1183198
2016/11/02 00:00:00.0,1765,1788,1751,1774,816752,1185600
2016/11/03 00:00:00.0,1773,1794,1772,1786,771736,1199654
2016/11/04 00:00:00.0,1796,1810,1758,1761,888154,1172386
2016/11/07 00:00:00.0,1770,1793,1765,1785,567502,1150800
2016/11/08 00:00:00.0,1787,1849,1778,1827,1620870,1168540
2016/11/09 00:00:00.0,1837,1852,1817,1829,670466,1110806
2016/11/10 00:00:00.0,1822,1903,1808,1885,1239496,1096718
2016/11/11 00:00:00.0,1899,1910,1862,1889,1083274,1045612
2016/11/14 00:00:00.0,1837,1895,1815,1859,1292268,933514
2016/11/15 00:00:00.0,1864,1888,1835,1843,798026,934174
2016/11/16 00:00:00.0,1865,1869,1841,1855,531434,954186
2016/11/17 00:00:00.0,1850,1862,1835,1842,454730,941182
2016/11/18 00:00:00.0,1846,1870,1838,1841,704206,951612
2016/11/21 00:00:00.0,1851,1882,1847,1882,638072,979710
2016/11/22 00:00:00.0,1899,1930,1888,1915,937610,973650
2016/11/23 00:00:00.0,1924,1931,1898,1899,546814,998102
2016/11/24 00:00:00.0,1914,1925,1889,1903,705636,1026694
2016/11/25 00:00:00.0,1907,1911,1830,1864,756438,982450
2016/11/28 00:00:00.0,1869,1894,1869,1883,584568,1021832
2016/11/29 00:00:00.0,1882,1946,1875,1927,1080088,1058572
2016/11/30 00:00:00.0,1910,1964,1890,1912,1188156,1046354
2016/12/01 00:00:00.0,1919,1940,1907,1929,710762,1071190
2016/12/02 00:00:00.0,1928,1941,1901,1925,601988,1048996
2016/12/05 00:00:00.0,1928,1957,1922,1930,714804,1047372
2016/12/06 00:00:00.0,1939,1943,1895,1899,718250,1031070
2016/12/07 00:00:00.0,1904,1917,1892,1898,613268,1022682
2016/12/08 00:00:00.0,1898,1900,1866,1871,611028,1022642
2016/12/09 00:00:00.0,1864,1890,1853,1879,572866,1017852
2016/12/12 00:00:00.0,1879,1890,1864,1873,622490,1083468
2016/12/13 00:00:00.0,1877,1882,1858,1873,444922,1077240
2016/12/14 00:00:00.0,1873,1877,1855,1857,514414,1059114
2016/12/15 00:00:00.0,1855,1878,1840,1863,416268,1065658
2016/12/16 00:00:00.0,1865,1899,1863,1876,662208,1095644
2016/12/19 00:00:00.0,1877,1889,1852,1853,579430,1101100
2016/12/20 00:00:00.0,1851,1857,1809,1814,820936,1036798
2016/12/21 00:00:00.0,1817,1823,1795,1800,472278,1047940
2016/12/22 00:00:00.0,1802,1814,1775,1775,430886,1048012
2016/12/23 00:00:00.0,1780,1824,1776,1818,643206,994452
2016/12/26 00:00:00.0,1816,1847,1807,1836,836030,952582
2016/12/27 00:00:00.0,1837,1840,1822,1832,443530,936334
2016/12/28 00:00:00.0,1847,1859,1806,1818,706052,971208
2016/12/29 00:00:00.0,1819,1841,1796,1798,772982,1001024
2016/12/30 00:00:00.0,1797,1811,1788,1794,531724,1011518
2017/01/03 00:00:00.0,1800,1815,1795,1796,441508,1032520
2017/01/04 00:00:00.0,1800,1828,1792,1817,651394,1063066
2017/01/05 00:00:00.0,1828,1828,1804,1805,373174,1055906
2017/01/06 00:00:00.0,1806,1814,1774,1781,706190,1099880
2017/01/09 00:00:00.0,1778,1786,1767,1781,567242,1112796
2017/01/10 00:00:00.0,1781,1788,1769,1773,427282,1131672
2017/01/11 00:00:00.0,1783,1795,1775,1777,692664,1195586
2017/01/12 00:00:00.0,1776,1787,1764,1779,595646,1219388
2017/01/13 00:00:00.0,1789,1814,1783,1795,796540,1240824
2017/01/16 00:00:00.0,1803,1833,1796,1827,762840,1208994
2017/01/17 00:00:00.0,1830,1844,1813,1823,530896,1176592
2017/01/18 00:00:00.0,1832,1853,1825,1850,626606,1238568
2017/01/19 00:00:00.0,1854,1859,1839,1847,727330,1320436
2017/01/20 00:00:00.0,1846,1848,1827,1836,591212,1341920
2017/01/23 00:00:00.0,1840,1862,1840,1856,488614,1331578
2017/01/24 00:00:00.0,1856,1867,1836,1840,543292,1309588
2017/01/25 00:00:00.0,1836,1836,1818,1824,441620,1296564
2017/01/26 00:00:00.0,1831,1834,1820,1822,200240,1274176
2017/02/03 00:00:00.0,1824,1853,1824,1848,456954,1270320
2017/02/06 00:00:00.0,1856,1902,1851,1885,1021812,1391070
2017/02/07 00:00:00.0,1886,1890,1871,1872,503116,1435406
2017/02/08 00:00:00.0,1881,1889,1876,1883,412612,1458888
2017/02/09 00:00:00.0,1887,1901,1862,1863,737908,1513750
2017/02/10 00:00:00.0,1862,1881,1855,1874,535144,1514722
2017/02/13 00:00:00.0,1885,1891,1869,1875,593128,1529932
2017/02/14 00:00:00.0,1879,1881,1847,1847,704886,1563912
2017/02/15 00:00:00.0,1841,1857,1832,1834,515530,1540002
2017/02/16 00:00:00.0,1840,1858,1838,1842,512258,1502496
2017/02/17 00:00:00.0,1839,1847,1817,1827,616952,1463432
2017/02/20 00:00:00.0,1828,1854,1826,1853,561092,1433726
2017/02/21 00:00:00.0,1858,1882,1856,1865,649758,1341228
2017/02/22 00:00:00.0,1864,1888,1861,1887,600294,1327212
2017/02/23 00:00:00.0,1886,1901,1875,1887,629902,1275982
2017/02/24 00:00:00.0,1881,1919,1873,1918,921130,1331932
2017/02/27 00:00:00.0,1924,1961,1924,1954,876166,1329318
2017/02/28 00:00:00.0,1951,1972,1945,1959,610384,1304882
2017/03/01 00:00:00.0,1966,1970,1948,1958,472156,1281046
2017/03/02 00:00:00.0,1971,1980,1955,1961,485972,1259778
2017/03/03 00:00:00.0,1952,1966,1935,1965,508536,1238272
2017/03/06 00:00:00.0,1970,1996,1970,1979,621034,1251808
2017/03/07 00:00:00.0,1975,1985,1968,1975,416296,1245478
2017/03/08 00:00:00.0,1967,1969,1926,1955,825738,1131770
2017/03/09 00:00:00.0,1948,1960,1934,1952,579352,1101924
2017/03/10 00:00:00.0,1952,1954,1922,1928,573494,1074994
2017/03/13 00:00:00.0,1925,1956,1911,1954,420056,1077206
2017/03/14 00:00:00.0,1950,1976,1932,1936,648030,1038918
2017/03/15 00:00:00.0,1946,1963,1938,1963,431036,1038932
2017/03/16 00:00:00.0,1969,1987,1943,1949,759172,1058676
2017/03/17 00:00:00.0,1948,1953,1937,1941,487060,1042572
2017/03/20 00:00:00.0,1955,1983,1952,1974,545996,1055484
2017/03/21 00:00:00.0,1969,2000,1969,1997,565806,1087904
2017/03/22 00:00:00.0,2001,2036,1992,2036,786238,1200706
2017/03/23 00:00:00.0,2036,2050,2008,2021,836414,1210234
2017/03/24 00:00:00.0,2017,2063,2017,2049,703206,1229438
2017/03/27 00:00:00.0,2056,2072,2045,2063,795670,1233624
2017/03/28 00:00:00.0,2068,2072,2043,2064,627026,1211814
2017/03/29 00:00:00.0,2062,2067,2003,2015,1129352,1113496
2017/03/30 00:00:00.0,2016,2022,2006,2011,403276,1071882
2017/03/31 00:00:00.0,2016,2036,2005,2028,541688,1043360
2017/04/05 00:00:00.0,2036,2052,2021,2043,497068,1047066
2017/04/06 00:00:00.0,2043,2047,1993,2039,1064498,1046854
2017/04/07 00:00:00.0,2029,2045,2002,2006,667936,1037316
2017/04/10 00:00:00.0,2010,2015,1994,2003,545822,1043954
2017/04/11 00:00:00.0,2010,2017,1962,1971,881868,1070354
2017/04/12 00:00:00.0,1970,1981,1962,1968,375444,1029042
2017/04/13 00:00:00.0,1971,1991,1969,1987,414816,1038658
2017/04/14 00:00:00.0,1989,2011,1987,2001,449740,997542
2017/04/17 00:00:00.0,2004,2010,1984,2005,496976,957736
2017/04/18 00:00:00.0,2004,2007,1985,1988,350034,969494
2017/04/19 00:00:00.0,1984,1987,1965,1983,486966,965924
2017/04/20 00:00:00.0,1980,2001,1980,2000,371544,936208
2017/04/21 00:00:00.0,1998,2028,1986,2025,631268,935994
2017/04/24 00:00:00.0,2016,2022,1996,2001,535644,935468
2017/04/25 00:00:00.0,1999,2000,1962,1975,699408,938476
2017/04/26 00:00:00.0,1975,1986,1966,1970,424000,928562
2017/04/27 00:00:00.0,1963,1964,1939,1950,572082,962850
2017/04/28 00:00:00.0,1954,1959,1939,1940,333154,953980
2017/05/02 00:00:00.0,1944,1967,1943,1960,589750,959078
2017/05/03 00:00:00.0,1957,1957,1940,1945,475772,971378
2017/05/04 00:00:00.0,1940,1968,1931,1955,622496,968472
2017/05/05 00:00:00.0,1951,1981,1946,1964,563466,913202
2017/05/08 00:00:00.0,1968,1976,1959,1970,370954,932488
2017/05/09 00:00:00.0,1971,1971,1940,1944,534828,916488
2017/05/10 00:00:00.0,1948,1956,1941,1943,282730,898404
2017/05/11 00:00:00.0,1946,1965,1934,1965,477418,883942
2017/05/12 00:00:00.0,1960,1967,1952,1959,329022,873886
2017/05/15 00:00:00.0,1960,1973,1924,1932,845134,997870
2017/05/16 00:00:00.0,1929,1940,1919,1936,336664,975804
2017/05/17 00:00:00.0,1939,1946,1930,1938,364410,1001972
2017/05/18 00:00:00.0,1931,1936,1920,1927,407890,997274
2017/05/19 00:00:00.0,1926,1941,1923,1925,281230,969558
2017/05/22 00:00:00.0,1927,1935,1886,1899,595410,1040102
2017/05/23 00:00:00.0,1901,1909,1896,1901,285548,1004116
2017/05/24 00:00:00.0,1897,1928,1897,1922,591148,951568
2017/05/25 00:00:00.0,1921,1923,1912,1916,216698,924262
2017/05/26 00:00:00.0,1913,1929,1913,1922,332156,904834
2017/05/31 00:00:00.0,1919,1929,1913,1920,412180,875654
2017/06/01 00:00:00.0,1919,1950,1919,1944,776716,864764
2017/06/02 00:00:00.0,1940,1966,1937,1965,543174,885546
2017/06/05 00:00:00.0,1968,1981,1959,1969,539606,950736
2017/06/06 00:00:00.0,1970,1971,1961,1970,226468,936906
2017/06/07 00:00:00.0,1976,1981,1969,1973,336218,968952
2017/06/08 00:00:00.0,1978,1979,1950,1958,499200,907152
2017/06/09 00:00:00.0,1959,2001,1955,2000,602886,943134
2017/06/12 00:00:00.0,2004,2013,1986,2009,465378,913790
2017/06/13 00:00:00.0,2003,2004,1986,1987,312114,865294
2017/06/14 00:00:00.0,1989,1998,1981,1996,264372,876646
2017/06/15 00:00:00.0,1990,2015,1982,2000,405102,926662
2017/06/16 00:00:00.0,2003,2013,1989,1995,391854,880468
2017/06/19 00:00:00.0,1994,2016,1984,1987,529750,872452
2017/06/20 00:00:00.0,1983,1987,1970,1982,367312,837200
2017/06/21 00:00:00.0,1977,2000,1977,1997,341954,850484
2017/06/22 00:00:00.0,1993,2000,1987,1987,216266,825886
2017/06/23 00:00:00.0,1988,2027,1984,2017,656284,937284
2017/06/26 00:00:00.0,2021,2050,2021,2042,447090,929090
2017/06/27 00:00:00.0,2042,2049,2031,2046,378354,939548
2017/06/28 00:00:00.0,2039,2058,2023,2025,426190,880738
2017/06/29 00:00:00.0,2028,2035,2020,2024,303272,861522
2017/06/30 00:00:00.0,2027,2039,2015,2024,333994,855716
2017/07/03 00:00:00.0,2043,2047,2010,2014,401658,838948
2017/07/04 00:00:00.0,2011,2019,1987,1992,438366,795112
2017/07/05 00:00:00.0,1992,2008,1991,2002,270858,784612
2017/07/06 00:00:00.0,2005,2013,1989,1996,328344,811228
2017/07/07 00:00:00.0,1996,2024,1996,2023,469280,808948
2017/07/10 00:00:00.0,2031,2040,2009,2013,377622,787444
2017/07/11 00:00:00.0,2017,2029,2013,2018,314014,806836
2017/07/12 00:00:00.0,2022,2032,2014,2020,345482,810728
2017/07/13 00:00:00.0,2017,2020,1994,2006,496182,788162
2017/07/14 00:00:00.0,2002,2008,1994,2003,248908,776464
2017/07/17 00:00:00.0,2002,2010,1973,2010,490688,745262
2017/07/18 00:00:00.0,2012,2026,2006,2017,439488,752912
2017/07/19 00:00:00.0,2018,2024,1996,1996,398346,717242
2017/07/20 00:00:00.0,1999,2014,1996,2009,303536,729212
2017/07/21 00:00:00.0,2014,2017,1986,1987,489228,754698
2017/07/24 00:00:00.0,1982,1982,1958,1958,403028,752468
2017/07/25 00:00:00.0,1960,1970,1959,1967,304970,765600
2017/07/26 00:00:00.0,1960,1968,1945,1948,334774,747596
2017/07/27 00:00:00.0,1955,1959,1950,1954,212254,755076
2017/07/28 00:00:00.0,1958,1964,1942,1952,373588,743506
2017/07/31 00:00:00.0,1949,1954,1935,1940,277684,757422
2017/08/01 00:00:00.0,1939,1961,1938,1941,352996,732874
2017/08/02 00:00:00.0,1934,1949,1934,1946,246130,716588
2017/08/03 00:00:00.0,1949,1960,1945,1950,240040,680544
2017/08/04 00:00:00.0,1949,1960,1949,1953,194750,658704
2017/08/07 00:00:00.0,1957,1961,1919,1946,405496,652248
2017/08/08 00:00:00.0,1957,1965,1950,1961,321982,615286
2017/08/09 00:00:00.0,1963,1996,1963,1991,517624,574740
2017/08/10 00:00:00.0,1992,1998,1976,1987,292328,536298
2017/08/11 00:00:00.0,1974,2012,1973,2010,420882,518666
2017/08/14 00:00:00.0,2014,2022,2004,2009,264048,504402
2017/08/15 00:00:00.0,2014,2028,2003,2013,372042,488666
2017/08/16 00:00:00.0,2009,2021,2006,2015,208922,486958
2017/08/17 00:00:00.0,2016,2037,2016,2027,254908,514216
2017/08/18 00:00:00.0,2025,2031,2023,2026,145342,506624
2017/08/21 00:00:00.0,2035,2040,2014,2022,290798,470398
2017/08/22 00:00:00.0,2024,2050,2011,2044,295770,513898
2017/08/23 00:00:00.0,2041,2053,2030,2030,238216,493456
2017/08/24 00:00:00.0,2030,2040,2025,2038,152268,494600
2017/08/25 00:00:00.0,2040,2048,2025,2033,232062,482634
2017/08/28 00:00:00.0,2033,2039,2016,2022,243954,461632
2017/08/29 00:00:00.0,2022,2027,1996,1998,281050,432176
2017/08/30 00:00:00.0,1999,2001,1981,1981,216628,410918
2017/08/31 00:00:00.0,1985,1988,1973,1975,208846,396724
2017/09/01 00:00:00.0,1986,1992,1977,1978,182976,382142
2017/09/04 00:00:00.0,1982,2034,1982,2026,429196,404378
2017/09/05 00:00:00.0,2028,2033,2020,2029,189304,414818
2017/09/06 00:00:00.0,2030,2048,2029,2029,270468,432740
2017/09/07 00:00:00.0,2035,2044,2030,2037,157424,440602
2017/09/08 00:00:00.0,2039,2044,1985,1988,450928,377680
2017/09/11 00:00:00.0,1990,1996,1980,1987,171634,369816
2017/09/12 00:00:00.0,1984,2000,1972,1984,254906,369998
2017/09/13 00:00:00.0,1986,1988,1962,1968,311900,387390
2017/09/14 00:00:00.0,1973,2003,1972,1975,346668,376590
2017/09/15 00:00:00.0,1981,1981,1967,1970,162322,374774
2017/09/18 00:00:00.0,1965,1981,1960,1971,197054,375894
2017/09/19 00:00:00.0,1970,1979,1969,1976,143590,370402
2017/09/20 00:00:00.0,1974,1994,1964,1976,280860,368920
2017/09/21 00:00:00.0,1976,1994,1972,1991,245824,371222
2017/09/22 00:00:00.0,1988,2027,1988,2012,482774,376228
2017/09/25 00:00:00.0,2013,2017,1997,2006,207828,383100
2017/09/26 00:00:00.0,2006,2021,1999,2010,252224,384862
2017/09/27 00:00:00.0,2010,2016,1996,2011,284632,380216
2017/09/28 00:00:00.0,2007,2009,1974,1978,385048,335114
2017/09/29 00:00:00.0,1974,1985,1971,1981,172634,295286
2017/10/09 00:00:00.0,1970,1971,1940,1946,310874,353210
2017/10/10 00:00:00.0,1948,1952,1941,1946,148818,361522
2017/10/11 00:00:00.0,1950,1954,1942,1947,164948,379770
2017/10/12 00:00:00.0,1949,1955,1937,1949,264552,398842
2017/10/13 00:00:00.0,1955,1965,1948,1952,180504,364634
2017/10/16 00:00:00.0,1951,1959,1942,1951,196642,420736
2017/10/17 00:00:00.0,1948,1961,1947,1956,194458,385260
2017/10/18 00:00:00.0,1962,1970,1954,1958,131166,384666
2017/10/19 00:00:00.0,1956,1966,1946,1958,182500,376058
2017/10/20 00:00:00.0,1956,1967,1950,1953,184340,372304
2017/10/23 00:00:00.0,1944,1955,1941,1951,152834,388826
2017/10/24 00:00:00.0,1954,1960,1931,1943,310656,436444
2017/10/25 00:00:00.0,1944,1980,1944,1970,344564,382296
2017/10/26 00:00:00.0,1968,1977,1965,1977,160064,357310
2017/10/27 00:00:00.0,1975,1983,1961,1962,186232,344164
2017/10/30 00:00:00.0,1965,1965,1943,1945,228702,372540
2017/10/31 00:00:00.0,1945,1954,1939,1949,89224,354844
2017/11/01 00:00:00.0,1949,1981,1942,1972,366514,363428
2017/11/02 00:00:00.0,1970,1976,1965,1970,166628,356424
2017/11/03 00:00:00.0,1972,1997,1970,1997,302334,391708
2017/11/06 00:00:00.0,2002,2009,1993,2000,213454,402716
2017/11/07 00:00:00.0,2001,2021,1999,2017,237530,421046
2017/11/08 00:00:00.0,2020,2087,2015,2058,651400,531372
2017/11/09 00:00:00.0,2064,2076,2047,2073,389716,514222
2017/11/10 00:00:00.0,2067,2085,2060,2071,457796,563460
2017/11/13 00:00:00.0,2075,2086,2067,2081,283742,561774
2017/11/14 00:00:00.0,2078,2166,2070,2148,1178760,730032
2017/11/15 00:00:00.0,2134,2160,2126,2142,682768,713950
2017/11/16 00:00:00.0,2143,2147,2118,2118,450566,698558
2017/11/17 00:00:00.0,2116,2122,2060,2068,747228,548372
2017/11/20 00:00:00.0,2077,2088,2066,2076,328818,567322
2017/11/21 00:00:00.0,2077,2088,2061,2075,348800,534068
2017/11/22 00:00:00.0,2079,2093,2075,2078,263350,537822
2017/11/23 00:00:00.0,2086,2090,2070,2074,229958,500888
2017/11/24 00:00:00.0,2073,2094,2063,2068,366122,499096
2017/11/27 00:00:00.0,2066,2091,2065,2076,237806,487232
2017/11/28 00:00:00.0,2077,2101,2073,2081,256300,487148
2017/11/29 00:00:00.0,2082,2097,2081,2084,237362,478622
2017/11/30 00:00:00.0,2087,2093,2064,2064,290558,452348
2017/12/01 00:00:00.0,2062,2073,2045,2067,354530,434286
2017/12/04 00:00:00.0,2064,2107,2064,2095,423188,481624
2017/12/05 00:00:00.0,2089,2113,2080,2096,453722,483144
2017/12/06 00:00:00.0,2096,2123,2096,2121,340972,524282
2017/12/07 00:00:00.0,2116,2118,2077,2085,383754,446712
2017/12/08 00:00:00.0,2089,2093,2080,2083,135952,436374
2017/12/11 00:00:00.0,2081,2097,2062,2065,316208,427702
2017/12/12 00:00:00.0,2070,2076,2062,2068,199094,416000
2017/12/13 00:00:00.0,2064,2084,2064,2082,149306,407386
2017/12/14 00:00:00.0,2083,2115,2083,2097,326638,448518
2017/12/15 00:00:00.0,2094,2102,2086,2099,152430,426080
2017/12/18 00:00:00.0,2100,2144,2100,2143,331620,490186
2017/12/19 00:00:00.0,2147,2153,2131,2132,206586,488890
2017/12/20 00:00:00.0,2137,2148,2127,2139,177132,475930
2017/12/21 00:00:00.0,2142,2151,2135,2140,167072,477882
2017/12/22 00:00:00.0,2143,2149,2125,2138,212340,459470
2017/12/25 00:00:00.0,2138,2140,2097,2111,292022,443238
2017/12/26 00:00:00.0,2109,2123,2105,2120,134196,429640
2017/12/27 00:00:00.0,2119,2134,2119,2129,185740,412440
2017/12/28 00:00:00.0,2130,2137,2119,2126,125228,413302
2017/12/29 00:00:00.0,2128,2136,2122,2130,122226,401506
2018/01/02 00:00:00.0,2128,2156,2127,2145,208088,427648
2018/01/03 00:00:00.0,2146,2173,2146,2167,240744,453600
2018/01/04 00:00:00.0,2166,2168,2147,2152,169588,442430
2018/01/05 00:00:00.0,2154,2165,2151,2154,116004,432042
2018/01/08 00:00:00.0,2153,2157,2123,2123,257700,434358
2018/01/09 00:00:00.0,2125,2128,2114,2127,173844,421918
2018/01/10 00:00:00.0,2128,2133,2121,2130,135288,418586
2018/01/11 00:00:00.0,2135,2139,2116,2118,186190,421512
2018/01/12 00:00:00.0,2114,2135,2114,2133,160804,405888
2018/01/15 00:00:00.0,2137,2159,2132,2142,279588,425134
2018/01/16 00:00:00.0,2145,2147,2128,2142,155288,399658
2018/01/17 00:00:00.0,2143,2144,2120,2123,219726,390106
2018/01/18 00:00:00.0,2124,2127,2107,2122,218728,384942
2018/01/19 00:00:00.0,2122,2124,2106,2108,136036,384068
2018/01/22 00:00:00.0,2111,2111,2098,2101,160128,380672
2018/01/23 00:00:00.0,2099,2108,2089,2089,128918,385008
2018/01/24 00:00:00.0,2093,2100,2088,2092,114054,375104
2018/01/25 00:00:00.0,2096,2106,2088,2091,147184,385384
2018/01/26 00:00:00.0,2090,2098,2084,2093,158144,391884
2018/01/29 00:00:00.0,2093,2100,2091,2098,97760,385078
2018/01/30 00:00:00.0,2097,2103,2093,2095,105706,380244
2018/01/31 00:00:00.0,2097,2109,2088,2090,239100,381762
2018/02/01 00:00:00.0,2092,2137,2091,2130,428602,396346
2018/02/02 00:00:00.0,2126,2134,2118,2125,158876,364246
2018/02/05 00:00:00.0,2128,2141,2125,2136,137108,356582
2018/02/06 00:00:00.0,2137,2145,2125,2139,158106,359182
2018/02/07 00:00:00.0,2139,2161,2139,2155,201838,379466
2018/02/08 00:00:00.0,2152,2158,2145,2152,95358,378608
2018/02/09 00:00:00.0,2153,2155,2138,2149,141968,373224
2018/02/12 00:00:00.0,2151,2157,2140,2141,112014,374902
2018/02/13 00:00:00.0,2144,2145,2112,2113,198580,337756
2018/02/14 00:00:00.0,2112,2138,2112,2136,110194,325046
2018/02/22 00:00:00.0,2144,2146,2132,2139,131152,333842
2018/02/23 00:00:00.0,2142,2142,2133,2141,103994,348056
2018/02/26 00:00:00.0,2144,2188,2144,2180,423802,460050
2018/02/27 00:00:00.0,2182,2182,2168,2172,133690,447464
2018/02/28 00:00:00.0,2173,2180,2163,2172,176688,458028
2018/03/01 00:00:00.0,2174,2176,2148,2164,268878,440634
2018/03/05 00:00:00.0,2177,2210,2173,2205,341342,488500
2018/03/06 00:00:00.0,2209,2221,2197,2200,249362,488094
2018/03/07 00:00:00.0,2202,2205,2187,2191,212484,490626
2018/03/08 00:00:00.0,2192,2192,2172,2188,216238,493482
2018/03/09 00:00:00.0,2201,2202,2173,2177,276668,491296
2018/03/12 00:00:00.0,2168,2171,2147,2147,287328,456280
2018/03/13 00:00:00.0,2148,2159,2141,2156,151380,441444
2018/03/14 00:00:00.0,2156,2159,2148,2149,115342,442050
2018/03/15 00:00:00.0,2147,2147,2133,2138,194776,430352
2018/03/16 00:00:00.0,2140,2151,2139,2146,170876,415982
2018/03/19 00:00:00.0,2143,2157,2139,2151,168032,415466
2018/03/20 00:00:00.0,2143,2149,2134,2142,178850,414900
2018/03/21 00:00:00.0,2144,2157,2143,2145,196312,407060
2018/03/22 00:00:00.0,2146,2146,2125,2128,295526,421620
2018/03/23 00:00:00.0,2124,2138,2119,2132,228006,404904
2018/03/26 00:00:00.0,2139,2143,2127,2139,154644,400536
2018/03/27 00:00:00.0,2139,2141,2126,2128,169514,422178
2018/03/28 00:00:00.0,2129,2160,2124,2156,384096,423302
2018/03/29 00:00:00.0,2154,2154,2134,2140,221818,392458
2018/03/30 00:00:00.0,2150,2155,2139,2144,205780,385742
2018/04/02 00:00:00.0,2142,2144,2129,2138,244208,377312
2018/04/03 00:00:00.0,2141,2161,2133,2135,276690,370792
2018/04/04 00:00:00.0,2136,2162,2135,2161,205634,377996
2018/04/09 00:00:00.0,2165,2177,2128,2129,392176,355106
2018/04/10 00:00:00.0,2128,2128,2109,2114,356554,382866
2018/04/11 00:00:00.0,2119,2123,2114,2121,143810,370688
2018/04/12 00:00:00.0,2117,2127,2111,2120,140926,370142
2018/04/13 00:00:00.0,2122,2152,2112,2139,301820,338686
2018/04/16 00:00:00.0,2138,2139,2127,2130,120906,328940
2018/04/17 00:00:00.0,2128,2136,2124,2130,149192,315274
2018/04/18 00:00:00.0,2130,2137,2127,2132,122014,315198
2018/04/19 00:00:00.0,2133,2134,2117,2127,199386,324988
2018/04/20 00:00:00.0,2127,2149,2124,2138,286644,310486
2018/04/23 00:00:00.0,2137,2143,2124,2124,208886,302218
2018/04/24 00:00:00.0,2124,2129,2121,2122,114972,299016
2018/04/25 00:00:00.0,2123,2132,2122,2125,109436,289136
2018/04/26 00:00:00.0,2127,2128,2117,2122,139078,291308
2018/04/27 00:00:00.0,2124,2145,2121,2135,220878,281468
2018/05/02 00:00:00.0,2143,2159,2129,2159,219768,310742
2018/05/03 00:00:00.0,2155,2169,2152,2167,161352,327084
2018/05/04 00:00:00.0,2164,2167,2154,2156,117798,320748
2018/05/07 00:00:00.0,2154,2162,2146,2153,151748,305186
2018/05/08 00:00:00.0,2161,2163,2150,2158,101598,302840
2018/05/09 00:00:00.0,2161,2177,2159,2170,194458,337516
2018/05/10 00:00:00.0,2166,2182,2166,2171,130666,344672
2018/05/11 00:00:00.0,2171,2174,2160,2172,107438,332902
2018/05/14 00:00:00.0,2171,2193,2169,2180,164546,354352
2018/05/15 00:00:00.0,2180,2183,2166,2174,138672,316970
2018/05/16 00:00:00.0,2175,2192,2171,2192,144946,334806
2018/05/17 00:00:00.0,2192,2197,2183,2188,109822,339478
2018/05/18 00:00:00.0,2191,2202,2170,2202,246368,350560
2018/05/21 00:00:00.0,2204,2221,2196,2214,250660,364988
2018/05/22 00:00:00.0,2214,2216,2204,2205,93606,356360
2018/05/23 00:00:00.0,2207,2225,2193,2200,242646,336146
2018/05/24 00:00:00.0,2205,2251,2202,2230,402572,375822
2018/05/25 00:00:00.0,2227,2231,2218,2226,127798,360516
2018/05/28 00:00:00.0,2226,2241,2220,2227,166218,366064
2018/05/29 00:00:00.0,2224,2240,2219,2230,173178,363266
2018/05/30 00:00:00.0,2228,2244,2221,2225,217988,352604
2018/05/31 00:00:00.0,2224,2238,2215,2222,203064,341030
2018/06/01 00:00:00.0,2220,2229,2204,2210,206624,319252
2018/06/04 00:00:00.0,2209,2220,2204,2209,145110,317992
2018/06/05 00:00:00.0,2205,2210,2186,2196,245078,288646
2018/06/06 00:00:00.0,2198,2202,2190,2191,100058,280304
2018/06/07 00:00:00.0,2190,2197,2186,2193,111920,283302
2018/06/08 00:00:00.0,2187,2195,2175,2176,185660,264946
2018/06/11 00:00:00.0,2185,2189,2171,2182,116366,258146
2018/06/12 00:00:00.0,2182,2188,2179,2183,92322,257986
2018/06/13 00:00:00.0,2187,2207,2183,2200,230246,251972
2018/06/14 00:00:00.0,2200,2205,2194,2200,94282,241074
2018/06/15 00:00:00.0,2202,2219,2201,2211,180014,266584
2018/06/19 00:00:00.0,2280,2280,2200,2216,341084,239498
2018/06/20 00:00:00.0,2216,2232,2211,2232,153744,249678
2018/06/21 00:00:00.0,2230,2240,2224,2227,149244,257752
2018/06/22 00:00:00.0,2231,2234,2219,2233,114618,255774
2018/06/25 00:00:00.0,2231,2248,2226,2239,154296,274620
2018/06/26 00:00:00.0,2240,2249,2233,2237,144048,257878
2018/06/27 00:00:00.0,2237,2249,2237,2247,130920,268588
2018/06/28 00:00:00.0,2250,2256,2225,2235,190708,242592
2018/06/29 00:00:00.0,2236,2244,2231,2244,112166,235398
2018/07/02 00:00:00.0,2244,2256,2238,2245,147440,250446
2018/07/03 00:00:00.0,2242,2263,2241,2257,164030,279964
2018/07/04 00:00:00.0,2254,2260,2247,2252,109012,260414
2018/07/05 00:00:00.0,2254,2257,2236,2244,177134,250530
2018/07/06 00:00:00.0,2246,2250,2239,2246,95760,250238
2018/07/09 00:00:00.0,2253,2267,2251,2256,162332,274818
2018/07/10 00:00:00.0,2255,2259,2251,2256,77694,275578
2018/07/11 00:00:00.0,2254,2261,2246,2247,125986,264710
2018/07/12 00:00:00.0,2248,2252,2242,2245,88324,263920
2018/07/13 00:00:00.0,2247,2249,2242,2246,57356,262922
2018/07/16 00:00:00.0,2250,2285,2246,2281,275192,294662
2018/07/17 00:00:00.0,2281,2287,2275,2281,128878,291216
2018/07/18 00:00:00.0,2282,2291,2279,2288,126880,297228
2018/07/19 00:00:00.0,2289,2300,2283,2291,137574,296784
2018/07/20 00:00:00.0,2294,2302,2286,2299,127236,308672
2018/07/23 00:00:00.0,2301,2302,2275,2281,199426,280646
2018/07/24 00:00:00.0,2282,2288,2277,2285,91130,272484
2018/07/25 00:00:00.0,2289,2291,2272,2274,142720,271576
2018/07/26 00:00:00.0,2273,2279,2268,2273,112476,266240
2018/07/27 00:00:00.0,2272,2273,2261,2262,120152,255210
2018/07/30 00:00:00.0,2261,2281,2261,2280,132010,265338
2018/07/31 00:00:00.0,2280,2289,2277,2286,114734,256824
2018/08/01 00:00:00.0,2285,2286,2278,2283,121304,248614
2018/08/02 00:00:00.0,2284,2288,2273,2278,85210,242584
2018/08/03 00:00:00.0,2281,2296,2279,2287,161744,246384
2018/08/06 00:00:00.0,2291,2359,2290,2334,399544,270508
2018/08/07 00:00:00.0,2337,2350,2331,2334,215946,260250
2018/08/08 00:00:00.0,2332,2354,2330,2347,277424,268154
2018/08/10 00:00:00.0,2353,2369,2352,2357,167750,271590
2018/08/13 00:00:00.0,2352,2385,2349,2375,191744,287434
2018/08/14 00:00:00.0,2377,2380,2364,2367,126716,282218
2018/08/15 00:00:00.0,2371,2385,2368,2373,143202,288796
2018/08/16 00:00:00.0,2363,2372,2356,2362,131424,271588
2018/08/17 00:00:00.0,2356,2360,2334,2339,205952,230488
2018/08/20 00:00:00.0,2339,2351,2337,2339,123730,228706
2018/08/21 00:00:00.0,2339,2340,2321,2331,126006,232164
2018/08/22 00:00:00.0,2325,2355,2325,2350,210690,247438
2018/08/23 00:00:00.0,2350,2364,2338,2340,204860,244882
2018/08/24 00:00:00.0,2340,2348,2334,2341,106014,241340
2018/08/27 00:00:00.0,2339,2357,2329,2336,139802,239200
2018/08/28 00:00:00.0,2339,2352,2336,2343,156256,235300
2018/08/29 00:00:00.0,2342,2347,2321,2328,187162,231316
2018/08/30 00:00:00.0,2332,2341,2329,2337,136398,225822
2018/08/31 00:00:00.0,2337,2373,2331,2362,302006,235832
2018/09/03 00:00:00.0,2363,2376,2359,2372,177940,258700
2018/09/04 00:00:00.0,2371,2389,2363,2368,224220,267006
2018/09/05 00:00:00.0,2366,2372,2360,2363,98334,257026
2018/09/06 00:00:00.0,2367,2373,2356,2359,153748,256302
2018/09/07 00:00:00.0,2360,2378,2355,2371,153376,263626
2018/09/10 00:00:00.0,2370,2383,2366,2379,176440,281324
2018/09/11 00:00:00.0,2377,2387,2369,2373,148936,278542
2018/09/12 00:00:00.0,2377,2378,2359,2364,171024,264892
2018/09/13 00:00:00.0,2357,2357,2333,2342,191572,255204
2018/09/14 00:00:00.0,2343,2347,2337,2341,92408,244548
2018/09/17 00:00:00.0,2336,2345,2336,2341,85672,243208
2018/09/18 00:00:00.0,2341,2372,2341,2357,241012,227252
2018/09/19 00:00:00.0,2358,2360,2349,2354,122970,232014
2018/09/20 00:00:00.0,2355,2358,2338,2346,153432,240950
2018/09/21 00:00:00.0,2350,2353,2337,2340,148452,251778
2018/09/25 00:00:00.0,2341,2341,2317,2322,168632,267860
2018/09/26 00:00:00.0,2325,2334,2321,2322,117624,274920
2018/09/27 00:00:00.0,2318,2326,2313,2322,147204,271880
2018/09/28 00:00:00.0,2319,2330,2316,2329,108748,249706
2018/10/08 00:00:00.0,2326,2346,2325,2340,157588,246466
2018/10/09 00:00:00.0,2340,2343,2333,2336,118844,248876
2018/10/10 00:00:00.0,2339,2341,2320,2331,194492,256360
2018/10/11 00:00:00.0,2330,2367,2324,2367,350888,260508
2018/10/12 00:00:00.0,2368,2391,2359,2383,215308,278956
2018/10/15 00:00:00.0,2389,2395,2371,2371,183060,294158
2018/10/16 00:00:00.0,2373,2381,2364,2371,141652,292490
2018/10/17 00:00:00.0,2373,2383,2368,2383,148300,307608
2018/10/18 00:00:00.0,2383,2391,2377,2382,163150,299292
2018/10/19 00:00:00.0,2382,2410,2377,2385,344804,299998
2018/10/22 00:00:00.0,2393,2406,2385,2406,196742,311518
2018/10/23 00:00:00.0,2407,2418,2393,2394,269264,305614
2018/10/24 00:00:00.0,2399,2408,2389,2405,165478,312400
2018/10/25 00:00:00.0,2407,2431,2403,2423,341842,344044
2018/10/26 00:00:00.0,2421,2434,2413,2429,218638,348280
2018/10/29 00:00:00.0,2434,2439,2419,2431,171948,357548
2018/10/30 00:00:00.0,2426,2444,2426,2437,203486,379398
2018/10/31 00:00:00.0,2436,2438,2406,2421,283424,323166
2018/11/01 00:00:00.0,2422,2423,2410,2412,157258,320512
2018/11/02 00:00:00.0,2397,2403,2383,2398,252242,300006
2018/11/05 00:00:00.0,2397,2410,2395,2399,141198,294162
2018/11/06 00:00:00.0,2403,2405,2388,2392,184270,288498
2018/11/07 00:00:00.0,2391,2417,2381,2401,271504,281546
2018/11/08 00:00:00.0,2400,2405,2391,2395,175252,280604
2018/11/09 00:00:00.0,2400,2412,2393,2410,266290,280178
2018/11/12 00:00:00.0,2415,2429,2404,2418,280922,275042
2018/11/13 00:00:00.0,2417,2426,2403,2416,266714,265684
2018/11/14 00:00:00.0,2416,2423,2390,2395,312302,253812
2018/11/15 00:00:00.0,2393,2402,2380,2380,257974,262230
2018/11/16 00:00:00.0,2380,2395,2380,2391,194792,251578
2018/11/19 00:00:00.0,2391,2398,2374,2390,210966,248358
2018/11/20 00:00:00.0,2390,2397,2379,2383,222542,255192
2018/11/21 00:00:00.0,2379,2395,2373,2392,224468,238090
2018/11/22 00:00:00.0,2389,2393,2371,2381,232944,254762
2018/11/23 00:00:00.0,2384,2385,2377,2382,147130,250022
2018/11/26 00:00:00.0,2386,2399,2383,2391,241200,244924
2018/11/27 00:00:00.0,2388,2410,2384,2409,208650,245156
2018/11/28 00:00:00.0,2410,2429,2398,2428,257318,268586
2018/11/29 00:00:00.0,2428,2437,2415,2418,182742,262018
2018/11/30 00:00:00.0,2417,2421,2409,2421,181896,257828
2018/12/03 00:00:00.0,2412,2420,2355,2358,462404,232206
2018/12/04 00:00:00.0,2364,2369,2348,2357,371240,269592
2018/12/05 00:00:00.0,2354,2368,2350,2361,325462,270526
2018/12/06 00:00:00.0,2363,2368,2356,2360,181446,265012
2018/12/07 00:00:00.0,2356,2360,2322,2335,352748,276146
2018/12/10 00:00:00.0,2329,2348,2329,2335,200490,265404
2018/12/11 00:00:00.0,2336,2344,2329,2341,159368,270148
2018/12/12 00:00:00.0,2344,2346,2333,2342,191712,262190
2018/12/13 00:00:00.0,2344,2344,2334,2341,100058,257710
2018/12/14 00:00:00.0,2337,2346,2327,2340,184572,255540
2018/12/17 00:00:00.0,2338,2338,2326,2327,138360,271144
2018/12/18 00:00:00.0,2324,2328,2313,2322,198152,266374
2018/12/19 00:00:00.0,2319,2338,2317,2336,176328,236046
2018/12/20 00:00:00.0,2333,2340,2330,2337,94254,236582
2018/12/21 00:00:00.0,2334,2337,2331,2333,82420,222438
2018/12/24 00:00:00.0,2328,2328,2300,2306,185712,252928
2018/12/25 00:00:00.0,2308,2324,2305,2321,154540,233004
2018/12/26 00:00:00.0,2321,2330,2317,2325,137018,213904
2018/12/27 00:00:00.0,2329,2333,2316,2316,140930,206116
2018/12/28 00:00:00.0,2316,2336,2316,2333,144852,193532
2019/01/02 00:00:00.0,2331,2331,2321,2324,80730,187844
2019/01/03 00:00:00.0,2328,2352,2325,2340,131246,184634
2019/01/04 00:00:00.0,2341,2341,2330,2336,116592,193576
2019/01/07 00:00:00.0,2335,2338,2312,2315,203072,207922
2019/01/08 00:00:00.0,2317,2317,2294,2297,242516,248912
2019/01/09 00:00:00.0,2300,2302,2292,2298,125800,252384
2019/01/10 00:00:00.0,2297,2299,2284,2286,125820,263432
2019/01/11 00:00:00.0,2287,2289,2271,2275,153238,273406
2019/01/14 00:00:00.0,2268,2271,2257,2263,161590,277772
2019/01/15 00:00:00.0,2261,2267,2257,2262,107540,283682
2019/01/16 00:00:00.0,2261,2282,2253,2274,242000,265640
2019/01/17 00:00:00.0,2270,2273,2263,2267,127432,269836
2019/01/18 00:00:00.0,2266,2275,2264,2269,100526,270328
2019/01/21 00:00:00.0,2271,2291,2271,2285,133096,247174
2019/01/22 00:00:00.0,2285,2294,2285,2292,119330,233762
2019/01/23 00:00:00.0,2292,2300,2285,2287,94358,228608
2019/01/24 00:00:00.0,2288,2292,2282,2288,84956,222774
