2013/12/06 00:00:00.0,74.75,74.95,71.85,72.1,102548,10790
2013/12/09 00:00:00.0,71.55,76.1,71.45,74.2,382344,27434
2013/12/10 00:00:00.0,74,74.85,72.35,72.65,429552,37802
2013/12/11 00:00:00.0,72.65,73.5,72.4,73.4,257146,35576
2013/12/12 00:00:00.0,73.5,75.85,73.35,75.4,408280,41316
2013/12/13 00:00:00.0,75.2,75.85,73.85,74.85,461838,42558
2013/12/16 00:00:00.0,74.9,75.65,73.65,74.75,273580,40968
2013/12/17 00:00:00.0,74.9,75.35,74.25,74.25,200952,38326
2013/12/18 00:00:00.0,74.05,74.45,73,73.6,186580,33412
2013/12/19 00:00:00.0,73.65,73.85,72.8,73,128644,30808
2013/12/20 00:00:00.0,73,73.65,72.65,73.35,100620,32466
2013/12/23 00:00:00.0,73.15,75.7,72.9,74.85,352322,49978
2013/12/24 00:00:00.0,75,75.35,74.3,74.6,211942,38738
2013/12/25 00:00:00.0,74.6,75.15,74.1,74.25,143346,34080
2013/12/26 00:00:00.0,74.3,74.3,71.75,71.75,267986,56674
2013/12/27 00:00:00.0,71.55,73.1,71.55,72.55,289870,43184
2013/12/30 00:00:00.0,72.15,72.2,69.4,70.95,366872,46142
2013/12/31 00:00:00.0,70.75,70.9,69.65,69.9,185088,50936
2014/01/02 00:00:00.0,69.85,70.1,69.1,69.45,128044,51780
2014/01/03 00:00:00.0,69.35,70,68.85,69.6,145460,57648
2014/01/06 00:00:00.0,69.5,69.6,66.7,66.8,349030,89296
2014/01/07 00:00:00.0,66.8,67.3,66.15,66.9,265098,80148
2014/01/08 00:00:00.0,66.55,66.85,65.25,65.8,208454,80014
2014/01/09 00:00:00.0,65.3,68.45,65.25,66.65,531794,80488
2014/01/10 00:00:00.0,66.4,67.45,66.15,67,200272,70048
2014/01/13 00:00:00.0,67.1,67.4,66.15,66.7,134598,64198
2014/01/14 00:00:00.0,66.8,68.15,66.35,67.85,203960,59706
2014/01/15 00:00:00.0,67.75,68,67.05,67.3,134244,54326
2014/01/16 00:00:00.0,67.4,67.4,64.8,64.8,338886,88210
2014/01/17 00:00:00.0,64.75,65.45,64.55,65.2,196322,70122
2014/01/20 00:00:00.0,65.25,66.75,65.05,65.75,211798,69650
2014/01/21 00:00:00.0,65.7,65.75,64.95,65.15,145830,69508
2014/01/22 00:00:00.0,65,66.15,64.85,65.2,193618,66324
2014/01/23 00:00:00.0,65,66,64.9,65.85,247718,78094
2014/01/24 00:00:00.0,65.7,66.5,65.6,65.8,169898,76178
2014/01/27 00:00:00.0,65.95,65.95,64.9,65.25,154266,74582
2014/01/28 00:00:00.0,65.15,65.55,62.75,63.95,351136,66026
2014/01/29 00:00:00.0,63.9,65.55,63.25,65.45,311486,55568
2014/01/30 00:00:00.0,65.55,65.7,64.4,64.85,148950,54312
2014/02/07 00:00:00.0,64.85,66,64.85,65.15,111060,63394
2014/02/10 00:00:00.0,65.1,65.75,64.5,65.7,175674,79184
2014/02/11 00:00:00.0,65.85,66.85,65.5,65.6,412490,116690
2014/02/12 00:00:00.0,65.6,65.75,64.25,65.25,227052,114504
2014/02/13 00:00:00.0,65.2,65.9,64.9,65.35,238436,118890
2014/02/14 00:00:00.0,65.45,65.75,65.15,65.45,160454,118406
2014/02/17 00:00:00.0,65.65,67.3,65.6,66.55,490916,168586
2014/02/18 00:00:00.0,66.5,67.15,65.05,65.45,506306,184792
2014/02/19 00:00:00.0,65.5,65.7,64.05,64.6,585850,186480
2014/02/20 00:00:00.0,64.7,65.1,64.4,64.8,287766,162886
2014/02/21 00:00:00.0,64.75,65,64.5,64.85,203496,150008
2014/02/24 00:00:00.0,64.9,64.95,63.15,64.6,364570,127000
2014/02/25 00:00:00.0,64.55,65.15,64.2,64.25,209576,127550
2014/02/26 00:00:00.0,64.25,64.65,63.45,64.2,207210,128874
2014/02/27 00:00:00.0,64.15,64.45,62.45,62.75,453730,155234
2014/02/28 00:00:00.0,62.75,63.15,62.05,62.05,317586,162276
2014/03/03 00:00:00.0,62.05,62.4,61.6,62.05,197414,151590
2014/03/04 00:00:00.0,62.05,63.15,61.4,62.45,287100,144046
2014/03/05 00:00:00.0,62.6,63.4,62.45,62.85,287286,166786
2014/03/06 00:00:00.0,62.8,63.4,62.35,62.55,277190,185550
2014/03/07 00:00:00.0,62.7,63.75,62.4,63.4,399690,143440
2014/03/10 00:00:00.0,63.05,63.8,60.5,62.3,515524,128886
2014/03/11 00:00:00.0,62.3,64.25,62.15,63.8,325862,116466
2014/03/12 00:00:00.0,63.25,65.8,63.1,64.8,384198,127756
2014/03/13 00:00:00.0,64.85,65.3,64.25,64.95,186696,132050
2014/03/14 00:00:00.0,64.95,65.25,63.35,63.55,258816,136340
2014/03/17 00:00:00.0,63.9,63.9,61.7,62.3,400002,135598
2014/03/18 00:00:00.0,62.55,63.65,62.4,63.1,219548,125574
2014/03/19 00:00:00.0,63.15,63.85,62.8,63.3,229556,135832
2014/03/20 00:00:00.0,63.35,63.6,62.65,63.1,156650,131906
2014/03/21 00:00:00.0,63.05,64.75,62.3,64.3,411906,109332
2014/03/24 00:00:00.0,64.25,64.55,63.85,64.4,150026,109852
2014/03/25 00:00:00.0,64.35,65.4,63.7,63.85,249616,109148
2014/03/26 00:00:00.0,63.65,64.7,63.6,64.5,108946,109782
2014/03/27 00:00:00.0,64.5,66.2,64.45,65.05,261852,123452
2014/03/28 00:00:00.0,65.05,66.05,65.05,65.95,125732,125566
2014/03/31 00:00:00.0,66.15,67.6,66.15,67,257274,125762
2014/04/01 00:00:00.0,67.05,67.95,66.45,66.55,217210,119432
2014/04/02 00:00:00.0,66.65,66.9,65.6,66,194864,114616
2014/04/03 00:00:00.0,66,67,65.65,67,122100,119224
2014/04/04 00:00:00.0,67.15,67.75,65.5,65.6,285120,137526
2014/04/08 00:00:00.0,65.6,65.85,64.15,65.65,258262,147020
2014/04/09 00:00:00.0,65.75,67.25,65.6,66.45,390632,151434
2014/04/10 00:00:00.0,66.3,67.4,66.25,66.75,356848,158240
2014/04/11 00:00:00.0,66.6,67.05,65.75,65.8,209760,153954
2014/04/14 00:00:00.0,65.85,67,64.9,65.3,321850,152954
2014/04/15 00:00:00.0,65.2,65.6,62.6,63.15,413436,150726
2014/04/16 00:00:00.0,63,63.25,62,62.25,299536,131792
2014/04/17 00:00:00.0,62.4,63.8,62.4,63.15,413290,124238
2014/04/18 00:00:00.0,63.15,63.35,62.5,62.75,194696,108548
2014/04/21 00:00:00.0,62.85,64.6,62.3,63.7,376600,114884
2014/04/22 00:00:00.0,63.7,64.05,63,63.4,194312,113826
2014/04/23 00:00:00.0,63.6,63.75,62.95,63.4,145360,107806
2014/04/24 00:00:00.0,63.5,63.95,63.25,63.5,128666,108972
2014/04/25 00:00:00.0,63.6,64.1,63.4,63.6,101500,100132
2014/04/28 00:00:00.0,63.5,63.9,62.55,63.55,129322,96022
2014/04/29 00:00:00.0,63.65,63.85,62.95,63.05,121610,99680
2014/04/30 00:00:00.0,62.85,63.3,62.4,62.75,151524,88728
2014/05/05 00:00:00.0,62.5,63.7,62.5,63.55,131450,85198
2014/05/06 00:00:00.0,63.75,64.3,63.3,63.3,137060,89000
2014/05/07 00:00:00.0,63.25,63.6,62.95,63.1,95562,81790
2014/05/08 00:00:00.0,63.1,63.3,62,62.85,201618,83816
2014/05/09 00:00:00.0,62.95,63.05,61.8,61.85,132330,105528
2014/05/12 00:00:00.0,61.6,62.5,60.85,62.4,184348,96674
2014/05/13 00:00:00.0,62.5,62.9,61.6,61.65,122040,104178
2014/05/14 00:00:00.0,61.75,62.1,60.95,61.4,170522,122110
2014/05/15 00:00:00.0,61.45,61.8,61,61.1,112520,114774
2014/05/16 00:00:00.0,61,61,59.15,60.05,312498,131228
2014/05/19 00:00:00.0,60.2,60.4,59.6,59.85,122120,126878
2014/05/20 00:00:00.0,59.8,59.95,59,59.55,178402,139556
2014/05/21 00:00:00.0,59.5,59.8,58.75,59.15,121774,151648
2014/05/22 00:00:00.0,59.35,59.8,58.95,59.1,108336,150864
2014/05/23 00:00:00.0,59.05,60.1,58.65,59.5,223686,148218
2014/05/26 00:00:00.0,59.55,60.1,59.25,59.95,143856,144774
2014/05/27 00:00:00.0,59.85,60.6,59.55,59.6,229762,142594
2014/05/28 00:00:00.0,59.6,59.75,59.2,59.3,107116,143718
2014/05/29 00:00:00.0,59.1,59.4,58.8,58.9,100394,153502
2014/05/30 00:00:00.0,58.95,59.25,58.5,58.85,167382,161888
2014/06/03 00:00:00.0,58.8,59.25,58.75,59.2,73264,158482
2014/06/04 00:00:00.0,59.2,59.6,58.55,58.6,173642,186350
2014/06/05 00:00:00.0,58.55,59.25,58.45,59.15,122604,167210
2014/06/06 00:00:00.0,59.2,59.55,59,59.4,97520,152276
2014/06/09 00:00:00.0,59.5,59.5,58.9,59.1,84026,156994
2014/06/10 00:00:00.0,59.2,59.7,58.95,59.6,107168,147754
2014/06/11 00:00:00.0,59.7,60.4,59.35,59.35,209780,135516
2014/06/12 00:00:00.0,59.4,59.65,59.15,59.5,87286,142390
2014/06/13 00:00:00.0,59.4,59.95,59.25,59.25,111868,146094
2014/06/16 00:00:00.0,59.25,59.5,58.95,58.95,79868,169176
2014/06/17 00:00:00.0,59.1,59.55,58.9,59.55,98240,155464
2014/06/18 00:00:00.0,59.6,59.8,59.2,59.25,73018,153396
2014/06/19 00:00:00.0,59.45,59.55,58.95,59.05,82674,164400
2014/06/20 00:00:00.0,59.2,59.8,59.05,59.75,78226,147268
2014/06/23 00:00:00.0,59.75,60.25,59.5,59.7,105828,144728
2014/06/24 00:00:00.0,59.6,60.25,59.35,59.75,103902,145632
2014/06/25 00:00:00.0,59.8,61.2,59.75,60.1,271520,143896
2014/06/26 00:00:00.0,60.2,60.9,60,60.85,128822,136556
2014/06/27 00:00:00.0,60.8,61,60.15,60.55,110794,137932
2014/06/30 00:00:00.0,60.45,61.3,59.9,59.9,162180,135150
2014/07/01 00:00:00.0,60,60,59.55,59.6,74278,138156
2014/07/02 00:00:00.0,59.55,60.15,59.45,59.95,88220,130210
2014/07/03 00:00:00.0,59.8,60.4,59.8,60.05,86218,127196
2014/07/04 00:00:00.0,60.15,60.25,59.55,59.55,72700,133936
2014/07/07 00:00:00.0,59.5,59.7,59.15,59.55,92250,146352
2014/07/08 00:00:00.0,59.55,59.65,59.4,59.5,41064,146162
2014/07/09 00:00:00.0,59.4,59.6,59.15,59.15,49022,154696
2014/07/10 00:00:00.0,59.1,59.85,59.1,59.75,72986,146170
2014/07/11 00:00:00.0,59.9,60.7,59.75,60.55,129588,137852
2014/07/14 00:00:00.0,60.45,60.7,60.05,60.3,47016,139856
2014/07/15 00:00:00.0,60.4,60.6,60.15,60.35,47396,128906
2014/07/16 00:00:00.0,60.45,61.9,60.3,61.25,196622,125518
2014/07/17 00:00:00.0,61.3,61.75,61.15,61.5,59852,124384
2014/07/18 00:00:00.0,61.6,62.6,60.25,60.75,78706,120448
2014/07/21 00:00:00.0,60.85,61.6,60.7,61.55,49196,120350
2014/07/22 00:00:00.0,61.5,62.25,61.1,61.35,46762,121504
2014/07/23 00:00:00.0,61.4,61.6,61.1,61.35,35880,122684
2014/07/24 00:00:00.0,61.35,61.8,61,61.7,52388,125668
2014/07/25 00:00:00.0,61.8,62.3,61.5,61.9,107460,124048
2014/07/28 00:00:00.0,62,62.55,61.7,62.25,89266,122732
2014/07/29 00:00:00.0,62.3,62.45,61.85,61.9,55142,115490
2014/07/30 00:00:00.0,61.75,62.15,61.6,61.7,44116,110326
2014/07/31 00:00:00.0,61.75,63.45,61.7,63.05,183104,111878
2014/08/01 00:00:00.0,63.05,63.15,62.45,62.8,86404,98220
2014/08/04 00:00:00.0,62.85,63.8,62.85,63.35,79318,88248
2014/08/05 00:00:00.0,63.35,63.55,62.95,63.45,40098,84900
2014/08/06 00:00:00.0,63.45,63.5,62.95,63.1,30068,80860
2014/08/07 00:00:00.0,61.95,63.65,61.95,63.5,122038,89174
2014/08/08 00:00:00.0,64,64,63.4,63.95,59210,85724
2014/08/11 00:00:00.0,63.95,64.65,63.8,64.5,74698,83638
2014/08/12 00:00:00.0,64.55,64.8,64.05,64.7,59152,77094
2014/08/13 00:00:00.0,64.35,65.05,64.1,64.4,85282,66076
2014/08/14 00:00:00.0,64.5,64.55,62.45,63,91276,55672
2014/08/15 00:00:00.0,62.8,63.65,62.75,63.2,48332,52182
2014/08/18 00:00:00.0,63.15,63.4,62.3,62.8,38246,51962
2014/08/19 00:00:00.0,62.85,63,62.3,62.65,29922,50238
2014/08/20 00:00:00.0,62.55,63.2,62.05,62.2,32692,50264
2014/08/21 00:00:00.0,61.9,62.55,61.75,61.85,25278,49160
2014/08/22 00:00:00.0,61.75,61.75,60.15,61.4,50750,47418
2014/08/25 00:00:00.0,61.35,61.85,61.3,61.6,25434,48618
2014/08/26 00:00:00.0,61.35,62.25,61.3,62.15,31116,46218
2014/08/27 00:00:00.0,62.35,63.15,62.15,62.35,55214,43256
2014/08/28 00:00:00.0,62.05,62.45,61.85,62,38700,38938
2014/08/29 00:00:00.0,61.5,61.85,59.85,59.85,45372,32372
2014/09/01 00:00:00.0,59.8,59.8,57.8,59,46908,34600
2014/09/02 00:00:00.0,58.75,59.35,58.75,58.9,19028,33772
2014/09/03 00:00:00.0,58.95,59.2,58.65,58.75,10714,34602
2014/09/04 00:00:00.0,58.6,59.3,58.6,59,13574,33594
2014/09/05 00:00:00.0,58.85,59.2,58.65,59.1,17406,33662
2014/09/09 00:00:00.0,58.9,60.05,58.9,60.05,33256,31700
2014/09/10 00:00:00.0,60,60.95,59.8,60.6,54984,30568
2014/09/11 00:00:00.0,60.65,60.85,60.35,60.75,34210,32108
2014/09/12 00:00:00.0,60.75,61.25,60.15,61,42764,32332
2014/09/15 00:00:00.0,60.95,63.15,60.75,61.7,60940,35070
2014/09/16 00:00:00.0,61.8,63,61.65,62.35,73916,47110
2014/09/17 00:00:00.0,62.25,62.65,62,62,36508,45148
2014/09/18 00:00:00.0,62,62.7,61.85,62.2,45536,43958
2014/09/19 00:00:00.0,62.25,62.6,61.5,61.8,46056,42452
2014/09/22 00:00:00.0,61.6,61.8,59.9,60.6,65930,33400
2014/09/23 00:00:00.0,60.7,61.1,60.5,60.55,28282,29264
2014/09/24 00:00:00.0,60.7,61.1,60.2,60.8,37882,27148
2014/09/25 00:00:00.0,60.9,61.8,60.05,60.05,35942,24884
2014/09/26 00:00:00.0,60.1,60.75,60.1,60.5,27702,23638
2014/09/29 00:00:00.0,60.9,61.7,60.6,61.1,35686,24632
2014/09/30 00:00:00.0,61.1,61.85,61.1,61.65,24752,25214
2014/10/08 00:00:00.0,61.6,62.7,61.1,61.15,32194,28308
2014/10/09 00:00:00.0,61.35,61.95,61,61.85,21296,29532
2014/10/10 00:00:00.0,61.65,61.95,60.8,60.85,29506,26466
2014/10/13 00:00:00.0,60.85,61.95,60.8,61.7,22550,26662
2014/10/14 00:00:00.0,61.7,62.3,61.5,61.7,15046,27798
2014/10/15 00:00:00.0,61.55,62.1,60.9,60.9,22338,25382
2014/10/16 00:00:00.0,61.1,61.4,60.75,60.95,29552,26892
2014/10/17 00:00:00.0,61.2,61.65,61.05,61.35,16996,25618
2014/10/20 00:00:00.0,61.35,61.45,60.75,60.9,17380,26388
2014/10/21 00:00:00.0,60.9,61.3,60.75,60.9,12800,25264
2014/10/22 00:00:00.0,60.95,61.4,60.85,61.25,21150,25124
2014/10/23 00:00:00.0,61.2,62,61.15,62,29498,26914
2014/10/24 00:00:00.0,62.15,62.55,61.8,62.5,26158,32068
2014/10/27 00:00:00.0,62.6,63.15,61.65,61.7,21914,29522
2014/10/28 00:00:00.0,61.65,61.8,61.2,61.35,13184,26464
2014/10/29 00:00:00.0,60.35,62.05,60.35,61.9,23358,26392
2014/10/30 00:00:00.0,61.9,62.3,61.6,61.65,15198,25752
2014/10/31 00:00:00.0,61.95,62.1,61.45,61.55,10532,24236
2014/11/03 00:00:00.0,61.85,61.95,61.55,61.65,12240,23492
2014/11/04 00:00:00.0,61.8,62.35,59.65,59.9,71650,26712
2014/11/05 00:00:00.0,59.9,60.3,59.8,60.05,23954,26276
2014/11/06 00:00:00.0,60,60.4,59.2,60.35,33338,27990
2014/11/07 00:00:00.0,60.2,60.45,59.95,60.4,14564,27332
2014/11/10 00:00:00.0,60.35,60.4,59.9,60.1,15484,29576
2014/11/11 00:00:00.0,59.9,60.6,59.8,60.4,15612,30008
2014/11/12 00:00:00.0,60.45,60.6,60.15,60.35,12914,28652
2014/11/13 00:00:00.0,60.3,60.5,60.2,60.35,7948,28686
2014/11/14 00:00:00.0,60.6,63.2,60.25,61.5,33570,21554
2014/11/17 00:00:00.0,62.05,62.35,61.8,62.25,21818,17976
2014/11/18 00:00:00.0,62.45,62.6,62.1,62.4,9958,17610
2014/11/19 00:00:00.0,62.4,62.55,61.95,62.25,9858,15412
2014/11/20 00:00:00.0,62.45,62.45,61.95,62.1,6234,14862
2014/11/21 00:00:00.0,62.15,62.4,61.45,62.2,13760,13904
2014/11/24 00:00:00.0,62.25,63.5,62.1,63.15,23782,15206
2014/11/25 00:00:00.0,63.3,64,62.25,62.65,52176,16962
2014/11/26 00:00:00.0,62.55,62.7,61.55,62.25,29504,15124
2014/11/27 00:00:00.0,62.1,62.4,61.6,61.8,11714,14314
2014/11/28 00:00:00.0,61.55,62.25,60.8,61.4,10796,13560
2014/12/01 00:00:00.0,61.1,62.65,60.6,61.7,15536,12312
2014/12/02 00:00:00.0,61.7,62.35,61.6,62.2,17198,12396
2014/12/03 00:00:00.0,62.4,62.4,61.45,61.45,10464,11796
2014/12/04 00:00:00.0,61.4,61.75,60.5,60.55,15088,10922
2014/12/05 00:00:00.0,60.6,61.15,59.9,61.1,12286,10040
2014/12/08 00:00:00.0,61,61.2,58.2,59.15,14682,11656
2014/12/09 00:00:00.0,59,60.35,57.15,59.7,32892,14750
2014/12/10 00:00:00.0,60.5,61.85,60.45,61.85,16472,13400
2014/12/11 00:00:00.0,62.3,62.9,61.6,61.7,15898,13432
2014/12/12 00:00:00.0,61.85,62.25,61.5,61.85,6874,13280
2014/12/15 00:00:00.0,61.7,62.05,61.3,62.05,4078,12226
2014/12/16 00:00:00.0,62,62.85,61.9,61.95,16488,9298
2014/12/17 00:00:00.0,61.85,62.15,60.5,60.5,12846,7294
2014/12/18 00:00:00.0,60.35,60.55,59,59.15,10318,6784
2014/12/19 00:00:00.0,58.9,59.75,58.8,59.2,4256,6778
2014/12/22 00:00:00.0,59.4,60.5,59.15,60.25,4732,6576
2014/12/23 00:00:00.0,60.2,60.5,58.9,59.7,4216,6732
2014/12/24 00:00:00.0,59.95,60.9,59.7,60.9,4660,6216
2014/12/25 00:00:00.0,61,61.65,60.7,61.3,4406,6320
2014/12/26 00:00:00.0,61.35,61.5,59.55,61.35,4684,5102
2014/12/29 00:00:00.0,61.3,62.15,61.2,62.1,8086,4516
2014/12/30 00:00:00.0,62.5,63.25,62.05,63,8880,3832
2014/12/31 00:00:00.0,62.5,63.3,61,61,6278,2876
2015/01/05 00:00:00.0,61.35,61.35,60.7,60.7,2358,3030
2015/01/06 00:00:00.0,60.8,61.25,60.5,60.55,2458,3156
2015/01/07 00:00:00.0,60.6,61.15,60.5,60.7,1550,3164
2015/01/08 00:00:00.0,61.25,61.35,60.9,61.15,1920,2984
2015/01/09 00:00:00.0,61.65,61.65,59.75,60,4438,3146
2015/01/12 00:00:00.0,59.9,60.2,59.45,60.1,3988,3242
2015/01/13 00:00:00.0,60.15,60.4,59.85,60.2,2200,3330
2015/01/14 00:00:00.0,59.65,60.15,58.65,58.7,7660,4278
2015/01/15 00:00:00.0,59.05,60.05,58,59.3,12780,4448
2015/01/16 00:00:00.0,59.1,59.65,58.75,59.05,4002,4140
2015/01/19 00:00:00.0,58.95,59.05,58.1,58.7,4260,3638
2015/01/20 00:00:00.0,58.8,59.35,58.05,58.1,2682,3064
2015/01/21 00:00:00.0,58.1,58.6,58.05,58.45,1908,2766
2015/01/22 00:00:00.0,58.5,58.8,58.25,58.25,1312,3006
2015/01/23 00:00:00.0,58.25,58.7,58.05,58.5,1388,2812
2015/01/26 00:00:00.0,58.6,59.35,58,58.35,1598,2694
2015/01/27 00:00:00.0,58.45,58.65,57.9,58,1594,2606
2015/01/28 00:00:00.0,57.95,58.25,57.9,58.15,884,2554
2015/01/29 00:00:00.0,58.05,58.15,57.6,57.85,1210,2540
2015/01/30 00:00:00.0,57.8,58.05,57.35,57.35,2408,2772
2015/02/02 00:00:00.0,57.45,58,56.8,57.45,4488,3722
2015/02/03 00:00:00.0,57.6,58,57.35,57.95,1512,3410
2015/02/04 00:00:00.0,58,58.4,57.4,57.4,1794,3112
2015/02/05 00:00:00.0,57.6,57.85,57.35,57.55,1278,3220
2015/02/06 00:00:00.0,57.65,58.2,57.5,57.6,1340,3098
2015/02/09 00:00:00.0,57.85,58.15,57.65,58,818,2902
2015/02/10 00:00:00.0,58,58.9,57.55,58.25,1202,2698
2015/02/11 00:00:00.0,58.25,58.4,57.9,58.35,860,2484
2015/02/12 00:00:00.0,58.3,58.6,58.05,58.35,788,2346
2015/02/13 00:00:00.0,58.4,59.25,58.3,59.1,1572,1768
2015/02/16 00:00:00.0,59.25,59.75,58.8,59.05,1734,1464
2015/02/17 00:00:00.0,59.25,59.3,57.6,58.05,1654,1314
2015/02/25 00:00:00.0,57.9,58.75,57.9,58.5,738,1186
2015/02/26 00:00:00.0,58.3,59,58.3,58.55,836,1224
2015/02/27 00:00:00.0,58.85,59.65,58.3,59.45,1488,1284
2015/03/02 00:00:00.0,59.6,60.3,59.15,60.3,1444,1492
2015/03/03 00:00:00.0,60.3,60.3,59.05,59.05,1150,1222
2015/03/04 00:00:00.0,59.25,59.5,58.7,58.85,900,1190
2015/03/05 00:00:00.0,58.9,58.95,58.2,58.65,746,1128
2015/03/06 00:00:00.0,58.9,58.9,57.35,57.35,1118,1118
2015/03/09 00:00:00.0,57.35,57.75,57.05,57.45,898,1138
2015/03/10 00:00:00.0,57.45,57.55,57.1,57.2,160,1148
2015/03/11 00:00:00.0,57.15,57.5,56.95,57,330,1112
2015/03/12 00:00:00.0,57,57.55,56.95,57.4,304,1124
2015/03/13 00:00:00.0,57.2,57.25,56.8,57.05,594,1368
2015/03/16 00:00:00.0,58.1,58.85,56.5,58.5,910,1326
2015/03/17 00:00:00.0,58.4,59.55,58.4,59.25,520,1212
2015/03/18 00:00:00.0,59.25,59.7,58.9,59.55,624,1188
2015/03/19 00:00:00.0,59.65,59.9,59,59.4,384,1094
2015/03/20 00:00:00.0,59.3,60.5,59.15,60.35,1048,916
2015/03/23 00:00:00.0,60.8,61.15,60.3,61.1,786,1056
2015/03/24 00:00:00.0,61,61.2,59.85,60.6,860,1046
2015/03/25 00:00:00.0,60.9,60.9,60,60.35,360,1030
2015/03/26 00:00:00.0,60.15,60.65,59.85,60.45,320,1004
2015/03/27 00:00:00.0,60.75,61.15,60.2,60.2,632,978
2015/03/30 00:00:00.0,60.25,61.25,59.8,61.25,640,956
2015/03/31 00:00:00.0,61.35,61.6,60.8,60.8,602,982
2015/04/01 00:00:00.0,60.85,61.65,60.85,61.3,482,898
2015/04/02 00:00:00.0,61.45,61.8,61.2,61.25,474,904
2015/04/03 00:00:00.0,62.25,62.25,59.05,59.05,1252,868
2015/04/07 00:00:00.0,59.05,59.75,58.4,59.55,520,862
2015/04/08 00:00:00.0,61.3,61.3,59.25,59.75,444,818
2015/04/09 00:00:00.0,60.25,61,58.35,58.35,574,862
2015/04/10 00:00:00.0,58.4,59.75,58.05,58.6,1266,940
2015/04/13 00:00:00.0,58.45,61.05,57.2,61.05,3630,1082
2015/04/14 00:00:00.0,60.55,61.4,59.7,60.9,2254,1036
2015/04/15 00:00:00.0,60.75,61.25,60.2,60.4,782,928
2015/04/16 00:00:00.0,60.75,61.05,60.35,60.5,404,856
2015/04/17 00:00:00.0,59.9,62.15,59.65,61.95,908,886
2015/04/20 00:00:00.0,62.05,63.9,60.45,60.8,1836,824
2015/04/21 00:00:00.0,60.85,61.05,59.8,60.85,410,782
2015/04/22 00:00:00.0,60.65,62.3,60.65,61.8,702,790
2015/04/23 00:00:00.0,62,62.3,60.75,61.3,532,804
2015/04/24 00:00:00.0,61.3,61.6,59.25,59.25,624,776
2015/04/27 00:00:00.0,59.4,60.4,58.55,58.95,1102,822
2015/04/28 00:00:00.0,58.85,59.85,58.5,58.65,948,940
2015/04/29 00:00:00.0,59.2,59.45,57.15,58.6,1240,912
2015/04/30 00:00:00.0,59.7,60.45,58.2,60.25,824,668
2015/05/04 00:00:00.0,62.2,62.2,61.8,62.15,436,616
2015/05/05 00:00:00.0,62.65,62.75,62.35,62.65,174,632
2015/05/06 00:00:00.0,64.05,64.05,63.7,63.8,222,654
2015/05/07 00:00:00.0,62.8,63,61.6,63,128,690
2015/05/08 00:00:00.0,59.3,59.5,59,59.05,156,676
2015/05/11 00:00:00.0,56.45,56.9,55.2,55.2,280,774
2015/05/14 00:00:00.0,49.6,50.75,49.6,50.3,686,1042
2015/05/15 00:00:00.0,49.95,50.5,48.25,48.9,698,1184
2015/05/18 00:00:00.0,49.95,51.65,49.95,50.95,268,802
2015/05/19 00:00:00.0,50.2,50.8,49.95,50.25,226,808
2015/05/20 00:00:00.0,49.9,50.7,49.7,50.2,368,792
2015/05/21 00:00:00.0,50.3,50.55,49.95,50.2,216,770
2015/05/22 00:00:00.0,50.15,51.4,50.1,51,514,726
2015/05/25 00:00:00.0,51.15,51.4,50.3,50.75,198,728
2015/05/26 00:00:00.0,50.7,51.3,50.45,50.85,184,724
2015/05/27 00:00:00.0,50.65,50.65,50.35,50.35,74,734
2015/05/28 00:00:00.0,50.35,51.05,49.25,50.05,238,754
2015/05/29 00:00:00.0,50,50.7,47.7,50.7,1148,844
2015/06/01 00:00:00.0,51.15,51.15,49.9,50.75,594,780
2015/06/02 00:00:00.0,50.55,50.7,50.1,50.4,172,774
2015/06/03 00:00:00.0,50.05,50.7,49.95,50.7,250,760
2015/06/04 00:00:00.0,51.85,51.85,50.55,50.6,222,752
2015/06/05 00:00:00.0,50.3,51.35,50.3,50.85,94,754
2015/06/08 00:00:00.0,50.4,50.8,50.35,50.7,50,750
2015/06/09 00:00:00.0,51.45,51.45,50.5,50.75,110,744
2015/06/10 00:00:00.0,50.7,51.1,50.7,50.8,12,744
2015/06/11 00:00:00.0,51.9,51.9,50.6,50.75,132,730
2015/06/12 00:00:00.0,50.9,51,49.8,50.7,130,756
2015/06/15 00:00:00.0,50.65,51.05,50.1,50.9,136,734
2015/06/16 00:00:00.0,50.55,51.05,50.25,51.05,84,732
2015/06/17 00:00:00.0,50.45,50.7,50.4,50.65,50,698
2015/06/18 00:00:00.0,51.65,51.65,50.45,50.65,70,694
2015/06/19 00:00:00.0,51.65,51.7,51.4,51.4,34,696
2015/06/23 00:00:00.0,50.95,51.4,50.9,51.05,112,684
2015/06/24 00:00:00.0,51.45,51.45,51.15,51.15,26,672
2015/06/25 00:00:00.0,51.6,51.6,50.7,51.15,78,678
2015/06/26 00:00:00.0,50.85,50.9,50.15,50.9,26,664
2015/06/29 00:00:00.0,50.85,53,50.85,52.15,372,418
2015/06/30 00:00:00.0,53.05,53.05,50.55,51.15,202,420
2015/07/01 00:00:00.0,49.95,50.4,49.9,50.4,66,430
2015/07/02 00:00:00.0,48,49.1,48,49.05,336,432
2015/07/13 00:00:00.0,49.4,49.7,49.4,49.7,44,398
2015/07/14 00:00:00.0,51.2,51.55,50.9,50.9,50,406
2015/07/15 00:00:00.0,56.9,56.95,56.75,56.95,12,188
2015/07/16 00:00:00.0,56.8,57.3,56.75,57,46,186
2015/07/17 00:00:00.0,57,57.2,56.7,56.8,28,184
2015/07/20 00:00:00.0,56.6,57.75,56.6,57.65,12,190
2015/07/21 00:00:00.0,57.2,57.65,56.55,57.2,108,200
2015/07/22 00:00:00.0,56.4,56.4,56.35,56.35,8,200
2015/07/23 00:00:00.0,56.9,56.9,56.3,56.4,28,208
2015/07/24 00:00:00.0,55.85,55.95,55.85,55.95,6,204
2015/07/27 00:00:00.0,56.85,57.7,55.55,56.25,144,234
2015/07/28 00:00:00.0,56.05,56.75,55.45,56.35,64,228
2015/07/29 00:00:00.0,57.25,57.45,56.8,57.45,44,216
2015/07/30 00:00:00.0,57.4,57.7,56.7,57.1,50,218
2015/07/31 00:00:00.0,59.65,59.65,58.1,58.1,30,220
2015/08/03 00:00:00.0,58.75,58.75,58.15,58.15,20,220
2015/08/04 00:00:00.0,58.75,59.65,58.75,59.1,52,210
2015/08/05 00:00:00.0,59.95,59.95,57.7,57.7,72,174
2015/08/06 00:00:00.0,56.5,56.6,56.5,56.6,6,174
2015/08/07 00:00:00.0,56.5,56.5,56,56,32,184
2015/08/10 00:00:00.0,56,57.15,55.1,56.65,76,184
2015/08/11 00:00:00.0,56.75,57.05,56.75,56.75,28,178
2015/08/12 00:00:00.0,57.75,57.75,57,57.2,26,182
2015/08/13 00:00:00.0,57.5,58.15,57.1,57.95,50,180
2015/08/18 00:00:00.0,57,57.65,56.8,56.8,30,190
2015/08/24 00:00:00.0,54.75,55.15,54.5,54.8,122,174
2015/08/25 00:00:00.0,55.4,56.25,55.1,55.65,64,172
2015/08/27 00:00:00.0,57.2,57.35,56.5,56.95,74,178
2015/08/28 00:00:00.0,57.2,59.2,57.2,58.1,130,184
2015/08/31 00:00:00.0,57.2,58.25,57.2,57.65,146,136
2015/09/01 00:00:00.0,57.25,57.45,56.4,57.45,12,140
2015/09/02 00:00:00.0,58.05,58.05,57.3,57.3,26,130
2015/09/07 00:00:00.0,57.05,57.5,57.05,57.4,26,132
2015/09/08 00:00:00.0,56.7,57.3,56.7,57.3,8,134
2015/09/09 00:00:00.0,56.7,56.7,56.7,56.7,2,134
2015/09/11 00:00:00.0,57.6,57.95,56.95,57.2,36,136
2015/09/15 00:00:00.0,58.3,58.35,57.85,57.85,12,136
2015/09/16 00:00:00.0,57.25,60.4,57.25,60.35,84,166
2015/09/17 00:00:00.0,59.9,61,59,59.95,96,182
2015/09/18 00:00:00.0,59.8,60.85,59.8,60.75,32,192
2015/09/21 00:00:00.0,60.45,61.2,60.45,61.2,70,210
2015/09/22 00:00:00.0,60.5,61.2,59.15,60.05,70,194
2015/09/23 00:00:00.0,60.35,60.4,59.35,59.45,48,184
2015/09/24 00:00:00.0,59.75,60,59.45,59.6,14,186
2015/09/25 00:00:00.0,60.05,60.7,60.05,60.1,24,188
2015/09/28 00:00:00.0,60.65,60.65,60.15,60.15,10,184
2015/09/29 00:00:00.0,61.1,61.1,60.45,60.65,14,184
2015/09/30 00:00:00.0,60.65,60.65,60.3,60.3,10,178
2015/10/08 00:00:00.0,61,61.2,61,61.2,6,184
2015/10/09 00:00:00.0,61.4,61.55,61.1,61.1,10,186
2015/10/12 00:00:00.0,61.3,61.45,61,61.35,32,178
2015/10/13 00:00:00.0,61.5,61.85,61.5,61.85,6,178
2015/10/14 00:00:00.0,61.7,61.8,61.25,61.25,16,172
2015/10/15 00:00:00.0,61.55,62,61.4,61.75,46,166
2015/10/16 00:00:00.0,61.45,61.5,60.9,60.9,50,170
2015/10/19 00:00:00.0,61.2,61.2,60.55,60.55,40,178
2015/10/20 00:00:00.0,60.7,61.65,60.35,61.65,32,168
2015/10/21 00:00:00.0,61.6,61.9,59.85,59.85,60,178
2015/10/22 00:00:00.0,60.1,60.6,60.05,60.6,34,160
2015/10/23 00:00:00.0,61.1,61.1,60.9,60.9,8,158
2015/10/26 00:00:00.0,61.5,61.85,61.05,61.85,30,160
2015/10/27 00:00:00.0,61.8,62.2,61.2,62.2,10,154
2015/10/29 00:00:00.0,61.65,62,60.6,60.6,16,148
2015/11/02 00:00:00.0,64.6,64.6,62.65,62.75,20,138
2015/11/03 00:00:00.0,62.7,62.7,62.7,62.7,2,136
2015/11/04 00:00:00.0,63.8,63.8,63.25,63.25,6,134
2015/11/06 00:00:00.0,62.7,63.6,62.5,62.75,28,134
2015/11/09 00:00:00.0,64.05,64.05,62.95,63.3,10,134
2015/11/10 00:00:00.0,62.6,62.65,62.6,62.6,14,132
2015/11/18 00:00:00.0,60.6,60.75,60.6,60.75,4,120
2015/11/23 00:00:00.0,58.9,59.6,58.9,59.6,10,112
2015/11/25 00:00:00.0,61,62.5,61,61.35,22,110
2015/11/26 00:00:00.0,60.3,61.7,60.2,61.7,26,108
2015/11/27 00:00:00.0,62.35,62.35,59.9,60.6,50,104
2015/11/30 00:00:00.0,60.25,61.45,59.8,60.1,40,108
2015/12/01 00:00:00.0,59.85,59.85,59.85,59.85,2,108
2015/12/02 00:00:00.0,60.25,60.3,60.1,60.1,6,110
2015/12/03 00:00:00.0,59,59.15,58.9,58.9,22,116
2015/12/04 00:00:00.0,58.8,59.45,58.8,59.45,10,116
2015/12/07 00:00:00.0,59.25,59.25,59.25,59.25,2,114
2015/12/08 00:00:00.0,59.75,60.4,59.55,59.75,24,114
2015/12/09 00:00:00.0,60.25,60.25,60.25,60.25,2,114
2015/12/11 00:00:00.0,57.9,62.75,57.9,59.35,30,114
2015/12/15 00:00:00.0,59.4,59.4,59.4,59.4,6,110
2015/12/17 00:00:00.0,59.7,59.85,59.1,59.75,10,110
2015/12/18 00:00:00.0,60,61,60,61,26,132
2015/12/21 00:00:00.0,59.8,59.8,58.8,59.25,34,118
2015/12/22 00:00:00.0,56.55,56.55,56.55,56.55,2,118
2015/12/24 00:00:00.0,55.85,56.2,54.5,54.9,50,128
2015/12/25 00:00:00.0,52.75,55.35,52.25,55.15,50,134
2015/12/28 00:00:00.0,53.1,56.35,53,53.75,26,134
2015/12/29 00:00:00.0,57.15,57.6,54.1,54.9,60,108
2015/12/30 00:00:00.0,55.35,57.55,55.25,57.4,26,100
2015/12/31 00:00:00.0,58.15,58.15,54.05,54.6,98,78
2016/01/04 00:00:00.0,52.65,52.65,52.65,52.65,14,72
2016/01/05 00:00:00.0,52.2,52.2,52.2,52.2,4,68
2016/01/11 00:00:00.0,52.1,52.4,52.1,52.3,24,68
2016/01/12 00:00:00.0,52.1,52.1,50.75,50.75,6,66
2016/03/25 00:00:00.0,62.75,62.75,62.75,62.75,2,18
2016/03/28 00:00:00.0,60.4,65.75,60.4,65.75,4,18
2016/03/29 00:00:00.0,64.1,65.9,60.4,60.4,8,16
2016/03/30 00:00:00.0,60.3,60.3,60.3,60.3,2,14
2016/04/05 00:00:00.0,58.7,58.7,58.7,58.7,2,18
2016/04/06 00:00:00.0,61.55,61.55,59.65,60.75,6,16
2016/04/07 00:00:00.0,59.15,59.15,59.15,59.15,4,12
2016/07/18 00:00:00.0,56.5,56.5,56.5,56.5,2,14
2016/07/21 00:00:00.0,62.9,63.55,62.9,63.55,4,10
2016/07/22 00:00:00.0,66,66,64.65,64.65,4,10
2016/07/25 00:00:00.0,68.05,68.05,68.05,68.05,2,8
2016/07/26 00:00:00.0,65.95,65.95,65.95,65.95,2,8
2016/08/04 00:00:00.0,72.05,72.05,66.3,66.3,4,10
2016/08/09 00:00:00.0,64.25,69.9,64.25,69.9,4,10
2016/08/16 00:00:00.0,67,67,67,67,2,10
2016/08/18 00:00:00.0,63.7,63.7,63.7,63.7,2,10
2016/08/25 00:00:00.0,72.85,72.85,70.85,70.95,10,10
2016/08/26 00:00:00.0,76.3,76.3,69.8,69.8,4,8
2016/08/29 00:00:00.0,68,75.3,68,68.1,6,6
2016/08/31 00:00:00.0,68.25,68.25,68.25,68.25,6,4
2016/10/25 00:00:00.0,47.05,47.05,47.05,47.05,2,2
2016/11/18 00:00:00.0,49.25,49.25,49.25,49.25,8,42
2016/11/21 00:00:00.0,53.9,53.9,53.9,53.9,16,44
2016/11/22 00:00:00.0,59.05,59.05,59.05,59.05,12,42
2016/11/23 00:00:00.0,64.5,64.5,56.25,61.5,244,54
2016/11/24 00:00:00.0,62.3,63.85,60.4,63.25,124,40
2016/11/25 00:00:00.0,63.25,63.3,60.05,61.5,68,36
2016/11/28 00:00:00.0,62.1,63.4,60.75,63.15,30,30
2016/11/29 00:00:00.0,60.4,65.95,59.85,63.15,104,28
2016/11/30 00:00:00.0,61.5,62.8,60.7,61.5,24,22
2016/12/01 00:00:00.0,63.3,63.4,61.5,63.1,16,22
2016/12/02 00:00:00.0,62.4,62.4,62.4,62.4,4,20
2016/12/06 00:00:00.0,63.15,64.8,62.5,63.3,38,16
2016/12/07 00:00:00.0,62.1,65.2,62.1,63.9,32,18
2016/12/08 00:00:00.0,64,65.25,64,65.25,20,18
2016/12/09 00:00:00.0,64.1,65.15,63.2,64.8,24,20
2016/12/12 00:00:00.0,61.4,65.15,61.4,64.9,10,18
2016/12/13 00:00:00.0,67.15,67.15,63.25,64.75,28,20
2016/12/14 00:00:00.0,65.7,65.9,63.5,63.5,12,18
2016/12/15 00:00:00.0,66.35,66.35,64.5,65.6,6,18
2016/12/16 00:00:00.0,64.1,64.1,64.1,64.1,4,20
2016/12/19 00:00:00.0,63.85,64.3,63.4,63.4,10,18
2016/12/20 00:00:00.0,63.35,63.35,62.4,63.35,6,16
2016/12/26 00:00:00.0,62.5,65.95,62.5,63.7,24,18
2016/12/28 00:00:00.0,63.8,63.8,63.4,63.4,10,20
2016/12/29 00:00:00.0,65.1,65.1,65.1,65.1,4,18
2016/12/30 00:00:00.0,64.95,65.45,64.95,65.45,4,18
2017/01/04 00:00:00.0,63.85,65.2,63.85,65.2,4,18
2017/01/05 00:00:00.0,64.7,64.7,64.7,64.7,2,18
2017/01/10 00:00:00.0,70.15,73.2,69.3,72.65,20,22
2017/01/17 00:00:00.0,67.1,68.25,67.1,68.15,24,20
2017/01/18 00:00:00.0,70,71.6,65.45,71.5,46,22
2017/01/19 00:00:00.0,72.2,72.2,67.45,67.45,18,20
2017/01/20 00:00:00.0,69.05,72.5,68.1,70.45,18,20
2017/01/23 00:00:00.0,70.4,73,70.4,72.15,18,16
2017/01/24 00:00:00.0,74.55,74.55,70.55,74.35,26,14
2017/01/25 00:00:00.0,70.75,75,70.75,74.55,16,8
2017/01/26 00:00:00.0,74.65,75.4,71.4,74.45,24,6
2017/02/03 00:00:00.0,76.5,76.5,76.5,76.5,4,6
2017/02/08 00:00:00.0,77.5,77.5,77.5,77.5,2,6
2017/02/09 00:00:00.0,76.35,76.35,74.7,75.4,18,12
2017/02/10 00:00:00.0,74.95,74.95,73.15,73.15,20,18
2017/02/13 00:00:00.0,74.15,76.75,72.95,76.1,22,24
2017/02/14 00:00:00.0,74.6,76.55,74.6,75.15,16,20
2017/02/15 00:00:00.0,74.85,76.15,74.85,75.7,14,14
2017/02/16 00:00:00.0,76.55,76.55,75.9,76.45,8,10
2017/02/17 00:00:00.0,73.95,74.95,72.35,72.35,16,12
2017/02/21 00:00:00.0,74.35,74.35,71.05,71.15,8,12
2017/02/22 00:00:00.0,71.65,72.45,70.65,71.95,20,10
2017/02/23 00:00:00.0,69.4,71.15,69.4,70.85,8,10
2017/02/24 00:00:00.0,69,72,69,72,10,18
2017/02/27 00:00:00.0,72.55,74.1,72.15,73.15,52,26
2017/02/28 00:00:00.0,72.75,73.4,72.4,72.4,20,24
2017/03/01 00:00:00.0,72.3,72.3,72.3,72.3,4,24
2017/03/02 00:00:00.0,72.55,72.85,72.3,72.3,8,20
2017/03/03 00:00:00.0,72.6,72.75,72.3,72.3,14,18
2017/03/06 00:00:00.0,72.25,72.25,72.25,72.25,2,16
2017/03/08 00:00:00.0,69.5,71.45,69.5,70.05,6,14
2017/03/09 00:00:00.0,70.95,71.5,70.95,71.5,4,14
2017/03/10 00:00:00.0,70.8,72.75,70.8,72.75,4,14
2017/03/13 00:00:00.0,71.05,71.75,71.05,71.75,6,12
2017/03/14 00:00:00.0,73.45,76.35,73.1,73.1,34,18
2017/03/15 00:00:00.0,73.45,73.45,73.45,73.45,2,16
2017/03/16 00:00:00.0,74.15,74.5,71.95,71.95,14,14
2017/03/20 00:00:00.0,73.95,73.95,73.95,73.95,2,16
2017/03/21 00:00:00.0,71.05,76.65,70.75,73.95,14,16
2017/03/22 00:00:00.0,70.1,73.95,70.1,73.95,6,16
2017/03/23 00:00:00.0,73.25,74.95,72.1,74.1,40,16
2017/03/27 00:00:00.0,73.8,73.8,73.8,73.8,2,14
2017/03/28 00:00:00.0,73.5,73.5,73.5,73.5,2,14
2017/03/29 00:00:00.0,74.05,74.05,74.05,74.05,2,14
2017/03/30 00:00:00.0,72.35,74.6,72.35,74.6,40,18
2017/03/31 00:00:00.0,73.6,74.75,73.6,74.75,8,18
2017/04/05 00:00:00.0,75.8,75.95,72.45,75.95,10,16
2017/04/06 00:00:00.0,72.1,73.35,72.1,73.35,6,16
2017/04/07 00:00:00.0,75.95,75.95,74.35,74.35,8,16
2017/04/10 00:00:00.0,75.85,75.95,72.95,74.8,20,14
2017/04/12 00:00:00.0,75.4,75.5,72.9,74.9,24,12
2017/04/13 00:00:00.0,74.85,75.6,73.3,74,16,14
2017/04/14 00:00:00.0,74,74,74,74,2,16
2017/04/17 00:00:00.0,73.9,74.1,73.9,74.05,8,12
2017/04/24 00:00:00.0,73.15,75.45,73.15,74.4,8,12
2017/04/27 00:00:00.0,74,74,74,74,2,10
2017/05/02 00:00:00.0,73.95,73.95,73.95,73.95,2,10
2017/05/03 00:00:00.0,73.6,73.6,73.6,73.6,2,10
2017/05/05 00:00:00.0,76.65,76.65,73.1,73.35,6,12
2017/05/08 00:00:00.0,77.65,77.9,74.4,74.4,12,12
2017/05/18 00:00:00.0,74.75,77.15,74.65,77.15,6,10
2017/05/19 00:00:00.0,79.15,79.15,71.95,72.75,12,12
2017/05/22 00:00:00.0,75.4,75.4,75.4,75.4,2,10
2017/05/24 00:00:00.0,76.55,77.25,75.15,75.45,12,16
2017/05/25 00:00:00.0,75.7,75.7,75.7,75.7,2,14
2017/06/01 00:00:00.0,79.25,79.3,74.55,75.55,28,12
2017/06/15 00:00:00.0,72.8,80.3,72.8,76.05,22,10
2017/06/16 00:00:00.0,74.05,76.95,74.05,76.95,12,12
2017/06/20 00:00:00.0,76.15,76.15,76.15,76.15,2,10
2017/06/21 00:00:00.0,73.25,78.1,73.25,76.5,16,8
2017/06/26 00:00:00.0,79.35,82.4,78.6,78.95,74,12
2017/06/27 00:00:00.0,79.3,80.9,79.3,80.9,6,16
2017/06/28 00:00:00.0,78.7,78.9,78.7,78.9,10,16
2017/07/04 00:00:00.0,78.05,79.15,78.05,79.05,6,12
2017/07/05 00:00:00.0,79.35,79.35,79.35,79.35,2,12
2017/07/10 00:00:00.0,74.1,78.85,74.1,74.75,86,40
2017/07/11 00:00:00.0,74.85,77.4,74.85,75.95,66,24
2017/07/12 00:00:00.0,75.95,76,75.95,76,4,20
2017/07/13 00:00:00.0,75.95,75.95,75.95,75.95,6,24
2017/07/14 00:00:00.0,75.45,76,74.1,74.4,10,26
2017/07/17 00:00:00.0,74.95,75.8,73.95,74.7,40,38
2017/07/18 00:00:00.0,74.55,74.55,74.35,74.35,4,42
2017/07/19 00:00:00.0,74.8,75.15,73.75,74.75,14,44
2017/07/20 00:00:00.0,74.3,74.7,73.15,73.4,10,50
2017/07/21 00:00:00.0,71.05,75.05,71.05,73.4,24,44
2017/07/24 00:00:00.0,73.75,75.25,72.65,74.05,54,44
2017/07/25 00:00:00.0,73.85,74.7,73.85,74.7,30,22
2017/07/26 00:00:00.0,75.35,75.35,74.85,74.85,4,24
2017/07/31 00:00:00.0,75.2,75.4,74.05,75.4,24,22
2017/08/01 00:00:00.0,74.75,74.75,74.75,74.75,2,22
2017/08/03 00:00:00.0,74.5,74.75,74.5,74.7,6,22
2017/08/07 00:00:00.0,75.1,75.35,74.75,75.1,18,22
2017/08/10 00:00:00.0,74.7,75,74,74,10,24
2017/08/11 00:00:00.0,73.75,73.9,73.5,73.5,10,24
2017/08/14 00:00:00.0,73.75,74.05,73.75,73.75,8,24
2017/08/15 00:00:00.0,73.75,73.75,73.75,73.75,4,24
2017/08/17 00:00:00.0,74.35,74.35,72.9,72.9,4,24
2017/08/18 00:00:00.0,73.95,74.3,73.95,74.3,8,24
2017/08/21 00:00:00.0,77.25,77.25,75.65,76.05,16,30
2017/08/22 00:00:00.0,75.7,75.75,75.65,75.65,6,24
2017/08/24 00:00:00.0,76.55,76.55,75,75,4,24
2017/08/29 00:00:00.0,75.65,75.65,74.3,75.65,14,24
2017/08/31 00:00:00.0,73.85,73.85,73.85,73.85,2,24
2017/09/04 00:00:00.0,79.35,79.35,79.35,79.35,4,20
2017/09/26 00:00:00.0,73.85,73.85,73.85,73.85,6,14
2017/09/27 00:00:00.0,75.85,76.25,74.6,76.1,14,18
2017/09/29 00:00:00.0,73.5,77.25,73.5,77.25,10,18
2017/10/12 00:00:00.0,76,78.3,76,76.8,12,18
2017/10/13 00:00:00.0,79.7,81.75,79.4,81.6,40,30
2017/10/16 00:00:00.0,83.55,84.55,82.05,83.1,28,32
2017/10/17 00:00:00.0,85.7,85.7,83.5,83.85,18,32
2017/10/19 00:00:00.0,83.95,83.95,83.85,83.85,4,28
2017/10/20 00:00:00.0,86.7,86.7,83.35,85.25,14,28
2017/10/26 00:00:00.0,86.95,86.95,83.1,83.6,12,32
2017/10/27 00:00:00.0,82.15,86.25,82.15,84.7,20,30
2017/10/30 00:00:00.0,84.2,85.75,84.2,85.3,16,30
2017/11/01 00:00:00.0,88.25,88.25,83.55,86,8,32
2017/11/07 00:00:00.0,87.3,87.3,87.15,87.15,4,32
2017/11/13 00:00:00.0,87.4,87.45,86.7,87.45,6,32
2017/11/14 00:00:00.0,87.75,88.35,87.75,88.35,12,32
2017/11/15 00:00:00.0,88.8,90.9,88.8,89.15,26,34
2017/11/16 00:00:00.0,88.75,90.6,88.75,90.25,16,34
2017/11/17 00:00:00.0,90.7,90.7,89.4,89.4,8,32
2017/11/20 00:00:00.0,90.15,90.15,89.8,89.8,4,30
2017/11/21 00:00:00.0,86.75,90.4,86.7,88.9,16,32
2017/11/22 00:00:00.0,90.3,92.25,89.7,90.8,50,36
2017/11/23 00:00:00.0,90.6,90.75,89.85,90.75,10,34
2017/11/24 00:00:00.0,91.45,91.55,90.2,90.2,16,38
2017/11/27 00:00:00.0,91.45,91.45,91.45,91.45,4,38
2017/11/28 00:00:00.0,90.6,90.6,90.6,90.6,4,36
2017/11/29 00:00:00.0,91.75,91.75,91.75,91.75,4,38
2017/12/01 00:00:00.0,89.65,91.1,89.65,90.9,14,34
2017/12/04 00:00:00.0,93.7,93.7,93.7,93.7,4,34
2017/12/12 00:00:00.0,95.9,95.9,95.1,95.1,12,32
2017/12/18 00:00:00.0,93.45,93.45,93.45,93.45,2,32
2017/12/25 00:00:00.0,94.55,94.55,94.55,94.55,2,32
2017/12/26 00:00:00.0,98.45,98.6,96.3,98.5,28,32
2017/12/27 00:00:00.0,101.5,101.7,97,97.5,46,32
2017/12/28 00:00:00.0,98.9,98.9,98.8,98.8,4,28
2017/12/29 00:00:00.0,100.35,100.65,96,99.95,76,14
2018/01/02 00:00:00.0,96.65,96.65,96.65,96.65,6,8
2018/07/13 00:00:00.0,88,88,88,88,2,6
2018/07/18 00:00:00.0,83.7,92.4,83.7,84.1,20,12
2018/07/19 00:00:00.0,85.15,91.7,85.1,91.7,66,14
2018/07/20 00:00:00.0,93.75,93.8,89.05,93.65,48,16
2018/07/23 00:00:00.0,91.9,96.7,91.9,95.8,60,20
2018/07/24 00:00:00.0,97.95,98.95,94.75,98.95,36,12
2018/07/25 00:00:00.0,94.9,101.2,94.9,99.85,144,26
2018/07/26 00:00:00.0,99.05,102.05,98.3,99,62,22
2018/07/27 00:00:00.0,103.05,103.05,96.4,100.15,30,12
2018/07/30 00:00:00.0,97.45,99.2,96.25,98.45,18,12
2018/07/31 00:00:00.0,100.4,100.4,96.9,96.9,6,8
2018/08/01 00:00:00.0,103.6,103.6,101.2,101.2,4,4
2018/08/23 00:00:00.0,85.15,94.05,85.15,94.05,14,8
2018/08/24 00:00:00.0,96.15,96.15,91.9,95.75,50,16
2018/08/27 00:00:00.0,98.75,99.7,95.2,99.15,96,24
2018/08/28 00:00:00.0,101.65,101.65,97.8,99.45,28,26
2018/08/29 00:00:00.0,101.65,101.65,95.85,99.75,30,24
2018/08/30 00:00:00.0,99.5,99.5,96.5,96.5,18,26
2018/08/31 00:00:00.0,99.8,100.4,94.7,99.7,76,6
2018/09/03 00:00:00.0,99.95,99.95,99.1,99.1,6,4
2018/09/07 00:00:00.0,104.6,107.85,104.4,107.75,28,24
2018/09/10 00:00:00.0,110.15,111.05,108.6,111.05,120,30
2018/09/11 00:00:00.0,109.9,109.9,108.25,108.25,10,34
2018/09/12 00:00:00.0,113.5,114.25,108.65,111.15,98,44
2018/09/13 00:00:00.0,112.25,112.25,107.2,111.2,50,44
2018/09/14 00:00:00.0,113.35,113.35,109.3,110.3,44,46
2018/09/17 00:00:00.0,109.75,111.45,107.5,110.6,52,50
2018/09/18 00:00:00.0,109.35,110.65,109.1,110.65,20,52
2018/09/19 00:00:00.0,109.35,111.2,109,110.2,32,46
2018/09/20 00:00:00.0,110.5,111.85,110.4,111.85,10,38
2018/09/21 00:00:00.0,109.05,109.2,107.3,108.45,88,56
2018/09/25 00:00:00.0,109.25,113.35,109.15,112.4,122,34
2018/09/26 00:00:00.0,114.45,117.1,112.7,114.9,72,34
2018/09/27 00:00:00.0,115.35,120.05,112.8,114,66,26
2018/09/28 00:00:00.0,110.75,117.75,110.75,117.55,76,16
2018/10/08 00:00:00.0,116.6,122.65,116.6,121.5,6,10
2018/10/09 00:00:00.0,128.45,128.45,128.45,128.45,2,8
2018/10/10 00:00:00.0,136.25,136.25,136.25,136.25,2,6
2018/10/12 00:00:00.0,135.7,137.35,117.8,117.8,72,42
2018/10/15 00:00:00.0,112.95,118.45,111.35,111.7,86,66
2018/10/16 00:00:00.0,110.35,110.35,102.6,102.6,62,86
2018/10/17 00:00:00.0,96.1,99,94.95,97.4,116,82
2018/10/18 00:00:00.0,98.25,101.15,97.2,99.25,178,98
2018/10/19 00:00:00.0,99.05,101.4,99.05,99.65,102,84
2018/10/22 00:00:00.0,99.4,99.95,97.7,99,44,78
2018/10/23 00:00:00.0,97.1,99.5,97,97.7,36,82
2018/10/24 00:00:00.0,97.15,98.25,97.15,98.25,18,80
2018/10/25 00:00:00.0,99.95,101.55,97.55,101.1,132,72
2018/10/26 00:00:00.0,99.5,99.5,99.4,99.4,4,68
2018/10/29 00:00:00.0,98.9,103,98.9,103,26,70
2018/10/30 00:00:00.0,104.45,104.45,104.45,104.45,2,70
2018/11/01 00:00:00.0,102,105.3,101.9,105.3,12,68
2018/11/02 00:00:00.0,102.85,105.65,102.55,102.85,32,58
2018/11/05 00:00:00.0,101.35,104,101.25,102.2,32,60
2018/11/06 00:00:00.0,102.35,104.55,98.45,102.55,38,56
2018/11/07 00:00:00.0,103.4,103.4,103.4,103.4,4,56
2018/11/08 00:00:00.0,103.7,103.7,100.1,100.3,6,54
2018/11/09 00:00:00.0,99.9,102.95,99.5,102.95,6,52
2018/11/12 00:00:00.0,98.35,98.65,95.7,95.75,32,74
2018/11/13 00:00:00.0,90.8,90.8,89.05,89.05,72,82
2018/11/14 00:00:00.0,81.65,81.65,80.5,80.5,48,102
2018/11/15 00:00:00.0,73.65,84.9,73.25,81.6,598,358
2018/11/16 00:00:00.0,80.1,81.65,78.5,79.9,566,692
2018/11/19 00:00:00.0,77.4,77.65,76.4,76.4,330,752
2018/11/20 00:00:00.0,73.7,80.95,72.25,74.2,338,724
2018/11/21 00:00:00.0,71.25,73.6,70.65,70.65,292,754
2018/11/22 00:00:00.0,72.25,72.25,66.05,66.2,584,826
2018/11/23 00:00:00.0,66.6,66.6,64,64,612,824
2018/11/26 00:00:00.0,62.8,67.65,62.2,66.1,778,802
2018/11/27 00:00:00.0,67.1,68.95,66.3,68.95,568,830
2018/11/28 00:00:00.0,71.1,73.85,71.1,73.85,164,862
2018/11/29 00:00:00.0,77.6,78.8,66.65,67.6,2586,1314
2018/11/30 00:00:00.0,68.3,75.35,68.3,75.35,3184,1148
2018/12/03 00:00:00.0,79.15,79.2,79.15,79.2,112,1108
2018/12/04 00:00:00.0,84.05,87,80,86.95,4522,1130
2018/12/05 00:00:00.0,85.15,88.35,83.4,87.6,4720,1176
2018/12/06 00:00:00.0,87,88.9,84.45,86.25,3396,1264
2018/12/07 00:00:00.0,86.25,89.85,85.2,89.65,2222,1166
2018/12/10 00:00:00.0,89.2,90,87.7,88.8,1952,1142
2018/12/11 00:00:00.0,87.75,88.9,84.8,85,1680,1082
2018/12/12 00:00:00.0,85.1,89.35,84.3,88.3,3092,1120
2018/12/13 00:00:00.0,88.5,89.5,87.55,87.6,1840,1060
2018/12/14 00:00:00.0,87.3,88.55,86.7,87.15,796,1024
2018/12/17 00:00:00.0,87.65,91.15,87.4,90.55,1180,1248
2018/12/18 00:00:00.0,93,93,87.45,89.35,3384,1324
2018/12/19 00:00:00.0,89.6,89.6,87.1,87.6,1390,1244
2018/12/20 00:00:00.0,88,88.95,87,88.25,1176,1196
2018/12/21 00:00:00.0,88.4,90.6,88.3,89.3,1016,1180
2018/12/24 00:00:00.0,88.75,90.2,88.45,89.65,916,1244
2018/12/25 00:00:00.0,89.75,91.8,88.8,91.1,1550,1374
2018/12/26 00:00:00.0,91.75,95.85,90.75,92.45,3630,1904
2018/12/27 00:00:00.0,92.9,95,85.15,85.85,4984,1768
