2012/12/03 00:00:00.0,1366,1383,1319,1319,720004,85842
2012/12/04 00:00:00.0,1310,1327,1297,1312,1387998,172216
2012/12/05 00:00:00.0,1314,1346,1312,1332,1535650,151202
2012/12/06 00:00:00.0,1334,1339,1321,1326,1011006,169850
2012/12/07 00:00:00.0,1323,1341,1320,1332,907576,139706
2012/12/10 00:00:00.0,1332,1345,1332,1337,634416,151664
2012/12/11 00:00:00.0,1336,1338,1287,1294,1631676,310228
2012/12/12 00:00:00.0,1290,1307,1284,1300,1762814,229036
2012/12/13 00:00:00.0,1298,1313,1283,1290,1995332,312682
2012/12/14 00:00:00.0,1288,1316,1284,1305,1936492,245642
2012/12/17 00:00:00.0,1308,1336,1308,1328,2017428,237926
2012/12/18 00:00:00.0,1329,1341,1317,1327,1917146,249684
2012/12/19 00:00:00.0,1326,1354,1320,1352,2809494,430948
2012/12/20 00:00:00.0,1349,1358,1343,1352,2639018,407168
2012/12/21 00:00:00.0,1347,1356,1332,1338,2001480,293660
2012/12/24 00:00:00.0,1339,1356,1336,1351,1367226,317538
2012/12/25 00:00:00.0,1353,1368,1346,1359,1743508,316996
2012/12/26 00:00:00.0,1358,1361,1351,1360,1093094,294178
2012/12/27 00:00:00.0,1365,1375,1358,1361,1075758,268242
2012/12/28 00:00:00.0,1362,1372,1351,1361,1413360,244002
2012/12/31 00:00:00.0,1362,1384,1360,1382,673364,193996
2013/01/04 00:00:00.0,1390,1440,1385,1439,1214082,314674
2013/01/07 00:00:00.0,1452,1478,1447,1457,1748082,281668
2013/01/08 00:00:00.0,1450,1479,1444,1469,3072822,389206
2013/01/09 00:00:00.0,1471,1484,1462,1484,2272778,530510
2013/01/10 00:00:00.0,1486,1491,1464,1472,2557342,456842
2013/01/11 00:00:00.0,1471,1474,1436,1447,2075990,375998
2013/01/14 00:00:00.0,1446,1510,1446,1510,2060908,593754
2013/01/15 00:00:00.0,1526,1534,1497,1506,3255344,469436
2013/01/16 00:00:00.0,1507,1529,1465,1517,4794266,629166
2013/01/17 00:00:00.0,1520,1527,1503,1518,4553306,687094
2013/01/18 00:00:00.0,1530,1538,1505,1517,4627438,625318
2013/01/21 00:00:00.0,1516,1536,1505,1522,3831664,689838
2013/01/22 00:00:00.0,1526,1541,1502,1519,4160748,634704
2013/01/23 00:00:00.0,1520,1524,1498,1507,3057414,608800
2013/01/24 00:00:00.0,1504,1516,1479,1494,3812422,566178
2013/01/25 00:00:00.0,1499,1502,1484,1500,2781444,513964
2013/01/28 00:00:00.0,1501,1540,1499,1534,3038498,668072
2013/01/29 00:00:00.0,1530,1543,1530,1541,1656962,661366
2013/01/30 00:00:00.0,1546,1554,1541,1541,1682268,642496
2013/01/31 00:00:00.0,1541,1566,1538,1551,3106974,686122
2013/02/01 00:00:00.0,1548,1562,1548,1560,1780930,619670
2013/02/04 00:00:00.0,1564,1617,1562,1600,2801186,670092
2013/02/05 00:00:00.0,1593,1615,1591,1601,2116616,666604
2013/02/06 00:00:00.0,1604,1618,1591,1595,2092732,659878
2013/02/07 00:00:00.0,1597,1599,1575,1592,1418732,565844
2013/02/08 00:00:00.0,1587,1604,1587,1601,761466,507594
2013/02/18 00:00:00.0,1599,1611,1582,1583,1449148,610642
2013/02/19 00:00:00.0,1583,1595,1577,1593,1695204,674642
2013/02/20 00:00:00.0,1597,1600,1583,1590,1402354,715474
2013/02/21 00:00:00.0,1572,1576,1534,1543,2481808,641228
2013/02/22 00:00:00.0,1543,1554,1528,1541,2436196,650856
2013/02/25 00:00:00.0,1538,1562,1522,1548,2393756,668704
2013/02/26 00:00:00.0,1537,1554,1524,1527,2437342,713558
2013/02/27 00:00:00.0,1538,1552,1534,1548,2181528,690944
2013/02/28 00:00:00.0,1556,1576,1556,1572,1634658,674268
2013/03/01 00:00:00.0,1569,1570,1542,1559,1895660,644866
2013/03/04 00:00:00.0,1548,1554,1496,1512,3057128,711810
2013/03/05 00:00:00.0,1517,1524,1497,1519,2935978,722932
2013/03/06 00:00:00.0,1522,1533,1508,1515,2278850,713790
2013/03/07 00:00:00.0,1511,1513,1500,1511,1850028,690796
2013/03/08 00:00:00.0,1516,1520,1479,1497,2936206,679234
2013/03/11 00:00:00.0,1496,1501,1477,1489,2319440,692862
2013/03/12 00:00:00.0,1492,1499,1475,1480,2467374,617230
2013/03/13 00:00:00.0,1485,1485,1434,1444,3065950,613166
2013/03/14 00:00:00.0,1434,1440,1406,1433,3046210,636882
2013/03/15 00:00:00.0,1438,1475,1425,1448,2665398,552482
2013/03/18 00:00:00.0,1432,1450,1418,1432,2144318,573622
2013/03/19 00:00:00.0,1436,1453,1430,1445,2067612,568552
2013/03/20 00:00:00.0,1439,1474,1439,1472,2419352,644154
2013/03/21 00:00:00.0,1478,1488,1471,1479,2602918,641030
2013/03/22 00:00:00.0,1473,1484,1468,1472,1356930,597696
2013/03/25 00:00:00.0,1476,1485,1474,1478,960818,580592
2013/03/26 00:00:00.0,1474,1478,1448,1453,1591090,610762
2013/03/27 00:00:00.0,1457,1460,1449,1450,991250,595812
2013/03/28 00:00:00.0,1450,1455,1434,1437,1241868,586068
2013/03/29 00:00:00.0,1426,1440,1412,1434,1175620,541776
2013/04/01 00:00:00.0,1429,1434,1398,1403,1800280,577846
2013/04/02 00:00:00.0,1402,1424,1396,1423,1387448,537510
2013/04/03 00:00:00.0,1421,1437,1419,1425,1350742,522664
2013/04/08 00:00:00.0,1409,1442,1407,1440,1038804,566406
2013/04/09 00:00:00.0,1443,1453,1438,1447,1268114,594052
2013/04/10 00:00:00.0,1450,1451,1423,1429,1328356,570776
2013/04/11 00:00:00.0,1428,1443,1413,1415,1486408,590846
2013/04/12 00:00:00.0,1412,1426,1412,1419,1398644,557508
2013/04/15 00:00:00.0,1404,1425,1376,1392,2901828,644066
2013/04/16 00:00:00.0,1379,1403,1364,1399,2082402,609204
2013/04/17 00:00:00.0,1400,1409,1330,1342,4095222,752984
2013/04/18 00:00:00.0,1329,1363,1321,1353,3218098,712160
2013/04/19 00:00:00.0,1362,1380,1350,1375,2753982,681374
2013/04/22 00:00:00.0,1372,1387,1360,1363,2312306,692642
2013/04/23 00:00:00.0,1364,1371,1332,1343,2435466,658950
2013/04/24 00:00:00.0,1345,1359,1318,1344,2950702,731308
2013/04/25 00:00:00.0,1347,1360,1335,1353,2049938,700932
2013/04/26 00:00:00.0,1364,1372,1338,1345,2033354,625918
2013/05/02 00:00:00.0,1322,1335,1314,1330,1081842,693760
2013/05/03 00:00:00.0,1337,1365,1330,1359,2194098,743700
2013/05/06 00:00:00.0,1375,1379,1360,1365,1294666,739728
2013/05/07 00:00:00.0,1361,1414,1358,1394,3229684,749872
2013/05/08 00:00:00.0,1394,1411,1394,1409,2262898,758570
2013/05/09 00:00:00.0,1409,1416,1397,1408,2085626,716780
2013/05/10 00:00:00.0,1405,1431,1394,1428,2948092,738404
2013/05/13 00:00:00.0,1427,1452,1422,1441,2626694,764006
2013/05/14 00:00:00.0,1443,1449,1427,1435,2514036,758280
2013/05/15 00:00:00.0,1437,1437,1411,1413,2973200,736804
2013/05/16 00:00:00.0,1411,1462,1401,1449,4836336,850430
2013/05/17 00:00:00.0,1454,1468,1443,1464,3252672,826718
2013/05/20 00:00:00.0,1462,1470,1453,1455,2393926,824098
2013/05/21 00:00:00.0,1458,1470,1448,1468,2535242,823236
2013/05/22 00:00:00.0,1466,1475,1461,1465,2166946,825070
2013/05/23 00:00:00.0,1458,1459,1432,1434,2398444,790358
2013/05/24 00:00:00.0,1440,1445,1427,1434,2047636,762452
2013/05/27 00:00:00.0,1425,1445,1421,1435,2271078,755586
2013/05/28 00:00:00.0,1438,1445,1425,1445,2004372,747814
2013/05/29 00:00:00.0,1443,1454,1433,1434,1807386,688522
2013/05/30 00:00:00.0,1429,1429,1394,1408,3143854,708964
2013/05/31 00:00:00.0,1415,1419,1389,1390,2008988,685462
2013/06/03 00:00:00.0,1398,1406,1386,1401,2416414,676140
2013/06/04 00:00:00.0,1403,1439,1401,1439,3123862,802628
2013/06/05 00:00:00.0,1438,1467,1436,1454,3403480,766296
2013/06/06 00:00:00.0,1446,1453,1425,1434,3080358,730102
2013/06/07 00:00:00.0,1437,1447,1409,1431,3666364,622428
2013/06/13 00:00:00.0,1416,1446,1415,1438,3311066,795224
2013/06/14 00:00:00.0,1441,1451,1427,1433,2420074,737982
2013/06/17 00:00:00.0,1435,1448,1432,1436,1921236,704610
2013/06/18 00:00:00.0,1435,1450,1410,1415,3146668,708206
2013/06/19 00:00:00.0,1413,1421,1402,1421,2362016,675038
2013/06/20 00:00:00.0,1416,1422,1388,1391,2939860,687150
2013/06/21 00:00:00.0,1372,1400,1362,1391,2889774,702474
2013/06/24 00:00:00.0,1389,1395,1367,1370,1790680,688578
2013/06/25 00:00:00.0,1373,1392,1366,1388,2233956,651456
2013/06/26 00:00:00.0,1391,1395,1356,1364,2065248,661142
2013/06/27 00:00:00.0,1370,1384,1365,1379,1939796,609690
2013/06/28 00:00:00.0,1376,1389,1372,1379,1777022,589068
2013/07/01 00:00:00.0,1377,1387,1368,1385,1554580,581812
2013/07/02 00:00:00.0,1390,1408,1386,1399,1976342,576372
2013/07/03 00:00:00.0,1399,1405,1393,1402,1182846,578002
2013/07/04 00:00:00.0,1403,1411,1397,1401,1448824,574228
2013/07/05 00:00:00.0,1400,1405,1386,1390,1291932,516818
2013/07/08 00:00:00.0,1390,1391,1374,1381,942746,531400
2013/07/09 00:00:00.0,1387,1390,1371,1372,1281404,561416
2013/07/10 00:00:00.0,1369,1387,1363,1386,1361270,551032
2013/07/11 00:00:00.0,1396,1426,1389,1404,2197408,582918
2013/07/12 00:00:00.0,1402,1408,1395,1397,1305588,590976
2013/07/15 00:00:00.0,1395,1408,1379,1380,1327092,579252
2013/07/16 00:00:00.0,1381,1390,1376,1384,1170046,571752
2013/07/17 00:00:00.0,1387,1405,1378,1395,1708622,510778
2013/07/18 00:00:00.0,1393,1393,1381,1389,1070374,525532
2013/07/19 00:00:00.0,1395,1405,1386,1387,1539590,548660
2013/07/22 00:00:00.0,1392,1392,1368,1371,1757682,638188
2013/07/23 00:00:00.0,1371,1380,1362,1376,1061992,607096
2013/07/24 00:00:00.0,1376,1385,1372,1381,1084902,599502
2013/07/25 00:00:00.0,1378,1387,1374,1378,887856,604446
2013/07/26 00:00:00.0,1379,1382,1364,1365,1108426,582582
2013/07/29 00:00:00.0,1364,1366,1352,1359,1108702,606342
2013/07/30 00:00:00.0,1360,1367,1357,1361,851292,583086
2013/07/31 00:00:00.0,1358,1370,1357,1367,742080,572086
2013/08/01 00:00:00.0,1370,1377,1366,1371,738538,547052
2013/08/02 00:00:00.0,1374,1380,1372,1375,688230,554344
2013/08/05 00:00:00.0,1377,1380,1372,1375,487368,558240
2013/08/06 00:00:00.0,1377,1378,1364,1371,684662,594466
2013/08/07 00:00:00.0,1369,1389,1365,1386,1080508,570014
2013/08/08 00:00:00.0,1387,1403,1387,1398,904502,599166
2013/08/09 00:00:00.0,1401,1408,1394,1401,750426,604972
2013/08/12 00:00:00.0,1408,1430,1407,1428,1244928,694402
2013/08/13 00:00:00.0,1428,1439,1423,1428,1329666,693184
2013/08/14 00:00:00.0,1427,1445,1426,1428,1337970,710442
2013/08/15 00:00:00.0,1431,1435,1423,1426,803998,720028
2013/08/16 00:00:00.0,1424,1434,1413,1420,1382358,692252
2013/08/19 00:00:00.0,1423,1457,1422,1448,1631926,814070
2013/08/20 00:00:00.0,1451,1455,1422,1425,1478736,747058
2013/08/21 00:00:00.0,1431,1434,1417,1423,966436,747972
2013/08/22 00:00:00.0,1420,1431,1418,1420,754152,761792
2013/08/23 00:00:00.0,1421,1430,1406,1422,1117932,751766
2013/08/26 00:00:00.0,1436,1447,1431,1440,1949122,935572
2013/08/27 00:00:00.0,1439,1444,1432,1440,964032,945436
2013/08/28 00:00:00.0,1443,1460,1405,1409,2500828,928248
2013/08/29 00:00:00.0,1410,1414,1382,1387,1836892,875532
2013/08/30 00:00:00.0,1384,1392,1376,1379,1086382,861196
2013/09/02 00:00:00.0,1384,1392,1377,1388,1245882,955474
2013/09/03 00:00:00.0,1392,1398,1371,1380,1425516,1001186
2013/09/04 00:00:00.0,1382,1388,1367,1371,888816,1040648
2013/09/05 00:00:00.0,1369,1379,1366,1368,793716,1041286
2013/09/06 00:00:00.0,1371,1382,1360,1374,933600,964114
2013/09/09 00:00:00.0,1388,1388,1377,1382,737438,958662
2013/09/10 00:00:00.0,1379,1381,1371,1379,526888,949066
2013/09/11 00:00:00.0,1382,1394,1378,1385,1031744,978970
2013/09/12 00:00:00.0,1388,1388,1374,1376,771976,953872
2013/09/13 00:00:00.0,1378,1387,1373,1376,720436,921198
2013/09/16 00:00:00.0,1378,1387,1366,1368,952402,953202
2013/09/17 00:00:00.0,1365,1366,1339,1348,1695936,1035686
2013/09/18 00:00:00.0,1345,1350,1338,1340,1104556,1051006
2013/09/23 00:00:00.0,1338,1351,1327,1348,858944,1051842
2013/09/24 00:00:00.0,1347,1354,1340,1343,765512,1082852
2013/09/25 00:00:00.0,1341,1349,1336,1338,720822,1081330
2013/09/26 00:00:00.0,1339,1343,1323,1334,1118474,1038728
2013/09/27 00:00:00.0,1333,1337,1315,1315,763486,979984
2013/09/30 00:00:00.0,1312,1322,1306,1307,692562,935610
2013/10/08 00:00:00.0,1305,1316,1300,1314,538432,956464
2013/10/09 00:00:00.0,1314,1330,1314,1325,800244,1017068
2013/10/10 00:00:00.0,1323,1331,1321,1323,505208,1011480
2013/10/11 00:00:00.0,1325,1332,1322,1325,541354,1017540
2013/10/14 00:00:00.0,1322,1325,1314,1321,554422,1072792
2013/10/15 00:00:00.0,1322,1340,1322,1326,1177674,1059106
2013/10/16 00:00:00.0,1327,1332,1314,1317,675096,1107944
2013/10/17 00:00:00.0,1320,1324,1305,1307,761982,1154912
2013/10/18 00:00:00.0,1307,1313,1302,1304,444282,1160448
2013/10/21 00:00:00.0,1304,1326,1304,1325,613880,1063500
2013/10/22 00:00:00.0,1324,1330,1318,1319,578236,1020330
2013/10/23 00:00:00.0,1321,1326,1310,1315,533468,1018606
2013/10/24 00:00:00.0,1313,1315,1304,1312,450868,1045206
2013/10/25 00:00:00.0,1312,1317,1285,1292,936806,1076756
2013/10/28 00:00:00.0,1293,1304,1292,1301,534222,1024358
2013/10/29 00:00:00.0,1303,1315,1298,1308,638700,989068
2013/10/30 00:00:00.0,1310,1315,1303,1313,568892,969482
2013/10/31 00:00:00.0,1313,1328,1308,1326,871734,983464
2013/11/01 00:00:00.0,1326,1334,1322,1329,880802,952244
2013/11/04 00:00:00.0,1329,1329,1321,1326,441584,931752
2013/11/05 00:00:00.0,1328,1332,1321,1328,524102,937160
2013/11/06 00:00:00.0,1327,1334,1319,1321,702948,941038
2013/11/07 00:00:00.0,1320,1327,1318,1322,399080,921788
2013/11/08 00:00:00.0,1321,1326,1314,1315,331436,912108
2013/11/11 00:00:00.0,1317,1318,1307,1308,418702,928750
2013/11/12 00:00:00.0,1310,1314,1303,1311,410482,918646
2013/11/13 00:00:00.0,1310,1312,1306,1308,279836,906676
2013/11/14 00:00:00.0,1309,1313,1304,1309,332518,905874
2013/11/15 00:00:00.0,1309,1319,1306,1306,485702,889092
2013/11/18 00:00:00.0,1307,1310,1295,1300,501370,917378
2013/11/19 00:00:00.0,1299,1315,1298,1315,460666,863240
2013/11/20 00:00:00.0,1316,1318,1312,1313,332764,859568
2013/11/21 00:00:00.0,1311,1312,1306,1307,283684,857746
2013/11/22 00:00:00.0,1311,1315,1307,1313,289008,823682
2013/11/25 00:00:00.0,1316,1326,1313,1324,501778,808714
2013/11/26 00:00:00.0,1322,1330,1322,1326,493874,796270
2013/11/27 00:00:00.0,1325,1329,1322,1324,293254,778374
2013/11/28 00:00:00.0,1324,1331,1318,1318,484950,762542
2013/11/29 00:00:00.0,1320,1323,1318,1322,240642,730338
2013/12/02 00:00:00.0,1323,1329,1319,1328,276386,727006
2013/12/03 00:00:00.0,1327,1331,1324,1330,253882,719830
2013/12/04 00:00:00.0,1331,1334,1326,1326,306342,698530
2013/12/05 00:00:00.0,1329,1332,1323,1325,281146,647744
2013/12/06 00:00:00.0,1326,1327,1316,1326,334612,585360
2013/12/09 00:00:00.0,1327,1332,1323,1326,162270,584746
2013/12/10 00:00:00.0,1328,1331,1324,1325,170472,575206
2013/12/11 00:00:00.0,1326,1329,1323,1328,144240,557360
2013/12/12 00:00:00.0,1329,1369,1329,1358,1361534,682502
2013/12/13 00:00:00.0,1353,1355,1330,1341,800080,545492
2013/12/16 00:00:00.0,1343,1346,1329,1334,416248,551412
2013/12/17 00:00:00.0,1336,1343,1332,1337,483152,553874
2013/12/18 00:00:00.0,1337,1339,1330,1337,380366,508134
2013/12/19 00:00:00.0,1339,1344,1335,1336,262216,506246
2013/12/20 00:00:00.0,1336,1336,1287,1328,628016,383228
2013/12/23 00:00:00.0,1329,1330,1318,1323,293192,359816
2013/12/24 00:00:00.0,1321,1327,1320,1325,130124,348278
2013/12/25 00:00:00.0,1326,1338,1325,1335,203688,326798
2013/12/26 00:00:00.0,1334,1337,1326,1327,189518,313646
2013/12/27 00:00:00.0,1322,1333,1321,1329,203640,293500
2013/12/30 00:00:00.0,1329,1338,1325,1327,198240,293948
2013/12/31 00:00:00.0,1325,1332,1298,1300,513592,306514
2014/01/02 00:00:00.0,1301,1303,1288,1291,497558,331148
2014/01/03 00:00:00.0,1286,1297,1281,1296,275054,307984
2014/01/06 00:00:00.0,1293,1299,1264,1266,401548,357758
2014/01/07 00:00:00.0,1265,1266,1236,1250,528402,336312
2014/01/08 00:00:00.0,1248,1254,1237,1245,331004,332162
2014/01/09 00:00:00.0,1242,1277,1239,1260,429690,302188
2014/01/10 00:00:00.0,1257,1265,1251,1265,273246,286824
2014/01/13 00:00:00.0,1268,1274,1258,1260,200358,285466
2014/01/14 00:00:00.0,1261,1271,1252,1271,206340,274622
2014/01/15 00:00:00.0,1271,1276,1266,1273,143340,274954
2014/01/16 00:00:00.0,1277,1284,1261,1262,226648,280688
2014/01/17 00:00:00.0,1259,1269,1249,1266,295016,266690
2014/01/20 00:00:00.0,1268,1276,1259,1263,270200,272116
2014/01/21 00:00:00.0,1261,1261,1230,1231,424718,324772
2014/01/22 00:00:00.0,1229,1254,1223,1251,519006,295640
2014/01/23 00:00:00.0,1246,1279,1244,1278,787276,301930
2014/01/24 00:00:00.0,1275,1289,1267,1289,516796,277944
2014/01/27 00:00:00.0,1285,1296,1278,1295,611750,277474
2014/01/28 00:00:00.0,1293,1298,1281,1290,504082,263374
2014/01/29 00:00:00.0,1285,1313,1281,1307,553316,250606
2014/01/30 00:00:00.0,1305,1321,1299,1319,329532,226252
2014/02/07 00:00:00.0,1324,1326,1288,1298,400002,234324
2014/02/10 00:00:00.0,1297,1312,1289,1310,354958,268120
2014/02/11 00:00:00.0,1308,1314,1301,1311,307532,288814
2014/02/12 00:00:00.0,1312,1332,1309,1326,704506,331930
2014/02/13 00:00:00.0,1326,1332,1318,1322,471720,324646
2014/02/14 00:00:00.0,1322,1326,1314,1321,315822,331234
2014/02/17 00:00:00.0,1323,1339,1317,1332,475054,341890
2014/02/18 00:00:00.0,1329,1336,1310,1314,558030,364786
2014/02/19 00:00:00.0,1318,1322,1303,1312,589822,352012
2014/02/20 00:00:00.0,1308,1317,1301,1306,478144,343064
2014/02/21 00:00:00.0,1310,1318,1303,1312,546644,353082
2014/02/24 00:00:00.0,1312,1312,1275,1286,819314,329408
2014/02/25 00:00:00.0,1288,1295,1279,1281,496630,330802
2014/02/26 00:00:00.0,1279,1288,1275,1283,363966,329148
2014/02/27 00:00:00.0,1284,1284,1264,1267,453486,335722
2014/02/28 00:00:00.0,1270,1275,1264,1270,296816,310548
2014/03/03 00:00:00.0,1269,1271,1257,1262,312104,318972
2014/03/04 00:00:00.0,1263,1264,1248,1262,339010,319970
2014/03/05 00:00:00.0,1266,1283,1266,1277,438030,305436
2014/03/06 00:00:00.0,1274,1283,1272,1281,258432,311564
2014/03/07 00:00:00.0,1277,1279,1253,1261,603166,346474
2014/03/10 00:00:00.0,1251,1258,1214,1217,563152,370056
2014/03/11 00:00:00.0,1220,1259,1215,1253,704490,316322
2014/03/12 00:00:00.0,1245,1265,1231,1259,564698,307342
2014/03/13 00:00:00.0,1260,1262,1253,1257,208872,303712
2014/03/14 00:00:00.0,1256,1259,1240,1256,352902,303570
2014/03/17 00:00:00.0,1259,1262,1234,1235,612006,413202
2014/03/18 00:00:00.0,1237,1266,1235,1257,528660,419238
2014/03/19 00:00:00.0,1259,1264,1252,1256,309656,415950
2014/03/20 00:00:00.0,1266,1266,1248,1252,364574,411054
2014/03/21 00:00:00.0,1251,1260,1247,1250,369260,386780
2014/03/24 00:00:00.0,1247,1247,1222,1233,399726,409896
2014/03/25 00:00:00.0,1231,1263,1228,1244,603732,383368
2014/03/26 00:00:00.0,1247,1249,1219,1222,795890,492892
2014/03/27 00:00:00.0,1219,1235,1219,1226,647176,425406
2014/03/28 00:00:00.0,1226,1245,1224,1244,540918,345982
2014/03/31 00:00:00.0,1247,1253,1241,1244,386638,333290
2014/04/01 00:00:00.0,1243,1252,1239,1246,262242,332408
2014/04/02 00:00:00.0,1247,1252,1232,1234,387958,376852
2014/04/03 00:00:00.0,1233,1242,1230,1240,354918,369656
2014/04/04 00:00:00.0,1242,1246,1232,1244,512156,396676
2014/04/08 00:00:00.0,1242,1270,1242,1268,630112,355928
2014/04/09 00:00:00.0,1269,1273,1255,1259,345204,356566
2014/04/10 00:00:00.0,1258,1269,1257,1262,434288,355236
2014/04/11 00:00:00.0,1261,1262,1235,1236,548624,370872
2014/04/14 00:00:00.0,1237,1251,1235,1246,384572,367174
2014/04/15 00:00:00.0,1246,1255,1243,1249,351288,355464
2014/04/16 00:00:00.0,1246,1267,1245,1258,656416,353168
2014/04/17 00:00:00.0,1258,1261,1251,1256,248470,350548
2014/04/18 00:00:00.0,1256,1257,1237,1243,452032,358320
2014/04/21 00:00:00.0,1242,1250,1227,1232,529976,398984
2014/04/22 00:00:00.0,1231,1231,1188,1223,571898,396830
2014/04/23 00:00:00.0,1225,1227,1216,1226,374176,386002
2014/04/24 00:00:00.0,1226,1234,1223,1229,241950,377018
2014/04/25 00:00:00.0,1233,1234,1223,1224,246208,398716
2014/04/28 00:00:00.0,1221,1225,1210,1224,363120,430338
2014/04/29 00:00:00.0,1227,1242,1224,1239,326544,386358
2014/04/30 00:00:00.0,1239,1241,1219,1222,264982,408312
2014/05/05 00:00:00.0,1220,1234,1217,1233,174212,394540
2014/05/06 00:00:00.0,1233,1236,1219,1220,262960,434032
2014/05/07 00:00:00.0,1220,1221,1204,1205,429392,491120
2014/05/08 00:00:00.0,1206,1212,1205,1207,295904,509678
2014/05/09 00:00:00.0,1210,1215,1206,1209,193076,500540
2014/05/12 00:00:00.0,1210,1215,1204,1209,269342,503158
2014/05/13 00:00:00.0,1212,1213,1199,1201,265312,518632
2014/05/14 00:00:00.0,1202,1210,1198,1203,224682,493434
2014/05/15 00:00:00.0,1204,1204,1190,1190,260010,515128
2014/05/16 00:00:00.0,1188,1195,1172,1176,366322,515392
2014/05/19 00:00:00.0,1175,1183,1171,1174,201874,502696
2014/05/20 00:00:00.0,1172,1173,1136,1149,569866,548556
2014/05/21 00:00:00.0,1150,1151,1139,1143,331140,524746
2014/05/22 00:00:00.0,1142,1154,1140,1144,341246,505328
2014/05/23 00:00:00.0,1144,1151,1137,1142,336866,522352
2014/05/26 00:00:00.0,1141,1160,1138,1148,482484,539856
2014/05/27 00:00:00.0,1148,1153,1137,1142,510106,531476
2014/05/28 00:00:00.0,1139,1149,1137,1141,377588,515394
2014/05/29 00:00:00.0,1142,1148,1125,1125,369492,524296
2014/05/30 00:00:00.0,1123,1127,1102,1107,535004,518472
2014/06/03 00:00:00.0,1106,1110,1086,1087,558970,560344
2014/06/04 00:00:00.0,1083,1094,1082,1086,424402,563364
2014/06/05 00:00:00.0,1087,1095,1081,1091,598234,550308
2014/06/06 00:00:00.0,1093,1097,1086,1090,415326,547394
2014/06/09 00:00:00.0,1080,1084,1064,1065,778960,663366
2014/06/10 00:00:00.0,1066,1074,1063,1065,508956,638862
2014/06/11 00:00:00.0,1065,1071,1057,1058,358838,634074
2014/06/12 00:00:00.0,1056,1066,1055,1059,525972,628502
2014/06/13 00:00:00.0,1058,1073,1058,1063,625058,622610
2014/06/16 00:00:00.0,1064,1067,1040,1042,738034,641898
2014/06/17 00:00:00.0,1041,1052,1035,1048,609784,596254
2014/06/18 00:00:00.0,1047,1057,1037,1045,1033554,615692
2014/06/19 00:00:00.0,1037,1051,1037,1042,493926,628388
2014/06/20 00:00:00.0,1043,1063,1041,1060,824694,648706
2014/06/23 00:00:00.0,1063,1080,1063,1066,658168,619322
2014/06/24 00:00:00.0,1067,1067,1055,1061,418138,633472
2014/06/25 00:00:00.0,1061,1070,1058,1060,369446,643582
2014/06/26 00:00:00.0,1063,1083,1059,1078,833386,623230
2014/06/27 00:00:00.0,1079,1080,1058,1059,530182,626460
2014/06/30 00:00:00.0,1057,1063,1049,1056,500168,588030
2014/07/01 00:00:00.0,1061,1067,1051,1054,696420,589474
2014/07/02 00:00:00.0,1056,1063,1047,1060,563712,596620
2014/07/03 00:00:00.0,1061,1074,1060,1062,664286,611754
2014/07/04 00:00:00.0,1063,1064,1051,1052,374700,594702
2014/07/07 00:00:00.0,1052,1054,1041,1043,464316,559482
2014/07/08 00:00:00.0,1043,1049,1032,1037,529744,591864
2014/07/09 00:00:00.0,1036,1042,1005,1005,959580,681200
2014/07/10 00:00:00.0,1001,1010,995,996,764828,727830
2014/07/11 00:00:00.0,996,1000,983,988,642016,749774
2014/07/14 00:00:00.0,984,996,981,982,580804,779546
2014/07/15 00:00:00.0,986,992,980,989,570580,784000
2014/07/16 00:00:00.0,987,1001,986,998,616338,787960
2014/07/17 00:00:00.0,995,1008,995,1004,709388,764156
2014/07/18 00:00:00.0,1005,1006,992,996,593322,738078
2014/07/21 00:00:00.0,996,1032,993,1015,1558622,786268
2014/07/22 00:00:00.0,1014,1018,1004,1008,871186,768846
2014/07/23 00:00:00.0,1008,1014,1000,1003,659918,785308
2014/07/24 00:00:00.0,1003,1016,1000,1001,1057356,749562
2014/07/25 00:00:00.0,1001,1003,981,989,1215598,785228
2014/07/28 00:00:00.0,991,996,982,996,883696,728584
2014/07/29 00:00:00.0,999,1011,999,1011,969426,761490
2014/07/30 00:00:00.0,1006,1016,1001,1013,1244324,797766
2014/07/31 00:00:00.0,1013,1019,1004,1006,889596,760140
2014/08/01 00:00:00.0,1003,1009,999,1000,710614,733274
2014/08/04 00:00:00.0,1000,1023,999,1023,867178,773116
2014/08/05 00:00:00.0,1019,1034,1019,1020,852548,741338
2014/08/06 00:00:00.0,1018,1026,1015,1020,605640,740318
2014/08/07 00:00:00.0,1021,1029,1021,1023,638848,724290
2014/08/08 00:00:00.0,1025,1028,1009,1009,667796,720554
2014/08/11 00:00:00.0,1008,1017,1007,1008,513178,715300
2014/08/12 00:00:00.0,1006,1011,1002,1007,444024,707902
2014/08/13 00:00:00.0,1013,1024,1005,1008,895370,674916
2014/08/14 00:00:00.0,1007,1008,979,984,953350,683648
2014/08/15 00:00:00.0,985,998,983,998,566324,667000
2014/08/18 00:00:00.0,1000,1011,997,1011,729898,687092
2014/08/19 00:00:00.0,1012,1026,1007,1025,1133026,789774
2014/08/20 00:00:00.0,1024,1027,1017,1019,889560,801132
2014/08/21 00:00:00.0,1022,1042,1021,1036,1569542,856732
2014/08/22 00:00:00.0,1034,1041,1031,1040,865026,837260
2014/08/25 00:00:00.0,1043,1046,1032,1037,941786,870838
2014/08/26 00:00:00.0,1040,1047,1033,1045,983800,893056
2014/08/27 00:00:00.0,1048,1049,1030,1030,934410,840524
2014/08/28 00:00:00.0,1030,1033,1016,1018,1148626,853994
2014/08/29 00:00:00.0,1013,1030,1013,1029,849426,868134
2014/09/01 00:00:00.0,1029,1030,978,978,1639070,851188
2014/09/02 00:00:00.0,978,988,971,981,1191022,817426
2014/09/03 00:00:00.0,981,990,975,977,1055452,827690
2014/09/04 00:00:00.0,980,993,980,986,907444,848264
2014/09/05 00:00:00.0,989,992,963,967,1644258,830706
2014/09/09 00:00:00.0,969,977,964,973,980244,827666
2014/09/10 00:00:00.0,974,985,962,966,1868452,937218
2014/09/11 00:00:00.0,966,979,965,977,1330090,919782
2014/09/12 00:00:00.0,977,991,974,989,1081882,865798
2014/09/15 00:00:00.0,989,1012,984,1006,1581586,828626
2014/09/16 00:00:00.0,1006,1013,998,1004,1254144,771566
2014/09/17 00:00:00.0,1011,1012,995,1000,1306124,904004
2014/09/18 00:00:00.0,998,1001,990,996,924622,882776
2014/09/19 00:00:00.0,996,997,979,990,1718592,895762
2014/09/22 00:00:00.0,989,996,968,990,2702444,1032428
2014/09/23 00:00:00.0,992,1026,991,1020,2740802,1017000
2014/09/24 00:00:00.0,1017,1029,1004,1021,1868450,1058764
2014/09/25 00:00:00.0,1021,1024,978,983,2326510,977400
2014/09/26 00:00:00.0,982,987,972,975,1707002,894352
2014/09/29 00:00:00.0,973,979,962,966,1113280,784946
2014/09/30 00:00:00.0,968,976,960,967,634064,746724
2014/10/08 00:00:00.0,973,976,950,952,805564,822802
2014/10/09 00:00:00.0,953,969,951,967,1137364,833662
2014/10/10 00:00:00.0,963,966,957,960,948130,870182
2014/10/13 00:00:00.0,961,980,959,967,1641626,931312
2014/10/14 00:00:00.0,964,978,959,973,1855952,903616
2014/10/15 00:00:00.0,969,977,966,969,898564,915604
2014/10/16 00:00:00.0,963,973,960,962,922706,908372
2014/10/17 00:00:00.0,962,969,958,965,1369134,1042810
2014/10/20 00:00:00.0,967,970,959,962,872774,1062346
2014/10/21 00:00:00.0,961,969,959,964,784506,967620
2014/10/22 00:00:00.0,966,969,956,957,543792,922892
2014/10/23 00:00:00.0,950,961,950,959,619494,925100
2014/10/24 00:00:00.0,961,968,960,964,580392,932556
2014/10/27 00:00:00.0,961,965,956,957,300758,926210
2014/10/28 00:00:00.0,957,958,946,948,454968,922704
2014/10/29 00:00:00.0,953,957,949,956,301672,928228
2014/10/30 00:00:00.0,958,973,958,961,719926,881916
2014/10/31 00:00:00.0,957,970,954,966,384316,877442
2014/11/03 00:00:00.0,962,978,962,971,503904,892366
2014/11/04 00:00:00.0,966,967,950,951,653874,840852
2014/11/05 00:00:00.0,951,953,933,934,423602,863162
2014/11/06 00:00:00.0,938,944,935,939,401198,857934
2014/11/07 00:00:00.0,936,948,936,944,431072,844146
2014/11/10 00:00:00.0,950,961,950,956,610244,889360
2014/11/11 00:00:00.0,956,959,950,958,331842,892552
2014/11/12 00:00:00.0,960,976,956,966,1093292,978364
2014/11/13 00:00:00.0,967,967,954,958,497048,948626
2014/11/14 00:00:00.0,956,968,950,953,1104106,968512
2014/11/17 00:00:00.0,953,956,939,940,664158,934534
2014/11/18 00:00:00.0,942,942,924,936,704262,842474
2014/11/19 00:00:00.0,940,943,929,941,429074,823982
2014/11/20 00:00:00.0,941,942,928,929,509934,807376
2014/11/21 00:00:00.0,926,926,913,916,413766,805650
2014/11/24 00:00:00.0,923,925,907,908,413542,833894
2014/11/25 00:00:00.0,904,920,903,919,443472,786096
2014/11/26 00:00:00.0,917,920,912,917,224964,774420
2014/11/27 00:00:00.0,918,930,915,928,360364,743796
2014/11/28 00:00:00.0,925,931,922,927,469516,727072
2014/12/01 00:00:00.0,920,921,904,910,514900,683038
2014/12/02 00:00:00.0,918,935,918,924,399234,667608
2014/12/03 00:00:00.0,921,929,919,924,333590,689844
2014/12/04 00:00:00.0,926,931,917,919,517308,680682
2014/12/05 00:00:00.0,917,923,908,922,346230,646964
2014/12/08 00:00:00.0,924,927,917,919,319272,643324
2014/12/09 00:00:00.0,916,925,912,923,569674,641338
2014/12/10 00:00:00.0,927,928,917,921,405398,634734
2014/12/11 00:00:00.0,915,932,913,915,964030,634588
2014/12/12 00:00:00.0,917,923,913,923,437110,588274
2014/12/15 00:00:00.0,923,930,917,925,650384,621436
2014/12/16 00:00:00.0,922,924,908,918,598386,590832
2014/12/17 00:00:00.0,916,918,902,909,456078,568200
2014/12/18 00:00:00.0,913,914,903,908,274410,550764
2014/12/19 00:00:00.0,908,913,903,912,294402,553796
2014/12/22 00:00:00.0,914,916,900,901,417276,549064
2014/12/23 00:00:00.0,898,904,893,900,267442,505960
2014/12/24 00:00:00.0,905,917,901,916,561812,554778
2014/12/25 00:00:00.0,916,920,909,914,434208,558952
2014/12/26 00:00:00.0,914,918,911,913,193824,554834
2014/12/29 00:00:00.0,914,943,905,942,922028,679354
2014/12/30 00:00:00.0,948,963,946,963,546760,713628
2014/12/31 00:00:00.0,974,976,953,956,837928,664702
2015/01/05 00:00:00.0,950,970,948,960,815754,707770
2015/01/06 00:00:00.0,978,985,960,961,947440,732122
2015/01/07 00:00:00.0,956,961,951,958,527932,718884
2015/01/08 00:00:00.0,958,967,950,951,550296,693174
2015/01/09 00:00:00.0,950,957,942,952,499060,667778
2015/01/12 00:00:00.0,952,954,929,931,726614,618866
2015/01/13 00:00:00.0,927,935,924,930,278400,604316
2015/01/14 00:00:00.0,931,938,908,933,546692,551398
2015/01/15 00:00:00.0,935,939,928,935,381658,580030
2015/01/16 00:00:00.0,932,934,919,921,378598,537082
2015/01/19 00:00:00.0,919,925,912,920,438102,550096
2015/01/20 00:00:00.0,919,925,915,916,276356,544196
2015/01/21 00:00:00.0,915,926,913,919,367196,536194
2015/01/22 00:00:00.0,922,929,918,920,353610,566322
2015/01/23 00:00:00.0,919,926,907,913,524766,521996
2015/01/26 00:00:00.0,910,914,899,904,408328,499330
2015/01/27 00:00:00.0,905,910,903,903,242268,504008
2015/01/28 00:00:00.0,904,909,899,905,193402,495880
2015/01/29 00:00:00.0,905,920,905,919,321940,489272
2015/01/30 00:00:00.0,918,920,910,912,162148,478194
2015/02/02 00:00:00.0,915,919,912,914,138344,474386
2015/02/03 00:00:00.0,915,926,915,923,315372,492380
2015/02/04 00:00:00.0,928,933,920,920,307506,511486
2015/02/05 00:00:00.0,921,926,914,916,233796,507528
2015/02/06 00:00:00.0,919,925,918,925,165122,507490
2015/02/09 00:00:00.0,925,931,924,928,191594,508150
2015/02/10 00:00:00.0,930,935,928,935,173836,509732
2015/02/11 00:00:00.0,934,949,933,946,468108,572740
2015/02/12 00:00:00.0,945,948,938,943,164338,558202
2015/02/13 00:00:00.0,947,951,944,946,188728,537184
2015/02/16 00:00:00.0,947,952,939,948,170092,528084
2015/02/17 00:00:00.0,949,949,941,941,89180,511236
2015/02/25 00:00:00.0,940,942,936,941,89160,507538
2015/02/26 00:00:00.0,944,965,942,965,424988,601396
2015/02/27 00:00:00.0,963,970,957,964,285144,607310
2015/03/02 00:00:00.0,968,971,932,950,458536,572766
2015/03/03 00:00:00.0,951,953,941,946,190964,533648
2015/03/04 00:00:00.0,948,961,947,950,292260,550056
2015/03/05 00:00:00.0,945,949,936,948,254458,511944
2015/03/06 00:00:00.0,949,956,940,942,226242,509532
2015/03/09 00:00:00.0,936,940,922,935,276996,474482
2015/03/10 00:00:00.0,936,941,923,924,197582,462042
2015/03/11 00:00:00.0,920,929,917,919,162426,460730
2015/03/12 00:00:00.0,918,929,917,927,197450,456360
2015/03/13 00:00:00.0,927,931,919,920,143058,463338
2015/03/16 00:00:00.0,916,928,914,927,181112,465094
2015/03/17 00:00:00.0,926,936,924,928,246974,449784
2015/03/18 00:00:00.0,928,931,921,924,201604,427564
2015/03/19 00:00:00.0,929,946,929,943,325034,421398
2015/03/20 00:00:00.0,945,953,943,952,320560,446688
2015/03/23 00:00:00.0,955,961,949,957,247336,445168
2015/03/24 00:00:00.0,963,969,951,953,285778,431828
2015/03/25 00:00:00.0,952,956,943,943,198170,424884
2015/03/26 00:00:00.0,946,956,940,956,254224,431946
2015/03/27 00:00:00.0,954,954,939,949,263766,415368
2015/03/30 00:00:00.0,948,983,946,975,1029368,529862
2015/03/31 00:00:00.0,975,978,945,945,642582,439944
2015/04/01 00:00:00.0,940,952,936,941,413770,406462
2015/04/02 00:00:00.0,945,950,911,912,565170,429762
2015/04/03 00:00:00.0,911,921,906,912,465710,447058
2015/04/07 00:00:00.0,914,918,902,902,348254,398582
2015/04/08 00:00:00.0,902,902,873,890,683632,399028
2015/04/09 00:00:00.0,885,890,880,880,308154,375842
2015/04/10 00:00:00.0,876,882,868,870,249870,386090
2015/04/13 00:00:00.0,875,904,872,900,400754,346958
2015/04/14 00:00:00.0,897,904,893,899,321560,322748
2015/04/15 00:00:00.0,899,912,895,901,326080,309096
2015/04/16 00:00:00.0,906,911,887,888,355084,319250
2015/04/17 00:00:00.0,889,896,885,893,322380,313696
2015/04/20 00:00:00.0,900,904,880,880,314590,348322
2015/04/21 00:00:00.0,881,900,877,896,388846,310780
2015/04/22 00:00:00.0,898,909,895,905,397826,300044
2015/04/23 00:00:00.0,905,916,904,907,374240,303652
2015/04/24 00:00:00.0,916,930,915,928,637728,283020
2015/04/27 00:00:00.0,940,949,928,943,574978,289844
2015/04/28 00:00:00.0,944,946,930,936,336928,282922
2015/04/29 00:00:00.0,934,935,913,916,387262,271326
2015/04/30 00:00:00.0,922,929,918,922,278482,261166
2015/05/04 00:00:00.0,927,938,920,935,332726,269838
2015/05/05 00:00:00.0,938,954,933,941,637468,292376
2015/05/06 00:00:00.0,946,950,935,942,400150,300504
2015/05/07 00:00:00.0,935,940,930,935,267128,272090
2015/05/08 00:00:00.0,930,950,928,946,420572,300302
2015/05/11 00:00:00.0,952,953,935,936,376854,308932
2015/05/12 00:00:00.0,931,937,929,929,215534,289978
2015/05/13 00:00:00.0,931,936,922,928,257490,286448
2015/05/14 00:00:00.0,921,932,914,932,357632,261006
2015/05/15 00:00:00.0,932,947,926,940,549410,320330
2015/05/18 00:00:00.0,941,946,928,931,362884,308360
2015/05/19 00:00:00.0,929,932,921,924,232476,289596
2015/05/20 00:00:00.0,917,918,899,908,415158,288026
2015/05/21 00:00:00.0,911,922,909,913,252890,266352
2015/05/22 00:00:00.0,915,921,908,911,260690,277074
2015/05/25 00:00:00.0,908,916,905,911,271812,287908
2015/05/26 00:00:00.0,919,926,907,908,359754,272642
2015/05/27 00:00:00.0,910,915,906,912,181048,269124
2015/05/28 00:00:00.0,914,936,911,934,466024,273302
2015/05/29 00:00:00.0,936,942,930,941,451826,267954
2015/06/01 00:00:00.0,944,947,933,940,315336,259548
2015/06/02 00:00:00.0,940,961,936,955,515478,317440
2015/06/03 00:00:00.0,958,959,936,942,403822,270656
2015/06/04 00:00:00.0,941,955,936,948,385936,282424
2015/06/05 00:00:00.0,945,950,940,946,210136,266866
2015/06/08 00:00:00.0,947,952,941,946,238768,273348
2015/06/09 00:00:00.0,950,950,942,945,150192,264792
2015/06/10 00:00:00.0,948,951,943,948,193126,266872
2015/06/11 00:00:00.0,948,966,946,956,465090,313086
2015/06/12 00:00:00.0,958,958,940,946,287026,271180
2015/06/15 00:00:00.0,947,949,938,941,190048,257874
2015/06/16 00:00:00.0,940,945,928,932,282716,232354
2015/06/17 00:00:00.0,930,932,923,927,260812,231066
2015/06/18 00:00:00.0,928,935,926,927,191406,216038
2015/06/19 00:00:00.0,928,934,923,925,169140,214532
2015/06/23 00:00:00.0,925,930,924,925,126266,217734
2015/06/24 00:00:00.0,925,930,920,929,159226,208474
2015/06/25 00:00:00.0,930,930,922,922,106480,212780
2015/06/26 00:00:00.0,921,926,917,924,186050,209902
2015/06/29 00:00:00.0,923,928,921,925,110018,203312
2015/06/30 00:00:00.0,926,926,903,904,258410,218026
2015/07/01 00:00:00.0,903,914,894,906,288124,223496
2015/07/02 00:00:00.0,905,914,903,912,128136,214014
2015/07/03 00:00:00.0,911,917,907,912,115186,208158
2015/07/06 00:00:00.0,913,914,889,896,264100,224818
2015/07/07 00:00:00.0,895,903,872,877,391154,242922
2015/07/08 00:00:00.0,876,879,852,852,375754,221794
2015/07/09 00:00:00.0,832,907,802,887,706970,131556
2015/07/10 00:00:00.0,888,897,878,880,340920,149732
2015/07/13 00:00:00.0,878,885,871,876,201356,159078
2015/07/14 00:00:00.0,877,883,872,873,144220,161680
2015/07/15 00:00:00.0,874,881,868,873,163846,162936
2015/07/16 00:00:00.0,872,873,858,867,221388,174196
2015/07/17 00:00:00.0,865,869,860,864,120720,176744
2015/07/20 00:00:00.0,862,879,860,878,185266,173828
2015/07/21 00:00:00.0,876,878,869,875,133994,170672
2015/07/22 00:00:00.0,875,881,864,869,146300,170702
2015/07/23 00:00:00.0,867,870,855,862,147330,176180
2015/07/24 00:00:00.0,860,864,840,840,176168,204484
2015/07/27 00:00:00.0,841,857,832,855,311052,191054
2015/07/28 00:00:00.0,853,863,847,855,230028,189840
2015/07/29 00:00:00.0,856,871,855,867,194008,176464
2015/07/30 00:00:00.0,867,869,859,861,164722,186468
2015/07/31 00:00:00.0,861,873,856,869,184094,170610
2015/08/03 00:00:00.0,869,886,869,877,268174,156548
2015/08/04 00:00:00.0,875,885,871,883,164620,149124
2015/08/05 00:00:00.0,884,886,874,880,143526,152824
2015/08/06 00:00:00.0,880,883,872,876,109634,154824
2015/08/07 00:00:00.0,875,890,874,888,206630,163302
2015/08/10 00:00:00.0,887,896,883,893,263450,185228
2015/08/11 00:00:00.0,893,905,888,894,228288,186046
2015/08/12 00:00:00.0,892,909,886,908,299902,201408
2015/08/13 00:00:00.0,908,914,902,907,273176,193702
2015/08/14 00:00:00.0,908,909,900,902,158492,185028
2015/08/17 00:00:00.0,901,907,886,887,225844,158686
2015/08/18 00:00:00.0,887,894,881,882,175412,148928
2015/08/19 00:00:00.0,883,899,877,898,248496,176040
2015/08/20 00:00:00.0,899,902,889,892,304018,178746
2015/08/21 00:00:00.0,895,902,890,896,242758,179054
2015/08/24 00:00:00.0,896,897,861,862,360592,141224
2015/08/25 00:00:00.0,859,873,852,860,300980,141784
2015/08/26 00:00:00.0,874,880,855,856,224054,146272
2015/08/27 00:00:00.0,856,870,852,868,199582,139886
2015/08/28 00:00:00.0,871,892,867,875,337728,142332
2015/08/31 00:00:00.0,874,874,843,843,371656,163244
2015/09/01 00:00:00.0,839,850,832,844,397078,180552
2015/09/02 00:00:00.0,843,852,840,844,210118,161694
2015/09/07 00:00:00.0,844,851,825,830,278112,199730
2015/09/08 00:00:00.0,831,841,829,840,208204,189720
2015/09/09 00:00:00.0,844,858,841,846,393778,170536
2015/09/10 00:00:00.0,847,858,844,855,223736,175186
2015/09/11 00:00:00.0,855,861,845,847,262188,188278
2015/09/14 00:00:00.0,846,856,840,842,270792,181334
2015/09/15 00:00:00.0,843,848,839,841,184086,190952
2015/09/16 00:00:00.0,842,852,839,850,248754,180952
2015/09/17 00:00:00.0,851,859,848,852,293554,187722
2015/09/18 00:00:00.0,852,856,848,850,175410,188596
2015/09/21 00:00:00.0,848,852,835,847,252214,196156
2015/09/22 00:00:00.0,848,850,838,840,199180,200236
2015/09/23 00:00:00.0,837,840,832,839,232670,212716
2015/09/24 00:00:00.0,840,841,817,818,512696,328230
2015/09/25 00:00:00.0,817,829,817,819,337540,291804
2015/09/28 00:00:00.0,819,827,814,819,190410,293184
2015/09/29 00:00:00.0,817,823,806,812,300202,278818
2015/09/30 00:00:00.0,814,816,808,811,135806,257234
2015/10/08 00:00:00.0,817,829,814,828,210262,222632
2015/10/09 00:00:00.0,827,840,824,835,269524,206486
2015/10/12 00:00:00.0,837,837,820,823,280584,237784
2015/10/13 00:00:00.0,823,827,819,823,186816,237192
2015/10/14 00:00:00.0,823,827,815,817,267562,268894
2015/10/15 00:00:00.0,819,825,817,821,170140,264430
2015/10/16 00:00:00.0,821,826,819,823,202392,271480
2015/10/19 00:00:00.0,822,836,822,834,342442,282056
2015/10/20 00:00:00.0,833,842,830,835,282760,276828
2015/10/21 00:00:00.0,836,858,830,853,573006,340866
2015/10/22 00:00:00.0,855,874,851,862,951240,403364
2015/10/23 00:00:00.0,861,868,854,866,515812,404906
2015/10/26 00:00:00.0,867,870,858,861,499098,445186
2015/10/27 00:00:00.0,862,872,856,871,622212,495310
2015/10/28 00:00:00.0,872,877,865,866,458964,514412
2015/10/29 00:00:00.0,867,869,860,865,481450,507120
2015/10/30 00:00:00.0,865,879,862,877,627746,543432
2015/11/02 00:00:00.0,875,878,867,869,476270,546856
2015/11/03 00:00:00.0,870,879,867,877,487304,557116
2015/11/04 00:00:00.0,878,895,876,882,1036372,587876
2015/11/05 00:00:00.0,881,888,861,866,948492,513636
2015/11/06 00:00:00.0,865,871,861,869,611070,534588
2015/11/09 00:00:00.0,868,874,864,867,472416,538856
2015/11/10 00:00:00.0,867,870,859,869,537972,544302
2015/11/11 00:00:00.0,870,870,862,863,387592,543694
2015/11/12 00:00:00.0,862,884,851,871,1004636,541168
2015/11/13 00:00:00.0,869,877,858,868,838342,526346
2015/11/16 00:00:00.0,867,873,862,862,467318,528450
2015/11/17 00:00:00.0,861,863,847,859,811698,506486
2015/11/18 00:00:00.0,858,861,851,855,495148,517040
2015/11/19 00:00:00.0,852,857,832,838,928820,482030
2015/11/20 00:00:00.0,836,844,827,837,690842,456080
2015/11/23 00:00:00.0,837,850,832,836,548168,451954
2015/11/24 00:00:00.0,838,856,824,856,717802,434344
2015/11/25 00:00:00.0,857,873,850,873,792172,424996
2015/11/26 00:00:00.0,873,876,848,849,862270,304530
2015/11/27 00:00:00.0,847,857,845,856,328318,325334
2015/11/30 00:00:00.0,857,859,838,839,334292,325278
2015/12/01 00:00:00.0,839,845,834,839,355956,317600
2015/12/02 00:00:00.0,839,849,836,838,686704,306656
2015/12/03 00:00:00.0,838,840,829,835,340544,307900
2015/12/04 00:00:00.0,836,841,822,825,342980,273424
2015/12/07 00:00:00.0,826,835,819,831,363632,274408
2015/12/08 00:00:00.0,831,832,822,822,226224,270824
2015/12/09 00:00:00.0,821,827,815,827,351722,262990
2015/12/10 00:00:00.0,829,831,817,818,285526,263850
2015/12/11 00:00:00.0,818,831,818,830,288838,281006
2015/12/14 00:00:00.0,831,833,824,828,254474,285562
2015/12/15 00:00:00.0,827,842,825,828,441390,311268
2015/12/16 00:00:00.0,827,832,825,830,160166,305934
2015/12/17 00:00:00.0,828,836,824,825,239772,297916
2015/12/18 00:00:00.0,825,836,823,836,196812,299788
2015/12/21 00:00:00.0,836,843,829,840,458386,337542
2015/12/22 00:00:00.0,840,844,832,836,339188,351650
2015/12/23 00:00:00.0,835,837,829,830,206078,330752
2015/12/24 00:00:00.0,832,838,829,837,173614,323616
2015/12/25 00:00:00.0,837,842,828,830,239238,323482
2015/12/28 00:00:00.0,830,832,821,822,246160,310970
2015/12/29 00:00:00.0,821,834,818,834,275968,298646
2015/12/30 00:00:00.0,835,839,831,833,243060,300424
2015/12/31 00:00:00.0,833,841,830,833,243272,287642
2016/01/04 00:00:00.0,834,840,824,824,230344,287588
2016/01/05 00:00:00.0,824,831,824,830,190732,283380
2016/01/06 00:00:00.0,830,832,821,824,182952,284360
2016/01/07 00:00:00.0,823,831,822,831,220658,284536
2016/01/08 00:00:00.0,830,848,828,841,656146,365168
2016/01/11 00:00:00.0,841,850,833,834,536064,385848
2016/01/12 00:00:00.0,835,837,826,831,375330,298214
2016/01/13 00:00:00.0,831,834,828,830,203962,291106
2016/01/14 00:00:00.0,830,834,823,833,289058,279042
2016/01/15 00:00:00.0,832,840,832,836,207990,291850
2016/01/18 00:00:00.0,837,859,834,855,473100,348442
2016/01/19 00:00:00.0,855,861,851,860,315614,375112
2016/01/20 00:00:00.0,860,861,853,854,211254,359480
2016/01/21 00:00:00.0,853,861,852,858,200390,370182
2016/01/22 00:00:00.0,858,873,857,868,469848,391454
2016/01/25 00:00:00.0,868,870,852,857,296992,331282
2016/01/26 00:00:00.0,855,863,854,856,172310,309716
2016/01/27 00:00:00.0,857,866,856,863,165978,309928
2016/01/28 00:00:00.0,863,864,854,855,139044,304472
2016/01/29 00:00:00.0,856,859,847,852,204338,280430
2016/02/01 00:00:00.0,853,858,848,851,156482,272300
2016/02/02 00:00:00.0,851,852,844,851,141324,254516
2016/02/03 00:00:00.0,853,856,848,851,105228,238372
2016/02/04 00:00:00.0,851,866,851,866,143564,225052
2016/02/05 00:00:00.0,866,867,858,864,79854,210520
2016/02/15 00:00:00.0,862,872,860,869,99046,226452
2016/02/16 00:00:00.0,870,870,863,863,93650,238056
2016/02/17 00:00:00.0,864,885,861,884,295934,285672
2016/02/18 00:00:00.0,884,890,881,886,237362,304970
2016/02/19 00:00:00.0,886,896,883,889,267296,294188
2016/02/22 00:00:00.0,888,920,888,904,336592,282198
2016/02/23 00:00:00.0,904,908,892,900,238326,262712
2016/02/24 00:00:00.0,900,906,895,906,180748,259248
2016/02/25 00:00:00.0,905,924,903,914,398342,275222
2016/02/26 00:00:00.0,915,923,904,921,304614,275218
2016/02/29 00:00:00.0,921,922,907,918,251880,261384
2016/03/01 00:00:00.0,921,932,915,930,316142,279620
2016/03/02 00:00:00.0,930,932,923,929,234866,270214
2016/03/03 00:00:00.0,928,936,921,923,244128,264248
2016/03/04 00:00:00.0,923,932,922,929,238160,259866
2016/03/07 00:00:00.0,930,966,928,966,404214,260320
2016/03/08 00:00:00.0,978,1019,950,976,1808458,237402
2016/03/09 00:00:00.0,970,985,953,974,538822,220962
2016/03/10 00:00:00.0,974,996,959,960,516802,231026
2016/03/11 00:00:00.0,958,970,955,961,247418,219374
2016/03/14 00:00:00.0,958,985,956,960,364996,219786
2016/03/15 00:00:00.0,960,963,945,949,371444,201270
2016/03/16 00:00:00.0,947,954,941,948,242994,199918
2016/03/17 00:00:00.0,948,961,937,944,426988,217696
2016/03/18 00:00:00.0,944,972,941,959,668444,249262
2016/03/21 00:00:00.0,957,966,943,944,486306,240178
2016/03/22 00:00:00.0,943,949,936,938,381584,239912
2016/03/23 00:00:00.0,938,956,937,942,317716,227934
2016/03/24 00:00:00.0,942,946,924,924,416622,198820
2016/03/25 00:00:00.0,923,931,917,927,283628,181426
2016/03/28 00:00:00.0,928,934,921,922,208420,181988
2016/03/29 00:00:00.0,922,930,920,924,154836,179492
2016/03/30 00:00:00.0,924,936,922,934,203540,185728
2016/03/31 00:00:00.0,934,936,927,933,134486,177480
2016/04/01 00:00:00.0,934,942,931,936,214370,181078
2016/04/05 00:00:00.0,934,938,925,930,140074,176030
2016/04/06 00:00:00.0,930,943,928,940,227930,185604
2016/04/07 00:00:00.0,939,960,939,956,320418,204590
2016/04/08 00:00:00.0,954,959,950,955,251968,192794
2016/04/11 00:00:00.0,957,975,957,965,370526,208744
2016/04/12 00:00:00.0,966,996,965,994,413518,221830
2016/04/13 00:00:00.0,994,1009,981,988,562416,212028
2016/04/14 00:00:00.0,986,993,982,992,298716,210906
2016/04/15 00:00:00.0,994,1022,992,994,860390,233810
2016/04/18 00:00:00.0,992,1011,986,1005,388356,224598
2016/04/19 00:00:00.0,1006,1029,1000,1018,533938,224876
2016/04/20 00:00:00.0,1024,1035,1012,1031,549236,206472
2016/04/21 00:00:00.0,1031,1063,1022,1052,600458,194132
2016/04/22 00:00:00.0,1052,1056,1018,1020,455736,174774
2016/04/25 00:00:00.0,1019,1055,1019,1034,365156,176576
2016/04/26 00:00:00.0,1035,1045,1006,1014,381562,166508
2016/04/27 00:00:00.0,1016,1018,994,1003,340698,168916
2016/04/28 00:00:00.0,1004,1009,996,998,219678,162952
2016/04/29 00:00:00.0,997,1014,996,1002,265448,161044
2016/05/03 00:00:00.0,1006,1006,956,967,327944,172668
2016/05/04 00:00:00.0,966,972,961,969,208448,169956
2016/05/05 00:00:00.0,970,974,960,961,199298,176838
2016/05/06 00:00:00.0,963,967,940,950,299490,186032
2016/05/09 00:00:00.0,948,969,929,936,435446,217530
2016/05/10 00:00:00.0,936,946,930,943,306800,215890
2016/05/11 00:00:00.0,943,960,943,958,302454,223360
2016/05/12 00:00:00.0,958,973,954,966,282358,221270
2016/05/13 00:00:00.0,964,983,946,960,558854,219470
2016/05/16 00:00:00.0,958,981,954,977,374654,221888
2016/05/17 00:00:00.0,979,985,966,979,340336,225542
2016/05/18 00:00:00.0,977,984,958,959,366792,211050
2016/05/19 00:00:00.0,959,965,952,961,306956,212330
2016/05/20 00:00:00.0,960,981,956,977,335760,212650
2016/05/23 00:00:00.0,977,980,936,944,443378,221172
2016/05/24 00:00:00.0,944,949,931,943,404972,232550
2016/05/25 00:00:00.0,946,949,937,945,321962,233328
2016/05/26 00:00:00.0,946,962,942,961,330342,229428
2016/05/27 00:00:00.0,959,976,952,975,418590,220452
2016/05/30 00:00:00.0,974,1003,970,1003,473400,245162
2016/05/31 00:00:00.0,1008,1034,1008,1026,641184,274664
2016/06/01 00:00:00.0,1026,1037,1016,1030,582102,303374
2016/06/02 00:00:00.0,1030,1046,1005,1012,994298,349590
2016/06/03 00:00:00.0,1009,1022,1000,1012,875250,342464
2016/06/06 00:00:00.0,1015,1026,1003,1023,808370,320726
2016/06/07 00:00:00.0,1024,1034,1017,1023,496838,311500
2016/06/08 00:00:00.0,1021,1029,1014,1024,306692,293826
2016/06/13 00:00:00.0,1023,1038,1017,1027,320816,310038
2016/06/14 00:00:00.0,1027,1031,1008,1013,444146,294428
2016/06/15 00:00:00.0,1014,1019,1007,1017,332880,288184
2016/06/16 00:00:00.0,1019,1023,992,993,400528,279428
2016/06/17 00:00:00.0,993,1002,978,1000,532246,244670
2016/06/20 00:00:00.0,1000,1011,994,998,327554,244214
2016/06/21 00:00:00.0,999,1022,997,1020,343650,256666
2016/06/22 00:00:00.0,1018,1024,1012,1019,379570,268858
2016/06/23 00:00:00.0,1017,1028,1014,1022,432932,280812
2016/06/24 00:00:00.0,1022,1030,1011,1013,395328,250432
2016/06/27 00:00:00.0,1011,1060,1011,1054,609866,294530
2016/06/28 00:00:00.0,1050,1056,1040,1049,339032,303956
2016/06/29 00:00:00.0,1052,1054,1037,1048,379472,315166
2016/06/30 00:00:00.0,1047,1088,1046,1088,720184,360530
2016/07/01 00:00:00.0,1095,1126,1091,1114,880614,341820
2016/07/04 00:00:00.0,1111,1140,1105,1123,656850,337802
2016/07/05 00:00:00.0,1123,1128,1094,1126,656466,322184
2016/07/06 00:00:00.0,1124,1142,1082,1094,985566,298944
2016/07/07 00:00:00.0,1089,1118,1087,1096,542430,284330
2016/07/08 00:00:00.0,1098,1103,1058,1060,743726,300114
2016/07/11 00:00:00.0,1061,1078,1053,1068,424594,283416
2016/07/12 00:00:00.0,1070,1108,1068,1108,471866,304202
2016/07/13 00:00:00.0,1115,1125,1102,1107,563980,286038
2016/07/14 00:00:00.0,1108,1117,1085,1114,629584,298406
2016/07/15 00:00:00.0,1115,1126,1096,1109,561864,296942
2016/07/18 00:00:00.0,1112,1114,1068,1070,517130,274448
2016/07/19 00:00:00.0,1070,1087,1061,1086,562248,266864
2016/07/20 00:00:00.0,1085,1093,1075,1079,596458,254824
2016/07/21 00:00:00.0,1076,1091,1069,1085,482960,255312
2016/07/22 00:00:00.0,1084,1092,1064,1065,352050,240096
2016/07/25 00:00:00.0,1066,1095,1061,1093,437550,255610
2016/07/26 00:00:00.0,1092,1101,1080,1096,621170,280140
2016/07/27 00:00:00.0,1094,1113,1089,1100,602144,275158
2016/07/28 00:00:00.0,1101,1108,1085,1087,591608,274948
2016/07/29 00:00:00.0,1087,1092,1073,1077,479370,251878
2016/08/01 00:00:00.0,1078,1128,1072,1127,669380,294674
2016/08/02 00:00:00.0,1133,1158,1129,1150,725636,299904
2016/08/03 00:00:00.0,1152,1152,1140,1150,432258,308754
2016/08/04 00:00:00.0,1149,1165,1131,1152,787334,310360
2016/08/05 00:00:00.0,1150,1162,1142,1161,500130,324116
2016/08/08 00:00:00.0,1161,1174,1147,1174,617654,322024
2016/08/09 00:00:00.0,1173,1204,1170,1202,836392,360546
2016/08/10 00:00:00.0,1208,1211,1172,1180,917514,314744
2016/08/11 00:00:00.0,1181,1182,1151,1161,811158,307224
2016/08/12 00:00:00.0,1161,1173,1156,1171,744824,297126
2016/08/15 00:00:00.0,1171,1176,1157,1165,670178,292036
2016/08/16 00:00:00.0,1165,1213,1157,1204,1123564,344256
2016/08/17 00:00:00.0,1202,1214,1193,1196,693744,319160
2016/08/18 00:00:00.0,1195,1226,1190,1203,904146,342364
2016/08/19 00:00:00.0,1203,1214,1190,1210,837860,354986
2016/08/22 00:00:00.0,1210,1230,1202,1219,1001824,369130
2016/08/23 00:00:00.0,1219,1229,1211,1221,848892,372312
2016/08/24 00:00:00.0,1221,1225,1189,1190,1035154,346264
2016/08/25 00:00:00.0,1191,1206,1178,1205,1182660,369722
2016/08/26 00:00:00.0,1205,1231,1197,1222,1494224,439938
2016/08/29 00:00:00.0,1223,1224,1182,1187,1506558,424222
2016/08/30 00:00:00.0,1188,1194,1166,1175,1244944,418430
2016/08/31 00:00:00.0,1178,1184,1158,1163,1044150,373696
2016/09/01 00:00:00.0,1165,1172,1152,1164,915114,371496
2016/09/02 00:00:00.0,1163,1204,1161,1188,1202600,355608
2016/09/05 00:00:00.0,1192,1212,1178,1185,1609026,361888
2016/09/06 00:00:00.0,1185,1204,1175,1201,1181368,343128
2016/09/07 00:00:00.0,1199,1205,1173,1178,1314882,327940
2016/09/08 00:00:00.0,1179,1180,1159,1163,1264272,328564
2016/09/09 00:00:00.0,1160,1174,1152,1165,1309214,330026
2016/09/12 00:00:00.0,1166,1173,1129,1131,1336074,343776
2016/09/13 00:00:00.0,1132,1138,1102,1102,1029882,384864
2016/09/14 00:00:00.0,1096,1107,1089,1097,781604,352936
2016/09/19 00:00:00.0,1092,1115,1092,1110,396058,348952
2016/09/20 00:00:00.0,1110,1129,1087,1123,1956602,392546
2016/09/21 00:00:00.0,1126,1136,1120,1125,1305980,398454
2016/09/22 00:00:00.0,1126,1142,1107,1112,1554698,389318
2016/09/23 00:00:00.0,1114,1120,1103,1114,1025626,384632
2016/09/26 00:00:00.0,1114,1128,1098,1114,1038946,344916
2016/09/27 00:00:00.0,1115,1123,1103,1116,903304,327978
2016/09/28 00:00:00.0,1113,1123,1099,1112,968562,306882
2016/09/29 00:00:00.0,1113,1129,1108,1114,731090,272714
2016/09/30 00:00:00.0,1114,1120,1059,1063,921300,285142
2016/10/10 00:00:00.0,1055,1074,1049,1064,318456,310232
2016/10/11 00:00:00.0,1065,1074,1060,1070,639538,367034
2016/10/12 00:00:00.0,1069,1080,1046,1071,1152150,361658
2016/10/13 00:00:00.0,1070,1077,1056,1059,909790,381274
2016/10/14 00:00:00.0,1060,1069,1049,1053,817648,382196
2016/10/17 00:00:00.0,1054,1084,1050,1080,1125608,397628
2016/10/18 00:00:00.0,1079,1087,1072,1080,671186,374996
2016/10/19 00:00:00.0,1078,1107,1073,1082,1053170,335378
2016/10/20 00:00:00.0,1083,1104,1077,1100,765566,345730
2016/10/21 00:00:00.0,1100,1116,1098,1115,1016854,336604
2016/10/24 00:00:00.0,1116,1119,1104,1115,579712,335414
2016/10/25 00:00:00.0,1114,1130,1110,1127,869946,343164
2016/10/26 00:00:00.0,1127,1138,1110,1122,722362,318200
2016/10/27 00:00:00.0,1121,1125,1094,1097,607228,318678
2016/10/28 00:00:00.0,1097,1118,1088,1110,392012,323916
2016/10/31 00:00:00.0,1111,1116,1095,1106,467148,339334
2016/11/01 00:00:00.0,1104,1150,1098,1149,723652,383518
2016/11/02 00:00:00.0,1161,1188,1153,1168,850920,325842
2016/11/03 00:00:00.0,1169,1201,1166,1189,979878,393626
2016/11/04 00:00:00.0,1189,1195,1172,1181,799162,383514
2016/11/07 00:00:00.0,1186,1232,1181,1230,1016204,433340
2016/11/08 00:00:00.0,1240,1298,1194,1217,1453206,324968
2016/11/09 00:00:00.0,1218,1283,1213,1246,1142546,346432
2016/11/10 00:00:00.0,1252,1283,1228,1260,1122490,342860
2016/11/11 00:00:00.0,1265,1309,1265,1299,1182732,357032
2016/11/14 00:00:00.0,1305,1337,1225,1243,919348,248880
2016/11/15 00:00:00.0,1246,1260,1208,1208,392794,236334
2016/11/16 00:00:00.0,1205,1240,1197,1232,310774,217072
2016/11/17 00:00:00.0,1230,1237,1212,1231,332164,230014
2016/11/18 00:00:00.0,1235,1258,1204,1214,305802,227512
2016/11/21 00:00:00.0,1219,1231,1193,1219,305938,228776
2016/11/22 00:00:00.0,1225,1275,1223,1275,494042,263316
2016/11/23 00:00:00.0,1269,1287,1259,1274,330884,267308
2016/11/24 00:00:00.0,1272,1308,1250,1269,454002,269522
2016/11/25 00:00:00.0,1268,1277,1249,1272,294102,245318
2016/11/28 00:00:00.0,1273,1317,1265,1304,368420,256886
2016/11/29 00:00:00.0,1302,1305,1265,1265,291764,222108
2016/11/30 00:00:00.0,1264,1269,1222,1224,312634,216472
2016/12/01 00:00:00.0,1228,1255,1224,1244,261684,201992
2016/12/02 00:00:00.0,1245,1250,1179,1200,341186,209014
2016/12/05 00:00:00.0,1192,1233,1192,1226,276832,204238
2016/12/06 00:00:00.0,1231,1236,1200,1208,241046,207960
2016/12/07 00:00:00.0,1209,1277,1205,1276,321472,217382
2016/12/08 00:00:00.0,1288,1308,1249,1304,616988,267788
2016/12/09 00:00:00.0,1306,1316,1266,1291,775678,256798
2016/12/12 00:00:00.0,1293,1354,1293,1330,697182,295924
2016/12/13 00:00:00.0,1333,1376,1319,1366,520530,321224
2016/12/14 00:00:00.0,1369,1388,1331,1354,719890,320038
2016/12/15 00:00:00.0,1357,1384,1340,1363,502656,295558
2016/12/16 00:00:00.0,1359,1388,1354,1365,426526,296574
2016/12/19 00:00:00.0,1364,1368,1304,1309,484278,241112
2016/12/20 00:00:00.0,1306,1317,1290,1310,350374,241670
2016/12/21 00:00:00.0,1316,1322,1256,1277,493032,258590
2016/12/22 00:00:00.0,1275,1285,1231,1233,340426,231518
2016/12/23 00:00:00.0,1233,1255,1226,1248,288594,214596
2016/12/26 00:00:00.0,1248,1256,1196,1216,370738,228538
2016/12/27 00:00:00.0,1214,1250,1204,1244,277740,194194
2016/12/28 00:00:00.0,1249,1281,1239,1264,392324,220330
2016/12/29 00:00:00.0,1266,1268,1240,1254,281866,198896
2016/12/30 00:00:00.0,1252,1258,1212,1222,341690,183604
2017/01/03 00:00:00.0,1224,1243,1198,1204,196540,187296
2017/01/04 00:00:00.0,1208,1215,1177,1207,350046,214380
2017/01/05 00:00:00.0,1205,1223,1202,1210,251576,203856
2017/01/06 00:00:00.0,1210,1228,1196,1206,298626,213230
2017/01/09 00:00:00.0,1207,1228,1201,1226,231800,207034
2017/01/10 00:00:00.0,1224,1275,1215,1275,470200,238638
2017/01/11 00:00:00.0,1276,1282,1257,1264,287732,206330
2017/01/12 00:00:00.0,1262,1277,1246,1257,363582,256190
2017/01/13 00:00:00.0,1259,1292,1256,1273,468410,248846
2017/01/16 00:00:00.0,1273,1332,1268,1313,485002,286964
2017/01/17 00:00:00.0,1310,1321,1275,1294,338140,255188
2017/01/18 00:00:00.0,1297,1309,1285,1296,265780,263592
2017/01/19 00:00:00.0,1293,1306,1280,1300,271090,255358
2017/01/20 00:00:00.0,1301,1326,1296,1300,511636,297616
2017/01/23 00:00:00.0,1303,1306,1271,1282,429872,251212
2017/01/24 00:00:00.0,1279,1318,1279,1307,302740,258848
2017/01/25 00:00:00.0,1309,1322,1300,1318,237790,237996
2017/01/26 00:00:00.0,1314,1328,1308,1322,195518,218456
2017/02/03 00:00:00.0,1344,1348,1282,1287,200476,225122
2017/02/06 00:00:00.0,1289,1304,1285,1287,192916,252922
2017/02/07 00:00:00.0,1290,1296,1269,1291,292780,268008
2017/02/08 00:00:00.0,1290,1318,1282,1315,316820,266316
2017/02/09 00:00:00.0,1317,1320,1303,1304,168348,256526
2017/02/10 00:00:00.0,1306,1376,1300,1375,630834,403224
2017/02/13 00:00:00.0,1379,1398,1363,1387,570678,372986
2017/02/14 00:00:00.0,1386,1394,1370,1388,325428,360266
2017/02/15 00:00:00.0,1391,1400,1361,1367,446314,344426
2017/02/16 00:00:00.0,1365,1395,1352,1367,417530,324050
2017/02/17 00:00:00.0,1367,1424,1363,1377,933708,382774
2017/02/20 00:00:00.0,1377,1391,1357,1387,456106,340034
2017/02/21 00:00:00.0,1389,1407,1366,1369,472956,356066
2017/02/22 00:00:00.0,1372,1377,1347,1364,412160,323620
2017/02/23 00:00:00.0,1361,1371,1337,1345,340822,319416
2017/02/24 00:00:00.0,1350,1355,1319,1349,332496,274138
2017/02/27 00:00:00.0,1349,1379,1341,1356,398302,310202
2017/02/28 00:00:00.0,1358,1359,1321,1326,392472,291312
2017/03/01 00:00:00.0,1327,1338,1313,1330,298018,279410
2017/03/02 00:00:00.0,1332,1346,1324,1332,305990,291282
2017/03/03 00:00:00.0,1329,1331,1301,1317,337054,273010
2017/03/06 00:00:00.0,1317,1328,1308,1323,284330,280680
2017/03/07 00:00:00.0,1323,1331,1318,1324,233700,267824
2017/03/08 00:00:00.0,1324,1327,1257,1258,506860,335236
2017/03/09 00:00:00.0,1254,1257,1220,1232,435738,269470
2017/03/10 00:00:00.0,1229,1248,1222,1226,238732,271872
2017/03/13 00:00:00.0,1230,1251,1205,1248,352218,270026
2017/03/14 00:00:00.0,1248,1259,1238,1242,290768,250192
2017/03/15 00:00:00.0,1239,1264,1221,1259,260048,243330
2017/03/16 00:00:00.0,1262,1263,1208,1251,475988,284046
2017/03/17 00:00:00.0,1252,1255,1235,1243,314436,268902
2017/03/20 00:00:00.0,1246,1250,1221,1234,270846,267170
2017/03/21 00:00:00.0,1235,1243,1217,1238,254954,261584
2017/03/22 00:00:00.0,1236,1241,1193,1199,394710,310946
2017/03/23 00:00:00.0,1200,1213,1197,1204,188602,272194
2017/03/24 00:00:00.0,1204,1222,1194,1214,253480,282046
2017/03/27 00:00:00.0,1214,1219,1180,1201,313632,294452
2017/03/28 00:00:00.0,1200,1256,1200,1253,640322,350040
2017/03/29 00:00:00.0,1255,1276,1254,1269,400478,276362
2017/03/30 00:00:00.0,1267,1276,1254,1273,309160,278020
2017/03/31 00:00:00.0,1276,1303,1263,1299,405864,265876
2017/04/05 00:00:00.0,1308,1319,1278,1295,364262,252780
2017/04/06 00:00:00.0,1297,1304,1284,1298,250498,255370
2017/04/07 00:00:00.0,1299,1303,1270,1288,463264,302628
2017/04/10 00:00:00.0,1284,1300,1275,1287,453874,283502
2017/04/11 00:00:00.0,1287,1290,1235,1238,558400,310624
2017/04/12 00:00:00.0,1238,1249,1224,1226,376632,280148
2017/04/13 00:00:00.0,1225,1255,1216,1241,358088,286900
2017/04/14 00:00:00.0,1241,1258,1227,1231,436324,298536
2017/04/17 00:00:00.0,1234,1248,1208,1220,440926,308158
2017/04/18 00:00:00.0,1222,1228,1209,1213,288726,287460
2017/04/19 00:00:00.0,1205,1246,1185,1244,420230,299310
2017/04/20 00:00:00.0,1244,1274,1230,1273,546944,310168
2017/04/21 00:00:00.0,1279,1296,1275,1283,535872,310814
2017/04/24 00:00:00.0,1283,1312,1263,1305,523958,328734
2017/04/25 00:00:00.0,1305,1310,1285,1291,471568,308086
2017/04/26 00:00:00.0,1290,1306,1273,1275,457264,299894
2017/04/27 00:00:00.0,1278,1294,1269,1293,369442,312752
2017/04/28 00:00:00.0,1292,1316,1283,1297,436820,306282
2017/05/02 00:00:00.0,1305,1307,1279,1296,208890,305644
2017/05/03 00:00:00.0,1297,1300,1285,1295,256898,307020
2017/05/04 00:00:00.0,1291,1297,1232,1244,612982,334034
2017/05/05 00:00:00.0,1241,1253,1225,1227,414334,274534
2017/05/08 00:00:00.0,1229,1249,1229,1233,313908,284106
2017/05/09 00:00:00.0,1230,1239,1215,1235,311150,278844
2017/05/10 00:00:00.0,1236,1246,1219,1225,281544,293444
2017/05/11 00:00:00.0,1226,1282,1213,1275,521172,328342
2017/05/12 00:00:00.0,1272,1277,1253,1261,446370,324380
2017/05/15 00:00:00.0,1262,1290,1249,1285,455838,355564
2017/05/16 00:00:00.0,1288,1295,1267,1284,315180,327410
2017/05/17 00:00:00.0,1285,1287,1260,1263,529552,345068
2017/05/18 00:00:00.0,1264,1285,1261,1275,379560,291120
2017/05/19 00:00:00.0,1269,1338,1266,1338,782634,438340
2017/05/22 00:00:00.0,1345,1355,1331,1334,499674,362656
2017/05/23 00:00:00.0,1335,1354,1333,1345,382008,417366
2017/05/24 00:00:00.0,1347,1354,1321,1338,491924,374128
2017/05/25 00:00:00.0,1339,1348,1318,1333,369730,378484
2017/05/26 00:00:00.0,1334,1347,1324,1345,400690,396464
2017/05/31 00:00:00.0,1352,1387,1294,1299,495466,375406
2017/06/01 00:00:00.0,1300,1306,1276,1288,394662,356070
2017/06/02 00:00:00.0,1291,1307,1280,1295,361068,391864
2017/06/05 00:00:00.0,1295,1327,1289,1303,521020,433472
2017/06/06 00:00:00.0,1300,1312,1291,1297,412970,409098
2017/06/07 00:00:00.0,1297,1310,1285,1291,474160,435578
2017/06/08 00:00:00.0,1293,1312,1281,1305,451308,400242
2017/06/09 00:00:00.0,1306,1322,1304,1318,294216,407858
2017/06/12 00:00:00.0,1321,1327,1303,1304,298670,402100
2017/06/13 00:00:00.0,1303,1306,1289,1297,378446,401926
2017/06/14 00:00:00.0,1295,1322,1286,1320,529142,411674
2017/06/15 00:00:00.0,1319,1321,1302,1309,292946,356826
2017/06/16 00:00:00.0,1305,1338,1302,1330,492626,423930
2017/06/19 00:00:00.0,1330,1334,1304,1305,371434,363836
2017/06/20 00:00:00.0,1305,1311,1298,1303,359760,432738
2017/06/21 00:00:00.0,1302,1307,1295,1304,241776,376364
2017/06/22 00:00:00.0,1305,1309,1258,1261,522928,485934
2017/06/23 00:00:00.0,1274,1274,1256,1263,388214,448538
2017/06/26 00:00:00.0,1266,1276,1258,1268,233896,451478
2017/06/27 00:00:00.0,1266,1284,1259,1282,283558,439060
2017/06/28 00:00:00.0,1281,1293,1275,1286,339604,411436
2017/06/29 00:00:00.0,1284,1346,1279,1345,628594,373464
2017/06/30 00:00:00.0,1346,1357,1336,1356,360520,356156
2017/07/03 00:00:00.0,1353,1360,1346,1357,210436,346782
2017/07/04 00:00:00.0,1358,1358,1332,1338,236632,325208
2017/07/05 00:00:00.0,1340,1375,1338,1364,317408,362792
2017/07/06 00:00:00.0,1359,1364,1343,1358,201790,330006
2017/07/07 00:00:00.0,1356,1370,1346,1359,202434,354614
2017/07/10 00:00:00.0,1356,1371,1339,1349,309738,363840
2017/07/11 00:00:00.0,1349,1386,1342,1367,300516,368098
2017/07/12 00:00:00.0,1366,1380,1344,1349,294596,362742
2017/07/13 00:00:00.0,1350,1359,1334,1359,260704,349126
2017/07/14 00:00:00.0,1358,1361,1342,1349,225808,343562
2017/07/17 00:00:00.0,1351,1383,1349,1373,325750,359726
2017/07/18 00:00:00.0,1374,1386,1363,1373,208670,350498
2017/07/19 00:00:00.0,1376,1442,1374,1439,815324,529314
2017/07/20 00:00:00.0,1441,1442,1407,1414,504552,440240
2017/07/21 00:00:00.0,1414,1421,1402,1416,242752,426186
2017/07/24 00:00:00.0,1414,1421,1391,1401,248826,410094
2017/07/25 00:00:00.0,1400,1415,1400,1406,227082,424432
2017/07/26 00:00:00.0,1409,1413,1375,1387,362574,425408
2017/07/27 00:00:00.0,1388,1398,1382,1391,188254,400374
2017/07/28 00:00:00.0,1391,1406,1379,1386,259418,396616
2017/07/31 00:00:00.0,1390,1421,1387,1414,291810,404312
2017/08/01 00:00:00.0,1411,1416,1402,1409,168358,393292
2017/08/02 00:00:00.0,1411,1431,1394,1407,393258,407064
2017/08/03 00:00:00.0,1408,1417,1399,1406,237532,379030
2017/08/04 00:00:00.0,1409,1429,1401,1402,351726,377552
2017/08/07 00:00:00.0,1401,1423,1381,1382,425760,358892
2017/08/08 00:00:00.0,1386,1389,1374,1382,242032,336024
2017/08/09 00:00:00.0,1382,1429,1382,1421,456040,368558
2017/08/10 00:00:00.0,1422,1434,1411,1418,352786,364926
2017/08/11 00:00:00.0,1418,1425,1394,1405,289188,330438
2017/08/14 00:00:00.0,1405,1428,1402,1415,360924,379494
2017/08/15 00:00:00.0,1413,1420,1390,1401,377438,351026
2017/08/16 00:00:00.0,1405,1413,1396,1412,241402,331342
2017/08/17 00:00:00.0,1413,1448,1413,1440,405592,387772
2017/08/18 00:00:00.0,1437,1445,1433,1442,159740,362482
2017/08/21 00:00:00.0,1438,1464,1427,1453,316316,405526
2017/08/22 00:00:00.0,1450,1461,1444,1454,180930,378450
2017/08/23 00:00:00.0,1451,1455,1431,1438,281726,373840
2017/08/24 00:00:00.0,1442,1459,1431,1452,241134,369444
2017/08/25 00:00:00.0,1453,1465,1444,1444,217486,337820
2017/08/28 00:00:00.0,1446,1451,1425,1444,260598,309630
2017/08/29 00:00:00.0,1446,1447,1430,1434,178354,302340
2017/08/30 00:00:00.0,1438,1444,1426,1444,165418,300876
2017/08/31 00:00:00.0,1440,1444,1406,1419,276420,307498
2017/09/01 00:00:00.0,1421,1433,1413,1415,244260,281072
2017/09/04 00:00:00.0,1419,1439,1389,1394,385686,317784
2017/09/05 00:00:00.0,1399,1407,1391,1401,199556,295996
2017/09/06 00:00:00.0,1404,1412,1383,1395,239866,285382
2017/09/07 00:00:00.0,1401,1402,1374,1380,243568,292128
2017/09/08 00:00:00.0,1384,1392,1364,1372,206096,287676
2017/09/11 00:00:00.0,1373,1383,1368,1378,160506,280404
2017/09/12 00:00:00.0,1377,1393,1373,1388,193172,284494
2017/09/13 00:00:00.0,1386,1393,1373,1376,159672,266762
2017/09/14 00:00:00.0,1378,1406,1368,1401,363374,322442
2017/09/15 00:00:00.0,1402,1402,1353,1358,344560,280112
2017/09/18 00:00:00.0,1359,1367,1332,1346,294292,275984
2017/09/19 00:00:00.0,1348,1349,1333,1335,155366,253014
2017/09/20 00:00:00.0,1336,1346,1328,1343,144680,250634
2017/09/21 00:00:00.0,1342,1352,1328,1335,194130,257212
2017/09/22 00:00:00.0,1336,1347,1331,1333,216824,260858
2017/09/25 00:00:00.0,1337,1356,1314,1346,325520,271718
2017/09/26 00:00:00.0,1348,1351,1320,1323,219390,249032
2017/09/27 00:00:00.0,1322,1337,1318,1329,154142,232258
2017/09/28 00:00:00.0,1329,1332,1310,1318,174366,236642
2017/09/29 00:00:00.0,1319,1321,1304,1308,149932,219644
2017/10/09 00:00:00.0,1319,1326,1288,1300,172462,262652
2017/10/10 00:00:00.0,1301,1365,1301,1358,491326,338326
2017/10/11 00:00:00.0,1357,1362,1342,1355,266934,310022
2017/10/12 00:00:00.0,1355,1370,1339,1353,306312,293060
2017/10/13 00:00:00.0,1354,1374,1353,1369,212586,258418
2017/10/16 00:00:00.0,1369,1382,1358,1379,249300,256888
2017/10/17 00:00:00.0,1378,1379,1365,1371,154264,236220
2017/10/18 00:00:00.0,1372,1377,1361,1373,162540,239640
2017/10/19 00:00:00.0,1374,1378,1356,1359,201056,224750
2017/10/20 00:00:00.0,1359,1396,1351,1392,248202,244508
2017/10/23 00:00:00.0,1390,1393,1354,1358,245942,216868
2017/10/24 00:00:00.0,1358,1366,1349,1355,170736,206430
2017/10/25 00:00:00.0,1356,1361,1333,1337,197650,229648
2017/10/26 00:00:00.0,1339,1341,1322,1328,160168,230676
2017/10/27 00:00:00.0,1329,1330,1306,1313,175486,243356
2017/10/30 00:00:00.0,1313,1324,1308,1311,145004,249760
2017/10/31 00:00:00.0,1314,1327,1308,1311,161244,268596
2017/11/01 00:00:00.0,1324,1358,1314,1343,364854,300416
2017/11/02 00:00:00.0,1343,1353,1335,1348,186754,241962
2017/11/03 00:00:00.0,1347,1347,1338,1344,118102,229020
2017/11/06 00:00:00.0,1347,1365,1343,1359,154380,241492
2017/11/07 00:00:00.0,1357,1372,1356,1370,166780,241564
2017/11/08 00:00:00.0,1371,1384,1364,1375,154330,248178
2017/11/09 00:00:00.0,1375,1402,1363,1399,333752,311882
2017/11/10 00:00:00.0,1400,1421,1391,1411,377962,336976
2017/11/13 00:00:00.0,1409,1417,1406,1410,187766,313930
2017/11/14 00:00:00.0,1417,1428,1410,1424,174592,341808
2017/11/15 00:00:00.0,1423,1434,1409,1416,390424,396296
2017/11/16 00:00:00.0,1422,1442,1413,1430,326116,430402
2017/11/17 00:00:00.0,1431,1458,1429,1452,497026,546862
2017/11/20 00:00:00.0,1461,1497,1447,1494,615400,649920
2017/11/21 00:00:00.0,1493,1503,1474,1482,592802,647842
2017/11/22 00:00:00.0,1480,1488,1466,1476,426350,631276
2017/11/23 00:00:00.0,1475,1475,1456,1468,480334,599294
2017/11/24 00:00:00.0,1471,1478,1457,1476,248520,574728
2017/11/27 00:00:00.0,1474,1491,1460,1462,508640,620200
2017/11/28 00:00:00.0,1458,1463,1442,1452,410546,570492
2017/11/29 00:00:00.0,1452,1474,1452,1468,418904,619674
2017/11/30 00:00:00.0,1473,1497,1453,1455,537144,653084
2017/12/01 00:00:00.0,1454,1473,1447,1468,492430,630534
2017/12/04 00:00:00.0,1469,1523,1460,1502,554468,670350
2017/12/05 00:00:00.0,1504,1512,1487,1493,308834,622456
2017/12/06 00:00:00.0,1492,1507,1486,1502,279962,638370
2017/12/07 00:00:00.0,1502,1509,1449,1465,497912,610890
2017/12/08 00:00:00.0,1466,1478,1457,1470,341148,570502
2017/12/11 00:00:00.0,1471,1479,1456,1467,361772,575734
2017/12/12 00:00:00.0,1470,1472,1454,1461,251426,553524
2017/12/13 00:00:00.0,1462,1498,1458,1491,463776,587076
2017/12/14 00:00:00.0,1489,1491,1445,1447,454230,530024
2017/12/15 00:00:00.0,1447,1462,1445,1454,286832,519636
2017/12/18 00:00:00.0,1455,1494,1454,1486,412640,543486
2017/12/19 00:00:00.0,1485,1503,1470,1485,335694,521600
2017/12/20 00:00:00.0,1485,1498,1482,1490,199106,520210
2017/12/21 00:00:00.0,1492,1501,1477,1495,301812,541450
2017/12/22 00:00:00.0,1499,1515,1491,1513,397358,573158
2017/12/25 00:00:00.0,1514,1518,1486,1492,322114,542714
2017/12/26 00:00:00.0,1493,1497,1484,1489,221370,529724
2017/12/27 00:00:00.0,1489,1493,1470,1474,295690,536852
2017/12/28 00:00:00.0,1474,1480,1465,1477,235856,500258
2017/12/29 00:00:00.0,1477,1493,1469,1487,314042,489750
2018/01/02 00:00:00.0,1489,1489,1458,1465,258734,447802
2018/01/03 00:00:00.0,1468,1469,1444,1456,311136,449018
2018/01/04 00:00:00.0,1457,1476,1447,1473,275044,441040
2018/01/05 00:00:00.0,1472,1474,1454,1462,196210,444740
2018/01/08 00:00:00.0,1458,1515,1456,1513,376882,528964
2018/01/09 00:00:00.0,1513,1515,1502,1508,264982,539892
2018/01/10 00:00:00.0,1510,1518,1501,1510,274300,555728
2018/01/11 00:00:00.0,1516,1516,1485,1494,307582,521878
2018/01/12 00:00:00.0,1495,1501,1489,1497,181470,529922
2018/01/15 00:00:00.0,1496,1496,1480,1484,205414,511668
2018/01/16 00:00:00.0,1483,1490,1466,1469,216028,498496
2018/01/17 00:00:00.0,1469,1481,1467,1477,160250,489284
2018/01/18 00:00:00.0,1476,1498,1469,1493,282180,529410
2018/01/19 00:00:00.0,1493,1496,1484,1488,195504,486128
2018/01/22 00:00:00.0,1486,1491,1454,1460,432290,516404
2018/01/23 00:00:00.0,1461,1477,1454,1470,260932,450176
2018/01/24 00:00:00.0,1468,1476,1458,1463,187528,462432
2018/01/25 00:00:00.0,1464,1495,1456,1491,373424,501042
2018/01/26 00:00:00.0,1491,1494,1476,1488,177838,461748
2018/01/29 00:00:00.0,1487,1508,1486,1502,275936,541660
2018/01/30 00:00:00.0,1500,1505,1489,1499,190698,513354
2018/01/31 00:00:00.0,1498,1503,1473,1484,302694,505418
2018/02/01 00:00:00.0,1485,1487,1470,1471,184344,461432
2018/02/02 00:00:00.0,1470,1499,1470,1494,216798,475634
2018/02/05 00:00:00.0,1491,1501,1487,1493,189066,482102
2018/02/06 00:00:00.0,1492,1504,1485,1490,201594,486982
2018/02/07 00:00:00.0,1492,1500,1482,1495,208132,490224
2018/02/08 00:00:00.0,1493,1523,1473,1474,691408,583112
2018/02/09 00:00:00.0,1475,1484,1458,1459,489166,552114
2018/02/12 00:00:00.0,1458,1467,1443,1449,311974,522082
2018/02/13 00:00:00.0,1453,1461,1447,1453,168324,478628
2018/02/14 00:00:00.0,1455,1473,1451,1470,149860,435092
2018/02/22 00:00:00.0,1475,1476,1450,1455,145506,458572
2018/02/23 00:00:00.0,1455,1500,1452,1494,397746,510312
2018/02/26 00:00:00.0,1494,1503,1485,1495,204506,478158
2018/02/27 00:00:00.0,1495,1501,1489,1498,144480,484754
2018/02/28 00:00:00.0,1496,1507,1490,1501,244482,520846
2018/03/01 00:00:00.0,1500,1510,1490,1502,247050,534458
2018/03/02 00:00:00.0,1500,1504,1494,1496,84076,510416
2018/03/05 00:00:00.0,1503,1512,1487,1490,317176,530044
2018/03/06 00:00:00.0,1489,1496,1479,1489,204148,511536
2018/03/07 00:00:00.0,1492,1500,1481,1485,279912,556976
2018/03/08 00:00:00.0,1485,1494,1470,1471,362252,563304
2018/03/09 00:00:00.0,1470,1480,1452,1459,462932,554968
2018/03/12 00:00:00.0,1461,1485,1456,1467,380660,530632
2018/03/13 00:00:00.0,1467,1471,1458,1466,275430,511360
2018/03/14 00:00:00.0,1469,1478,1457,1461,362816,518174
2018/03/15 00:00:00.0,1463,1465,1443,1448,391280,526628
2018/03/16 00:00:00.0,1450,1465,1440,1461,301570,501738
2018/03/19 00:00:00.0,1463,1481,1455,1471,380076,513050
2018/03/20 00:00:00.0,1469,1475,1446,1453,307746,470350
2018/03/21 00:00:00.0,1453,1465,1429,1442,389234,517268
2018/03/22 00:00:00.0,1442,1448,1376,1381,769608,594090
2018/03/23 00:00:00.0,1383,1393,1336,1370,777704,506274
2018/03/26 00:00:00.0,1372,1386,1364,1378,345556,485994
2018/03/27 00:00:00.0,1377,1388,1361,1366,358326,467422
2018/03/28 00:00:00.0,1369,1372,1353,1364,345652,461536
2018/03/29 00:00:00.0,1366,1374,1358,1372,207340,440326
2018/03/30 00:00:00.0,1373,1413,1364,1405,416568,431994
2018/04/02 00:00:00.0,1405,1415,1370,1375,363324,390016
2018/04/03 00:00:00.0,1374,1382,1354,1370,282128,367280
2018/04/04 00:00:00.0,1370,1372,1354,1363,173012,331594
2018/04/09 00:00:00.0,1346,1363,1341,1358,137124,329126
2018/04/10 00:00:00.0,1358,1362,1355,1359,45584,319032
2018/04/11 00:00:00.0,1362,1384,1362,1370,243038,339546
2018/04/12 00:00:00.0,1371,1379,1367,1374,188600,324038
2018/04/13 00:00:00.0,1373,1382,1368,1380,168332,310700
2018/04/16 00:00:00.0,1379,1381,1355,1364,201954,319474
2018/04/17 00:00:00.0,1363,1369,1352,1352,175292,289988
2018/04/18 00:00:00.0,1355,1378,1353,1376,210990,297634
2018/04/19 00:00:00.0,1382,1390,1374,1386,196942,279688
2018/04/20 00:00:00.0,1385,1387,1374,1374,126622,266402
2018/04/23 00:00:00.0,1376,1391,1373,1384,139498,259390
2018/04/24 00:00:00.0,1379,1396,1378,1389,135606,252866
2018/04/25 00:00:00.0,1389,1397,1374,1379,161690,268276
2018/04/26 00:00:00.0,1378,1383,1374,1379,109610,249380
2018/04/27 00:00:00.0,1381,1381,1360,1374,163166,251948
2018/05/02 00:00:00.0,1375,1381,1355,1374,162804,253606
2018/05/03 00:00:00.0,1372,1386,1369,1381,159068,259848
2018/05/04 00:00:00.0,1378,1385,1363,1368,178700,275444
2018/05/07 00:00:00.0,1368,1383,1365,1380,169410,263978
2018/05/08 00:00:00.0,1382,1386,1373,1377,109872,262926
2018/05/09 00:00:00.0,1375,1376,1339,1346,319858,354592
2018/05/10 00:00:00.0,1349,1359,1345,1349,176176,318388
2018/05/11 00:00:00.0,1354,1357,1346,1348,181866,328942
2018/05/14 00:00:00.0,1350,1364,1343,1360,192548,322228
2018/05/15 00:00:00.0,1358,1367,1350,1362,226760,328318
2018/05/16 00:00:00.0,1362,1380,1355,1361,264984,322064
2018/05/17 00:00:00.0,1363,1369,1360,1362,116774,305628
2018/05/18 00:00:00.0,1363,1367,1339,1350,233940,334956
2018/05/21 00:00:00.0,1348,1388,1347,1376,328014,303582
2018/05/22 00:00:00.0,1376,1385,1373,1378,148034,278594
2018/05/23 00:00:00.0,1380,1384,1362,1373,201050,282470
2018/05/24 00:00:00.0,1374,1396,1368,1382,230792,284658
2018/05/25 00:00:00.0,1382,1388,1376,1385,146016,269278
2018/05/28 00:00:00.0,1384,1430,1378,1420,350776,325848
2018/05/29 00:00:00.0,1420,1424,1411,1422,148344,291648
2018/05/30 00:00:00.0,1422,1426,1414,1419,136900,283950
2018/05/31 00:00:00.0,1417,1438,1415,1430,258762,314962
2018/06/01 00:00:00.0,1430,1451,1428,1447,171556,301370
2018/06/04 00:00:00.0,1447,1461,1437,1441,175856,303946
2018/06/05 00:00:00.0,1444,1445,1432,1444,129702,293074
2018/06/06 00:00:00.0,1444,1453,1434,1441,148908,300012
2018/06/07 00:00:00.0,1442,1465,1438,1455,172572,302232
2018/06/08 00:00:00.0,1454,1459,1442,1449,118364,280642
2018/06/11 00:00:00.0,1450,1454,1442,1443,105150,279662
2018/06/12 00:00:00.0,1444,1456,1434,1455,126972,278832
2018/06/13 00:00:00.0,1455,1456,1431,1435,172890,270998
2018/06/14 00:00:00.0,1439,1445,1434,1438,87312,255236
2018/06/15 00:00:00.0,1437,1479,1435,1472,295718,286102
2018/06/19 00:00:00.0,1460,1477,1445,1454,164706,241344
2018/06/20 00:00:00.0,1454,1468,1449,1458,135596,253126
2018/06/21 00:00:00.0,1456,1468,1452,1455,110512,249332
2018/06/22 00:00:00.0,1454,1455,1435,1447,193808,263122
2018/06/25 00:00:00.0,1446,1452,1436,1437,127934,250018
2018/06/26 00:00:00.0,1434,1434,1413,1416,218454,282662
2018/06/27 00:00:00.0,1415,1425,1413,1420,113520,262878
2018/06/28 00:00:00.0,1420,1437,1417,1431,182810,274982
2018/06/29 00:00:00.0,1430,1454,1421,1448,225012,251806
2018/07/02 00:00:00.0,1445,1451,1433,1444,167202,267590
2018/07/03 00:00:00.0,1446,1450,1443,1448,102804,258532
2018/07/04 00:00:00.0,1450,1465,1450,1455,211502,280340
2018/07/05 00:00:00.0,1454,1461,1445,1450,146752,251086
2018/07/06 00:00:00.0,1450,1457,1437,1452,155952,264516
2018/07/09 00:00:00.0,1451,1457,1445,1450,116778,253984
2018/07/10 00:00:00.0,1451,1471,1449,1459,186874,282742
2018/07/11 00:00:00.0,1460,1464,1449,1453,123106,263904
2018/07/12 00:00:00.0,1454,1476,1448,1472,211614,297896
2018/07/13 00:00:00.0,1472,1480,1466,1470,138936,279758
2018/07/16 00:00:00.0,1469,1476,1468,1469,97464,285222
2018/07/17 00:00:00.0,1470,1472,1453,1460,156516,275514
2018/07/18 00:00:00.0,1461,1465,1453,1455,100990,266994
2018/07/19 00:00:00.0,1456,1463,1451,1454,113694,266158
2018/07/20 00:00:00.0,1453,1459,1449,1459,109518,257396
2018/07/23 00:00:00.0,1456,1459,1443,1452,113846,257300
2018/07/24 00:00:00.0,1454,1474,1452,1467,188528,252188
2018/07/25 00:00:00.0,1467,1471,1462,1463,115358,228362
2018/07/26 00:00:00.0,1467,1467,1455,1458,84466,219440
2018/07/27 00:00:00.0,1456,1464,1451,1462,140630,225202
2018/07/30 00:00:00.0,1462,1471,1461,1469,115548,223834
2018/07/31 00:00:00.0,1470,1474,1455,1457,105750,220606
2018/08/01 00:00:00.0,1457,1465,1450,1464,139264,225822
2018/08/02 00:00:00.0,1461,1463,1452,1453,106582,220922
2018/08/03 00:00:00.0,1454,1477,1437,1438,288520,240862
2018/08/06 00:00:00.0,1439,1446,1432,1441,195986,221940
2018/08/07 00:00:00.0,1441,1459,1438,1443,244462,226010
2018/08/08 00:00:00.0,1442,1453,1441,1442,149458,221550
2018/08/09 00:00:00.0,1441,1442,1432,1433,74150,228790
2018/08/10 00:00:00.0,1443,1451,1433,1437,273954,244422
2018/08/13 00:00:00.0,1436,1453,1425,1448,184282,243096
2018/08/14 00:00:00.0,1449,1499,1449,1466,466610,296334
2018/08/15 00:00:00.0,1465,1471,1452,1461,183178,281288
2018/08/16 00:00:00.0,1458,1476,1406,1418,454744,297464
2018/08/17 00:00:00.0,1423,1435,1416,1431,261662,256944
2018/08/20 00:00:00.0,1436,1439,1411,1436,237238,247104
2018/08/21 00:00:00.0,1437,1442,1425,1432,146364,231030
2018/08/22 00:00:00.0,1433,1451,1432,1448,194208,248224
2018/08/23 00:00:00.0,1450,1459,1444,1449,200234,242628
2018/08/24 00:00:00.0,1450,1465,1443,1465,206780,248498
2018/08/27 00:00:00.0,1465,1469,1458,1463,136922,230892
2018/08/28 00:00:00.0,1464,1471,1452,1460,120350,232618
2018/08/29 00:00:00.0,1460,1463,1452,1456,103166,231330
2018/08/30 00:00:00.0,1457,1457,1446,1450,114288,228254
2018/08/31 00:00:00.0,1452,1459,1436,1436,146778,224066
2018/09/03 00:00:00.0,1435,1437,1404,1419,182558,229738
2018/09/04 00:00:00.0,1419,1424,1407,1411,115780,223108
2018/09/05 00:00:00.0,1410,1415,1355,1376,378110,282768
2018/09/06 00:00:00.0,1376,1385,1360,1367,241698,259126
2018/09/07 00:00:00.0,1369,1378,1339,1346,367564,297830
2018/09/10 00:00:00.0,1346,1361,1343,1354,189336,260994
2018/09/11 00:00:00.0,1354,1359,1326,1347,230226,269512
2018/09/12 00:00:00.0,1346,1361,1334,1353,211034,241440
2018/09/13 00:00:00.0,1353,1367,1339,1352,198066,247370
2018/09/14 00:00:00.0,1354,1356,1344,1345,105974,241736
2018/09/17 00:00:00.0,1344,1361,1339,1348,164024,251484
2018/09/18 00:00:00.0,1346,1354,1340,1352,137934,240460
2018/09/19 00:00:00.0,1354,1364,1328,1359,255932,254318
2018/09/20 00:00:00.0,1358,1371,1353,1356,178968,228406
2018/09/21 00:00:00.0,1359,1368,1352,1365,147352,224064
2018/09/25 00:00:00.0,1364,1374,1356,1363,117504,225742
2018/09/26 00:00:00.0,1363,1371,1360,1370,134836,211044
2018/09/27 00:00:00.0,1370,1371,1349,1351,131018,193344
2018/09/28 00:00:00.0,1352,1354,1331,1344,159170,189928
2018/10/08 00:00:00.0,1346,1348,1301,1333,253410,232170
2018/10/09 00:00:00.0,1335,1348,1322,1342,258468,229720
2018/10/10 00:00:00.0,1341,1349,1336,1343,156846,210244
2018/10/11 00:00:00.0,1343,1343,1320,1327,192256,233012
2018/10/12 00:00:00.0,1329,1336,1323,1334,130488,222992
2018/10/15 00:00:00.0,1333,1337,1307,1317,212748,281170
2018/10/16 00:00:00.0,1317,1323,1308,1313,147482,271394
2018/10/17 00:00:00.0,1313,1322,1308,1319,145822,270460
2018/10/18 00:00:00.0,1319,1320,1296,1300,195512,290514
2018/10/19 00:00:00.0,1299,1315,1290,1307,161660,275932
2018/10/22 00:00:00.0,1307,1322,1303,1320,143118,276658
2018/10/23 00:00:00.0,1318,1324,1314,1316,89382,265944
2018/10/24 00:00:00.0,1316,1326,1314,1324,118622,268806
2018/10/25 00:00:00.0,1323,1326,1308,1316,115390,253706
2018/10/26 00:00:00.0,1319,1329,1316,1325,120678,260250
2018/10/29 00:00:00.0,1322,1324,1308,1315,130454,249918
2018/10/30 00:00:00.0,1318,1331,1316,1322,158910,259636
2018/10/31 00:00:00.0,1319,1321,1309,1319,181442,254004
2018/11/01 00:00:00.0,1318,1328,1310,1316,187264,254974
2018/11/02 00:00:00.0,1318,1331,1297,1326,300096,286628
2018/11/05 00:00:00.0,1325,1329,1319,1321,124682,265778
2018/11/06 00:00:00.0,1319,1324,1305,1308,155086,268552
2018/11/07 00:00:00.0,1309,1313,1299,1307,138138,252684
2018/11/08 00:00:00.0,1306,1307,1262,1284,428020,340458
2018/11/09 00:00:00.0,1286,1286,1266,1268,159330,312320
2018/11/12 00:00:00.0,1267,1269,1239,1244,282686,298258
2018/11/13 00:00:00.0,1242,1256,1233,1245,200544,287722
2018/11/14 00:00:00.0,1248,1253,1240,1248,145474,264436
2018/11/15 00:00:00.0,1248,1252,1244,1250,111718,267784
2018/11/16 00:00:00.0,1248,1271,1248,1263,192116,259182
2018/11/19 00:00:00.0,1265,1285,1260,1277,169186,247618
2018/11/20 00:00:00.0,1279,1283,1270,1276,149848,231328
2018/11/21 00:00:00.0,1278,1288,1253,1285,279300,250896
2018/11/22 00:00:00.0,1286,1296,1273,1293,170336,216938
2018/11/23 00:00:00.0,1293,1299,1282,1286,184464,227278
2018/11/26 00:00:00.0,1287,1290,1258,1266,353196,253100
2018/11/27 00:00:00.0,1269,1289,1264,1280,207330,232228
2018/11/28 00:00:00.0,1281,1288,1270,1283,179832,221628
2018/11/29 00:00:00.0,1283,1289,1278,1282,108340,211194
2018/11/30 00:00:00.0,1282,1283,1261,1268,186938,227084
2018/12/03 00:00:00.0,1268,1306,1264,1283,226898,213582
2018/12/04 00:00:00.0,1284,1285,1273,1283,128352,197656
2018/12/05 00:00:00.0,1282,1290,1279,1288,120932,203712
2018/12/06 00:00:00.0,1290,1292,1281,1284,88144,206362
2018/12/07 00:00:00.0,1285,1308,1282,1306,192848,241168
2018/12/10 00:00:00.0,1304,1316,1299,1301,145712,221226
2018/12/11 00:00:00.0,1301,1305,1281,1285,149322,219798
2018/12/12 00:00:00.0,1286,1290,1280,1281,119880,202934
2018/12/13 00:00:00.0,1282,1293,1276,1286,148444,205738
2018/12/14 00:00:00.0,1285,1298,1283,1296,123864,187004
2018/12/17 00:00:00.0,1298,1311,1291,1307,132978,197446
2018/12/18 00:00:00.0,1308,1312,1296,1300,148402,197538
2018/12/19 00:00:00.0,1298,1303,1292,1298,124202,200518
2018/12/20 00:00:00.0,1300,1308,1291,1302,136722,201060
2018/12/21 00:00:00.0,1300,1310,1299,1301,127842,206462
2018/12/24 00:00:00.0,1303,1307,1280,1285,162874,208802
2018/12/25 00:00:00.0,1286,1289,1272,1284,163508,210148
2018/12/26 00:00:00.0,1283,1290,1278,1285,98576,194906
2018/12/27 00:00:00.0,1286,1303,1279,1285,144346,190476
