2010/01/04 00:00:00.0,4498,4535,4491,4512,262004,171008
2010/01/05 00:00:00.0,4548,4674,4544,4667,538870,209392
2010/01/06 00:00:00.0,4664,4730,4660,4681,527612,211678
2010/01/07 00:00:00.0,4737,4743,4527,4579,442778,170150
2010/01/08 00:00:00.0,4589,4599,4485,4577,305748,160278
2010/01/11 00:00:00.0,4643,4700,4621,4694,333830,174244
2010/01/12 00:00:00.0,4656,4656,4602,4635,264350,162818
2010/01/13 00:00:00.0,4487,4596,4436,4561,302934,157406
2010/01/14 00:00:00.0,4590,4643,4588,4594,200422,160226
2010/01/15 00:00:00.0,4572,4594,4535,4554,176826,153268
2010/01/18 00:00:00.0,4506,4576,4506,4560,165092,163276
2010/01/19 00:00:00.0,4572,4606,4556,4579,158082,165394
2010/01/20 00:00:00.0,4596,4616,4562,4568,151800,163756
2010/01/21 00:00:00.0,4534,4614,4532,4612,200026,180114
2010/01/22 00:00:00.0,4543,4586,4522,4569,239756,175864
2010/01/25 00:00:00.0,4550,4565,4533,4547,146096,179846
2010/01/26 00:00:00.0,4557,4576,4493,4505,197322,170610
2010/01/27 00:00:00.0,4519,4523,4493,4512,117658,169936
2010/01/28 00:00:00.0,4475,4542,4446,4531,298142,183368
2010/01/29 00:00:00.0,4518,4532,4478,4478,199222,171946
2010/02/01 00:00:00.0,4486,4490,4380,4403,225390,165676
2010/02/02 00:00:00.0,4451,4462,4401,4431,158632,160908
2010/02/03 00:00:00.0,4474,4499,4460,4489,156388,150944
2010/02/04 00:00:00.0,4464,4469,4445,4451,102968,146042
2010/02/05 00:00:00.0,4358,4363,4300,4331,162106,144470
2010/02/08 00:00:00.0,4326,4347,4320,4327,87776,144150
2010/02/09 00:00:00.0,4319,4339,4302,4334,100288,143500
2010/02/10 00:00:00.0,4353,4357,4327,4347,85186,134778
2010/02/11 00:00:00.0,4365,4389,4361,4374,62278,123934
2010/02/12 00:00:00.0,4382,4435,4377,4427,60532,116016
2010/02/22 00:00:00.0,4539,4540,4493,4514,60442,112926
2010/02/23 00:00:00.0,4498,4512,4494,4501,54974,115970
2010/02/24 00:00:00.0,4480,4504,4475,4484,60076,114550
2010/02/25 00:00:00.0,4509,4527,4492,4492,103592,114712
2010/02/26 00:00:00.0,4479,4524,4474,4513,62016,115906
2010/03/01 00:00:00.0,4555,4556,4536,4544,42728,90598
2010/03/02 00:00:00.0,4530,4536,4506,4514,44708,87480
2010/03/03 00:00:00.0,4536,4537,4526,4531,33928,87554
2010/03/04 00:00:00.0,4543,4584,4538,4538,124252,91522
2010/03/05 00:00:00.0,4551,4557,4537,4557,44362,88776
2010/03/08 00:00:00.0,4580,4600,4566,4581,67294,90404
2010/03/09 00:00:00.0,4572,4589,4566,4577,43498,92472
2010/03/10 00:00:00.0,4571,4586,4568,4577,35272,95094
2010/03/11 00:00:00.0,4586,4590,4564,4568,54834,96674
2010/03/12 00:00:00.0,4584,4589,4578,4586,34830,94774
2010/03/15 00:00:00.0,4579,4582,4560,4565,44926,98882
2010/03/16 00:00:00.0,4541,4562,4536,4557,47720,99234
2010/03/17 00:00:00.0,4589,4644,4583,4630,113482,104192
2010/03/18 00:00:00.0,4633,4636,4605,4620,61276,99744
2010/03/19 00:00:00.0,4615,4628,4610,4624,42420,95836
2010/03/22 00:00:00.0,4590,4606,4585,4599,43898,98242
2010/03/23 00:00:00.0,4607,4620,4602,4607,30694,99692
2010/03/24 00:00:00.0,4603,4634,4603,4611,58694,101568
2010/03/25 00:00:00.0,4602,4623,4598,4609,42186,99194
2010/03/26 00:00:00.0,4615,4641,4611,4634,62246,97300
2010/03/29 00:00:00.0,4632,4659,4628,4648,64244,100996
2010/03/30 00:00:00.0,4666,4675,4650,4656,79850,98026
2010/03/31 00:00:00.0,4658,4661,4646,4650,31382,94270
2010/04/01 00:00:00.0,4664,4692,4659,4678,55134,93270
2010/04/02 00:00:00.0,4698,4704,4689,4701,36832,94298
2010/04/06 00:00:00.0,4723,4745,4718,4733,46532,91440
2010/04/07 00:00:00.0,4731,4733,4723,4727,30146,89454
2010/04/08 00:00:00.0,4717,4732,4712,4715,21970,85642
2010/04/09 00:00:00.0,4722,4743,4715,4741,23830,82184
2010/04/12 00:00:00.0,4743,4764,4738,4747,20178,82556
2010/04/13 00:00:00.0,4746,4765,4736,4746,21674,80058
2010/04/14 00:00:00.0,4771,4773,4749,4752,23790,80290
2010/04/15 00:00:00.0,4766,4778,4757,4768,29344,81042
2010/04/16 00:00:00.0,4760,4769,4755,4765,18856,80614
2010/04/19 00:00:00.0,4740,4742,4719,4724,33506,74136
2010/04/20 00:00:00.0,4737,4755,4727,4755,22374,69768
2010/04/21 00:00:00.0,4758,4760,4752,4757,21306,65784
2010/04/22 00:00:00.0,4743,4757,4740,4746,17154,60106
2010/04/23 00:00:00.0,4748,4760,4745,4755,10750,57030
2010/04/26 00:00:00.0,4767,4771,4760,4763,22598,53414
2010/04/27 00:00:00.0,4761,4763,4671,4754,17976,53894
2010/04/28 00:00:00.0,4725,4725,4684,4720,22812,54512
2010/04/29 00:00:00.0,4723,4735,4722,4732,12548,55380
2010/04/30 00:00:00.0,4749,4795,4731,4769,34970,57840
2010/05/04 00:00:00.0,4779,4806,4775,4785,38498,41542
2010/05/05 00:00:00.0,4725,4760,4723,4756,31680,38524
2010/05/06 00:00:00.0,4739,4755,4716,4719,34682,40236
2010/05/07 00:00:00.0,4683,4683,4638,4650,51866,41286
2010/05/10 00:00:00.0,4667,4697,4664,4697,31378,45720
2010/05/11 00:00:00.0,4686,4705,4679,4683,30078,47276
2010/05/12 00:00:00.0,4677,4699,4674,4681,21078,47866
2010/05/13 00:00:00.0,4683,4700,4677,4700,16594,47992
2010/05/14 00:00:00.0,4676,4680,4656,4659,34848,54960
2010/05/17 00:00:00.0,4588,4604,4450,4513,82828,60522
2010/05/18 00:00:00.0,4518,4549,4515,4547,46052,58012
2010/05/19 00:00:00.0,4486,4508,4468,4478,65168,62390
2010/05/20 00:00:00.0,4506,4529,4487,4496,49514,64460
2010/05/21 00:00:00.0,4438,4447,4355,4372,104138,80644
2010/05/24 00:00:00.0,4377,4415,4363,4412,108912,86108
2010/05/25 00:00:00.0,4375,4402,4342,4344,92720,92204
2010/05/26 00:00:00.0,4377,4384,4360,4378,70812,91640
2010/05/27 00:00:00.0,4386,4409,4369,4409,83894,87110
2010/05/28 00:00:00.0,4443,4485,4443,4457,91896,85492
2010/05/31 00:00:00.0,4449,4452,4423,4425,55162,84944
2010/06/01 00:00:00.0,4423,4441,4401,4407,53708,79538
2010/06/02 00:00:00.0,4385,4396,4324,4360,89400,83326
2010/06/03 00:00:00.0,4387,4403,4371,4392,64284,85220
2010/06/04 00:00:00.0,4377,4395,4376,4383,46254,86764
2010/06/07 00:00:00.0,4220,4239,4178,4231,117992,82768
2010/06/08 00:00:00.0,4247,4304,4242,4299,100486,86606
2010/06/09 00:00:00.0,4292,4354,4280,4345,87512,83176
2010/06/10 00:00:00.0,4361,4361,4314,4326,58758,81032
2010/06/11 00:00:00.0,4357,4368,4345,4362,43880,76624
2010/06/17 00:00:00.0,4396,4397,4338,4339,60512,76766
2010/06/18 00:00:00.0,4338,4360,4332,4356,40962,78210
2010/06/21 00:00:00.0,4395,4431,4369,4421,79144,67764
2010/06/22 00:00:00.0,4391,4403,4380,4390,41290,68494
2010/06/23 00:00:00.0,4366,4388,4362,4386,32770,67150
2010/06/24 00:00:00.0,4370,4387,4368,4373,27656,66920
2010/06/25 00:00:00.0,4374,4377,4352,4363,23896,66900
2010/06/28 00:00:00.0,4396,4408,4386,4393,35452,64462
2010/06/29 00:00:00.0,4383,4386,4332,4352,39660,69516
2010/06/30 00:00:00.0,4326,4339,4300,4326,42432,65602
2010/07/01 00:00:00.0,4326,4339,4300,4303,27718,59852
2010/07/02 00:00:00.0,4257,4306,4253,4305,41384,60058
2010/07/05 00:00:00.0,4292,4314,4292,4305,24284,60696
2010/07/06 00:00:00.0,4276,4287,4263,4285,40566,60868
2010/07/07 00:00:00.0,4286,4288,4276,4278,16636,61086
2010/07/08 00:00:00.0,4317,4330,4313,4316,20628,59124
2010/07/09 00:00:00.0,4328,4329,4307,4309,23116,61342
2010/07/12 00:00:00.0,4315,4323,4287,4287,19728,62830
2010/07/13 00:00:00.0,4291,4305,4245,4266,27556,62782
2010/07/14 00:00:00.0,4302,4304,4286,4301,25058,58252
2010/07/15 00:00:00.0,4292,4296,4278,4283,19762,59854
2010/07/16 00:00:00.0,4294,4294,4267,4272,19466,62634
2010/07/19 00:00:00.0,4259,4297,4238,4268,17522,62718
2010/07/20 00:00:00.0,4282,4293,4264,4290,25514,63478
2010/07/21 00:00:00.0,4294,4294,4278,4279,16208,65778
2010/07/22 00:00:00.0,4277,4283,4264,4282,19582,65296
2010/07/23 00:00:00.0,4311,4339,4310,4330,39460,67384
2010/07/26 00:00:00.0,4320,4359,4283,4352,44168,70028
2010/07/27 00:00:00.0,4354,4363,4337,4349,30764,68136
2010/07/28 00:00:00.0,4334,4352,4314,4346,45288,73712
2010/07/29 00:00:00.0,4341,4390,4341,4388,55826,80376
2010/07/30 00:00:00.0,4389,4404,4374,4398,56000,79224
2010/08/02 00:00:00.0,4404,4464,4403,4451,43030,85876
2010/08/03 00:00:00.0,4470,4483,4462,4464,39478,87228
2010/08/04 00:00:00.0,4469,4469,4425,4453,32394,88314
2010/08/05 00:00:00.0,4455,4464,4387,4439,9132,89398
2010/08/06 00:00:00.0,4432,4475,4425,4474,42482,95692
2010/08/09 00:00:00.0,4465,4487,4459,4482,35458,98504
2010/08/10 00:00:00.0,4475,4482,4455,4461,27338,96682
2010/08/11 00:00:00.0,4455,4461,4437,4438,27938,94466
2010/08/12 00:00:00.0,4424,4429,4371,4385,41528,86564
2010/08/13 00:00:00.0,4380,4407,4370,4406,35144,88224
2010/08/16 00:00:00.0,4393,4422,4383,4421,37166,93692
2010/08/17 00:00:00.0,4412,4428,4410,4426,43918,101882
2010/08/18 00:00:00.0,4431,4467,4429,4461,62268,106396
2010/08/19 00:00:00.0,4442,4529,4441,4512,158194,138002
2010/08/20 00:00:00.0,4491,4500,4418,4419,119186,127234
2010/08/23 00:00:00.0,4428,4430,4371,4374,77690,128408
2010/08/24 00:00:00.0,4349,4350,4321,4323,70548,130590
2010/08/25 00:00:00.0,4308,4353,4306,4352,82632,133008
2010/08/26 00:00:00.0,4363,4369,4347,4367,59966,134594
2010/08/27 00:00:00.0,4363,4369,4349,4353,60872,135028
2010/08/30 00:00:00.0,4373,4409,4367,4406,85232,126588
2010/08/31 00:00:00.0,4380,4381,4327,4341,66634,131430
2010/09/01 00:00:00.0,4331,4379,4321,4355,96302,109964
2010/09/02 00:00:00.0,4381,4388,4362,4385,64102,103664
2010/09/03 00:00:00.0,4390,4390,4375,4379,44006,103964
2010/09/06 00:00:00.0,4373,4420,4373,4415,61524,106880
2010/09/07 00:00:00.0,4407,4414,4394,4410,60272,108274
2010/09/08 00:00:00.0,4410,4436,4406,4435,80786,111396
2010/09/09 00:00:00.0,4450,4452,4243,4377,112948,95522
2010/09/10 00:00:00.0,4379,4403,4374,4402,57504,95482
2010/09/13 00:00:00.0,4432,4436,4415,4429,61516,91440
2010/09/14 00:00:00.0,4425,4426,4369,4376,55614,87458
2010/09/15 00:00:00.0,4382,4388,4355,4367,53774,86036
2010/09/16 00:00:00.0,4368,4382,4361,4382,43004,85250
2010/09/17 00:00:00.0,4375,4399,4340,4394,48820,76464
2010/09/20 00:00:00.0,4385,4407,4377,4402,47280,74402
2010/09/21 00:00:00.0,4413,4428,4374,4408,61410,73250
2010/09/27 00:00:00.0,4443,4444,4418,4440,56980,75090
2010/09/28 00:00:00.0,4430,4432,4397,4397,46404,78370
2010/09/29 00:00:00.0,4413,4413,4380,4401,53946,72154
2010/09/30 00:00:00.0,4419,4439,4403,4436,69478,68384
2010/10/08 00:00:00.0,4492,4519,4473,4492,68952,60812
2010/10/11 00:00:00.0,4535,4693,4534,4636,162206,97288
2010/10/12 00:00:00.0,4595,4630,4577,4610,76260,98468
2010/10/13 00:00:00.0,4632,4718,4623,4717,156610,126288
2010/10/14 00:00:00.0,4754,4761,4712,4753,180276,132256
2010/10/15 00:00:00.0,4719,4726,4688,4725,107854,131986
2010/10/18 00:00:00.0,4654,4655,4578,4636,107200,124828
2010/10/19 00:00:00.0,4706,4717,4637,4663,44938,125942
2010/10/20 00:00:00.0,4540,4632,4535,4616,117334,116342
2010/10/21 00:00:00.0,4652,4655,4614,4626,82858,118254
2010/10/22 00:00:00.0,4622,4665,4614,4635,86972,124474
2010/10/25 00:00:00.0,4668,4749,4663,4732,135922,142788
2010/10/26 00:00:00.0,4742,4746,4691,4697,110268,139208
2010/10/27 00:00:00.0,4723,4727,4627,4628,100804,130782
2010/10/28 00:00:00.0,4654,4679,4632,4657,99346,131578
2010/10/29 00:00:00.0,4635,4647,4607,4630,83914,127744
2010/11/01 00:00:00.0,4653,4686,4647,4674,67422,122332
2010/11/02 00:00:00.0,4707,4728,4700,4713,100472,126736
2010/11/03 00:00:00.0,4746,4748,4701,4705,90770,125182
2010/11/04 00:00:00.0,4735,4790,4729,4790,134978,133710
2010/11/05 00:00:00.0,4820,4943,4820,4918,281796,158712
2010/11/08 00:00:00.0,4931,4958,4864,4913,204132,160714
2010/11/09 00:00:00.0,4883,5072,4879,5003,364234,180122
2010/11/10 00:00:00.0,5000,5040,4922,4948,330756,184752
2010/11/11 00:00:00.0,4983,5099,4935,5048,420782,199744
2010/11/12 00:00:00.0,5005,5005,4789,4865,565278,152902
2010/11/15 00:00:00.0,4834,4916,4819,4864,336476,148544
2010/11/16 00:00:00.0,4875,4885,4817,4818,171988,145014
2010/11/17 00:00:00.0,4687,4728,4653,4673,244414,119184
2010/11/18 00:00:00.0,4709,4718,4662,4706,143322,114012
2010/11/19 00:00:00.0,4748,4749,4680,4712,42934,116056
2010/11/22 00:00:00.0,4687,4741,4687,4724,137456,115328
2010/11/23 00:00:00.0,4715,4718,4621,4628,139816,115186
2010/11/24 00:00:00.0,4635,4664,4630,4664,81002,114978
2010/11/25 00:00:00.0,4704,4710,4674,4675,83840,107462
2010/11/26 00:00:00.0,4680,4685,4637,4649,76054,105548
2010/11/29 00:00:00.0,4650,4697,4645,4697,73086,107902
2010/11/30 00:00:00.0,4713,4758,4707,4752,141122,109950
2010/12/01 00:00:00.0,4749,4772,4732,4755,83274,92988
2010/12/02 00:00:00.0,4797,4828,4785,4821,77560,94804
2010/12/03 00:00:00.0,4834,4877,4829,4848,96828,103148
2010/12/06 00:00:00.0,4889,4935,4888,4900,105182,110656
2010/12/07 00:00:00.0,4886,4890,4851,4882,61150,111326
2010/12/08 00:00:00.0,4842,4848,4810,4812,70276,104410
2010/12/09 00:00:00.0,4848,4860,4841,4847,50408,103642
2010/12/10 00:00:00.0,4836,4865,4830,4865,47520,107934
2010/12/13 00:00:00.0,4849,4906,4845,4886,64786,110914
2010/12/14 00:00:00.0,4885,4896,4869,4881,13370,109238
2010/12/15 00:00:00.0,4865,4878,4830,4836,41660,106554
2010/12/16 00:00:00.0,4855,4897,4851,4872,81170,108262
2010/12/17 00:00:00.0,4877,4883,4857,4862,45884,112576
2010/12/20 00:00:00.0,4883,4903,4846,4870,64350,110352
2010/12/21 00:00:00.0,4891,4891,4870,4878,42978,111036
2010/12/22 00:00:00.0,4906,4919,4858,4865,64654,114420
2010/12/23 00:00:00.0,4878,4892,4874,4887,54606,109660
2010/12/24 00:00:00.0,4912,4917,4883,4899,48438,110450
2010/12/27 00:00:00.0,4880,4891,4856,4876,40862,107926
2010/12/28 00:00:00.0,4875,4879,4839,4840,42558,107244
2010/12/29 00:00:00.0,4847,4850,4773,4779,60004,105986
2010/12/30 00:00:00.0,4770,4796,4759,4796,47480,105554
2010/12/31 00:00:00.0,4762,4778,4755,4768,42940,104372
2011/01/04 00:00:00.0,4830,4869,4826,4857,56228,88626
2011/01/05 00:00:00.0,4818,4823,4807,4815,36244,90566
2011/01/06 00:00:00.0,4837,4844,4832,4842,34794,91998
2011/01/07 00:00:00.0,4804,4809,4760,4772,37966,90916
2011/01/10 00:00:00.0,4790,4829,4780,4800,59642,94838
2011/01/11 00:00:00.0,4818,4821,4796,4809,30788,94942
2011/01/12 00:00:00.0,4848,4850,4814,4825,51272,95380
2011/01/13 00:00:00.0,4845,4853,4822,4826,48652,101790
2011/01/14 00:00:00.0,4819,4821,4804,4810,33992,102746
2011/01/17 00:00:00.0,4805,4834,4798,4803,52772,101054
2011/01/18 00:00:00.0,4804,4805,4781,4797,35480,98550
2011/01/19 00:00:00.0,4804,4840,4802,4837,36882,101346
2011/01/20 00:00:00.0,4818,4818,4800,4805,27114,101212
2011/01/21 00:00:00.0,4758,4764,4732,4734,47556,99214
2011/01/24 00:00:00.0,4736,4755,4735,4736,58242,112422
2011/01/25 00:00:00.0,4707,4713,4640,4645,57970,114110
2011/01/26 00:00:00.0,4628,4667,4587,4664,58094,106960
2011/01/27 00:00:00.0,4679,4680,4653,4661,40092,103248
2011/01/28 00:00:00.0,4625,4663,4622,4658,37978,101688
2011/01/31 00:00:00.0,4709,4746,4692,4726,48330,99554
2011/02/01 00:00:00.0,4750,4764,4686,4762,31044,101288
2011/02/09 00:00:00.0,4728,4733,4699,4725,11616,106358
2011/02/10 00:00:00.0,4721,4780,4717,4776,57454,113010
2011/02/11 00:00:00.0,4780,4795,4761,4781,52994,114304
2011/02/14 00:00:00.0,4774,4794,4762,4789,15042,115258
2011/02/15 00:00:00.0,4788,4817,4786,4804,56462,114834
2011/02/16 00:00:00.0,4791,4797,4741,4772,45726,113184
2011/02/17 00:00:00.0,4776,4793,4764,4767,32536,113306
2011/02/18 00:00:00.0,4787,4788,4748,4748,33066,109312
2011/02/21 00:00:00.0,4793,4808,4778,4790,42060,108976
2011/02/22 00:00:00.0,4852,4874,4788,4850,101042,109952
2011/02/23 00:00:00.0,4795,4816,4778,4800,51138,107626
2011/02/24 00:00:00.0,4849,4897,4824,4851,134372,117432
2011/02/25 00:00:00.0,4831,4849,4816,4832,60390,115632
2011/02/28 00:00:00.0,4847,4858,4824,4839,64420,110734
2011/03/01 00:00:00.0,4855,4857,4821,4824,44226,91936
2011/03/02 00:00:00.0,4852,4865,4840,4846,38996,91248
2011/03/03 00:00:00.0,4866,4895,4850,4854,60954,90694
2011/03/04 00:00:00.0,4862,4866,4834,4844,28244,91990
2011/03/07 00:00:00.0,4868,4892,4857,4874,58924,93700
2011/03/08 00:00:00.0,4852,4869,4834,4835,41534,88660
2011/03/09 00:00:00.0,4840,4847,4817,4817,26874,90036
2011/03/10 00:00:00.0,4812,4853,4811,4833,39786,88884
2011/03/11 00:00:00.0,4815,4821,4763,4767,41432,88628
2011/03/14 00:00:00.0,4756,4767,4676,4695,45352,88172
2011/03/15 00:00:00.0,4701,4716,4667,4678,27874,87740
2011/03/16 00:00:00.0,4664,4664,4616,4661,33444,85280
2011/03/17 00:00:00.0,4654,4745,4640,4700,32454,86072
2011/03/18 00:00:00.0,4744,4754,4726,4748,24548,86032
2011/03/21 00:00:00.0,4804,4805,4783,4788,28522,86202
2011/03/22 00:00:00.0,4785,4786,4763,4769,17130,88356
2011/03/23 00:00:00.0,4787,4798,4765,4783,34706,90194
2011/03/24 00:00:00.0,4785,4788,4756,4765,29622,93304
2011/03/25 00:00:00.0,4769,4786,4762,4781,20616,92498
2011/03/28 00:00:00.0,4787,4788,4749,4767,32826,92464
2011/03/29 00:00:00.0,4750,4756,4740,4754,25076,86966
2011/03/30 00:00:00.0,4768,4768,4747,4759,23260,85746
2011/03/31 00:00:00.0,4771,4772,4737,4755,26636,82842
2011/04/01 00:00:00.0,4790,4808,4783,4802,23946,83584
2011/04/06 00:00:00.0,4821,4854,4816,4854,23376,83120
2011/04/07 00:00:00.0,4857,4873,4846,4867,20350,84126
2011/04/08 00:00:00.0,4872,4969,4872,4963,58090,88944
2011/04/11 00:00:00.0,4984,4997,4962,4969,29954,88154
2011/04/12 00:00:00.0,4942,4943,4884,4898,38094,82782
2011/04/13 00:00:00.0,4874,4889,4849,4883,25896,79086
2011/04/14 00:00:00.0,4870,4889,4868,4872,14380,78154
2011/04/15 00:00:00.0,4882,4888,4866,4869,16272,75374
2011/04/18 00:00:00.0,4864,4890,4864,4872,13064,73234
2011/04/19 00:00:00.0,4862,4868,4803,4804,22246,69250
2011/04/20 00:00:00.0,4831,4842,4820,4831,11004,67644
2011/04/21 00:00:00.0,4853,4872,4847,4869,12606,66156
2011/04/22 00:00:00.0,4874,4879,4861,4879,6412,66124
2011/04/25 00:00:00.0,4879,4884,4871,4879,5722,66362
2011/04/26 00:00:00.0,4871,4871,4845,4857,13120,67366
2011/04/27 00:00:00.0,4862,4880,4857,4868,9738,67130
2011/04/28 00:00:00.0,4885,4898,4880,4895,15056,65502
2011/04/29 00:00:00.0,4883,4904,4878,4882,6948,65632
2011/05/03 00:00:00.0,4941,4950,4930,4948,6500,42538
2011/05/04 00:00:00.0,4928,4938,4909,4914,18014,46878
2011/05/05 00:00:00.0,4889,4915,4887,4915,7658,46736
2011/05/06 00:00:00.0,4828,4886,4792,4833,30980,49344
2011/05/09 00:00:00.0,4833,4866,4833,4866,13542,53076
2011/05/10 00:00:00.0,4862,4889,4859,4888,17766,48370
2011/05/11 00:00:00.0,4894,4958,4894,4943,36032,43804
2011/05/12 00:00:00.0,4899,4928,4884,4905,19164,44162
2011/05/13 00:00:00.0,4909,4947,4903,4940,22598,44106
2011/05/16 00:00:00.0,4924,4966,4910,4944,18754,43164
2011/05/17 00:00:00.0,4931,4938,4911,4925,15972,42590
2011/05/18 00:00:00.0,4937,4942,4928,4933,12524,39754
2011/05/19 00:00:00.0,4960,4966,4944,4953,8782,40002
2011/05/20 00:00:00.0,4947,4958,4944,4948,4966,38734
2011/05/23 00:00:00.0,4948,4998,4947,4968,33520,47248
2011/05/24 00:00:00.0,4973,5021,4972,5008,35060,49338
2011/05/25 00:00:00.0,5022,5022,4993,4995,18218,47862
2011/05/26 00:00:00.0,5014,5031,5003,5013,19730,46706
2011/05/27 00:00:00.0,5010,5022,5007,5014,9666,45052
2011/05/30 00:00:00.0,5011,5046,5004,5034,16822,43090
2011/05/31 00:00:00.0,5031,5057,5030,5037,19502,41288
2011/06/01 00:00:00.0,5049,5054,5014,5027,15712,40100
2011/06/02 00:00:00.0,5015,5020,4991,5010,11952,38574
2011/06/03 00:00:00.0,5014,5032,5014,5023,7022,39042
2011/06/07 00:00:00.0,5017,5048,5010,5032,35278,39040
2011/06/08 00:00:00.0,5038,5065,5026,5056,22352,43248
2011/06/09 00:00:00.0,5059,5093,5050,5066,32430,48278
2011/06/10 00:00:00.0,5074,5075,5039,5042,17972,44588
2011/06/13 00:00:00.0,5029,5048,5022,5037,7290,44152
2011/06/14 00:00:00.0,5026,5035,5011,5026,7674,42408
2011/06/15 00:00:00.0,5033,5053,5032,5036,8216,43502
2011/06/16 00:00:00.0,5010,5015,4987,4992,23716,38196
2011/06/17 00:00:00.0,4994,5001,4983,4985,8694,38212
2011/06/20 00:00:00.0,4980,4981,4955,4964,15186,38622
2011/06/21 00:00:00.0,4973,4990,4971,4986,7774,39122
2011/06/22 00:00:00.0,4982,4982,4963,4978,7010,38364
2011/06/23 00:00:00.0,4972,5009,4959,4992,16742,39370
2011/06/24 00:00:00.0,4959,4974,4959,4967,10478,38042
2011/06/27 00:00:00.0,4941,4954,4920,4930,16212,39370
2011/06/28 00:00:00.0,4944,4944,4926,4934,7756,40510
2011/06/29 00:00:00.0,4948,4956,4942,4951,11654,36706
2011/06/30 00:00:00.0,4961,4970,4955,4969,5544,35468
2011/07/01 00:00:00.0,4958,4986,4948,4956,4894,35124
2011/07/04 00:00:00.0,4960,4979,4958,4977,2468,36804
2011/07/05 00:00:00.0,4973,4976,4963,4967,4404,36558
2011/07/06 00:00:00.0,4977,4982,4973,4977,3552,36496
2011/07/07 00:00:00.0,4973,4977,4967,4969,2714,36148
2011/07/08 00:00:00.0,4987,4990,4982,4989,3572,35856
2011/07/11 00:00:00.0,4980,4984,4969,4973,6518,35182
2011/07/12 00:00:00.0,4968,4976,4967,4971,3586,34742
2011/07/13 00:00:00.0,4979,4999,4977,4999,6858,35718
2011/07/14 00:00:00.0,5002,5009,4986,5001,3552,34730
2011/07/15 00:00:00.0,4992,4993,4980,4983,3320,33888
2011/07/18 00:00:00.0,4993,5001,4986,5000,3808,34956
2011/07/19 00:00:00.0,4995,5018,4993,5011,6092,35008
2011/07/20 00:00:00.0,5019,5036,5017,5032,4534,35678
2011/07/21 00:00:00.0,5033,5038,5027,5032,2696,34916
2011/07/22 00:00:00.0,5040,5056,5033,5050,10272,36636
2011/07/25 00:00:00.0,5043,5055,5037,5041,5518,36442
2011/07/26 00:00:00.0,5040,5048,5040,5043,5040,34862
2011/07/27 00:00:00.0,5043,5068,5043,5065,9100,33998
2011/07/28 00:00:00.0,5052,5073,5050,5070,8372,34504
2011/07/29 00:00:00.0,5067,5089,5067,5082,10138,33856
2011/08/01 00:00:00.0,5102,5119,5082,5097,6362,34646
2011/08/02 00:00:00.0,5128,5128,5088,5094,6498,36030
2011/08/03 00:00:00.0,5059,5082,5057,5077,3042,37028
2011/08/04 00:00:00.0,5063,5077,5057,5057,4816,37036
2011/08/05 00:00:00.0,5000,5039,4997,5018,12722,36466
2011/08/08 00:00:00.0,5009,5024,5004,5005,9002,36746
2011/08/09 00:00:00.0,4966,4967,4887,4941,28530,44518
2011/08/10 00:00:00.0,4939,4968,4939,4966,5446,43158
2011/08/11 00:00:00.0,4972,4984,4963,4972,5090,42308
2011/08/12 00:00:00.0,4983,5011,4975,4983,3436,41396
2011/08/15 00:00:00.0,4992,5005,4979,5003,1728,40692
2011/08/16 00:00:00.0,4997,5001,4975,4977,5664,40606
2011/08/17 00:00:00.0,4978,4991,4978,4988,1484,40664
2011/08/18 00:00:00.0,4988,4997,4973,4989,3074,39282
2011/08/19 00:00:00.0,4961,4961,4907,4916,7182,40972
2011/08/22 00:00:00.0,4917,4970,4917,4920,2990,40898
2011/08/23 00:00:00.0,4933,5030,4933,4950,5134,38670
2011/08/24 00:00:00.0,4984,4984,4946,4949,1746,38224
2011/08/25 00:00:00.0,4950,4957,4907,4910,2822,37032
2011/08/26 00:00:00.0,4963,4963,4927,4938,1022,36890
2011/08/29 00:00:00.0,4940,5048,4938,4946,1712,36652
2011/08/30 00:00:00.0,4972,4972,4899,4902,3712,35592
2011/08/31 00:00:00.0,4948,4968,4898,4914,966,35784
2011/09/01 00:00:00.0,4944,4948,4939,4940,942,18654
2011/09/02 00:00:00.0,4920,4945,4920,4930,1044,18472
2011/09/05 00:00:00.0,4903,4951,4903,4908,1400,18602
2011/09/06 00:00:00.0,4885,4910,4873,4880,3148,20334
2011/09/07 00:00:00.0,4897,4916,4885,4916,1378,20036
2011/09/08 00:00:00.0,4950,4950,4913,4917,1722,19652
2011/09/09 00:00:00.0,4913,4913,4902,4911,962,19532
2011/09/13 00:00:00.0,4883,4911,4880,4900,878,19782
2011/09/14 00:00:00.0,4905,4906,4883,4890,2070,19800
2011/09/15 00:00:00.0,4890,4894,4886,4889,604,19922
2011/09/16 00:00:00.0,4884,4905,4884,4900,1484,20142
2011/09/19 00:00:00.0,4889,4890,4861,4861,2170,21554
2011/09/20 00:00:00.0,4822,4867,4822,4866,1710,21678
2011/09/21 00:00:00.0,4863,4888,4862,4879,2364,20970
2011/09/22 00:00:00.0,4830,4854,4830,4842,3512,22888
2011/09/23 00:00:00.0,4783,4842,4773,4824,7870,24396
2011/09/26 00:00:00.0,4807,4850,4672,4700,12542,25852
2011/09/27 00:00:00.0,4800,4813,4781,4802,5438,24470
2011/09/28 00:00:00.0,4815,4821,4793,4818,5828,23762
2011/09/29 00:00:00.0,4754,4771,4698,4748,4422,23296
2011/09/30 00:00:00.0,4750,4800,4750,4790,2304,23184
2011/10/10 00:00:00.0,4840,4840,4776,4778,2018,22720
2011/10/11 00:00:00.0,4835,4835,4779,4786,2560,21902
2011/10/12 00:00:00.0,4779,4809,4759,4796,1978,21050
2011/10/13 00:00:00.0,4779,4785,4751,4759,1238,20982
2011/10/14 00:00:00.0,4738,4780,4738,4779,4302,18804
2011/10/17 00:00:00.0,4828,4828,4794,4794,3230,17486
2011/10/18 00:00:00.0,4786,4790,4770,4780,2636,16564
2011/10/19 00:00:00.0,4799,4801,4772,4784,3022,16544
2011/10/20 00:00:00.0,4772,5045,4748,4802,13648,15492
2011/10/21 00:00:00.0,4828,4830,4799,4819,4776,14086
2011/10/24 00:00:00.0,4830,4844,4805,4837,4190,13436
2011/10/25 00:00:00.0,4862,4863,4839,4852,3314,11930
2011/10/26 00:00:00.0,4848,4858,4834,4839,1696,11532
2011/10/27 00:00:00.0,4836,4871,4814,4871,2372,11202
2011/10/28 00:00:00.0,4870,4885,4862,4862,1554,10414
2011/10/31 00:00:00.0,4848,4886,4848,4869,3036,9968
2011/11/01 00:00:00.0,4886,4890,4871,4871,364,9642
2011/11/02 00:00:00.0,4885,4900,4885,4900,284,9470
2011/11/03 00:00:00.0,4881,4900,4880,4881,422,9164
2011/11/04 00:00:00.0,4881,4882,4868,4875,336,9116
2011/11/07 00:00:00.0,4880,4886,4863,4874,494,8798
2011/11/08 00:00:00.0,4887,4887,4859,4868,1918,8160
2011/11/09 00:00:00.0,4874,4880,4865,4880,548,7930
2011/11/10 00:00:00.0,4896,4904,4850,4869,848,7886
2011/11/11 00:00:00.0,4861,4921,4854,4920,1036,7352
2011/11/14 00:00:00.0,4862,4910,4862,4881,684,6802
2011/11/15 00:00:00.0,4862,4866,4862,4865,170,6700
2011/11/16 00:00:00.0,4878,4893,4863,4877,286,6728
2011/11/17 00:00:00.0,4865,4894,4859,4894,720,6570
2011/11/18 00:00:00.0,4889,4895,4889,4892,232,6682
2011/11/21 00:00:00.0,4904,4907,4904,4906,104,6706
2011/11/22 00:00:00.0,4869,4890,4869,4883,220,6660
2011/11/23 00:00:00.0,4872,4883,4872,4883,204,6716
2011/11/24 00:00:00.0,4870,4873,4868,4873,148,6762
2011/11/25 00:00:00.0,4869,4918,4868,4916,204,6814
2011/11/28 00:00:00.0,4883,4886,4883,4886,86,6838
2011/11/29 00:00:00.0,4826,4847,4826,4847,130,6872
2011/12/01 00:00:00.0,5083,5135,5083,5114,272,902
2011/12/02 00:00:00.0,5117,5135,5092,5118,228,942
2011/12/05 00:00:00.0,5141,5141,5119,5121,58,950
2011/12/06 00:00:00.0,5111,5119,5101,5111,158,1022
2011/12/07 00:00:00.0,5122,5122,5104,5117,66,1014
2011/12/08 00:00:00.0,5103,5120,5094,5120,164,1122
2011/12/09 00:00:00.0,5114,5118,5058,5058,140,1084
2011/12/12 00:00:00.0,5063,5076,5055,5070,72,1080
2011/12/13 00:00:00.0,5043,5061,5043,5044,28,1086
2011/12/14 00:00:00.0,5064,5070,5056,5062,46,1094
2011/12/15 00:00:00.0,4978,5038,4978,5009,318,956
2011/12/16 00:00:00.0,4986,5050,4985,5036,104,950
2011/12/19 00:00:00.0,5020,5027,5011,5014,80,900
2011/12/20 00:00:00.0,5018,5028,5009,5018,12,898
2011/12/21 00:00:00.0,5038,5056,5038,5050,18,898
2011/12/22 00:00:00.0,5060,5061,5023,5052,78,902
2011/12/23 00:00:00.0,5033,5072,5033,5069,64,908
2011/12/26 00:00:00.0,5063,5063,5035,5053,40,898
2011/12/27 00:00:00.0,5053,5056,5048,5056,34,890
2011/12/28 00:00:00.0,5074,5074,5059,5072,14,892
2011/12/29 00:00:00.0,5042,5055,5041,5054,64,922
2011/12/30 00:00:00.0,5040,5085,5039,5062,64,928
2012/01/04 00:00:00.0,5134,5276,5088,5093,300,966
2012/01/05 00:00:00.0,5154,5169,5107,5159,140,964
2012/01/06 00:00:00.0,5143,5157,5134,5157,40,968
2012/01/09 00:00:00.0,5156,5164,5150,5159,30,948
2012/01/10 00:00:00.0,5162,5162,5147,5148,22,948
2012/01/11 00:00:00.0,5165,5176,5165,5173,34,940
2012/01/12 00:00:00.0,5158,5180,5158,5158,14,934
2012/01/13 00:00:00.0,5126,5146,5119,5133,130,874
2012/01/16 00:00:00.0,5117,5180,5117,5167,88,894
2012/01/17 00:00:00.0,5192,5222,5192,5217,294,946
2012/01/18 00:00:00.0,5219,5255,5197,5249,212,1020
2012/01/19 00:00:00.0,5266,5266,5228,5242,170,1064
2012/01/20 00:00:00.0,5232,5280,5232,5261,512,1400
2012/01/30 00:00:00.0,5277,5285,5239,5269,676,1500
2012/01/31 00:00:00.0,5274,5306,5274,5295,194,1562
2012/02/01 00:00:00.0,5291,5297,5288,5294,120,1602
2012/02/02 00:00:00.0,5293,5337,5289,5319,144,1612
2012/02/03 00:00:00.0,5310,5374,5304,5314,388,1696
2012/02/06 00:00:00.0,5311,5350,5311,5330,192,1704
2012/02/07 00:00:00.0,5341,5341,5307,5324,146,1690
2012/02/08 00:00:00.0,5340,5360,5334,5357,200,1764
2012/02/09 00:00:00.0,5366,5368,5329,5358,492,1840
2012/02/10 00:00:00.0,5370,5372,5352,5365,100,1886
2012/02/13 00:00:00.0,5385,5402,5364,5364,110,1890
2012/02/14 00:00:00.0,5362,5364,5352,5363,78,1866
2012/02/15 00:00:00.0,5360,5389,5360,5363,178,1858
2012/02/16 00:00:00.0,5365,5366,5335,5339,152,1860
2012/02/17 00:00:00.0,5356,5374,5333,5333,86,1852
2012/02/20 00:00:00.0,5339,5358,5321,5323,244,1770
2012/02/21 00:00:00.0,5325,5330,5312,5321,102,1756
2012/02/22 00:00:00.0,5316,5369,5316,5325,68,1766
2012/02/23 00:00:00.0,5347,5354,5322,5322,106,1774
2012/02/24 00:00:00.0,5369,5369,5341,5351,154,1780
2012/02/27 00:00:00.0,5355,5368,5339,5347,200,1812
2012/02/28 00:00:00.0,5350,5392,5340,5340,124,1838
2012/02/29 00:00:00.0,5350,5452,5342,5384,184,1926
2012/03/01 00:00:00.0,5417,5422,5405,5410,104,1252
2012/03/02 00:00:00.0,5429,5429,5407,5416,108,1270
2012/03/05 00:00:00.0,5401,5426,5401,5422,64,1268
2012/03/06 00:00:00.0,5412,5439,5412,5439,178,1210
2012/03/07 00:00:00.0,5412,5443,5412,5436,126,1178
2012/03/08 00:00:00.0,5431,5458,5431,5445,156,1170
2012/03/09 00:00:00.0,5458,5474,5455,5467,80,1126
2012/03/12 00:00:00.0,5460,5464,5452,5464,84,1120
2012/03/13 00:00:00.0,5450,5477,5450,5468,92,1116
2012/03/14 00:00:00.0,5477,5492,5459,5464,102,1050
2012/03/15 00:00:00.0,5470,5470,5463,5467,24,1042
2012/03/16 00:00:00.0,5468,5476,5462,5469,132,996
2012/03/19 00:00:00.0,5476,5486,5470,5485,74,964
2012/03/20 00:00:00.0,5490,5496,5467,5467,300,962
2012/03/21 00:00:00.0,5449,5468,5428,5434,148,914
2012/03/22 00:00:00.0,5460,5484,5430,5460,324,1008
2012/03/23 00:00:00.0,5475,5480,5429,5480,330,786
2012/03/26 00:00:00.0,5488,5492,5479,5491,118,806
2012/03/27 00:00:00.0,5490,5598,5489,5591,164,854
2012/03/28 00:00:00.0,5579,5616,5579,5591,104,854
2012/03/29 00:00:00.0,5622,5622,5492,5555,156,838
2012/03/30 00:00:00.0,5525,5564,5525,5546,134,846
2012/04/05 00:00:00.0,5571,5604,5529,5544,116,834
2012/04/06 00:00:00.0,5545,5553,5526,5547,78,836
2012/04/09 00:00:00.0,5557,5562,5518,5518,64,824
2012/04/10 00:00:00.0,5546,5547,5479,5491,144,818
2012/04/11 00:00:00.0,5493,5502,5478,5500,134,766
2012/04/12 00:00:00.0,5527,5528,5477,5519,32,760
2012/04/13 00:00:00.0,5549,5549,5491,5504,38,740
2012/04/16 00:00:00.0,5469,5492,5447,5467,98,718
2012/04/17 00:00:00.0,5487,5492,5455,5486,10,720
2012/04/18 00:00:00.0,5486,5515,5463,5489,162,686
2012/04/19 00:00:00.0,5451,5491,5450,5491,46,684
2012/04/20 00:00:00.0,5489,5489,5457,5475,44,680
2012/04/23 00:00:00.0,5483,5507,5471,5474,58,698
2012/04/24 00:00:00.0,5498,5498,5444,5453,200,664
2012/04/25 00:00:00.0,5454,5460,5454,5455,32,662
2012/04/26 00:00:00.0,5434,5435,5403,5403,154,666
2012/04/27 00:00:00.0,5423,5423,5385,5388,60,662
2012/05/02 00:00:00.0,5481,5482,5453,5458,30,354
2012/05/03 00:00:00.0,5440,5440,5372,5411,48,376
2012/05/04 00:00:00.0,5363,5462,5363,5443,68,366
2012/05/07 00:00:00.0,5327,5363,5307,5308,74,370
2012/05/08 00:00:00.0,5304,5330,5304,5310,56,368
2012/05/09 00:00:00.0,5302,5303,5219,5300,122,402
2012/05/10 00:00:00.0,5296,5326,5290,5311,52,382
2012/05/11 00:00:00.0,5277,5296,5217,5224,92,402
2012/05/14 00:00:00.0,5215,5248,5206,5215,78,422
2012/05/15 00:00:00.0,5220,5370,5205,5222,186,438
2012/05/16 00:00:00.0,5211,5216,5136,5136,62,466
2012/05/17 00:00:00.0,5168,5171,5132,5171,34,470
2012/05/18 00:00:00.0,5112,5137,5104,5119,62,464
2012/05/21 00:00:00.0,5152,5152,5100,5147,58,468
2012/05/22 00:00:00.0,5179,5179,5133,5133,28,472
2012/05/23 00:00:00.0,5060,5105,5060,5081,18,470
2012/05/25 00:00:00.0,5182,5183,5063,5076,34,474
2012/05/28 00:00:00.0,5068,5098,5059,5059,96,492
2012/05/29 00:00:00.0,5057,5059,5018,5018,108,520
2012/05/30 00:00:00.0,5000,5000,4936,4936,82,554
2012/05/31 00:00:00.0,4860,4875,4849,4867,148,572
2012/06/01 00:00:00.0,4858,4869,4839,4840,112,558
2012/06/04 00:00:00.0,4749,4784,4655,4679,148,588
2012/06/05 00:00:00.0,4754,4839,4692,4706,112,592
2012/06/06 00:00:00.0,4702,4733,4648,4671,76,604
2012/06/07 00:00:00.0,4741,4742,4684,4707,102,576
2012/06/08 00:00:00.0,4695,4701,4641,4694,102,560
2012/06/11 00:00:00.0,4752,4762,4716,4738,90,526
2012/06/12 00:00:00.0,4685,4708,4678,4708,56,516
2012/06/13 00:00:00.0,4726,4757,4710,4757,32,504
2012/06/14 00:00:00.0,4715,4756,4711,4733,28,510
2012/06/15 00:00:00.0,4712,4756,4698,4750,168,506
2012/06/18 00:00:00.0,4779,4779,4726,4749,138,504
2012/06/19 00:00:00.0,4732,4753,4710,4710,28,504
2012/06/20 00:00:00.0,4714,4723,4707,4716,24,504
2012/06/21 00:00:00.0,4664,4665,4630,4640,70,522
2012/06/25 00:00:00.0,4630,4640,4626,4626,156,486
2012/06/26 00:00:00.0,4633,4634,4607,4622,32,482
2012/06/27 00:00:00.0,4632,4632,4608,4613,60,488
2012/06/28 00:00:00.0,4625,4638,4616,4631,24,494
2012/06/29 00:00:00.0,4610,4632,4603,4632,54,492
2012/07/02 00:00:00.0,4663,4735,4663,4686,98,460
2012/07/03 00:00:00.0,4662,4712,4661,4705,86,454
2012/07/04 00:00:00.0,4725,4746,4696,4713,66,446
2012/07/05 00:00:00.0,4712,4712,4691,4712,28,448
2012/07/06 00:00:00.0,4703,4712,4689,4712,38,432
2012/07/09 00:00:00.0,4676,4745,4676,4745,74,414
2012/07/10 00:00:00.0,4727,4727,4676,4722,80,388
2012/07/11 00:00:00.0,4698,4709,4664,4703,36,376
2012/07/12 00:00:00.0,4681,4712,4681,4703,16,376
2012/07/13 00:00:00.0,4719,4719,4683,4693,58,352
2012/07/16 00:00:00.0,4747,4748,4688,4707,28,338
2012/07/17 00:00:00.0,4729,4752,4729,4745,82,290
2012/07/18 00:00:00.0,4536,4752,4536,4750,46,274
2012/07/19 00:00:00.0,4748,4790,4748,4782,18,278
2012/07/20 00:00:00.0,4805,4816,4792,4809,68,258
2012/07/23 00:00:00.0,4782,4819,4775,4789,32,246
2012/07/24 00:00:00.0,4751,4795,4750,4795,12,244
2012/07/25 00:00:00.0,4810,4810,4782,4791,36,230
2012/07/26 00:00:00.0,4796,4797,4786,4797,8,230
2012/07/27 00:00:00.0,4805,4806,4797,4802,26,228
2012/07/30 00:00:00.0,4812,4814,4779,4796,88,224
2012/07/31 00:00:00.0,4789,4800,4789,4799,8,216
2012/08/01 00:00:00.0,4796,4837,4796,4837,94,204
2012/08/02 00:00:00.0,4829,4883,4829,4856,40,206
2012/08/03 00:00:00.0,4840,4882,4835,4845,46,214
2012/08/07 00:00:00.0,4919,4919,4875,4894,32,202
2012/08/08 00:00:00.0,4915,4915,4884,4884,26,204
2012/08/09 00:00:00.0,4873,4877,4873,4873,10,202
2012/08/10 00:00:00.0,4872,4884,4861,4884,22,198
2012/08/13 00:00:00.0,4838,4876,4838,4869,62,190
2012/08/14 00:00:00.0,4912,4924,4901,4906,16,188
2012/08/15 00:00:00.0,4896,4953,4893,4953,20,186
2012/08/16 00:00:00.0,4960,4961,4893,4918,22,182
2012/08/17 00:00:00.0,4924,4924,4918,4921,10,186
2012/08/20 00:00:00.0,4905,4906,4905,4906,2,188
2012/08/21 00:00:00.0,4905,4951,4905,4909,12,186
2012/08/22 00:00:00.0,4905,4927,4898,4908,70,186
2012/08/23 00:00:00.0,4945,4961,4903,4917,84,174
2012/08/27 00:00:00.0,4917,4947,4902,4947,24,162
2012/08/28 00:00:00.0,4930,4946,4916,4936,62,174
2012/08/29 00:00:00.0,4929,4929,4919,4926,12,170
2012/08/30 00:00:00.0,4908,4928,4896,4927,32,160
2012/08/31 00:00:00.0,4912,4912,4903,4903,12,164
2012/09/03 00:00:00.0,4934,4951,4920,4951,32,104
2012/09/04 00:00:00.0,4963,4973,4947,4952,42,114
2012/09/05 00:00:00.0,4920,4921,4910,4910,12,116
2012/09/06 00:00:00.0,4901,4916,4895,4916,10,114
2012/09/07 00:00:00.0,4902,4927,4893,4927,18,108
2012/09/10 00:00:00.0,4907,4942,4890,4904,72,98
2012/09/11 00:00:00.0,4909,4933,4894,4919,80,116
2012/09/12 00:00:00.0,4933,5030,4924,5007,236,302
2012/09/13 00:00:00.0,5031,5032,4993,5021,24,298
2012/09/14 00:00:00.0,5010,5040,4995,5029,108,280
2012/09/17 00:00:00.0,5006,5063,4999,5026,46,282
2012/09/18 00:00:00.0,4998,5016,4997,4997,22,280
2012/09/19 00:00:00.0,4984,5012,4975,4999,38,288
2012/09/20 00:00:00.0,4960,4967,4906,4952,96,300
2012/09/21 00:00:00.0,4920,4960,4920,4932,22,296
2012/09/24 00:00:00.0,4931,4959,4898,4913,24,292
2012/09/25 00:00:00.0,4915,4916,4904,4916,28,290
2012/09/26 00:00:00.0,4901,4927,4892,4927,72,236
2012/09/27 00:00:00.0,4909,4916,4908,4908,16,226
2012/09/28 00:00:00.0,4917,4957,4917,4945,22,216
2012/10/08 00:00:00.0,4892,4909,4889,4905,14,214
2012/10/09 00:00:00.0,4910,4964,4910,4919,24,222
2012/10/10 00:00:00.0,4956,4971,4939,4948,22,216
2012/10/11 00:00:00.0,4967,4969,4958,4958,10,218
2012/10/12 00:00:00.0,4963,4969,4946,4959,18,210
2012/10/15 00:00:00.0,4969,4969,4936,4940,30,214
2012/10/16 00:00:00.0,4948,4974,4948,4965,6,214
2012/10/17 00:00:00.0,4989,4989,4941,4952,6,212
2012/10/18 00:00:00.0,4958,4959,4942,4949,24,220
2012/10/19 00:00:00.0,4941,4942,4941,4941,14,220
2012/10/22 00:00:00.0,4915,4932,4896,4918,34,228
2012/10/23 00:00:00.0,4917,4935,4911,4924,34,224
2012/10/24 00:00:00.0,4891,4917,4880,4909,28,226
2012/10/25 00:00:00.0,4908,4997,4908,4933,40,212
2012/10/26 00:00:00.0,4916,4945,4907,4907,36,214
2012/10/29 00:00:00.0,4909,4922,4900,4908,30,216
2012/10/30 00:00:00.0,4908,4910,4908,4910,4,214
2012/10/31 00:00:00.0,4906,4920,4906,4920,10,214
2012/11/01 00:00:00.0,4899,4912,4899,4902,14,200
2012/11/02 00:00:00.0,4899,4899,4899,4899,4,202
2012/11/05 00:00:00.0,4870,4891,4864,4880,26,212
2012/11/06 00:00:00.0,4889,4917,4882,4899,14,212
2012/11/07 00:00:00.0,4937,4959,4937,4959,18,214
2012/11/08 00:00:00.0,4900,4949,4900,4949,22,212
2012/11/09 00:00:00.0,4949,4949,4949,4949,4,208
2012/11/12 00:00:00.0,4911,4936,4889,4936,38,202
2012/11/13 00:00:00.0,4924,4938,4924,4938,12,202
2012/11/14 00:00:00.0,4943,4949,4943,4949,10,206
2012/11/15 00:00:00.0,4940,4940,4930,4938,26,198
2012/11/16 00:00:00.0,4925,4925,4925,4925,2,198
2012/11/19 00:00:00.0,4972,5140,4972,5009,184,182
2012/11/20 00:00:00.0,5008,5016,4995,4995,102,158
2012/11/21 00:00:00.0,4988,4991,4904,4963,32,158
2012/11/22 00:00:00.0,4960,4963,4948,4963,8,156
2012/11/26 00:00:00.0,5008,5008,4984,4984,6,158
2012/11/27 00:00:00.0,4989,4989,4956,4957,18,144
2012/11/28 00:00:00.0,4959,4959,4958,4958,4,142
2012/11/29 00:00:00.0,4955,4955,4919,4929,26,138
2012/11/30 00:00:00.0,4951,4962,4951,4962,32,130
2012/12/03 00:00:00.0,4995,4995,4995,4995,4,126
2012/12/04 00:00:00.0,4996,5002,4996,5002,6,124
2012/12/05 00:00:00.0,5036,5037,4966,4983,36,124
2012/12/06 00:00:00.0,5006,5006,4992,4992,6,124
2012/12/07 00:00:00.0,5029,5029,4991,4991,8,128
2012/12/10 00:00:00.0,4966,4986,4936,4986,10,124
2012/12/12 00:00:00.0,4988,4988,4975,4976,14,136
2012/12/14 00:00:00.0,5005,5029,4995,4995,14,136
2012/12/17 00:00:00.0,4980,5017,4980,4991,30,134
2012/12/18 00:00:00.0,4985,5018,4985,5003,8,134
2012/12/19 00:00:00.0,5008,5008,5008,5008,6,134
2012/12/21 00:00:00.0,5000,5021,5000,5021,6,134
2012/12/24 00:00:00.0,5067,5067,5061,5061,8,138
2012/12/25 00:00:00.0,5049,5050,4984,5039,38,126
2012/12/26 00:00:00.0,5054,5054,5015,5035,12,130
2012/12/27 00:00:00.0,5101,5106,5037,5050,40,104
2013/01/04 00:00:00.0,5033,5034,5033,5034,6,56
2013/01/07 00:00:00.0,5124,5126,5074,5074,34,54
2013/01/08 00:00:00.0,5111,5127,5083,5127,10,54
2013/01/10 00:00:00.0,5098,5098,5098,5098,2,54
2013/01/11 00:00:00.0,5131,5131,5069,5089,12,58
2013/01/14 00:00:00.0,5149,5150,5066,5099,10,56
2013/01/16 00:00:00.0,5099,5128,5099,5128,12,54
2013/01/17 00:00:00.0,5078,5133,5060,5060,10,56
2013/01/18 00:00:00.0,5112,5124,5112,5124,8,56
2013/01/21 00:00:00.0,5182,5182,5095,5146,6,58
2013/01/22 00:00:00.0,5107,5107,5107,5107,6,52
2013/01/23 00:00:00.0,5117,5117,5113,5113,4,48
2013/01/24 00:00:00.0,5127,5127,5127,5127,2,50
2013/01/25 00:00:00.0,5199,5356,5063,5074,74,52
2013/01/28 00:00:00.0,5124,5124,5101,5102,12,44
2013/01/29 00:00:00.0,5154,5157,5135,5139,12,46
2013/01/30 00:00:00.0,5180,5215,5167,5201,12,46
2013/01/31 00:00:00.0,5187,5187,5187,5187,2,44
2013/02/01 00:00:00.0,5213,5215,5198,5198,10,44
2013/02/04 00:00:00.0,5217,5270,5211,5270,20,54
2013/02/05 00:00:00.0,5251,5252,5198,5224,12,54
2013/02/06 00:00:00.0,5218,5218,5218,5218,2,54
2013/02/08 00:00:00.0,5156,5242,5156,5233,12,54
2013/02/18 00:00:00.0,5161,5208,5161,5192,10,52
2013/02/19 00:00:00.0,5210,5212,5195,5211,22,68
2013/02/20 00:00:00.0,5230,5231,5216,5216,22,88
2013/02/21 00:00:00.0,5203,5203,5160,5194,8,90
2013/02/22 00:00:00.0,5225,5225,5206,5206,12,90
2013/02/25 00:00:00.0,5177,5177,5176,5176,4,92
2013/02/27 00:00:00.0,5207,5208,5175,5196,24,88
2013/02/28 00:00:00.0,5183,5200,5183,5188,16,90
2013/03/01 00:00:00.0,5178,5202,5178,5182,40,98
2013/03/04 00:00:00.0,5142,5143,5142,5143,2,98
2013/03/05 00:00:00.0,5167,5182,5157,5161,30,106
2013/03/06 00:00:00.0,5158,5159,5158,5159,4,110
2013/03/07 00:00:00.0,5163,5164,5163,5163,4,110
2013/03/08 00:00:00.0,5174,5175,5174,5175,2,112
2013/03/11 00:00:00.0,5171,5172,5171,5171,6,114
2013/03/12 00:00:00.0,5160,5168,5160,5165,14,114
2013/03/14 00:00:00.0,5195,5358,5181,5181,40,114
2013/03/15 00:00:00.0,5182,5236,5175,5194,32,116
2013/03/18 00:00:00.0,5193,5194,5159,5165,54,110
2013/03/19 00:00:00.0,5174,5175,5153,5169,10,110
2013/03/22 00:00:00.0,4981,5181,4974,5137,20,114
2013/03/25 00:00:00.0,5169,5170,5164,5164,6,112
2013/03/29 00:00:00.0,5182,5196,5124,5160,38,110
2013/04/01 00:00:00.0,5119,5155,5103,5124,28,108
2013/04/08 00:00:00.0,5162,5163,5142,5150,10,106
2013/04/15 00:00:00.0,5139,5140,5000,5000,6,104
2013/04/16 00:00:00.0,4853,4853,4853,4853,2,102
2013/04/19 00:00:00.0,4676,4679,4658,4670,12,100
2013/04/22 00:00:00.0,4655,4689,4655,4689,4,100
2013/04/23 00:00:00.0,4866,4867,4866,4867,2,98
2013/04/24 00:00:00.0,5091,5092,5085,5085,10,98
2013/05/06 00:00:00.0,5149,5150,5149,5150,4,16
2013/05/09 00:00:00.0,5173,5173,5035,5118,30,22
2013/05/10 00:00:00.0,5099,5101,5099,5101,8,18
2013/05/13 00:00:00.0,5174,5174,4978,5080,16,24
2013/05/14 00:00:00.0,4982,5074,4982,5074,8,26
2013/05/15 00:00:00.0,5008,5009,5008,5009,4,28
2013/05/20 00:00:00.0,4944,4945,4944,4945,2,28
2013/05/21 00:00:00.0,4968,4972,4968,4972,4,28
2013/05/22 00:00:00.0,4977,4996,4958,4996,10,26
2013/06/06 00:00:00.0,4854,4939,4851,4918,30,20
2013/06/07 00:00:00.0,4866,4867,4866,4867,2,20
2013/06/13 00:00:00.0,4941,4962,4867,4870,10,20
2013/06/14 00:00:00.0,4887,4888,4887,4888,4,20
2013/06/17 00:00:00.0,4956,4956,4822,4822,4,22
2013/06/18 00:00:00.0,4925,4926,4864,4864,4,22
2013/06/19 00:00:00.0,4878,4890,4875,4890,10,18
2013/06/21 00:00:00.0,4869,4922,4788,4788,14,20
2013/06/24 00:00:00.0,4812,4912,4812,4819,6,20
2013/06/25 00:00:00.0,4921,4921,4752,4903,20,20
2013/07/02 00:00:00.0,4917,4917,4852,4904,16,20
2013/07/18 00:00:00.0,4961,4961,4961,4961,2,18
2013/07/23 00:00:00.0,4867,4867,4867,4867,2,18
2013/07/24 00:00:00.0,4750,4921,4720,4878,12,18
2013/08/14 00:00:00.0,4819,4825,4819,4825,6,18
2013/08/22 00:00:00.0,4781,4868,4781,4868,4,20
2013/08/23 00:00:00.0,4849,4849,4849,4849,2,20
2013/08/28 00:00:00.0,4647,4876,4636,4646,84,42
2013/08/29 00:00:00.0,4630,4630,4630,4630,4,40
2013/09/02 00:00:00.0,4534,4593,4518,4593,8,36
2013/09/03 00:00:00.0,4609,4672,4543,4569,12,38
2013/09/04 00:00:00.0,4494,4625,4467,4625,14,40
2013/09/05 00:00:00.0,4478,4517,4478,4517,4,38
2013/09/09 00:00:00.0,4515,4515,4515,4515,2,40
2013/09/10 00:00:00.0,4438,4438,4438,4438,2,40
2013/09/11 00:00:00.0,4490,4526,4426,4459,14,42
2013/09/12 00:00:00.0,4459,4529,4450,4529,12,42
2013/09/18 00:00:00.0,4399,4499,4399,4499,14,44
2013/09/23 00:00:00.0,4490,4490,4330,4330,12,44
2013/09/24 00:00:00.0,4269,4407,4209,4216,24,48
2013/09/26 00:00:00.0,4136,4251,4115,4115,10,52
2013/09/27 00:00:00.0,4195,4195,4195,4195,4,48
2013/09/30 00:00:00.0,4109,4122,4109,4122,4,46
2013/10/08 00:00:00.0,4256,4256,4256,4256,2,32
2013/10/10 00:00:00.0,4388,4388,4388,4388,8,32
2013/10/31 00:00:00.0,4246,4252,4246,4252,6,50
2013/11/01 00:00:00.0,4205,4205,4147,4147,8,48
2013/11/15 00:00:00.0,4222,4222,4150,4150,6,50
2013/11/21 00:00:00.0,4163,4163,4163,4163,4,50
2013/12/03 00:00:00.0,4418,4418,4418,4418,6,60
2013/12/04 00:00:00.0,4540,4540,4473,4473,14,60
2013/12/06 00:00:00.0,4374,4374,4374,4374,2,60
2013/12/09 00:00:00.0,4338,4392,4318,4388,30,58
2013/12/11 00:00:00.0,4374,4375,4302,4320,24,58
2013/12/18 00:00:00.0,4370,4370,4320,4320,18,60
2014/01/14 00:00:00.0,4354,4354,4354,4354,2,64
2014/02/10 00:00:00.0,4351,4395,4351,4375,12,54
2014/02/12 00:00:00.0,4313,4313,4313,4313,2,54
2014/02/28 00:00:00.0,4146,4182,4146,4182,22,46
2014/03/03 00:00:00.0,4186,4186,4186,4186,2,44
2014/03/13 00:00:00.0,3958,4118,3947,4118,32,40
2014/03/18 00:00:00.0,3971,3971,3925,3925,36,68
2014/03/19 00:00:00.0,3866,3866,3861,3861,4,70
2014/03/20 00:00:00.0,3884,3945,3884,3945,10,66
2014/03/21 00:00:00.0,3935,4079,3935,3964,32,64
2014/03/27 00:00:00.0,4021,4038,4021,4038,10,68
2014/03/31 00:00:00.0,3948,3982,3948,3948,16,72
2014/04/01 00:00:00.0,3981,4004,3981,3981,20,50
2014/04/11 00:00:00.0,4001,4001,4001,4001,4,38
2014/04/14 00:00:00.0,3891,3891,3891,3891,4,38
2014/04/15 00:00:00.0,3850,3850,3783,3783,10,38
2014/04/24 00:00:00.0,3834,3834,3821,3824,58,36
2014/04/25 00:00:00.0,3852,3852,3852,3852,2,38
2014/05/28 00:00:00.0,3925,3987,3925,3945,14,38
2014/05/29 00:00:00.0,3937,3937,3937,3937,2,38
2014/05/30 00:00:00.0,3856,3856,3856,3856,2,36
2014/06/03 00:00:00.0,3952,3960,3908,3955,32,32
2014/06/05 00:00:00.0,3948,3948,3827,3861,60,38
2014/06/06 00:00:00.0,3853,3867,3853,3861,8,36
2014/06/19 00:00:00.0,3921,3921,3797,3797,16,50
2014/07/01 00:00:00.0,3838,3838,3838,3838,2,40
2014/07/07 00:00:00.0,3746,3746,3746,3746,4,40
2014/07/10 00:00:00.0,3679,3679,3679,3679,2,40
2014/07/15 00:00:00.0,3612,3624,3612,3624,6,40
2014/07/22 00:00:00.0,3667,3667,3511,3634,8,38
2014/07/25 00:00:00.0,3595,3647,3595,3595,4,40
2014/07/28 00:00:00.0,3619,3619,3619,3619,2,40
2014/07/31 00:00:00.0,3539,3616,3523,3537,12,40
2014/08/12 00:00:00.0,3389,3468,3386,3386,22,38
2014/08/13 00:00:00.0,3323,3323,3306,3306,14,38
2014/08/15 00:00:00.0,3251,3251,3235,3235,6,38
2014/08/19 00:00:00.0,3261,3261,3261,3261,4,38
2014/08/21 00:00:00.0,3162,3162,3162,3162,6,38
2014/08/22 00:00:00.0,3029,3069,2979,3046,34,38
2014/08/25 00:00:00.0,2981,3105,2981,3105,14,38
2014/08/26 00:00:00.0,3063,3085,3052,3061,28,44
2014/08/29 00:00:00.0,2929,3053,2907,2907,18,148
2014/09/01 00:00:00.0,3070,3070,2905,2941,8,138
2014/09/02 00:00:00.0,3035,3110,3035,3110,14,144
2014/09/03 00:00:00.0,2940,3185,2940,3112,26,148
2014/09/04 00:00:00.0,3155,3227,3155,3227,24,146
2014/09/11 00:00:00.0,3054,3282,3054,3200,10,146
2014/09/12 00:00:00.0,3167,3168,3121,3121,6,146
2014/09/16 00:00:00.0,3099,3275,3044,3053,10,148
2014/09/17 00:00:00.0,3144,3171,3135,3171,8,150
2014/09/19 00:00:00.0,3045,3060,3044,3060,10,156
2014/10/08 00:00:00.0,2872,3087,2872,3076,26,164
2014/10/09 00:00:00.0,3067,3067,3059,3059,10,162
2014/10/14 00:00:00.0,3181,3182,3167,3167,10,162
2014/10/15 00:00:00.0,3080,3080,3080,3080,2,162
2014/10/16 00:00:00.0,3000,3221,3000,3164,4,162
2014/10/22 00:00:00.0,3174,3174,3076,3150,44,156
2014/10/23 00:00:00.0,3161,3161,3161,3161,2,156
2014/10/24 00:00:00.0,3038,3163,3038,3132,8,152
2014/11/05 00:00:00.0,3122,3122,3122,3122,4,148
2014/11/07 00:00:00.0,3091,3237,3091,3237,8,152
2014/11/10 00:00:00.0,3261,3261,3087,3087,4,154
2014/11/11 00:00:00.0,3259,3259,3103,3103,4,154
2014/11/12 00:00:00.0,3308,3308,3090,3129,8,154
2014/11/13 00:00:00.0,3225,3225,3202,3215,8,154
2014/11/14 00:00:00.0,3165,3173,3165,3169,10,148
2014/11/17 00:00:00.0,3293,3293,3172,3242,28,154
2014/11/18 00:00:00.0,3190,3190,3190,3190,2,152
2014/11/19 00:00:00.0,3208,3208,3208,3208,2,150
2014/11/25 00:00:00.0,3227,3244,3197,3212,234,66
2014/11/26 00:00:00.0,3203,3318,3203,3318,26,72
2014/11/28 00:00:00.0,3257,3321,3257,3321,36,70
2014/12/01 00:00:00.0,3249,3250,3246,3246,34,76
2014/12/03 00:00:00.0,3210,3210,3161,3188,14,84
2014/12/04 00:00:00.0,3117,3117,3059,3110,34,80
2014/12/05 00:00:00.0,3010,3179,3010,3179,30,82
2014/12/08 00:00:00.0,3058,3143,3058,3121,16,76
2014/12/10 00:00:00.0,3141,3141,3141,3141,4,76
2014/12/16 00:00:00.0,3189,3203,3189,3203,6,80
2014/12/30 00:00:00.0,3187,3228,3187,3228,12,82
2015/01/23 00:00:00.0,3116,3148,3049,3069,10,78
2015/02/26 00:00:00.0,3292,3355,3292,3332,18,78
2015/03/03 00:00:00.0,3349,3457,3349,3437,42,84
2015/03/09 00:00:00.0,3578,3719,3578,3719,50,110
2015/03/10 00:00:00.0,3622,3622,3599,3599,18,104
2015/03/12 00:00:00.0,3546,3592,3453,3454,48,122
2015/03/17 00:00:00.0,3085,3309,3085,3159,140,148
2015/03/27 00:00:00.0,3317,3319,3238,3288,48,232
2015/04/17 00:00:00.0,3296,3357,3296,3343,86,262
2015/04/27 00:00:00.0,3336,3370,3336,3366,36,232
2015/04/29 00:00:00.0,3401,3413,3350,3395,46,228
2015/05/05 00:00:00.0,3597,3660,3597,3620,128,236
2015/05/06 00:00:00.0,3714,3714,3693,3707,84,246
2015/05/07 00:00:00.0,3631,3631,3537,3537,82,248
2015/05/08 00:00:00.0,3326,3371,3326,3338,162,256
2015/05/11 00:00:00.0,3376,3448,3376,3448,170,256
2015/05/12 00:00:00.0,3424,3478,3340,3348,150,252
2015/05/26 00:00:00.0,3092,3149,3092,3134,100,184
2015/06/18 00:00:00.0,3216,3216,3216,3216,24,96
2015/06/19 00:00:00.0,3149,3150,3127,3150,6,96
2015/06/30 00:00:00.0,2887,2887,2887,2887,2,96
2015/07/01 00:00:00.0,2826,2858,2791,2843,28,92
2015/07/24 00:00:00.0,2302,2302,2268,2289,54,94
2015/07/27 00:00:00.0,2262,2337,2262,2326,36,92
2015/09/07 00:00:00.0,1940,2036,1940,2019,52,56
2015/09/08 00:00:00.0,2070,2070,2012,2055,116,54
2015/09/09 00:00:00.0,2142,2151,2106,2140,84,60
2015/09/10 00:00:00.0,2152,2211,2152,2211,44,50
2015/09/11 00:00:00.0,2209,2244,2208,2242,22,40
2015/09/14 00:00:00.0,2241,2416,2241,2372,52,68
2015/09/15 00:00:00.0,2336,2367,2284,2284,26,52
2015/09/17 00:00:00.0,2223,2256,2223,2249,22,40
2015/09/18 00:00:00.0,2237,2268,2237,2262,8,40
2015/09/25 00:00:00.0,2314,2346,2294,2294,56,52
2015/09/29 00:00:00.0,2358,2370,2350,2350,14,46
2015/10/22 00:00:00.0,2346,2346,2346,2346,2,22
2015/10/26 00:00:00.0,2312,2313,2312,2313,4,20
2015/11/11 00:00:00.0,2435,2435,2435,2435,2,22
2015/11/25 00:00:00.0,2293,2405,2293,2405,44,22
2015/11/27 00:00:00.0,2391,2391,2391,2391,12,22
2015/12/14 00:00:00.0,2406,2460,2406,2424,6,22
2015/12/16 00:00:00.0,2339,2339,2339,2339,8,26
2015/12/17 00:00:00.0,2411,2411,2411,2411,2,24
2015/12/23 00:00:00.0,2424,2517,2424,2517,10,32
2016/01/08 00:00:00.0,2482,2482,2482,2482,6,36
2016/01/11 00:00:00.0,2438,2533,2438,2530,26,30
2016/01/26 00:00:00.0,2462,2462,2462,2462,10,24
2016/02/02 00:00:00.0,2502,2535,2502,2521,12,30
2016/03/03 00:00:00.0,2272,2272,2272,2272,14,32
2016/03/04 00:00:00.0,2328,2335,2325,2325,4,30
2016/03/07 00:00:00.0,2348,2348,2326,2326,4,30
2016/03/09 00:00:00.0,2267,2341,2267,2341,6,32
2016/03/10 00:00:00.0,2306,2306,2306,2306,2,30
2016/03/11 00:00:00.0,2299,2299,2266,2266,4,28
2016/03/15 00:00:00.0,2280,2280,2280,2280,2,24
2016/03/16 00:00:00.0,2248,2248,2248,2248,2,24
2016/03/18 00:00:00.0,2257,2257,2257,2257,2,26
2016/03/22 00:00:00.0,2312,2365,2312,2323,8,24
2016/03/23 00:00:00.0,2267,2267,2267,2267,2,24
2016/03/28 00:00:00.0,2233,2245,2233,2245,4,26
2016/03/30 00:00:00.0,2302,2377,2255,2377,34,42
2016/03/31 00:00:00.0,2290,2351,2290,2344,52,36
2016/04/01 00:00:00.0,2410,2417,2361,2409,30,36
2016/04/05 00:00:00.0,2478,2478,2421,2422,10,36
2016/04/08 00:00:00.0,2369,2369,2369,2369,2,34
2016/04/12 00:00:00.0,2355,2355,2355,2355,2,34
2016/04/13 00:00:00.0,2298,2392,2298,2312,36,28
2016/04/14 00:00:00.0,2283,2283,2279,2279,16,30
2016/04/18 00:00:00.0,2385,2385,2385,2385,10,22
2016/04/27 00:00:00.0,2414,2414,2414,2414,2,22
2016/05/05 00:00:00.0,2268,2328,2268,2318,26,32
2016/05/06 00:00:00.0,2410,2410,2357,2374,80,26
2016/05/10 00:00:00.0,2357,2357,2356,2356,6,24
2016/05/17 00:00:00.0,2390,2471,2390,2447,10,24
2016/05/18 00:00:00.0,2427,2427,2427,2427,14,22
2016/05/24 00:00:00.0,2399,2399,2362,2362,4,20
2016/05/25 00:00:00.0,2328,2486,2328,2486,22,32
2016/05/26 00:00:00.0,2503,2503,2457,2457,6,28
2016/05/27 00:00:00.0,2458,2458,2388,2437,8,24
2016/05/30 00:00:00.0,2412,2431,2412,2430,8,22
2016/06/01 00:00:00.0,2442,2442,2442,2442,4,22
2016/06/02 00:00:00.0,2388,2469,2388,2453,8,22
2016/06/03 00:00:00.0,2468,2523,2468,2523,12,32
2016/06/06 00:00:00.0,2499,2636,2499,2569,48,46
2016/06/07 00:00:00.0,2542,2542,2511,2534,44,38
2016/06/08 00:00:00.0,2519,2552,2519,2536,10,38
2016/06/13 00:00:00.0,2488,2610,2488,2545,16,38
2016/06/14 00:00:00.0,2526,2535,2526,2535,6,36
2016/06/15 00:00:00.0,2515,2526,2515,2526,4,36
2016/06/16 00:00:00.0,2471,2528,2471,2521,10,34
2016/06/20 00:00:00.0,2473,2537,2473,2537,28,44
2016/06/22 00:00:00.0,2497,2551,2497,2542,8,42
2016/06/23 00:00:00.0,2502,2502,2502,2502,2,42
2016/06/24 00:00:00.0,2505,2566,2505,2532,24,36
2016/06/28 00:00:00.0,2545,2554,2520,2546,22,34
2016/07/01 00:00:00.0,2565,2596,2534,2563,92,36
2016/07/04 00:00:00.0,2582,2621,2582,2604,12,40
2016/07/05 00:00:00.0,2561,2622,2561,2602,34,40
2016/07/06 00:00:00.0,2593,2593,2557,2591,8,38
2016/07/07 00:00:00.0,2595,2595,2595,2595,2,38
2016/07/08 00:00:00.0,2567,2591,2566,2591,8,36
2016/07/12 00:00:00.0,2565,2604,2535,2564,28,34
2016/07/13 00:00:00.0,2601,2619,2582,2606,22,38
2016/07/18 00:00:00.0,2575,2575,2529,2529,6,32
2016/07/19 00:00:00.0,2556,2568,2556,2564,6,30
2016/07/20 00:00:00.0,2515,2515,2486,2486,4,32
2016/07/21 00:00:00.0,2460,2565,2460,2565,8,30
2016/07/28 00:00:00.0,2565,2565,2554,2554,4,34
2016/08/01 00:00:00.0,2546,2546,2540,2540,6,30
2016/08/04 00:00:00.0,2518,2592,2491,2570,14,36
2016/08/08 00:00:00.0,2567,2567,2567,2567,2,34
2016/08/10 00:00:00.0,2515,2537,2515,2532,8,32
2016/08/23 00:00:00.0,2554,2554,2496,2496,4,26
2016/08/24 00:00:00.0,2506,2590,2506,2541,10,26
2016/08/25 00:00:00.0,2511,2515,2511,2515,4,26
2016/08/29 00:00:00.0,2498,2498,2498,2498,2,26
2016/08/30 00:00:00.0,2481,2510,2481,2510,4,26
2016/08/31 00:00:00.0,2477,2517,2477,2517,4,26
2016/09/01 00:00:00.0,2575,2575,2565,2565,12,18
2016/09/07 00:00:00.0,2559,2614,2559,2576,24,30
2016/09/08 00:00:00.0,2536,2597,2531,2597,14,28
2016/09/09 00:00:00.0,2600,2662,2595,2595,46,32
2016/09/12 00:00:00.0,2584,2584,2556,2563,44,34
2016/09/13 00:00:00.0,2592,2630,2585,2630,30,28
2016/09/20 00:00:00.0,2643,2643,2627,2627,4,30
2016/09/23 00:00:00.0,2590,2627,2589,2596,10,32
2016/09/27 00:00:00.0,2587,2587,2587,2587,8,30
2016/09/28 00:00:00.0,2557,2639,2557,2581,34,20
2016/10/24 00:00:00.0,2599,2599,2599,2599,6,20
2016/10/25 00:00:00.0,2612,2626,2612,2626,4,18
2016/11/01 00:00:00.0,2635,2760,2635,2714,40,26
2016/11/02 00:00:00.0,2733,2762,2733,2761,14,26
2016/11/03 00:00:00.0,2743,2769,2743,2769,6,28
2016/11/07 00:00:00.0,2734,2734,2706,2711,14,20
2016/11/08 00:00:00.0,2676,2701,2676,2701,4,20
2016/11/10 00:00:00.0,2714,2843,2714,2843,44,40
2016/11/11 00:00:00.0,2864,2878,2830,2878,34,32
2016/11/14 00:00:00.0,2837,2909,2832,2832,10,30
2016/11/15 00:00:00.0,2787,2932,2787,2917,46,36
2016/11/16 00:00:00.0,2907,3000,2905,2947,60,34
2016/11/17 00:00:00.0,2927,2936,2902,2909,14,34
2016/11/18 00:00:00.0,2897,2926,2874,2874,12,38
2016/11/21 00:00:00.0,2816,2855,2816,2854,8,38
2016/11/22 00:00:00.0,2856,2902,2856,2879,30,40
2016/11/23 00:00:00.0,2823,2861,2823,2856,12,38
2016/11/24 00:00:00.0,2867,2876,2855,2855,8,36
2016/11/25 00:00:00.0,2906,3025,2906,3005,36,48
2016/11/28 00:00:00.0,3004,3094,3004,3082,24,50
2016/11/29 00:00:00.0,3106,3197,3063,3099,28,44
2016/11/30 00:00:00.0,3079,3166,3079,3148,8,44
2016/12/01 00:00:00.0,3200,3294,3165,3274,66,48
2016/12/02 00:00:00.0,3374,3406,3285,3382,32,54
2016/12/05 00:00:00.0,3568,3670,3482,3597,188,78
2016/12/06 00:00:00.0,3628,3744,3616,3715,66,88
2016/12/07 00:00:00.0,3855,3862,3761,3862,98,98
2016/12/08 00:00:00.0,3866,4058,3865,4054,174,182
2016/12/09 00:00:00.0,4144,4181,4045,4156,196,238
2016/12/12 00:00:00.0,4205,4363,4200,4361,182,332
2016/12/13 00:00:00.0,4472,4529,4168,4529,308,376
2016/12/14 00:00:00.0,4550,4588,4350,4462,422,328
2016/12/15 00:00:00.0,4415,4467,4269,4269,162,296
2016/12/16 00:00:00.0,4179,4179,4013,4071,282,314
2016/12/19 00:00:00.0,4078,4241,4060,4116,238,314
2016/12/20 00:00:00.0,4025,4126,4025,4070,114,280
2016/12/21 00:00:00.0,4152,4172,4097,4120,84,266
2016/12/22 00:00:00.0,4084,4103,3991,3991,100,222
2016/12/23 00:00:00.0,4014,4165,4014,4083,126,238
2016/12/26 00:00:00.0,4126,4170,4078,4150,120,206
2016/12/27 00:00:00.0,4136,4216,4136,4180,82,192
2016/12/28 00:00:00.0,4283,4381,4275,4381,154,204
2016/12/29 00:00:00.0,4453,4453,4352,4432,124,196
2016/12/30 00:00:00.0,4434,4479,4434,4448,78,192
2017/01/03 00:00:00.0,4426,4559,4423,4521,142,218
2017/01/04 00:00:00.0,4441,4441,4301,4321,172,186
2017/01/05 00:00:00.0,4315,4376,4231,4296,120,178
2017/01/06 00:00:00.0,4391,4408,4263,4359,148,178
2017/01/09 00:00:00.0,4356,4408,4325,4408,62,168
2017/01/10 00:00:00.0,4278,4293,4170,4204,118,148
2017/01/11 00:00:00.0,4065,4243,4064,4224,136,150
2017/01/12 00:00:00.0,4245,4331,4168,4227,88,144
2017/01/13 00:00:00.0,4270,4304,4254,4300,36,138
2017/01/16 00:00:00.0,4310,4353,4296,4316,42,126
2017/01/17 00:00:00.0,4318,4488,4291,4347,46,120
2017/01/18 00:00:00.0,4402,4461,4319,4411,32,122
2017/01/19 00:00:00.0,4398,4431,4396,4431,10,122
2017/01/20 00:00:00.0,4406,4450,4349,4371,34,118
2017/01/23 00:00:00.0,4403,4425,4310,4353,36,122
2017/01/24 00:00:00.0,4316,4394,4257,4373,48,128
2017/01/25 00:00:00.0,4356,4392,4353,4353,12,122
2017/01/26 00:00:00.0,4315,4426,4315,4394,20,116
2017/02/03 00:00:00.0,4428,4428,4367,4400,26,114
2017/02/07 00:00:00.0,4423,4423,4358,4397,22,104
2017/02/08 00:00:00.0,4372,4392,4371,4388,20,96
2017/02/09 00:00:00.0,4382,4407,4376,4406,16,96
2017/02/10 00:00:00.0,4432,4432,4415,4416,18,88
2017/02/13 00:00:00.0,4432,4580,4428,4446,94,110
2017/02/14 00:00:00.0,4400,4451,4345,4370,46,132
2017/02/15 00:00:00.0,4368,4371,4186,4190,86,142
2017/02/16 00:00:00.0,4066,4194,4050,4051,84,148
2017/02/17 00:00:00.0,4051,4062,3969,3981,68,156
2017/02/20 00:00:00.0,3918,3918,3909,3917,8,156
2017/02/21 00:00:00.0,3785,3848,3777,3809,56,134
2017/02/22 00:00:00.0,3821,3916,3817,3822,50,132
2017/02/23 00:00:00.0,3813,3920,3798,3856,42,126
2017/02/24 00:00:00.0,3864,3864,3831,3831,10,126
2017/02/27 00:00:00.0,3931,3931,3811,3811,26,122
2017/02/28 00:00:00.0,3852,3984,3844,3869,74,98
2017/03/01 00:00:00.0,3828,3887,3828,3887,10,96
2017/03/03 00:00:00.0,3810,3872,3701,3747,20,94
2017/03/06 00:00:00.0,3731,3740,3690,3740,14,92
2017/03/07 00:00:00.0,3859,3865,3681,3759,82,86
2017/03/08 00:00:00.0,3759,3833,3734,3778,48,82
2017/03/09 00:00:00.0,3805,3830,3793,3794,20,76
2017/03/10 00:00:00.0,3782,3841,3758,3764,20,70
2017/03/13 00:00:00.0,3698,3905,3697,3783,24,66
2017/03/15 00:00:00.0,3719,3776,3719,3741,14,64
2017/03/16 00:00:00.0,3735,3784,3735,3742,16,54
2017/03/17 00:00:00.0,3738,3738,3721,3721,6,50
2017/03/20 00:00:00.0,3739,3753,3727,3753,10,44
2017/03/21 00:00:00.0,3767,3841,3750,3750,20,42
2017/03/22 00:00:00.0,3761,3766,3761,3766,8,38
2017/03/23 00:00:00.0,3770,3770,3741,3741,10,38
2017/03/24 00:00:00.0,3755,3755,3726,3726,4,34
2017/03/27 00:00:00.0,3725,3728,3725,3727,6,28
2017/03/28 00:00:00.0,3731,3792,3731,3792,4,24
2017/03/29 00:00:00.0,3752,3789,3752,3789,4,20
2017/05/03 00:00:00.0,3617,3617,3516,3516,10,10
2017/05/15 00:00:00.0,3572,3721,3572,3620,48,14
2017/05/16 00:00:00.0,3578,3597,3527,3543,16,10
2017/05/18 00:00:00.0,3568,3575,3540,3540,6,10
2017/06/15 00:00:00.0,3646,3763,3646,3749,20,12
2017/06/16 00:00:00.0,3641,3789,3641,3667,10,10
2017/06/19 00:00:00.0,3727,3727,3727,3727,2,10
2017/06/21 00:00:00.0,3718,3773,3662,3662,10,10
2017/06/23 00:00:00.0,3641,3644,3641,3644,4,10
2017/07/14 00:00:00.0,3718,3772,3691,3691,6,16
2017/07/17 00:00:00.0,3711,3732,3711,3732,4,16
2017/07/21 00:00:00.0,3639,3815,3634,3749,16,18
2017/07/24 00:00:00.0,3716,3716,3692,3692,10,16
2017/07/25 00:00:00.0,3661,3677,3661,3677,8,14
2017/07/26 00:00:00.0,3674,3674,3656,3656,4,14
2017/08/01 00:00:00.0,3774,3789,3774,3789,4,14
2017/08/02 00:00:00.0,3789,3789,3789,3789,4,16
2017/08/03 00:00:00.0,3871,3894,3806,3849,20,14
2017/08/04 00:00:00.0,3957,3957,3835,3902,6,14
2017/08/07 00:00:00.0,3903,3947,3848,3851,26,16
2017/08/08 00:00:00.0,3888,3888,3822,3822,12,16
2017/08/09 00:00:00.0,3793,3793,3774,3774,4,14
2017/08/10 00:00:00.0,3795,3854,3795,3813,6,20
2017/08/11 00:00:00.0,3873,3879,3819,3840,12,18
2017/08/16 00:00:00.0,3845,3845,3845,3845,2,18
2017/08/17 00:00:00.0,3871,3871,3871,3871,2,20
2017/08/18 00:00:00.0,3807,3932,3807,3889,10,14
2017/08/21 00:00:00.0,3917,3969,3917,3957,12,14
2017/08/22 00:00:00.0,3960,3960,3960,3960,2,12
2017/08/25 00:00:00.0,4074,4074,4074,4074,2,12
2018/07/17 00:00:00.0,2946,2946,2849,2867,211956,31308
2018/07/18 00:00:00.0,2861,2913,2852,2866,318760,42862
2018/07/19 00:00:00.0,2875,2967,2868,2915,226824,38448
2018/07/20 00:00:00.0,2895,2999,2890,2979,446010,62166
2018/07/23 00:00:00.0,2978,3011,2953,2978,357616,63918
2018/07/24 00:00:00.0,3017,3065,2987,3055,414648,78328
2018/07/25 00:00:00.0,3064,3198,3043,3112,884792,140224
2018/07/26 00:00:00.0,3091,3147,3091,3130,844896,149012
2018/07/27 00:00:00.0,3122,3146,3103,3130,500854,134900
2018/07/30 00:00:00.0,3138,3168,3104,3146,527122,132520
2018/07/31 00:00:00.0,3174,3208,3127,3135,596336,129066
2018/08/01 00:00:00.0,3134,3154,3082,3084,588242,131642
2018/08/02 00:00:00.0,3065,3102,3028,3093,598794,137140
2018/08/03 00:00:00.0,3081,3187,3076,3171,731204,145820
2018/08/06 00:00:00.0,3167,3179,3111,3164,520912,145024
2018/08/07 00:00:00.0,3184,3297,3165,3242,1047048,177384
2018/08/08 00:00:00.0,3259,3278,3169,3185,627220,171316
2018/08/09 00:00:00.0,3155,3199,3149,3162,326354,176250
2018/08/10 00:00:00.0,3177,3221,3123,3133,588550,179916
2018/08/13 00:00:00.0,3152,3189,3142,3167,464180,175264
2018/08/14 00:00:00.0,3174,3206,3149,3163,554322,174986
2018/08/15 00:00:00.0,3191,3215,3128,3147,459922,178848
2018/08/16 00:00:00.0,3133,3155,2983,3017,717152,146924
2018/08/17 00:00:00.0,3031,3036,2961,3005,454136,139238
2018/08/20 00:00:00.0,3038,3073,2968,3023,591082,134684
2018/08/21 00:00:00.0,3018,3066,3007,3044,448810,135598
2018/08/22 00:00:00.0,3068,3093,3053,3080,438226,134422
2018/08/23 00:00:00.0,3102,3137,3092,3111,452324,133546
2018/08/24 00:00:00.0,3111,3155,3084,3149,400686,134558
2018/08/27 00:00:00.0,3162,3166,3114,3117,342066,131440
2018/08/28 00:00:00.0,3130,3157,3106,3126,315038,129824
2018/08/29 00:00:00.0,3139,3145,3086,3086,270632,134626
2018/08/30 00:00:00.0,3112,3182,3106,3180,399692,136232
2018/08/31 00:00:00.0,3180,3196,3165,3192,254504,135472
2018/09/03 00:00:00.0,3184,3185,3123,3151,269978,125550
2018/09/04 00:00:00.0,3165,3190,3124,3149,295464,127340
2018/09/05 00:00:00.0,3187,3200,3091,3100,434332,136702
2018/09/06 00:00:00.0,3105,3117,3072,3094,371496,129466
2018/09/07 00:00:00.0,3101,3110,3054,3088,298916,127244
2018/09/10 00:00:00.0,3089,3135,3057,3135,329906,120516
2018/09/11 00:00:00.0,3125,3158,3107,3115,350316,115480
2018/09/12 00:00:00.0,3103,3225,3096,3180,597702,124258
2018/09/13 00:00:00.0,3191,3206,3145,3159,392124,123244
2018/09/14 00:00:00.0,3154,3161,3098,3108,371978,124998
2018/09/17 00:00:00.0,3111,3136,3091,3120,320178,116040
2018/09/18 00:00:00.0,3131,3144,3077,3107,264154,115110
2018/09/19 00:00:00.0,3133,3168,3126,3165,305762,110378
2018/09/20 00:00:00.0,3148,3191,3139,3185,318558,117654
2018/09/21 00:00:00.0,3173,3182,3152,3161,224626,110240
2018/09/25 00:00:00.0,3200,3289,3200,3262,252052,123284
2018/09/26 00:00:00.0,3271,3324,3259,3317,421810,151592
2018/09/27 00:00:00.0,3296,3354,3276,3346,450264,160160
2018/09/28 00:00:00.0,3346,3362,3310,3358,331246,141684
2018/10/08 00:00:00.0,3397,3468,3377,3459,353226,139806
2018/10/09 00:00:00.0,3435,3635,3435,3632,1095776,223764
2018/10/10 00:00:00.0,3632,3657,3558,3633,867784,201554
2018/10/11 00:00:00.0,3615,3625,3421,3466,945388,152232
2018/10/12 00:00:00.0,3474,3506,3402,3492,769216,174932
2018/10/15 00:00:00.0,3489,3506,3438,3481,636286,170998
2018/10/16 00:00:00.0,3480,3486,3393,3410,711828,145248
2018/10/17 00:00:00.0,3405,3485,3388,3482,625422,151282
2018/10/18 00:00:00.0,3453,3457,3376,3439,784700,141482
2018/10/19 00:00:00.0,3409,3455,3391,3443,685084,136498
2018/10/22 00:00:00.0,3460,3559,3460,3544,846912,163396
2018/10/23 00:00:00.0,3521,3544,3493,3496,660126,158302
2018/10/24 00:00:00.0,3463,3463,3377,3435,788074,154400
2018/10/25 00:00:00.0,3460,3472,3350,3402,779654,141990
2018/10/26 00:00:00.0,3429,3472,3402,3462,651648,138574
2018/10/29 00:00:00.0,3460,3533,3431,3436,791110,117708
2018/10/30 00:00:00.0,3437,3502,3430,3487,796108,124156
2018/10/31 00:00:00.0,3440,3440,3386,3429,755942,115648
2018/11/01 00:00:00.0,3427,3485,3342,3377,1182384,127978
2018/11/02 00:00:00.0,3378,3400,3272,3366,853226,123424
2018/11/05 00:00:00.0,3348,3393,3326,3383,739830,135496
2018/11/06 00:00:00.0,3396,3428,3381,3409,746634,127246
2018/11/07 00:00:00.0,3423,3466,3397,3425,1153160,185246
2018/11/08 00:00:00.0,3466,3475,3364,3408,827264,170482
2018/11/09 00:00:00.0,3395,3400,3311,3334,976338,182016
2018/11/12 00:00:00.0,3302,3339,3218,3332,1191708,171348
2018/11/13 00:00:00.0,3325,3349,3247,3264,899556,181746
2018/11/14 00:00:00.0,3259,3285,3090,3107,886512,197572
2018/11/15 00:00:00.0,3136,3153,3077,3124,1069472,218672
2018/11/16 00:00:00.0,3130,3153,3092,3139,826768,204952
2018/11/19 00:00:00.0,3150,3175,3112,3129,769132,200800
2018/11/20 00:00:00.0,3115,3148,3084,3118,933962,199574
2018/11/21 00:00:00.0,3118,3118,2939,2996,1023888,201058
2018/11/22 00:00:00.0,3008,3029,2976,3007,735716,206406
2018/11/23 00:00:00.0,3003,3027,2902,2924,774300,209050
2018/11/26 00:00:00.0,2870,2899,2815,2858,924302,211400
2018/11/27 00:00:00.0,2858,2914,2805,2828,879426,206646
2018/11/28 00:00:00.0,2840,2909,2827,2881,720348,222904
2018/11/29 00:00:00.0,2838,2848,2755,2767,1064736,284506
2018/11/30 00:00:00.0,2788,2793,2750,2759,865760,277550
2018/12/03 00:00:00.0,2726,2829,2681,2782,1239926,236636
2018/12/04 00:00:00.0,2768,2840,2765,2820,773658,223926
2018/12/05 00:00:00.0,2831,2861,2769,2804,792752,231406
2018/12/06 00:00:00.0,2826,2849,2758,2762,856042,255098
2018/12/07 00:00:00.0,2708,2756,2684,2697,1014768,280282
2018/12/10 00:00:00.0,2730,2808,2715,2761,1121952,241520
2018/12/11 00:00:00.0,2747,2767,2686,2701,719608,263626
2018/12/12 00:00:00.0,2719,2742,2707,2718,620344,258938
2018/12/13 00:00:00.0,2732,2745,2632,2657,1021678,338186
2018/12/14 00:00:00.0,2626,2698,2619,2653,988274,296762
2018/12/17 00:00:00.0,2649,2668,2615,2637,647210,306786
2018/12/18 00:00:00.0,2652,2653,2562,2575,808030,359082
2018/12/19 00:00:00.0,2562,2578,2470,2482,1194026,402288
2018/12/20 00:00:00.0,2483,2488,2461,2473,929116,428140
2018/12/21 00:00:00.0,2447,2517,2447,2493,1370950,383790
2018/12/24 00:00:00.0,2464,2514,2454,2491,1407368,394364
2018/12/25 00:00:00.0,2473,2499,2340,2341,1206754,435838
2018/12/26 00:00:00.0,2339,2359,2313,2321,1324438,500586
2018/12/27 00:00:00.0,2329,2465,2319,2411,1849178,426812
