2014/03/21 00:00:00.0,3268,3338,3244,3326,209334,57524
2014/03/24 00:00:00.0,3316,3332,3270,3332,89546,52472
2014/03/25 00:00:00.0,3326,3402,3320,3380,122038,65590
2014/03/26 00:00:00.0,3372,3384,3356,3378,38298,64788
2014/03/27 00:00:00.0,3370,3388,3352,3364,41104,65646
2014/03/28 00:00:00.0,3378,3388,3362,3384,34574,67322
2014/03/31 00:00:00.0,3398,3424,3386,3414,61588,70046
2014/04/01 00:00:00.0,3414,3420,3400,3416,18060,68546
2014/04/02 00:00:00.0,3412,3428,3392,3392,29666,73502
2014/04/03 00:00:00.0,3388,3416,3386,3412,21934,72998
2014/04/04 00:00:00.0,3414,3442,3404,3442,22082,75086
2014/04/08 00:00:00.0,3452,3490,3444,3482,42346,87156
2014/04/09 00:00:00.0,3488,3488,3448,3454,33518,88156
2014/04/10 00:00:00.0,3454,3472,3444,3448,19900,87482
2014/04/11 00:00:00.0,3434,3454,3432,3436,13292,83066
2014/04/14 00:00:00.0,3436,3466,3434,3440,12996,83394
2014/04/15 00:00:00.0,3444,3450,3422,3450,21016,81956
2014/04/16 00:00:00.0,3448,3448,3414,3422,18956,74442
2014/04/17 00:00:00.0,3430,3430,3414,3416,5750,73664
2014/04/18 00:00:00.0,3414,3416,3350,3358,52676,72444
2014/04/21 00:00:00.0,3346,3366,3344,3344,8542,70740
2014/04/22 00:00:00.0,3344,3368,3328,3356,24642,66632
2014/04/23 00:00:00.0,3360,3390,3340,3382,20384,64426
2014/04/24 00:00:00.0,3376,3398,3368,3392,12884,63564
2014/04/25 00:00:00.0,3398,3400,3376,3380,8704,64014
2014/04/28 00:00:00.0,3376,3376,3336,3338,17910,61812
2014/04/29 00:00:00.0,3336,3374,3336,3362,8882,60858
2014/04/30 00:00:00.0,3370,3370,3338,3344,10700,59738
2014/05/05 00:00:00.0,3336,3362,3232,3352,11634,58236
2014/05/06 00:00:00.0,3342,3364,3338,3344,4774,57486
2014/05/07 00:00:00.0,3340,3358,3330,3332,10198,56930
2014/05/08 00:00:00.0,3332,3338,3312,3314,13612,53600
2014/05/09 00:00:00.0,3314,3330,3304,3320,9712,53272
2014/05/12 00:00:00.0,3332,3336,3300,3336,11650,52190
2014/05/13 00:00:00.0,3336,3346,3322,3328,6734,51758
2014/05/14 00:00:00.0,3328,3330,3316,3326,7768,48934
2014/05/15 00:00:00.0,3326,3328,3300,3302,4730,48690
2014/05/16 00:00:00.0,3298,3302,3244,3274,12516,48404
2014/05/19 00:00:00.0,3264,3286,3254,3266,7524,48064
2014/05/20 00:00:00.0,3264,3278,3258,3264,3324,47978
2014/05/21 00:00:00.0,3266,3286,3258,3276,5230,48204
2014/05/22 00:00:00.0,3274,3316,3274,3282,5804,48190
2014/05/23 00:00:00.0,3290,3296,3278,3284,2548,48020
2014/05/26 00:00:00.0,3290,3332,3288,3328,6632,48126
2014/05/27 00:00:00.0,3334,3370,3322,3342,17294,51962
2014/05/28 00:00:00.0,3304,3344,3304,3314,6768,51544
2014/05/29 00:00:00.0,3310,3326,3302,3310,5862,51142
2014/05/30 00:00:00.0,3302,3302,3256,3266,12056,50558
2014/06/03 00:00:00.0,3260,3292,3250,3270,11562,50142
2014/06/04 00:00:00.0,3270,3278,3262,3264,8020,50240
2014/06/05 00:00:00.0,3270,3286,3256,3274,13406,48252
2014/06/06 00:00:00.0,3278,3284,3264,3284,5374,47458
2014/06/09 00:00:00.0,3280,3284,3258,3266,11126,43952
2014/06/10 00:00:00.0,3266,3274,3234,3272,8970,43462
2014/06/11 00:00:00.0,3272,3280,3258,3264,5458,43434
2014/06/12 00:00:00.0,3256,3260,3234,3250,12880,43706
2014/06/13 00:00:00.0,3242,3260,3234,3250,13728,44728
2014/06/16 00:00:00.0,3252,3252,3220,3230,18920,49546
2014/06/17 00:00:00.0,3222,3248,3212,3240,8002,48270
2014/06/18 00:00:00.0,3242,3278,3234,3266,19186,49324
2014/06/19 00:00:00.0,3268,3282,3262,3268,17292,51582
2014/06/20 00:00:00.0,3272,3288,3256,3280,19290,54960
2014/06/23 00:00:00.0,3284,3306,3280,3300,8974,53620
2014/06/24 00:00:00.0,3302,3302,3280,3284,7028,52748
2014/06/25 00:00:00.0,3290,3294,3274,3290,6976,53124
2014/06/26 00:00:00.0,3296,3322,3288,3322,12112,49584
2014/06/27 00:00:00.0,3322,3328,3304,3306,5364,49834
2014/06/30 00:00:00.0,3302,3310,3288,3288,5126,48478
2014/07/01 00:00:00.0,3290,3298,3278,3296,3994,48188
2014/07/02 00:00:00.0,3296,3314,3280,3310,7580,46950
2014/07/03 00:00:00.0,3314,3330,3308,3312,6502,47610
2014/07/04 00:00:00.0,3310,3316,3298,3308,5926,46624
2014/07/07 00:00:00.0,3314,3316,3286,3296,5304,45374
2014/07/08 00:00:00.0,3296,3316,3288,3314,6858,46954
2014/07/09 00:00:00.0,3314,3318,3294,3300,5492,46852
2014/07/10 00:00:00.0,3304,3342,3298,3330,9844,46770
2014/07/11 00:00:00.0,3338,3346,3322,3344,7964,48256
2014/07/14 00:00:00.0,3348,3366,3346,3366,12414,48274
2014/07/15 00:00:00.0,3362,3388,3358,3362,7920,49190
2014/07/16 00:00:00.0,3358,3362,3346,3346,5204,47396
2014/07/17 00:00:00.0,3304,3352,3304,3330,6366,45064
2014/07/18 00:00:00.0,3330,3330,3274,3278,13482,42002
2014/07/21 00:00:00.0,3268,3296,3266,3286,4714,41744
2014/07/22 00:00:00.0,3272,3304,3272,3288,4356,40902
2014/07/23 00:00:00.0,3286,3292,3278,3280,3906,41220
2014/07/24 00:00:00.0,3282,3294,3280,3288,2882,41290
2014/07/25 00:00:00.0,3286,3306,3284,3294,5140,40326
2014/07/28 00:00:00.0,3290,3310,3282,3300,7656,38284
2014/07/29 00:00:00.0,3302,3328,3302,3320,8268,36504
2014/07/30 00:00:00.0,3318,3318,3290,3300,3224,35934
2014/07/31 00:00:00.0,3294,3310,3278,3290,4284,34560
2014/08/01 00:00:00.0,3290,3292,3268,3282,7866,36040
2014/08/04 00:00:00.0,3280,3302,3276,3292,6920,34588
2014/08/05 00:00:00.0,3284,3376,3284,3310,12872,32160
2014/08/06 00:00:00.0,3320,3338,3306,3332,10760,29266
2014/08/07 00:00:00.0,3338,3348,3330,3336,5012,28336
2014/08/08 00:00:00.0,3330,3336,3306,3316,11626,24570
2014/08/11 00:00:00.0,3326,3326,3306,3308,3816,23254
2014/08/12 00:00:00.0,3308,3342,3302,3318,3772,22414
2014/08/13 00:00:00.0,3318,3334,3302,3302,4414,22130
2014/08/14 00:00:00.0,3306,3306,3266,3270,6690,22446
2014/08/15 00:00:00.0,3268,3300,3218,3284,8094,22486
2014/08/18 00:00:00.0,3286,3294,3262,3266,4238,21568
2014/08/19 00:00:00.0,3260,3286,3260,3278,2430,21244
2014/08/20 00:00:00.0,3268,3282,3254,3256,3954,19742
2014/08/21 00:00:00.0,3256,3262,3244,3256,2436,18702
2014/08/22 00:00:00.0,3282,3282,3216,3216,3804,19088
2014/08/25 00:00:00.0,3208,3228,3180,3190,4944,18766
2014/08/26 00:00:00.0,3198,3210,3158,3166,7718,20660
2014/08/27 00:00:00.0,3174,3198,3136,3146,9052,20114
2014/08/28 00:00:00.0,3160,3160,3108,3114,7004,20524
2014/08/29 00:00:00.0,3112,3154,3108,3150,10534,23404
2014/09/01 00:00:00.0,3146,3154,3114,3124,9884,23572
2014/09/02 00:00:00.0,3118,3134,3106,3112,11554,24606
2014/09/03 00:00:00.0,3100,3106,3068,3078,16116,30854
2014/09/04 00:00:00.0,3078,3078,3042,3042,9070,33072
2014/09/05 00:00:00.0,3056,3056,3032,3036,8548,32332
2014/09/09 00:00:00.0,3034,3034,2956,2960,14742,38934
2014/09/10 00:00:00.0,2958,3012,2912,2976,16604,37288
2014/09/11 00:00:00.0,2972,2976,2924,2940,14042,39926
2014/09/12 00:00:00.0,2944,2972,2928,2968,9906,39884
2014/09/15 00:00:00.0,2958,3000,2958,2996,10290,40418
2014/09/16 00:00:00.0,3000,3010,2948,2952,15534,40652
2014/09/17 00:00:00.0,2980,2986,2946,2962,11274,41590
2014/09/18 00:00:00.0,2960,2970,2932,2936,13322,40842
2014/09/19 00:00:00.0,2916,2934,2874,2884,18732,35820
2014/09/22 00:00:00.0,2884,2884,2794,2796,22660,32418
2014/09/23 00:00:00.0,2796,2852,2792,2812,16176,31422
2014/09/24 00:00:00.0,2822,2846,2820,2836,12916,33452
2014/09/25 00:00:00.0,2838,2838,2792,2796,21488,34908
2014/09/26 00:00:00.0,2796,2868,2786,2840,16054,34134
2014/09/29 00:00:00.0,2854,2854,2790,2808,13522,31998
2014/09/30 00:00:00.0,2808,2834,2808,2820,5182,31180
2014/10/08 00:00:00.0,2830,2856,2758,2774,9506,32614
2014/10/09 00:00:00.0,2784,2818,2756,2812,19418,35306
2014/10/10 00:00:00.0,2812,2860,2792,2840,24262,36818
2014/10/13 00:00:00.0,2840,2940,2840,2920,28898,37518
2014/10/14 00:00:00.0,2934,2934,2886,2894,10388,37394
2014/10/15 00:00:00.0,2890,2910,2880,2902,9370,37134
2014/10/16 00:00:00.0,2850,2888,2844,2868,15424,37640
2014/10/17 00:00:00.0,2878,2882,2848,2860,10370,36094
2014/10/20 00:00:00.0,2882,2906,2870,2896,12464,36914
2014/10/21 00:00:00.0,2900,2910,2874,2874,7006,38494
2014/10/22 00:00:00.0,2872,2886,2844,2866,11116,36418
2014/10/23 00:00:00.0,2862,2862,2832,2834,11682,35834
2014/10/24 00:00:00.0,2848,2870,2834,2858,9390,34562
2014/10/27 00:00:00.0,2868,2876,2850,2862,5828,34750
2014/10/28 00:00:00.0,2862,2864,2840,2842,9610,36182
2014/10/29 00:00:00.0,2846,2860,2838,2860,10586,37360
2014/10/30 00:00:00.0,2866,2872,2820,2852,10700,36654
2014/10/31 00:00:00.0,2852,2868,2842,2856,8406,36466
2014/11/03 00:00:00.0,2844,2858,2830,2830,7978,36628
2014/11/04 00:00:00.0,2830,2848,2822,2836,6998,36550
2014/11/05 00:00:00.0,2830,2840,2824,2826,6474,36464
2014/11/06 00:00:00.0,2826,2842,2824,2830,3870,36518
2014/11/07 00:00:00.0,2834,2846,2830,2834,5374,34996
2014/11/10 00:00:00.0,2848,2884,2848,2872,8164,36492
2014/11/11 00:00:00.0,2870,2878,2848,2866,4676,36736
2014/11/12 00:00:00.0,2870,2896,2866,2886,13600,38940
2014/11/13 00:00:00.0,2878,2878,2850,2866,5428,37904
2014/11/14 00:00:00.0,2858,2874,2840,2872,6054,37250
2014/11/17 00:00:00.0,2874,2886,2868,2868,3492,37026
2014/11/18 00:00:00.0,2860,2864,2850,2854,11634,39372
2014/11/19 00:00:00.0,2848,2866,2846,2850,5544,39180
2014/11/20 00:00:00.0,2852,2874,2846,2872,6862,40558
2014/11/21 00:00:00.0,2870,2906,2866,2872,8340,39136
2014/11/24 00:00:00.0,2884,2904,2860,2870,5964,37728
2014/11/25 00:00:00.0,2864,2880,2848,2874,3932,37448
2014/11/26 00:00:00.0,2862,2872,2858,2866,4778,37446
2014/11/27 00:00:00.0,2870,2968,2870,2962,11428,36838
2014/11/28 00:00:00.0,2872,2960,2872,2940,11592,33942
2014/12/01 00:00:00.0,2926,2980,2892,2956,10260,34178
2014/12/02 00:00:00.0,2972,2994,2936,2936,10766,33210
2014/12/03 00:00:00.0,2930,2948,2906,2946,13482,30872
2014/12/04 00:00:00.0,2942,2974,2926,2938,15560,28544
2014/12/05 00:00:00.0,2940,2954,2928,2950,5130,29076
2014/12/08 00:00:00.0,2934,2956,2934,2940,6076,28676
2014/12/09 00:00:00.0,2928,2946,2922,2936,7688,28390
2014/12/10 00:00:00.0,2936,2946,2928,2944,4560,28652
2014/12/11 00:00:00.0,2936,2962,2928,2952,5626,29348
2014/12/12 00:00:00.0,2948,2974,2944,2974,4790,29730
2014/12/15 00:00:00.0,2968,2976,2956,2964,4186,30082
2014/12/16 00:00:00.0,2956,2956,2928,2934,6566,29126
2014/12/17 00:00:00.0,2930,2938,2922,2926,5718,29012
2014/12/18 00:00:00.0,2926,2932,2916,2930,3598,28730
2014/12/19 00:00:00.0,2928,2940,2924,2934,3094,28406
2014/12/22 00:00:00.0,2930,2930,2900,2904,6452,27062
2014/12/23 00:00:00.0,2898,2898,2854,2854,7908,27270
2014/12/24 00:00:00.0,2856,2894,2852,2892,5614,26774
2014/12/25 00:00:00.0,2878,2890,2876,2876,2118,26872
2014/12/26 00:00:00.0,2872,2890,2870,2878,10838,26432
2014/12/29 00:00:00.0,2876,2904,2864,2898,4546,25990
2014/12/30 00:00:00.0,2892,2970,2890,2970,11372,26388
2014/12/31 00:00:00.0,2970,2976,2934,2942,6804,24950
2015/01/05 00:00:00.0,2950,2950,2918,2930,4074,24550
2015/01/06 00:00:00.0,2912,2980,2912,2948,7802,24862
2015/01/07 00:00:00.0,2942,2944,2924,2936,5474,24144
2015/01/08 00:00:00.0,2932,2938,2914,2916,3476,24168
2015/01/09 00:00:00.0,2918,2918,2882,2884,5056,24780
2015/01/12 00:00:00.0,2880,2884,2816,2818,10820,25020
2015/01/13 00:00:00.0,2818,2828,2772,2776,7724,26404
2015/01/14 00:00:00.0,2774,2780,2666,2696,20332,29922
2015/01/15 00:00:00.0,2668,2734,2656,2734,12340,31426
2015/01/16 00:00:00.0,2698,2708,2650,2682,11772,23120
2015/01/19 00:00:00.0,2676,2684,2650,2666,10338,24058
2015/01/20 00:00:00.0,2656,2674,2636,2644,10046,22646
2015/01/21 00:00:00.0,2650,2662,2632,2640,9096,21642
2015/01/22 00:00:00.0,2628,2656,2614,2632,8936,22228
2015/01/23 00:00:00.0,2632,2640,2606,2610,9434,24366
2015/01/26 00:00:00.0,2604,2612,2544,2560,18548,25344
2015/01/27 00:00:00.0,2560,2576,2546,2550,20588,32660
2015/01/28 00:00:00.0,2550,2620,2546,2594,38842,34032
2015/01/29 00:00:00.0,2602,2626,2586,2622,23444,38304
2015/01/30 00:00:00.0,2620,2624,2596,2600,11098,37654
2015/02/02 00:00:00.0,2602,2716,2578,2592,22818,40604
2015/02/03 00:00:00.0,2598,2602,2582,2586,13422,43940
2015/02/04 00:00:00.0,2590,2606,2572,2574,21076,50138
2015/02/05 00:00:00.0,2586,2588,2566,2578,18368,55684
2015/02/06 00:00:00.0,2578,2594,2574,2584,13124,59644
2015/02/09 00:00:00.0,2588,2588,2566,2574,10310,60352
2015/02/10 00:00:00.0,2570,2586,2570,2582,5198,59838
2015/02/11 00:00:00.0,2582,2606,2578,2602,7742,58712
2015/02/12 00:00:00.0,2606,2606,2580,2596,5846,58508
2015/02/13 00:00:00.0,2598,2622,2586,2610,11510,58498
2015/02/16 00:00:00.0,2608,2646,2608,2624,14314,58630
2015/02/17 00:00:00.0,2628,2628,2602,2612,6566,58844
2015/02/25 00:00:00.0,2614,2614,2572,2594,6510,58244
2015/02/26 00:00:00.0,2594,2614,2588,2610,10512,60098
2015/02/27 00:00:00.0,2614,2620,2582,2584,11922,61120
2015/03/02 00:00:00.0,2584,2606,2570,2594,16784,60740
2015/03/03 00:00:00.0,2592,2602,2578,2584,12690,61552
2015/03/04 00:00:00.0,2582,2594,2578,2590,7780,61524
2015/03/05 00:00:00.0,2590,2590,2554,2562,26400,59926
2015/03/06 00:00:00.0,2562,2572,2544,2548,17034,58222
2015/03/09 00:00:00.0,2548,2562,2516,2526,30226,54726
2015/03/10 00:00:00.0,2524,2532,2494,2498,17104,50698
2015/03/11 00:00:00.0,2482,2508,2482,2494,14636,48902
2015/03/12 00:00:00.0,2488,2560,2484,2510,15426,47770
2015/03/13 00:00:00.0,2512,2526,2500,2504,11150,47762
2015/03/16 00:00:00.0,2504,2534,2498,2532,9252,47800
2015/03/17 00:00:00.0,2522,2538,2520,2536,6664,46598
2015/03/18 00:00:00.0,2534,2540,2502,2508,15976,42198
2015/03/19 00:00:00.0,2508,2528,2502,2514,6992,42046
2015/03/20 00:00:00.0,2510,2528,2510,2514,7766,42468
2015/03/23 00:00:00.0,2514,2570,2506,2564,21226,43032
2015/03/24 00:00:00.0,2578,2588,2556,2564,13560,41670
2015/03/25 00:00:00.0,2562,2574,2546,2548,11712,39562
2015/03/26 00:00:00.0,2552,2558,2532,2534,13302,36694
2015/03/27 00:00:00.0,2530,2534,2472,2522,12830,34988
2015/03/30 00:00:00.0,2516,2530,2492,2502,7830,35158
2015/03/31 00:00:00.0,2508,2516,2490,2492,7972,35528
2015/04/01 00:00:00.0,2494,2506,2462,2466,14706,32104
2015/04/02 00:00:00.0,2462,2462,2426,2428,19442,33234
2015/04/03 00:00:00.0,2430,2444,2412,2414,11054,32124
2015/04/07 00:00:00.0,2412,2422,2364,2364,20140,36160
2015/04/08 00:00:00.0,2376,2390,2340,2376,15694,35650
2015/04/09 00:00:00.0,2372,2374,2346,2350,6506,35418
2015/04/10 00:00:00.0,2346,2350,2326,2334,7946,35080
2015/04/13 00:00:00.0,2328,2402,2328,2396,11540,34980
2015/04/14 00:00:00.0,2396,2406,2374,2392,9386,35482
2015/04/15 00:00:00.0,2392,2398,2362,2362,8518,34920
2015/04/16 00:00:00.0,2364,2394,2362,2382,8240,34950
2015/04/17 00:00:00.0,2382,2400,2378,2382,7000,35888
2015/04/20 00:00:00.0,2378,2380,2352,2352,12044,33580
2015/04/21 00:00:00.0,2354,2362,2342,2360,7606,32880
2015/04/22 00:00:00.0,2360,2410,2356,2406,13382,32082
2015/04/23 00:00:00.0,2400,2418,2392,2416,15980,31532
2015/04/24 00:00:00.0,2414,2478,2414,2472,31608,34410
2015/04/27 00:00:00.0,2476,2498,2458,2492,16698,34218
2015/04/28 00:00:00.0,2492,2513,2480,2485,20544,35378
2015/04/29 00:00:00.0,2486,2505,2435,2447,17794,35034
2015/04/30 00:00:00.0,2453,2477,2444,2470,13148,34340
2015/05/04 00:00:00.0,2473,2527,2467,2523,19086,36546
2015/05/05 00:00:00.0,2521,2576,2521,2551,26924,37584
2015/05/06 00:00:00.0,2551,2556,2525,2530,21708,42064
2015/05/07 00:00:00.0,2530,2536,2484,2492,19734,40256
2015/05/08 00:00:00.0,2492,2504,2468,2499,25790,41630
2015/05/11 00:00:00.0,2489,2510,2488,2504,13862,42938
2015/05/12 00:00:00.0,2499,2510,2464,2465,11140,42712
2015/05/13 00:00:00.0,2469,2495,2461,2479,12976,43824
2015/05/14 00:00:00.0,2479,2484,2448,2465,17400,44118
2015/05/15 00:00:00.0,2464,2470,2455,2465,10314,46018
2015/05/18 00:00:00.0,2470,2483,2459,2459,7776,42526
2015/05/19 00:00:00.0,2453,2456,2435,2444,8996,42560
2015/05/20 00:00:00.0,2436,2444,2408,2413,9090,40504
2015/05/21 00:00:00.0,2418,2448,2412,2440,9078,41704
2015/05/22 00:00:00.0,2440,2475,2428,2454,8436,42212
2015/05/25 00:00:00.0,2441,2465,2426,2455,7734,41270
2015/05/26 00:00:00.0,2453,2490,2442,2464,12856,40742
2015/05/27 00:00:00.0,2467,2475,2455,2470,5396,40396
2015/05/28 00:00:00.0,2456,2481,2444,2460,8092,39914
2015/05/29 00:00:00.0,2458,2469,2437,2461,7126,39242
2015/06/01 00:00:00.0,2463,2497,2458,2482,10758,38912
2015/06/02 00:00:00.0,2478,2489,2468,2479,9042,39442
2015/06/03 00:00:00.0,2478,2482,2461,2461,7906,37230
2015/06/04 00:00:00.0,2452,2464,2449,2460,6364,36320
2015/06/05 00:00:00.0,2463,2467,2433,2449,8008,33526
2015/06/08 00:00:00.0,2448,2448,2433,2441,4506,33986
2015/06/09 00:00:00.0,2437,2461,2437,2450,5024,34100
2015/06/10 00:00:00.0,2448,2462,2446,2461,4884,34416
2015/06/11 00:00:00.0,2463,2474,2459,2464,6934,35026
2015/06/12 00:00:00.0,2462,2466,2394,2403,12448,35268
2015/06/15 00:00:00.0,2393,2417,2381,2384,6748,34978
2015/06/16 00:00:00.0,2379,2391,2348,2350,8620,33774
2015/06/17 00:00:00.0,2348,2355,2317,2321,26442,39528
2015/06/18 00:00:00.0,2329,2347,2322,2338,10436,40558
2015/06/19 00:00:00.0,2337,2361,2332,2344,8632,39230
2015/06/23 00:00:00.0,2352,2352,2313,2331,6734,40616
2015/06/24 00:00:00.0,2335,2341,2326,2335,7204,42240
2015/06/25 00:00:00.0,2337,2338,2296,2298,15230,46672
2015/06/26 00:00:00.0,2283,2314,2283,2292,20740,51904
2015/06/29 00:00:00.0,2294,2305,2270,2275,13864,51008
2015/06/30 00:00:00.0,2274,2274,2189,2226,33318,47848
2015/07/01 00:00:00.0,2224,2230,2211,2213,11660,48382
2015/07/02 00:00:00.0,2202,2216,2184,2208,18336,47940
2015/07/03 00:00:00.0,2208,2240,2203,2216,18126,46948
2015/07/06 00:00:00.0,2215,2216,2114,2119,30260,48768
2015/07/07 00:00:00.0,2118,2120,2046,2049,40784,46764
2015/07/08 00:00:00.0,2057,2091,1982,1983,36078,45374
2015/07/09 00:00:00.0,1903,2142,1903,2073,45248,47956
2015/07/10 00:00:00.0,2081,2122,2062,2077,19918,51698
2015/07/13 00:00:00.0,2065,2091,2018,2045,24176,52540
2015/07/14 00:00:00.0,2054,2069,2032,2044,20210,55600
2015/07/15 00:00:00.0,2049,2058,2025,2030,13224,54854
2015/07/16 00:00:00.0,2032,2066,2008,2037,33044,52520
2015/07/17 00:00:00.0,2037,2048,2028,2044,10318,52200
2015/07/20 00:00:00.0,2043,2120,2026,2115,31972,51250
2015/07/21 00:00:00.0,2116,2128,2070,2083,22630,54080
2015/07/22 00:00:00.0,2084,2087,2018,2038,20324,53952
2015/07/23 00:00:00.0,2045,2056,2024,2048,13036,54676
2015/07/24 00:00:00.0,2048,2059,2036,2043,9454,54214
2015/07/27 00:00:00.0,2047,2086,2046,2064,15912,56236
2015/07/28 00:00:00.0,2055,2085,2047,2064,16840,57568
2015/07/29 00:00:00.0,2065,2092,2065,2081,19822,62174
2015/07/30 00:00:00.0,2084,2087,2050,2054,18214,62012
2015/07/31 00:00:00.0,2055,2059,2040,2057,19958,61530
2015/08/03 00:00:00.0,2059,2099,2054,2069,21292,58652
2015/08/04 00:00:00.0,2066,2087,2056,2086,18058,58140
2015/08/05 00:00:00.0,2089,2098,2082,2096,14560,56424
2015/08/06 00:00:00.0,2126,2126,2082,2093,15600,54954
2015/08/07 00:00:00.0,2092,2092,2068,2080,11800,53740
2015/08/10 00:00:00.0,2076,2083,2060,2072,12118,53062
2015/08/11 00:00:00.0,2070,2081,2065,2065,13336,53094
2015/08/12 00:00:00.0,2068,2077,2036,2076,14396,51682
2015/08/13 00:00:00.0,2080,2098,2080,2086,18660,51522
2015/08/14 00:00:00.0,2084,2093,2079,2093,11162,50970
2015/08/17 00:00:00.0,2094,2100,2069,2069,12296,50424
2015/08/18 00:00:00.0,2074,2077,2067,2071,9212,50022
2015/08/19 00:00:00.0,2068,2071,2045,2048,19338,52084
2015/08/20 00:00:00.0,2050,2059,2030,2035,23194,58160
2015/08/21 00:00:00.0,2039,2045,2029,2032,9192,58510
2015/08/24 00:00:00.0,2027,2053,1934,1938,35628,55150
2015/08/25 00:00:00.0,1927,1971,1924,1939,19370,54002
2015/08/26 00:00:00.0,1956,1970,1942,1942,14248,53708
2015/08/27 00:00:00.0,1948,1971,1935,1961,14356,54376
2015/08/28 00:00:00.0,1961,1997,1959,1974,18884,54344
2015/08/31 00:00:00.0,1973,1975,1944,1954,17048,54630
2015/09/01 00:00:00.0,1951,1966,1948,1958,13950,55434
2015/09/02 00:00:00.0,1957,1963,1951,1956,10596,53568
2015/09/07 00:00:00.0,1955,1956,1877,1933,10234,53122
2015/09/08 00:00:00.0,1926,1947,1924,1947,13654,56138
2015/09/09 00:00:00.0,1951,1986,1949,1952,25972,59482
2015/09/10 00:00:00.0,1955,1965,1945,1959,9830,59918
2015/09/11 00:00:00.0,1958,1968,1954,1955,14526,60462
2015/09/14 00:00:00.0,1953,1956,1936,1937,12954,59766
2015/09/15 00:00:00.0,1935,1938,1913,1915,17966,63100
2015/09/16 00:00:00.0,1917,1942,1917,1936,15702,63272
2015/09/17 00:00:00.0,1936,1952,1932,1934,14888,62006
2015/09/18 00:00:00.0,1937,1941,1929,1932,12376,61778
2015/09/21 00:00:00.0,1931,1937,1906,1918,12264,61478
2015/09/22 00:00:00.0,1914,1928,1897,1911,16474,61570
2015/09/23 00:00:00.0,1907,1920,1898,1917,14158,60612
2015/09/24 00:00:00.0,1916,1927,1907,1912,8342,61614
2015/09/25 00:00:00.0,1911,1927,1904,1911,10234,60826
2015/09/28 00:00:00.0,1907,1907,1878,1880,12134,60190
2015/09/29 00:00:00.0,1871,1886,1852,1864,15380,57402
2015/09/30 00:00:00.0,1864,1868,1846,1847,11188,55498
2015/10/08 00:00:00.0,1865,1877,1843,1854,8416,55462
2015/10/09 00:00:00.0,1856,1890,1853,1881,12500,55878
2015/10/12 00:00:00.0,1892,1898,1867,1881,13612,55716
2015/10/13 00:00:00.0,1883,1884,1864,1877,11826,53468
2015/10/14 00:00:00.0,1877,1882,1871,1876,7208,53830
2015/10/15 00:00:00.0,1877,1884,1871,1878,7626,54638
2015/10/16 00:00:00.0,1880,1881,1867,1872,7184,49918
2015/10/19 00:00:00.0,1869,1873,1844,1848,15648,51400
2015/10/20 00:00:00.0,1848,1857,1845,1851,7952,50598
2015/10/21 00:00:00.0,1852,1860,1803,1855,10158,50090
2015/10/22 00:00:00.0,1857,1861,1849,1850,7850,49906
2015/10/23 00:00:00.0,1849,1856,1827,1846,8076,50260
2015/10/26 00:00:00.0,1845,1858,1835,1837,7272,50586
2015/10/27 00:00:00.0,1836,1839,1823,1832,8090,51326
2015/10/28 00:00:00.0,1831,1833,1814,1820,6430,50742
2015/10/29 00:00:00.0,1821,1835,1814,1817,7036,51258
2015/10/30 00:00:00.0,1818,1823,1812,1821,8456,49656
2015/11/02 00:00:00.0,1823,1830,1816,1820,8278,50192
2015/11/03 00:00:00.0,1815,1825,1790,1791,11924,51204
2015/11/04 00:00:00.0,1791,1798,1785,1787,12166,52692
2015/11/05 00:00:00.0,1788,1794,1770,1772,15254,54512
2015/11/06 00:00:00.0,1778,1779,1764,1771,19202,54520
2015/11/09 00:00:00.0,1772,1793,1766,1792,21574,53910
2015/11/10 00:00:00.0,1791,1796,1782,1787,11012,53586
2015/11/11 00:00:00.0,1787,1788,1771,1772,8816,54182
2015/11/12 00:00:00.0,1774,1779,1764,1776,10338,54362
2015/11/13 00:00:00.0,1775,1792,1771,1771,11564,54542
2015/11/16 00:00:00.0,1769,1787,1767,1776,10300,57976
2015/11/17 00:00:00.0,1775,1781,1773,1780,10926,59468
2015/11/18 00:00:00.0,1782,1784,1760,1762,17494,61412
2015/11/19 00:00:00.0,1760,1765,1724,1732,21108,63032
2015/11/20 00:00:00.0,1733,1739,1725,1728,11086,63972
2015/11/23 00:00:00.0,1729,1729,1687,1702,23428,65574
2015/11/24 00:00:00.0,1704,1726,1694,1725,25024,67562
2015/11/25 00:00:00.0,1726,1771,1718,1737,30610,67142
2015/11/26 00:00:00.0,1732,1773,1727,1743,26298,64438
2015/11/27 00:00:00.0,1741,1743,1710,1715,16948,62384
2015/11/30 00:00:00.0,1715,1715,1685,1685,18014,63988
2015/12/01 00:00:00.0,1687,1712,1682,1702,19652,63014
2015/12/02 00:00:00.0,1696,1746,1696,1732,34814,63558
2015/12/03 00:00:00.0,1730,1740,1710,1713,16318,63470
2015/12/04 00:00:00.0,1712,1742,1706,1738,19060,65342
2015/12/07 00:00:00.0,1744,1755,1730,1746,21104,68268
2015/12/08 00:00:00.0,1742,1746,1729,1732,20194,68386
2015/12/09 00:00:00.0,1731,1743,1726,1736,14498,68660
2015/12/10 00:00:00.0,1736,1745,1732,1740,14742,72710
2015/12/11 00:00:00.0,1739,1759,1732,1759,19052,73294
2015/12/14 00:00:00.0,1757,1797,1754,1796,31894,72520
2015/12/15 00:00:00.0,1792,1803,1785,1787,27206,70518
2015/12/16 00:00:00.0,1786,1820,1770,1816,27310,74250
2015/12/17 00:00:00.0,1818,1854,1813,1834,50048,82448
2015/12/18 00:00:00.0,1835,1870,1834,1869,39592,86378
2015/12/21 00:00:00.0,1869,1924,1869,1905,69596,86642
2015/12/22 00:00:00.0,1917,1917,1855,1875,83598,86400
2015/12/23 00:00:00.0,1874,1875,1840,1854,42210,85140
2015/12/24 00:00:00.0,1854,1889,1854,1868,45244,88724
2015/12/25 00:00:00.0,1869,1881,1860,1876,26508,88126
2015/12/28 00:00:00.0,1871,1881,1855,1870,43220,88326
2015/12/29 00:00:00.0,1874,1920,1872,1913,79376,92658
2015/12/30 00:00:00.0,1914,1945,1908,1933,77518,94040
2015/12/31 00:00:00.0,1932,1969,1932,1950,59040,100116
2016/01/04 00:00:00.0,1980,1994,1925,1930,52648,99052
2016/01/05 00:00:00.0,1932,1960,1914,1959,81050,104278
2016/01/06 00:00:00.0,1959,1961,1931,1936,72276,109106
2016/01/07 00:00:00.0,1925,1946,1903,1925,70268,105818
2016/01/08 00:00:00.0,1911,1921,1878,1883,93284,105590
2016/01/11 00:00:00.0,1882,1891,1867,1878,73722,109464
2016/01/12 00:00:00.0,1876,1882,1855,1858,62040,116886
2016/01/13 00:00:00.0,1858,1875,1851,1858,53008,117910
2016/01/14 00:00:00.0,1857,1888,1853,1882,75426,130722
2016/01/15 00:00:00.0,1880,1911,1876,1899,102274,133178
2016/01/18 00:00:00.0,1896,1947,1889,1937,135902,137082
2016/01/19 00:00:00.0,1943,1955,1933,1949,79446,144656
2016/01/20 00:00:00.0,1950,1952,1921,1929,81380,146196
2016/01/21 00:00:00.0,1932,1936,1917,1923,59004,151526
2016/01/22 00:00:00.0,1923,1960,1922,1934,93716,160914
2016/01/25 00:00:00.0,1938,1957,1930,1938,74828,163978
2016/01/26 00:00:00.0,1941,1947,1931,1945,49412,165062
2016/01/27 00:00:00.0,1949,1965,1935,1945,77814,179128
2016/01/28 00:00:00.0,1946,1946,1895,1898,141092,189608
2016/01/29 00:00:00.0,1896,1918,1891,1909,86274,186546
2016/02/01 00:00:00.0,1910,1944,1910,1923,92102,193058
2016/02/02 00:00:00.0,1926,1933,1912,1918,72226,196306
2016/02/03 00:00:00.0,1919,1934,1911,1923,73842,200496
2016/02/04 00:00:00.0,1924,1965,1924,1964,82898,202622
2016/02/05 00:00:00.0,1962,1971,1927,1944,52752,201996
2016/02/15 00:00:00.0,1946,1971,1932,1956,40090,208722
2016/02/16 00:00:00.0,1955,1986,1955,1969,70668,219464
2016/02/17 00:00:00.0,1965,1975,1955,1961,54344,220398
2016/02/18 00:00:00.0,1964,1978,1957,1975,53668,223886
2016/02/19 00:00:00.0,1976,1998,1970,1992,84944,225574
2016/02/22 00:00:00.0,1991,2082,1989,2082,184112,226502
2016/02/23 00:00:00.0,2079,2099,2046,2057,191164,228078
2016/02/24 00:00:00.0,2058,2063,2039,2062,112608,234294
2016/02/25 00:00:00.0,2062,2081,2045,2052,127622,231608
2016/02/26 00:00:00.0,2060,2068,2028,2058,123052,229958
2016/02/29 00:00:00.0,2055,2088,2043,2088,157916,232574
2016/03/01 00:00:00.0,2088,2126,2077,2108,161188,236700
2016/03/02 00:00:00.0,2113,2122,2086,2109,140672,241948
2016/03/03 00:00:00.0,2112,2139,2109,2126,169588,210814
2016/03/04 00:00:00.0,2121,2173,2118,2172,228530,211370
2016/03/07 00:00:00.0,2169,2254,2169,2254,114740,198982
2016/03/08 00:00:00.0,2387,2388,2245,2387,345300,161320
2016/03/09 00:00:00.0,2367,2370,2174,2216,468056,164716
2016/03/10 00:00:00.0,2226,2345,2217,2265,484824,183554
2016/03/11 00:00:00.0,2263,2282,2223,2226,224552,176758
2016/03/14 00:00:00.0,2187,2296,2179,2190,253916,173658
2016/03/15 00:00:00.0,2186,2206,2139,2153,272596,192002
2016/03/16 00:00:00.0,2152,2177,2145,2174,163560,196490
2016/03/17 00:00:00.0,2181,2256,2176,2251,279168,180928
2016/03/18 00:00:00.0,2251,2330,2251,2307,352868,181394
2016/03/21 00:00:00.0,2313,2393,2272,2343,365536,188278
2016/03/22 00:00:00.0,2345,2369,2334,2342,190994,188882
2016/03/23 00:00:00.0,2338,2411,2325,2383,273234,190136
2016/03/24 00:00:00.0,2385,2393,2290,2307,354404,181042
2016/03/25 00:00:00.0,2307,2383,2303,2383,275062,180410
2016/03/28 00:00:00.0,2384,2412,2313,2317,327776,176476
2016/03/29 00:00:00.0,2328,2359,2319,2343,279236,177880
2016/03/30 00:00:00.0,2339,2351,2295,2307,270452,172302
2016/03/31 00:00:00.0,2310,2345,2304,2345,209708,173318
2016/04/01 00:00:00.0,2344,2445,2344,2435,359954,179722
2016/04/05 00:00:00.0,2440,2483,2405,2474,296304,194206
2016/04/06 00:00:00.0,2471,2504,2441,2450,385778,187780
2016/04/07 00:00:00.0,2449,2499,2443,2485,268702,200156
2016/04/08 00:00:00.0,2475,2520,2471,2507,454456,229570
2016/04/11 00:00:00.0,2515,2629,2515,2591,526132,209908
2016/04/12 00:00:00.0,2590,2631,2568,2630,472728,217384
2016/04/13 00:00:00.0,2625,2656,2560,2585,807062,190038
2016/04/14 00:00:00.0,2585,2594,2527,2541,437386,170380
2016/04/15 00:00:00.0,2547,2550,2504,2506,416548,166202
2016/04/18 00:00:00.0,2506,2635,2490,2610,484796,180692
2016/04/19 00:00:00.0,2631,2717,2617,2716,702082,240504
2016/04/20 00:00:00.0,2752,2881,2748,2862,1173180,214178
2016/04/21 00:00:00.0,2866,2992,2835,2985,1310858,183954
2016/04/22 00:00:00.0,2971,2971,2830,2845,929594,157548
2016/04/25 00:00:00.0,2831,2988,2809,2856,564266,146370
2016/04/26 00:00:00.0,2857,2857,2702,2703,479066,159930
2016/04/27 00:00:00.0,2715,2725,2607,2647,631176,168754
2016/04/28 00:00:00.0,2647,2712,2615,2705,527770,164834
2016/04/29 00:00:00.0,2702,2774,2702,2748,464270,167820
2016/05/03 00:00:00.0,2728,2728,2585,2588,347652,184384
2016/05/04 00:00:00.0,2579,2593,2518,2533,400372,201798
2016/05/05 00:00:00.0,2545,2568,2460,2467,348956,199904
2016/05/06 00:00:00.0,2464,2503,2424,2501,322228,192566
2016/05/09 00:00:00.0,2503,2523,2316,2316,392990,186036
2016/05/10 00:00:00.0,2265,2328,2242,2308,420866,184490
2016/05/11 00:00:00.0,2310,2339,2272,2314,354112,191954
2016/05/12 00:00:00.0,2324,2325,2249,2249,247002,202432
2016/05/13 00:00:00.0,2236,2252,2170,2208,352088,219350
2016/05/16 00:00:00.0,2210,2288,2185,2255,418432,226386
2016/05/17 00:00:00.0,2241,2311,2222,2306,316578,222208
2016/05/18 00:00:00.0,2307,2317,2203,2240,410634,210472
2016/05/19 00:00:00.0,2237,2258,2205,2227,256610,214274
2016/05/20 00:00:00.0,2223,2261,2200,2252,245756,226462
2016/05/23 00:00:00.0,2252,2265,2104,2120,351896,238954
2016/05/24 00:00:00.0,2121,2162,2097,2149,266932,246560
2016/05/25 00:00:00.0,2160,2170,2096,2101,245012,254166
2016/05/26 00:00:00.0,2098,2152,2089,2150,270284,265490
2016/05/27 00:00:00.0,2157,2256,2138,2256,628484,322254
2016/05/30 00:00:00.0,2261,2280,2105,2228,711460,341622
2016/05/31 00:00:00.0,2237,2253,2193,2197,339776,343480
2016/06/01 00:00:00.0,2198,2198,2143,2164,416792,350594
2016/06/02 00:00:00.0,2156,2191,2148,2151,388594,372050
2016/06/03 00:00:00.0,2149,2197,2147,2173,282426,369254
2016/06/06 00:00:00.0,2182,2272,2168,2253,414690,357312
2016/06/07 00:00:00.0,2268,2302,2243,2281,314230,347832
2016/06/08 00:00:00.0,2270,2321,2235,2296,411754,352502
2016/06/13 00:00:00.0,2293,2375,2276,2333,288794,333102
2016/06/14 00:00:00.0,2334,2354,2252,2253,359858,319480
2016/06/15 00:00:00.0,2242,2282,2225,2248,273764,323548
2016/06/16 00:00:00.0,2260,2309,2247,2249,324374,317782
2016/06/17 00:00:00.0,2239,2261,2195,2257,316524,318082
2016/06/20 00:00:00.0,2250,2278,2223,2233,250980,320082
2016/06/21 00:00:00.0,2234,2293,2218,2256,288262,310470
2016/06/22 00:00:00.0,2250,2317,2246,2308,317796,302138
2016/06/23 00:00:00.0,2303,2324,2289,2302,202530,297340
2016/06/24 00:00:00.0,2312,2341,2258,2292,310106,300558
2016/06/27 00:00:00.0,2296,2442,2287,2441,417892,317874
2016/06/28 00:00:00.0,2452,2461,2398,2435,262350,301502
2016/06/29 00:00:00.0,2441,2457,2394,2403,270548,302502
2016/06/30 00:00:00.0,2395,2504,2395,2496,353210,307332
2016/07/01 00:00:00.0,2498,2532,2455,2503,270212,305514
2016/07/04 00:00:00.0,2496,2604,2496,2561,386386,295920
2016/07/05 00:00:00.0,2584,2592,2432,2527,384688,274948
2016/07/06 00:00:00.0,2525,2552,2449,2513,352850,265858
2016/07/07 00:00:00.0,2499,2628,2487,2551,633886,284466
2016/07/08 00:00:00.0,2555,2591,2506,2588,446322,272998
2016/07/11 00:00:00.0,2625,2641,2510,2582,332826,273124
2016/07/12 00:00:00.0,2588,2703,2568,2691,400204,285082
2016/07/13 00:00:00.0,2693,2735,2649,2656,332008,270066
2016/07/14 00:00:00.0,2661,2681,2606,2652,287194,263236
2016/07/15 00:00:00.0,2652,2691,2616,2655,277232,260826
2016/07/18 00:00:00.0,2662,2666,2489,2489,388436,264900
2016/07/19 00:00:00.0,2465,2485,2391,2424,368136,258162
2016/07/20 00:00:00.0,2428,2479,2422,2457,266546,255212
2016/07/21 00:00:00.0,2450,2592,2428,2564,521218,242186
2016/07/22 00:00:00.0,2573,2573,2478,2488,384464,244512
2016/07/25 00:00:00.0,2481,2576,2462,2548,473956,254990
2016/07/26 00:00:00.0,2540,2595,2517,2594,366378,279250
2016/07/27 00:00:00.0,2597,2661,2569,2616,632512,290712
2016/07/28 00:00:00.0,2623,2675,2608,2667,492898,291130
2016/07/29 00:00:00.0,2663,2673,2570,2592,356656,284130
2016/08/01 00:00:00.0,2598,2710,2566,2692,444442,295400
2016/08/02 00:00:00.0,2699,2700,2657,2681,285736,293660
2016/08/03 00:00:00.0,2680,2691,2636,2665,294730,294902
2016/08/04 00:00:00.0,2663,2677,2581,2617,380516,286802
2016/08/05 00:00:00.0,2615,2708,2613,2701,308806,286880
2016/08/08 00:00:00.0,2701,2789,2681,2775,419664,297048
2016/08/09 00:00:00.0,2768,2796,2703,2740,313042,287724
2016/08/10 00:00:00.0,2738,2785,2714,2741,274116,289136
2016/08/11 00:00:00.0,2743,2757,2686,2743,330424,284132
2016/08/12 00:00:00.0,2742,2748,2708,2730,191298,283042
2016/08/15 00:00:00.0,2712,2728,2658,2706,328892,274754
2016/08/16 00:00:00.0,2706,2837,2703,2793,381102,307504
2016/08/17 00:00:00.0,2808,2829,2763,2765,284774,325930
2016/08/18 00:00:00.0,2760,2809,2744,2774,309322,319274
2016/08/19 00:00:00.0,2783,2784,2724,2773,289278,316130
2016/08/22 00:00:00.0,2779,2806,2761,2765,299934,328528
2016/08/23 00:00:00.0,2779,2847,2753,2826,382578,370848
2016/08/24 00:00:00.0,2830,2836,2806,2816,213116,371004
2016/08/25 00:00:00.0,2827,2863,2732,2807,432206,357114
2016/08/26 00:00:00.0,2789,2820,2759,2761,262122,347578
2016/08/29 00:00:00.0,2757,2788,2701,2780,421262,355246
2016/08/30 00:00:00.0,2779,2797,2725,2726,315312,349974
2016/08/31 00:00:00.0,2716,2761,2672,2675,325692,354550
2016/09/01 00:00:00.0,2667,2697,2644,2681,310540,351122
2016/09/02 00:00:00.0,2680,2741,2667,2692,292748,348146
2016/09/05 00:00:00.0,2697,2735,2691,2694,283228,353278
2016/09/06 00:00:00.0,2692,2715,2656,2668,280280,364704
2016/09/07 00:00:00.0,2668,2675,2587,2595,392964,380796
2016/09/08 00:00:00.0,2597,2638,2591,2616,304612,401622
2016/09/09 00:00:00.0,2621,2632,2586,2620,311018,411576
2016/09/12 00:00:00.0,2625,2631,2554,2564,335788,417840
2016/09/13 00:00:00.0,2563,2600,2541,2553,290210,427882
2016/09/14 00:00:00.0,2565,2586,2540,2567,249454,429964
2016/09/19 00:00:00.0,2524,2571,2520,2554,207822,435626
2016/09/20 00:00:00.0,2556,2577,2530,2558,313076,432574
2016/09/21 00:00:00.0,2557,2570,2528,2539,305216,444010
2016/09/22 00:00:00.0,2540,2608,2536,2573,373614,420298
2016/09/23 00:00:00.0,2585,2610,2571,2609,278994,414424
2016/09/26 00:00:00.0,2614,2647,2605,2622,243262,402806
2016/09/27 00:00:00.0,2625,2625,2552,2575,258808,393170
2016/09/28 00:00:00.0,2578,2591,2558,2588,188704,375636
2016/09/29 00:00:00.0,2589,2639,2567,2569,306974,342724
2016/09/30 00:00:00.0,2580,2584,2536,2545,217322,337940
2016/10/10 00:00:00.0,2568,2581,2514,2569,186244,346992
2016/10/11 00:00:00.0,2575,2668,2575,2668,417026,343164
2016/10/12 00:00:00.0,2667,2717,2654,2703,431256,371252
2016/10/13 00:00:00.0,2706,2717,2664,2689,297822,366274
2016/10/14 00:00:00.0,2683,2736,2677,2712,334764,394868
2016/10/17 00:00:00.0,2706,2744,2694,2731,333310,400016
2016/10/18 00:00:00.0,2729,2734,2686,2720,260488,385590
2016/10/19 00:00:00.0,2720,2818,2720,2746,526694,411016
2016/10/20 00:00:00.0,2735,2805,2735,2795,297174,428184
2016/10/21 00:00:00.0,2804,2815,2741,2781,291162,411308
2016/10/24 00:00:00.0,2781,2801,2742,2796,249960,414602
2016/10/25 00:00:00.0,2799,2894,2797,2874,466896,426388
2016/10/26 00:00:00.0,2883,2904,2820,2844,362216,397614
2016/10/27 00:00:00.0,2847,2879,2808,2838,287078,396794
2016/10/28 00:00:00.0,2841,2908,2831,2898,294626,402512
2016/10/31 00:00:00.0,2900,2976,2870,2958,484854,412608
2016/11/01 00:00:00.0,2958,3064,2922,3024,565508,417728
2016/11/02 00:00:00.0,3036,3111,3032,3049,703068,429182
2016/11/03 00:00:00.0,3061,3101,3038,3098,501864,448520
2016/11/04 00:00:00.0,3108,3134,3078,3102,566842,416586
2016/11/07 00:00:00.0,3123,3293,3071,3260,761850,410534
2016/11/08 00:00:00.0,3264,3290,3143,3195,527746,365592
2016/11/09 00:00:00.0,3219,3388,3183,3365,647564,371118
2016/11/10 00:00:00.0,3358,3490,3287,3329,806830,331404
2016/11/11 00:00:00.0,3332,3475,3307,3460,544668,326498
2016/11/14 00:00:00.0,3461,3573,3273,3326,687210,292334
2016/11/15 00:00:00.0,3330,3382,3197,3197,408462,299190
2016/11/16 00:00:00.0,3172,3207,3082,3182,543204,298264
2016/11/17 00:00:00.0,3182,3211,3114,3192,401638,301610
2016/11/18 00:00:00.0,3195,3226,3126,3153,408858,301874
2016/11/21 00:00:00.0,3160,3179,3056,3121,405834,292070
2016/11/22 00:00:00.0,3117,3311,3117,3310,497548,297762
2016/11/23 00:00:00.0,3316,3423,3305,3396,580026,301972
2016/11/24 00:00:00.0,3385,3470,3309,3381,581036,301242
2016/11/25 00:00:00.0,3382,3599,3358,3543,631132,316236
2016/11/28 00:00:00.0,3549,3639,3486,3614,602976,297430
2016/11/29 00:00:00.0,3596,3632,3381,3384,576768,273724
2016/11/30 00:00:00.0,3389,3401,3268,3268,385736,265860
2016/12/01 00:00:00.0,3279,3567,3279,3539,856862,286114
2016/12/02 00:00:00.0,3544,3570,3413,3511,907242,298910
2016/12/05 00:00:00.0,3521,3627,3450,3588,908900,337732
2016/12/06 00:00:00.0,3606,3674,3576,3644,786796,380464
2016/12/07 00:00:00.0,3638,3849,3638,3754,918372,428326
2016/12/08 00:00:00.0,3755,3800,3658,3764,873684,419200
2016/12/09 00:00:00.0,3770,3796,3599,3742,945798,413422
2016/12/12 00:00:00.0,3757,3901,3700,3777,669854,390926
2016/12/13 00:00:00.0,3784,3843,3751,3828,377600,384916
2016/12/14 00:00:00.0,3839,3839,3686,3730,428788,387450
2016/12/15 00:00:00.0,3737,3811,3667,3794,413808,390898
2016/12/16 00:00:00.0,3783,3783,3687,3687,317266,390276
2016/12/19 00:00:00.0,3680,3706,3566,3571,395302,378672
2016/12/20 00:00:00.0,3565,3613,3529,3588,328434,367624
2016/12/21 00:00:00.0,3596,3635,3526,3599,337446,388354
2016/12/22 00:00:00.0,3601,3606,3423,3428,373370,377578
2016/12/23 00:00:00.0,3418,3474,3363,3393,353128,367494
2016/12/26 00:00:00.0,3394,3424,3229,3307,427804,352522
2016/12/27 00:00:00.0,3310,3407,3270,3398,329936,351592
2016/12/28 00:00:00.0,3404,3485,3369,3412,355806,351610
2016/12/29 00:00:00.0,3414,3431,3328,3359,330338,358526
2016/12/30 00:00:00.0,3355,3398,3291,3311,279732,368430
2017/01/03 00:00:00.0,3315,3405,3292,3304,253832,379416
2017/01/04 00:00:00.0,3312,3391,3269,3373,366556,391048
2017/01/05 00:00:00.0,3373,3423,3340,3362,309892,383490
2017/01/06 00:00:00.0,3364,3381,3261,3277,433526,419100
2017/01/09 00:00:00.0,3279,3465,3255,3450,368372,385192
2017/01/10 00:00:00.0,3448,3563,3417,3562,361074,386356
2017/01/11 00:00:00.0,3565,3594,3503,3569,264278,368044
2017/01/12 00:00:00.0,3547,3656,3543,3591,307278,376348
2017/01/13 00:00:00.0,3594,3625,3531,3565,283804,371952
2017/01/16 00:00:00.0,3565,3773,3549,3719,352542,388428
2017/01/17 00:00:00.0,3726,3754,3572,3626,307108,346058
2017/01/18 00:00:00.0,3634,3705,3594,3619,249860,348118
2017/01/19 00:00:00.0,3609,3631,3501,3548,405416,362998
2017/01/20 00:00:00.0,3528,3585,3449,3450,270170,358994
2017/01/23 00:00:00.0,3429,3501,3418,3459,222948,348282
2017/01/24 00:00:00.0,3444,3628,3444,3582,291596,335026
2017/01/25 00:00:00.0,3608,3608,3525,3596,178348,303442
2017/01/26 00:00:00.0,3597,3671,3588,3657,198700,304162
2017/02/03 00:00:00.0,3653,3653,3357,3380,268664,338290
2017/02/06 00:00:00.0,3348,3407,3338,3381,246646,348584
2017/02/07 00:00:00.0,3386,3480,3374,3465,280856,351754
2017/02/08 00:00:00.0,3456,3539,3426,3529,249856,341698
2017/02/09 00:00:00.0,3508,3570,3481,3485,246172,349514
2017/02/10 00:00:00.0,3476,3679,3460,3616,413370,354656
2017/02/13 00:00:00.0,3633,3729,3619,3725,260314,346830
2017/02/14 00:00:00.0,3729,3742,3664,3723,186150,337506
2017/02/15 00:00:00.0,3720,3734,3646,3671,253640,348314
2017/02/16 00:00:00.0,3664,3780,3623,3648,362900,353170
2017/02/17 00:00:00.0,3648,3747,3648,3732,277752,347078
2017/02/20 00:00:00.0,3746,3786,3700,3752,344608,356038
2017/02/21 00:00:00.0,3764,3833,3750,3769,291860,343694
2017/02/22 00:00:00.0,3767,3780,3639,3671,386178,383984
2017/02/23 00:00:00.0,3659,3699,3572,3599,356480,384104
2017/02/24 00:00:00.0,3611,3631,3462,3581,521370,408820
2017/02/27 00:00:00.0,3584,3739,3566,3712,419944,369490
2017/02/28 00:00:00.0,3716,3716,3533,3536,429636,408462
2017/03/01 00:00:00.0,3538,3626,3536,3580,430474,416648
2017/03/02 00:00:00.0,3586,3610,3541,3564,419770,453576
2017/03/03 00:00:00.0,3570,3571,3439,3556,505836,496066
2017/03/06 00:00:00.0,3555,3566,3417,3449,637784,550658
2017/03/07 00:00:00.0,3435,3482,3422,3455,348814,525092
2017/03/08 00:00:00.0,3456,3464,3384,3394,421336,557990
2017/03/09 00:00:00.0,3395,3398,3299,3341,401954,551820
2017/03/10 00:00:00.0,3330,3422,3330,3380,511600,569144
2017/03/13 00:00:00.0,3385,3525,3341,3518,590828,577354
2017/03/14 00:00:00.0,3519,3527,3440,3473,378000,567882
2017/03/15 00:00:00.0,3461,3588,3445,3544,516384,595880
2017/03/16 00:00:00.0,3549,3570,3470,3533,412370,610820
2017/03/17 00:00:00.0,3528,3548,3467,3492,413700,609580
2017/03/20 00:00:00.0,3490,3556,3462,3474,414844,646064
2017/03/21 00:00:00.0,3464,3477,3381,3391,489806,615582
2017/03/22 00:00:00.0,3381,3387,3262,3275,460732,654448
2017/03/23 00:00:00.0,3281,3322,3255,3258,379466,659250
2017/03/24 00:00:00.0,3249,3315,3216,3273,522970,680422
2017/03/27 00:00:00.0,3265,3268,3095,3160,551826,679532
2017/03/28 00:00:00.0,3171,3207,3132,3145,462814,682034
2017/03/29 00:00:00.0,3147,3267,3147,3251,557294,685118
2017/03/30 00:00:00.0,3241,3268,3214,3232,464710,671792
2017/03/31 00:00:00.0,3228,3290,3182,3210,619012,706886
2017/04/05 00:00:00.0,3238,3297,3207,3213,598488,756176
2017/04/06 00:00:00.0,3220,3243,3169,3196,754208,747740
2017/04/07 00:00:00.0,3184,3185,3073,3120,756004,695080
2017/04/10 00:00:00.0,3114,3146,3090,3104,592624,679856
2017/04/11 00:00:00.0,3084,3105,3047,3061,528964,677486
2017/04/12 00:00:00.0,3053,3060,2928,2935,690996,734264
2017/04/13 00:00:00.0,2936,3006,2917,2969,663890,730928
2017/04/14 00:00:00.0,2974,3057,2974,3000,663908,710692
2017/04/17 00:00:00.0,3003,3055,2949,2991,537026,688490
2017/04/18 00:00:00.0,2986,2997,2887,2895,500678,679672
2017/04/19 00:00:00.0,2896,2939,2887,2905,453614,677736
2017/04/20 00:00:00.0,2908,2960,2816,2939,790310,681738
2017/04/21 00:00:00.0,2943,3002,2910,2967,662576,685854
2017/04/24 00:00:00.0,2967,2972,2891,2960,579446,678984
2017/04/25 00:00:00.0,2957,3014,2938,2995,650326,694708
2017/04/26 00:00:00.0,2988,3087,2977,3024,604664,664138
2017/04/27 00:00:00.0,3021,3063,3004,3063,444664,656854
2017/04/28 00:00:00.0,3063,3149,3063,3148,662024,661602
2017/05/02 00:00:00.0,3172,3192,3118,3141,471088,683782
2017/05/03 00:00:00.0,3147,3149,3080,3111,659132,715988
2017/05/04 00:00:00.0,3088,3095,2890,2890,1017452,728608
2017/05/05 00:00:00.0,2904,2914,2844,2886,757842,723534
2017/05/08 00:00:00.0,2903,2981,2880,2929,949964,736724
2017/05/09 00:00:00.0,2923,2933,2860,2893,758130,760438
2017/05/10 00:00:00.0,2892,2950,2884,2928,873502,721900
2017/05/11 00:00:00.0,2933,2966,2854,2950,1140196,675608
2017/05/12 00:00:00.0,2950,2954,2839,2840,913408,732244
2017/05/15 00:00:00.0,2851,2953,2843,2916,807998,679132
2017/05/16 00:00:00.0,2923,2928,2874,2913,573636,669004
2017/05/17 00:00:00.0,2913,3046,2913,3033,1012732,690930
2017/05/18 00:00:00.0,3040,3060,2994,3044,659840,676200
2017/05/19 00:00:00.0,3014,3124,2987,3113,864910,666708
2017/05/22 00:00:00.0,3131,3225,3106,3166,882674,663542
2017/05/23 00:00:00.0,3170,3183,3130,3149,532036,667340
2017/05/24 00:00:00.0,3148,3195,3071,3124,998850,684336
2017/05/25 00:00:00.0,3151,3206,3114,3128,983030,718124
2017/05/26 00:00:00.0,3130,3147,3048,3111,883376,696392
2017/05/31 00:00:00.0,3129,3180,3028,3032,792944,712830
2017/06/01 00:00:00.0,3035,3052,2976,3016,767044,714202
2017/06/02 00:00:00.0,3020,3044,2977,3006,873972,716104
2017/06/05 00:00:00.0,2998,3018,2920,2930,838942,695392
2017/06/06 00:00:00.0,2925,2955,2901,2932,597346,660332
2017/06/07 00:00:00.0,2938,2966,2926,2950,417842,665312
2017/06/08 00:00:00.0,2951,3009,2915,2967,636604,652396
2017/06/09 00:00:00.0,2969,3071,2962,3065,845074,670216
2017/06/12 00:00:00.0,3067,3136,3054,3092,979420,666390
2017/06/13 00:00:00.0,3096,3108,2996,2996,755362,624528
2017/06/14 00:00:00.0,2991,3111,2963,3109,1106580,644056
2017/06/15 00:00:00.0,3112,3187,3056,3174,1415316,703176
2017/06/16 00:00:00.0,3168,3226,3138,3154,1224044,695872
2017/06/19 00:00:00.0,3159,3261,3148,3224,1175712,696846
2017/06/20 00:00:00.0,3227,3243,3193,3216,1046970,765726
2017/06/21 00:00:00.0,3208,3215,3153,3185,1063948,739932
2017/06/22 00:00:00.0,3193,3256,3173,3182,1229808,747314
2017/06/23 00:00:00.0,3191,3230,3170,3226,1110478,756068
2017/06/26 00:00:00.0,3228,3291,3205,3275,1105556,814142
2017/06/27 00:00:00.0,3275,3342,3258,3336,979466,835888
2017/06/28 00:00:00.0,3339,3397,3336,3376,928774,862266
2017/06/29 00:00:00.0,3381,3415,3342,3364,1323478,849024
2017/06/30 00:00:00.0,3355,3381,3327,3369,1073444,785392
2017/07/03 00:00:00.0,3346,3452,3346,3445,1152516,818982
2017/07/04 00:00:00.0,3435,3461,3361,3375,986374,742984
2017/07/05 00:00:00.0,3379,3466,3377,3414,917680,752232
2017/07/06 00:00:00.0,3400,3407,3314,3395,1160572,736208
2017/07/07 00:00:00.0,3393,3436,3348,3425,994060,746852
2017/07/10 00:00:00.0,3417,3471,3407,3434,884086,762694
2017/07/11 00:00:00.0,3432,3585,3421,3550,869680,795716
2017/07/12 00:00:00.0,3540,3606,3540,3569,718292,772808
2017/07/13 00:00:00.0,3575,3664,3558,3661,841308,810354
2017/07/14 00:00:00.0,3651,3656,3540,3574,1013614,762298
2017/07/17 00:00:00.0,3569,3702,3568,3675,1020292,813262
2017/07/18 00:00:00.0,3669,3686,3620,3633,822878,789248
2017/07/19 00:00:00.0,3653,3719,3639,3707,838322,811434
2017/07/20 00:00:00.0,3705,3706,3578,3590,1344650,734010
2017/07/21 00:00:00.0,3599,3623,3540,3600,864512,715914
2017/07/24 00:00:00.0,3607,3621,3512,3559,886372,686678
2017/07/25 00:00:00.0,3566,3619,3544,3604,736788,666822
2017/07/26 00:00:00.0,3609,3692,3591,3617,876266,657976
2017/07/27 00:00:00.0,3608,3640,3552,3633,882734,646162
2017/07/28 00:00:00.0,3634,3675,3597,3627,877288,655636
2017/07/31 00:00:00.0,3635,3782,3625,3770,1140074,737294
2017/08/01 00:00:00.0,3766,3794,3726,3734,585788,731098
2017/08/02 00:00:00.0,3746,3786,3713,3763,631286,759626
2017/08/03 00:00:00.0,3762,3824,3750,3792,927660,800506
2017/08/04 00:00:00.0,3795,3893,3779,3878,830776,873012
2017/08/07 00:00:00.0,3874,4069,3853,4008,1130682,858268
2017/08/08 00:00:00.0,4008,4071,3936,3969,863696,802578
2017/08/09 00:00:00.0,3979,4083,3937,4080,1023118,838092
2017/08/10 00:00:00.0,4067,4122,4007,4045,991632,830916
2017/08/11 00:00:00.0,4027,4090,3938,3962,1137238,784804
2017/08/14 00:00:00.0,3964,3996,3889,3904,1156974,766738
2017/08/15 00:00:00.0,3892,3909,3805,3865,1393216,746128
2017/08/16 00:00:00.0,3861,3897,3835,3847,1250990,771812
2017/08/17 00:00:00.0,3860,4002,3860,3959,1994922,781880
2017/08/18 00:00:00.0,3948,4048,3935,4033,1531310,811706
2017/08/21 00:00:00.0,4023,4118,3960,4082,1679720,810386
2017/08/22 00:00:00.0,4069,4099,4010,4058,1343428,786870
2017/08/23 00:00:00.0,4050,4050,3817,3881,2222822,782718
2017/08/24 00:00:00.0,3879,3990,3855,3974,1890240,744262
2017/08/25 00:00:00.0,3961,4150,3954,4059,1428396,914828
2017/08/28 00:00:00.0,4055,4112,3951,4088,1071540,863130
2017/08/29 00:00:00.0,4090,4122,4013,4059,1225828,1002360
2017/08/30 00:00:00.0,4065,4096,3992,4073,970654,982544
2017/08/31 00:00:00.0,4055,4078,3949,4075,1305372,999828
2017/09/01 00:00:00.0,4061,4254,4050,4252,1295544,1093768
2017/09/04 00:00:00.0,4255,4381,4246,4283,1463708,1151472
2017/09/05 00:00:00.0,4281,4359,4274,4334,1099408,1204164
2017/09/06 00:00:00.0,4336,4380,4214,4220,1349212,1160696
2017/09/07 00:00:00.0,4232,4266,4192,4215,1097620,1104490
2017/09/08 00:00:00.0,4209,4292,4127,4148,1374996,1131350
2017/09/11 00:00:00.0,4147,4176,4073,4158,929970,1029850
2017/09/12 00:00:00.0,4157,4194,4085,4172,1035300,1095454
2017/09/13 00:00:00.0,4176,4215,4096,4116,973076,1046098
2017/09/14 00:00:00.0,4123,4168,4050,4075,1353184,1159330
2017/09/15 00:00:00.0,4076,4104,4030,4061,998380,1116538
2017/09/18 00:00:00.0,4070,4086,3983,4042,1012824,1103604
2017/09/19 00:00:00.0,4035,4074,3975,3977,761820,1057918
2017/09/20 00:00:00.0,3977,4022,3923,3988,872396,1054478
2017/09/21 00:00:00.0,3998,4042,3881,3886,1154722,1100520
2017/09/22 00:00:00.0,3894,3894,3735,3760,921318,1041596
2017/09/25 00:00:00.0,3779,3831,3751,3812,811820,1021936
2017/09/26 00:00:00.0,3813,3862,3801,3838,663194,1004366
2017/09/27 00:00:00.0,3843,3920,3835,3909,913086,1044824
2017/09/28 00:00:00.0,3918,3962,3813,3870,1109212,1031224
2017/09/29 00:00:00.0,3874,3968,3779,3968,1020964,1000764
2017/10/09 00:00:00.0,4016,4086,3955,3991,725106,1024126
2017/10/10 00:00:00.0,3986,3990,3838,3838,1142236,1070636
2017/10/11 00:00:00.0,3841,3885,3796,3802,911280,1037592
2017/10/12 00:00:00.0,3809,4012,3787,3988,1468512,1211958
2017/10/13 00:00:00.0,3985,4112,3959,4112,1252398,1217778
2017/10/16 00:00:00.0,4130,4219,4111,4155,1273944,1264042
2017/10/17 00:00:00.0,4155,4164,4008,4035,1466614,1179748
2017/10/18 00:00:00.0,4040,4078,3996,4019,980902,1129014
2017/10/19 00:00:00.0,4020,4022,3875,3899,1366338,1162508
2017/10/20 00:00:00.0,3900,4095,3871,4094,1391562,1123406
2017/10/23 00:00:00.0,4091,4093,3937,4024,1462382,1133024
2017/10/24 00:00:00.0,4014,4092,3984,4058,1178944,1146410
2017/10/25 00:00:00.0,4067,4124,3992,4029,1261432,1162912
2017/10/26 00:00:00.0,4008,4019,3911,3923,1492256,1197650
2017/10/27 00:00:00.0,3921,3926,3800,3814,1571704,1269444
2017/10/30 00:00:00.0,3814,3855,3787,3808,1047520,1205052
2017/10/31 00:00:00.0,3807,3909,3796,3862,1402894,1191330
2017/11/01 00:00:00.0,3864,3868,3760,3761,1669798,1209946
2017/11/02 00:00:00.0,3767,3848,3733,3809,1742136,1226304
2017/11/03 00:00:00.0,3808,3873,3787,3798,1214332,1156006
2017/11/06 00:00:00.0,3802,3950,3795,3940,1281900,1126816
2017/11/07 00:00:00.0,3943,3963,3882,3902,879178,1063714
2017/11/08 00:00:00.0,3896,3924,3848,3903,999548,1081016
2017/11/09 00:00:00.0,3911,3981,3879,3910,1273356,1098848
2017/11/10 00:00:00.0,3913,3985,3886,3977,1183760,1092390
2017/11/13 00:00:00.0,3982,4026,3951,4008,1147226,1116746
2017/11/14 00:00:00.0,4001,4044,3973,4018,830442,1083040
2017/11/15 00:00:00.0,4017,4048,3912,3954,1030976,1054140
2017/11/16 00:00:00.0,3963,3973,3920,3938,812244,1038414
2017/11/17 00:00:00.0,3944,3953,3856,3859,1019836,1068266
2017/11/20 00:00:00.0,3860,3916,3856,3914,857812,984824
2017/11/21 00:00:00.0,3912,3968,3897,3946,848146,932522
2017/11/22 00:00:00.0,3945,3987,3922,3973,830258,945608
2017/11/23 00:00:00.0,3979,3995,3898,3920,1043196,923992
2017/11/24 00:00:00.0,3922,3923,3853,3913,1024892,874040
2017/11/27 00:00:00.0,3916,3974,3881,3901,1180528,866880
2017/11/28 00:00:00.0,3902,3984,3902,3972,1139690,880574
2017/11/29 00:00:00.0,3976,4024,3932,4010,1139756,922654
2017/11/30 00:00:00.0,4020,4079,3993,4002,1200906,941558
2017/12/01 00:00:00.0,4007,4043,3976,4015,980676,903798
2017/12/04 00:00:00.0,4015,4132,3989,4102,1139670,951970
2017/12/05 00:00:00.0,4102,4131,4057,4080,804542,935652
2017/12/06 00:00:00.0,4080,4080,3948,3968,984906,882646
2017/12/07 00:00:00.0,3971,3986,3804,3868,1096554,830310
2017/12/08 00:00:00.0,3872,3974,3863,3959,844468,776100
2017/12/11 00:00:00.0,3974,4015,3925,3955,933844,781362
2017/12/12 00:00:00.0,3955,4019,3924,3944,797840,785608
2017/12/13 00:00:00.0,3956,3956,3879,3902,850788,762276
2017/12/14 00:00:00.0,3920,3953,3881,3899,872506,770914
2017/12/15 00:00:00.0,3897,3962,3891,3950,884070,768154
2017/12/18 00:00:00.0,3953,4014,3895,3962,1156448,744142
2017/12/19 00:00:00.0,3959,3964,3849,3855,1081848,789768
2017/12/20 00:00:00.0,3859,3897,3835,3862,772962,766276
2017/12/21 00:00:00.0,3875,3936,3858,3897,958466,742640
2017/12/22 00:00:00.0,3896,3986,3888,3977,850316,756732
2017/12/25 00:00:00.0,3985,3986,3839,3842,807662,702794
2017/12/26 00:00:00.0,3849,3888,3832,3878,586636,714516
2017/12/27 00:00:00.0,3876,3904,3851,3863,718168,714010
2017/12/28 00:00:00.0,3859,3874,3823,3853,656020,724054
2017/12/29 00:00:00.0,3839,3899,3831,3849,814764,721918
2018/01/02 00:00:00.0,3865,3938,3845,3924,599588,719838
2018/01/03 00:00:00.0,3929,3931,3861,3864,522802,713986
2018/01/04 00:00:00.0,3858,3896,3846,3875,600978,725930
2018/01/05 00:00:00.0,3876,3876,3792,3841,904882,787780
2018/01/08 00:00:00.0,3838,3862,3771,3862,799870,789608
2018/01/09 00:00:00.0,3857,3890,3850,3859,622350,754178
2018/01/10 00:00:00.0,3858,3903,3829,3877,724258,748146
2018/01/11 00:00:00.0,3885,3905,3856,3872,535248,722914
2018/01/12 00:00:00.0,3875,3884,3813,3830,530134,736458
2018/01/15 00:00:00.0,3820,3847,3791,3836,456360,730308
2018/01/16 00:00:00.0,3828,3870,3812,3814,621052,714338
2018/01/17 00:00:00.0,3813,3856,3804,3834,660212,716056
2018/01/18 00:00:00.0,3829,3863,3820,3852,556618,734546
2018/01/19 00:00:00.0,3854,3917,3810,3913,973972,747130
2018/01/22 00:00:00.0,3914,3936,3876,3890,643566,766418
2018/01/23 00:00:00.0,3894,3912,3863,3895,669186,741272
2018/01/24 00:00:00.0,3895,3935,3875,3931,530742,770048
2018/01/25 00:00:00.0,3928,3999,3912,3964,739362,758112
2018/01/26 00:00:00.0,3962,3978,3927,3952,465908,736230
2018/01/29 00:00:00.0,3952,3967,3931,3954,322252,735974
2018/01/30 00:00:00.0,3960,3960,3904,3929,450966,706326
2018/01/31 00:00:00.0,3934,3983,3898,3923,445850,684068
2018/02/01 00:00:00.0,3930,3987,3924,3959,693908,720828
2018/02/02 00:00:00.0,3952,4029,3944,4020,866770,819948
2018/02/05 00:00:00.0,4020,4032,3980,4016,564980,786968
2018/02/06 00:00:00.0,4018,4037,3982,3997,558810,735932
2018/02/07 00:00:00.0,4004,4014,3970,3999,453450,705684
2018/02/08 00:00:00.0,3994,4028,3988,4015,483744,719416
2018/02/09 00:00:00.0,4019,4030,3937,3946,637640,687070
2018/02/12 00:00:00.0,3945,3972,3933,3960,338316,660274
2018/02/13 00:00:00.0,3951,3995,3946,3972,308498,630210
2018/02/14 00:00:00.0,3964,3989,3956,3971,263058,609402
2018/02/22 00:00:00.0,3966,3987,3894,3914,366408,629160
2018/02/23 00:00:00.0,3905,3970,3877,3960,719914,656914
2018/02/26 00:00:00.0,3968,4069,3958,4066,629108,675972
2018/02/27 00:00:00.0,4070,4086,4025,4083,477854,702300
2018/02/28 00:00:00.0,4074,4088,4056,4071,457586,706852
2018/03/01 00:00:00.0,4062,4107,4062,4078,449078,719556
2018/03/02 00:00:00.0,4066,4088,4056,4065,185174,725572
2018/03/05 00:00:00.0,4096,4098,4019,4028,653760,669656
2018/03/06 00:00:00.0,4027,4042,3998,4024,493650,642180
2018/03/07 00:00:00.0,4020,4029,3929,3930,698476,651316
2018/03/08 00:00:00.0,3930,3953,3863,3865,629912,643480
2018/03/09 00:00:00.0,3857,3872,3741,3782,930096,625786
2018/03/12 00:00:00.0,3815,3826,3762,3793,643256,592358
2018/03/13 00:00:00.0,3798,3822,3763,3780,533552,603020
2018/03/14 00:00:00.0,3789,3838,3744,3820,675942,591500
2018/03/15 00:00:00.0,3829,3843,3798,3824,470804,580582
2018/03/16 00:00:00.0,3822,3861,3798,3837,656724,610506
2018/03/19 00:00:00.0,3838,3848,3743,3771,867086,604084
2018/03/20 00:00:00.0,3760,3797,3730,3761,780126,617458
2018/03/21 00:00:00.0,3760,3793,3678,3685,1036668,683442
2018/03/22 00:00:00.0,3685,3715,3659,3691,818724,667396
2018/03/23 00:00:00.0,3685,3685,3453,3479,1440638,653778
2018/03/26 00:00:00.0,3479,3517,3422,3440,928264,630636
2018/03/27 00:00:00.0,3439,3542,3431,3503,920662,635774
2018/03/28 00:00:00.0,3510,3548,3460,3493,1009704,625316
2018/03/29 00:00:00.0,3496,3547,3475,3538,772322,626470
2018/03/30 00:00:00.0,3544,3639,3521,3637,803930,600882
2018/04/02 00:00:00.0,3627,3690,3585,3599,748222,572276
2018/04/03 00:00:00.0,3596,3640,3550,3573,852022,563868
2018/04/04 00:00:00.0,3573,3598,3540,3554,673170,550362
2018/04/09 00:00:00.0,3541,3630,3537,3626,688202,566112
2018/04/10 00:00:00.0,3629,3634,3600,3628,188396,566916
2018/04/11 00:00:00.0,3635,3639,3551,3561,794564,579594
2018/04/12 00:00:00.0,3564,3604,3543,3584,776588,571386
2018/04/13 00:00:00.0,3586,3626,3547,3618,745156,551796
2018/04/16 00:00:00.0,3619,3634,3521,3533,736794,567660
2018/04/17 00:00:00.0,3538,3610,3529,3571,776216,517374
2018/04/18 00:00:00.0,3608,3671,3592,3632,880394,517736
2018/04/19 00:00:00.0,3651,3688,3630,3667,783566,528832
2018/04/20 00:00:00.0,3660,3669,3619,3632,624272,550926
2018/04/23 00:00:00.0,3633,3725,3633,3717,733882,573932
2018/04/24 00:00:00.0,3698,3741,3698,3706,694260,589232
2018/04/25 00:00:00.0,3715,3731,3681,3704,574900,578294
2018/04/26 00:00:00.0,3715,3744,3664,3688,631790,577468
2018/04/27 00:00:00.0,3685,3720,3667,3704,582952,544690
2018/05/02 00:00:00.0,3723,3806,3723,3801,550384,590474
2018/05/03 00:00:00.0,3803,3806,3724,3737,616902,634770
2018/05/04 00:00:00.0,3752,3755,3714,3737,476050,633156
2018/05/07 00:00:00.0,3730,3774,3707,3745,654512,630926
2018/05/08 00:00:00.0,3754,3762,3726,3733,404826,623358
2018/05/09 00:00:00.0,3723,3725,3664,3673,643148,641560
2018/05/10 00:00:00.0,3682,3714,3666,3712,604174,624480
2018/05/11 00:00:00.0,3717,3779,3717,3763,578552,633818
2018/05/14 00:00:00.0,3772,3782,3744,3766,415332,601500
2018/05/15 00:00:00.0,3772,3812,3744,3792,748668,600318
2018/05/16 00:00:00.0,3783,3842,3770,3804,785690,616720
2018/05/17 00:00:00.0,3805,3845,3786,3839,641124,692420
2018/05/18 00:00:00.0,3848,3862,3786,3794,676464,655270
2018/05/21 00:00:00.0,3796,3828,3737,3749,748014,651484
2018/05/22 00:00:00.0,3754,3787,3738,3755,541478,666442
2018/05/23 00:00:00.0,3754,3757,3673,3701,680106,667106
2018/05/24 00:00:00.0,3695,3764,3687,3764,608974,714444
2018/05/25 00:00:00.0,3775,3820,3735,3755,955022,722550
2018/05/28 00:00:00.0,3745,3821,3742,3777,738014,741924
2018/05/29 00:00:00.0,3775,3862,3768,3844,775438,809806
2018/05/30 00:00:00.0,3844,3886,3826,3860,737486,856466
2018/05/31 00:00:00.0,3855,3910,3844,3889,691792,882656
2018/06/01 00:00:00.0,3881,3951,3876,3890,741402,868046
2018/06/04 00:00:00.0,3892,3918,3842,3858,718088,852482
2018/06/05 00:00:00.0,3849,3902,3828,3901,721324,844952
2018/06/06 00:00:00.0,3912,3931,3878,3910,683442,819522
2018/06/07 00:00:00.0,3911,3989,3906,3934,784362,811100
2018/06/08 00:00:00.0,3940,3949,3908,3928,479834,801698
2018/06/11 00:00:00.0,3932,3948,3886,3927,548346,817240
2018/06/12 00:00:00.0,3926,3966,3896,3966,623504,809590
2018/06/13 00:00:00.0,3975,3999,3942,3956,640064,784530
2018/06/14 00:00:00.0,3959,3978,3945,3972,607204,801960
2018/06/15 00:00:00.0,3966,3987,3933,3961,538802,814414
2018/06/19 00:00:00.0,3926,3929,3814,3838,794902,779910
2018/06/20 00:00:00.0,3835,3904,3826,3900,554862,774784
2018/06/21 00:00:00.0,3895,3923,3859,3863,633514,764510
2018/06/22 00:00:00.0,3862,3874,3839,3858,520300,761800
2018/06/25 00:00:00.0,3878,3878,3821,3835,594372,751648
2018/06/26 00:00:00.0,3834,3834,3767,3787,650828,725816
2018/06/27 00:00:00.0,3786,3839,3781,3813,582154,753448
2018/06/28 00:00:00.0,3812,3870,3812,3856,607372,715720
2018/06/29 00:00:00.0,3851,3911,3851,3907,497712,685658
2018/07/02 00:00:00.0,3904,3906,3830,3840,598004,676072
2018/07/03 00:00:00.0,3837,3850,3810,3845,451896,662468
2018/07/04 00:00:00.0,3847,3895,3838,3866,478360,671236
2018/07/05 00:00:00.0,3875,3884,3808,3826,756742,681068
2018/07/06 00:00:00.0,3826,3865,3778,3823,787852,683986
2018/07/09 00:00:00.0,3826,3870,3796,3867,556292,673438
2018/07/10 00:00:00.0,3873,3919,3873,3910,565594,668996
2018/07/11 00:00:00.0,3913,3943,3878,3926,614962,659042
2018/07/12 00:00:00.0,3934,4008,3924,3997,726764,712394
2018/07/13 00:00:00.0,3991,4025,3983,3999,604612,720088
2018/07/16 00:00:00.0,3985,4051,3975,4027,641040,752140
2018/07/17 00:00:00.0,4025,4026,3973,4018,727492,754608
2018/07/18 00:00:00.0,4006,4019,3993,4006,463136,751566
2018/07/19 00:00:00.0,4011,4070,3987,3990,834150,753964
2018/07/20 00:00:00.0,3989,4044,3984,4030,664180,757222
2018/07/23 00:00:00.0,4027,4060,4011,4048,462880,749188
2018/07/24 00:00:00.0,4045,4062,4017,4019,486564,734848
2018/07/25 00:00:00.0,4023,4079,4023,4072,506066,750866
2018/07/26 00:00:00.0,4068,4070,4033,4065,538154,764186
2018/07/27 00:00:00.0,4059,4172,4059,4162,668340,779860
2018/07/30 00:00:00.0,4153,4167,4127,4138,530216,755914
2018/07/31 00:00:00.0,4144,4191,4134,4174,490380,768462
2018/08/01 00:00:00.0,4165,4223,4133,4137,691286,734878
2018/08/02 00:00:00.0,4131,4141,4089,4132,638354,720500
2018/08/03 00:00:00.0,4126,4182,4125,4179,559696,720148
2018/08/06 00:00:00.0,4175,4205,4115,4201,787442,719414
2018/08/07 00:00:00.0,4203,4242,4195,4209,594706,735478
2018/08/08 00:00:00.0,4212,4222,4161,4169,573190,753206
2018/08/09 00:00:00.0,4161,4171,4139,4142,187386,756070
2018/08/10 00:00:00.0,4183,4191,4123,4125,553764,753436
2018/08/13 00:00:00.0,4124,4224,4108,4218,683346,756482
2018/08/14 00:00:00.0,4221,4224,4159,4172,485644,762062
2018/08/15 00:00:00.0,4174,4202,4160,4184,465386,760708
2018/08/16 00:00:00.0,4177,4193,4112,4131,780188,761190
2018/08/17 00:00:00.0,4127,4237,4124,4206,950288,762070
2018/08/20 00:00:00.0,4233,4358,4190,4349,1169548,781736
2018/08/21 00:00:00.0,4335,4385,4286,4309,866848,784766
2018/08/22 00:00:00.0,4307,4362,4287,4292,659308,769210
2018/08/23 00:00:00.0,4304,4326,4253,4263,695006,746176
2018/08/24 00:00:00.0,4263,4337,4251,4337,554340,761276
2018/08/27 00:00:00.0,4339,4339,4223,4236,691300,697342
2018/08/28 00:00:00.0,4246,4302,4235,4297,542826,702350
2018/08/29 00:00:00.0,4299,4306,4217,4223,721274,684442
2018/08/30 00:00:00.0,4220,4230,4153,4186,852568,660930
2018/08/31 00:00:00.0,4189,4194,4082,4100,767592,675606
2018/09/03 00:00:00.0,4103,4148,4092,4140,683244,647958
2018/09/04 00:00:00.0,4144,4174,4109,4155,567998,673190
2018/09/05 00:00:00.0,4160,4160,4094,4116,567066,665894
2018/09/06 00:00:00.0,4120,4155,4113,4147,515678,666830
2018/09/07 00:00:00.0,4170,4235,4114,4125,933010,689392
2018/09/10 00:00:00.0,4122,4205,4121,4165,722678,696392
2018/09/11 00:00:00.0,4167,4167,3969,3980,1205494,758364
2018/09/12 00:00:00.0,3995,4027,3926,3984,934386,732512
2018/09/13 00:00:00.0,3977,4028,3964,4019,757134,707900
2018/09/14 00:00:00.0,4032,4032,3981,3998,667478,710452
2018/09/17 00:00:00.0,4004,4039,3959,3974,787040,775202
2018/09/18 00:00:00.0,3974,4027,3948,4015,942098,765370
2018/09/19 00:00:00.0,4047,4051,3966,3978,895636,791912
2018/09/20 00:00:00.0,3985,4020,3950,3975,812136,800266
2018/09/21 00:00:00.0,3974,4011,3955,4008,630504,740994
2018/09/25 00:00:00.0,4013,4013,3928,3945,561624,738642
2018/09/26 00:00:00.0,3949,3958,3882,3921,878600,763580
2018/09/27 00:00:00.0,3926,3956,3870,3876,720718,737996
2018/09/28 00:00:00.0,3876,3876,3795,3856,806740,660416
2018/10/08 00:00:00.0,3866,3879,3820,3873,483314,677848
2018/10/09 00:00:00.0,3862,3930,3858,3925,549276,682690
2018/10/10 00:00:00.0,3927,3958,3900,3919,595972,703506
2018/10/11 00:00:00.0,3911,3911,3816,3888,982428,740802
2018/10/12 00:00:00.0,3890,3937,3857,3910,711210,768808
2018/10/15 00:00:00.0,3906,3961,3882,3943,754358,795662
2018/10/16 00:00:00.0,3944,3947,3890,3915,705242,778130
2018/10/17 00:00:00.0,3912,3948,3876,3939,724338,809814
2018/10/18 00:00:00.0,3945,3954,3829,3831,1056594,887262
2018/10/19 00:00:00.0,3829,3868,3811,3833,874420,872278
2018/10/22 00:00:00.0,3840,3901,3833,3873,794242,890430
2018/10/23 00:00:00.0,3878,3882,3837,3847,669692,915834
2018/10/24 00:00:00.0,3834,3898,3830,3897,598290,873834
2018/10/25 00:00:00.0,3897,3927,3858,3921,917132,860412
2018/10/26 00:00:00.0,3923,3940,3882,3898,605000,867464
2018/10/29 00:00:00.0,3902,3912,3787,3808,1022234,889168
2018/10/30 00:00:00.0,3811,3861,3807,3814,686266,855392
2018/10/31 00:00:00.0,3806,3823,3723,3768,1199164,944836
2018/11/01 00:00:00.0,3771,3786,3629,3639,1280038,1076314
2018/11/02 00:00:00.0,3651,3720,3633,3711,1295486,1001490
2018/11/05 00:00:00.0,3702,3739,3683,3736,925278,981764
2018/11/06 00:00:00.0,3735,3750,3670,3682,874264,963918
2018/11/07 00:00:00.0,3683,3703,3654,3670,910434,958948
2018/11/08 00:00:00.0,3674,3696,3594,3663,1293346,972006
2018/11/09 00:00:00.0,3660,3663,3578,3581,946384,1019026
2018/11/12 00:00:00.0,3578,3595,3504,3549,1088724,991332
2018/11/13 00:00:00.0,3541,3574,3533,3557,602460,990034
2018/11/14 00:00:00.0,3537,3565,3502,3552,916262,1016060
2018/11/15 00:00:00.0,3550,3579,3499,3559,1092942,1006746
2018/11/16 00:00:00.0,3556,3593,3531,3553,879230,979986
2018/11/19 00:00:00.0,3544,3596,3521,3552,839700,956366
2018/11/20 00:00:00.0,3550,3566,3497,3502,760654,931326
2018/11/21 00:00:00.0,3484,3544,3433,3538,1228794,867662
2018/11/22 00:00:00.0,3542,3556,3504,3507,777770,834586
2018/11/23 00:00:00.0,3502,3512,3392,3392,950314,872338
2018/11/26 00:00:00.0,3372,3407,3249,3280,1207268,891902
2018/11/27 00:00:00.0,3296,3364,3251,3263,980838,878856
2018/11/28 00:00:00.0,3257,3329,3235,3306,852040,891366
2018/11/29 00:00:00.0,3300,3339,3281,3304,678268,905488
2018/11/30 00:00:00.0,3298,3324,3228,3276,834492,894542
2018/12/03 00:00:00.0,3284,3469,3222,3331,1282882,832934
2018/12/04 00:00:00.0,3322,3387,3306,3372,837818,796846
2018/12/05 00:00:00.0,3387,3452,3369,3452,1027628,771044
2018/12/06 00:00:00.0,3467,3467,3372,3381,768484,773712
2018/12/07 00:00:00.0,3363,3427,3343,3407,885484,752412
2018/12/10 00:00:00.0,3419,3419,3336,3341,748142,760594
2018/12/11 00:00:00.0,3334,3363,3306,3362,677172,772998
2018/12/12 00:00:00.0,3378,3399,3361,3366,659966,788640
2018/12/13 00:00:00.0,3365,3519,3363,3505,1329542,789666
2018/12/14 00:00:00.0,3507,3507,3459,3475,870108,761952
2018/12/17 00:00:00.0,3470,3501,3449,3470,809284,751352
2018/12/18 00:00:00.0,3459,3481,3436,3461,706994,757146
2018/12/19 00:00:00.0,3456,3497,3453,3468,966646,804986
2018/12/20 00:00:00.0,3485,3499,3453,3475,857076,761918
2018/12/21 00:00:00.0,3507,3524,3454,3479,858024,764696
2018/12/24 00:00:00.0,3486,3486,3424,3434,660590,754304
2018/12/25 00:00:00.0,3427,3431,3352,3381,779238,722266
2018/12/26 00:00:00.0,3380,3389,3357,3368,527160,717594
2018/12/27 00:00:00.0,3382,3404,3315,3332,1172444,755626
