2013/10/18 00:00:00.0,976,984,963,977,338700,78656
2013/10/21 00:00:00.0,975,977,960,968,104026,82136
2013/10/22 00:00:00.0,962,965,947,947,98812,89528
2013/10/23 00:00:00.0,948,952,935,938,122456,94634
2013/10/24 00:00:00.0,937,938,916,925,177400,103770
2013/10/25 00:00:00.0,927,935,916,917,108826,102272
2013/10/28 00:00:00.0,919,927,916,922,86858,108946
2013/10/29 00:00:00.0,923,924,912,920,108908,115114
2013/10/30 00:00:00.0,918,928,915,923,124214,105310
2013/10/31 00:00:00.0,924,925,919,921,77154,98254
2013/11/01 00:00:00.0,920,952,920,942,329152,119374
2013/11/04 00:00:00.0,943,956,941,949,177942,134228
2013/11/05 00:00:00.0,947,953,942,945,110230,134486
2013/11/06 00:00:00.0,948,950,942,943,71754,136662
2013/11/07 00:00:00.0,944,946,938,944,94728,139062
2013/11/08 00:00:00.0,946,947,935,938,71884,138058
2013/11/11 00:00:00.0,939,943,933,941,60720,130770
2013/11/12 00:00:00.0,939,943,935,942,47886,126292
2013/11/13 00:00:00.0,940,950,939,941,99902,129018
2013/11/14 00:00:00.0,939,942,936,936,57574,121614
2013/11/15 00:00:00.0,938,940,929,930,79910,121824
2013/11/18 00:00:00.0,930,933,924,931,56586,119456
2013/11/19 00:00:00.0,930,941,929,941,63546,125832
2013/11/20 00:00:00.0,941,945,939,941,44890,122958
2013/11/21 00:00:00.0,941,942,931,931,43236,124656
2013/11/22 00:00:00.0,933,934,928,930,54496,126526
2013/11/25 00:00:00.0,932,935,927,932,40540,124778
2013/11/26 00:00:00.0,933,942,933,940,75276,128212
2013/11/27 00:00:00.0,939,941,932,935,31592,126766
2013/11/28 00:00:00.0,932,939,932,938,28536,125640
2013/11/29 00:00:00.0,938,944,938,938,34138,126222
2013/12/02 00:00:00.0,939,940,933,935,43020,129054
2013/12/03 00:00:00.0,937,940,935,938,36684,125664
2013/12/04 00:00:00.0,941,953,940,951,97470,134450
2013/12/05 00:00:00.0,951,955,943,943,55270,134980
2013/12/06 00:00:00.0,943,944,936,939,44522,128010
2013/12/09 00:00:00.0,939,944,938,943,20184,131930
2013/12/10 00:00:00.0,944,945,941,941,17184,129270
2013/12/11 00:00:00.0,941,941,933,936,41416,128398
2013/12/12 00:00:00.0,935,937,929,929,37364,129456
2013/12/13 00:00:00.0,926,926,905,912,100498,140168
2013/12/16 00:00:00.0,912,921,912,916,42230,144598
2013/12/17 00:00:00.0,917,918,907,909,26784,149364
2013/12/18 00:00:00.0,907,911,901,905,76142,154326
2013/12/19 00:00:00.0,907,911,905,906,33700,155410
2013/12/20 00:00:00.0,907,911,900,903,37540,153840
2013/12/23 00:00:00.0,902,903,884,890,143740,168986
2013/12/24 00:00:00.0,889,904,889,896,100328,154858
2013/12/25 00:00:00.0,899,900,894,899,51462,148084
2013/12/26 00:00:00.0,898,899,883,893,89600,158836
2013/12/27 00:00:00.0,895,906,893,903,92094,140636
2013/12/30 00:00:00.0,904,916,904,907,91510,135270
2013/12/31 00:00:00.0,905,910,896,907,77816,129782
2014/01/02 00:00:00.0,908,908,896,904,59526,139142
2014/01/03 00:00:00.0,901,902,885,898,139438,155586
2014/01/06 00:00:00.0,895,895,885,890,118280,180374
2014/01/07 00:00:00.0,889,896,885,893,94584,189230
2014/01/08 00:00:00.0,892,894,881,889,111804,202638
2014/01/09 00:00:00.0,888,896,881,885,111906,210950
2014/01/10 00:00:00.0,881,882,867,876,202396,224968
2014/01/13 00:00:00.0,875,876,865,867,119584,243478
2014/01/14 00:00:00.0,868,878,862,876,109056,250310
2014/01/15 00:00:00.0,876,878,871,875,77568,258572
2014/01/16 00:00:00.0,876,881,872,874,80322,266730
2014/01/17 00:00:00.0,872,873,866,871,91202,266538
2014/01/20 00:00:00.0,868,871,855,857,113144,281826
2014/01/21 00:00:00.0,856,857,839,843,158540,311794
2014/01/22 00:00:00.0,846,854,841,847,94792,314656
2014/01/23 00:00:00.0,851,879,850,873,253884,298608
2014/01/24 00:00:00.0,871,875,866,871,119320,280936
2014/01/27 00:00:00.0,867,869,856,859,89732,292182
2014/01/28 00:00:00.0,858,862,853,853,69796,291530
2014/01/29 00:00:00.0,853,863,852,861,60104,289936
2014/01/30 00:00:00.0,858,867,855,863,41634,288404
2014/02/07 00:00:00.0,860,863,847,851,97658,272220
2014/02/10 00:00:00.0,851,854,842,849,113976,282370
2014/02/11 00:00:00.0,847,852,841,844,83684,292876
2014/02/12 00:00:00.0,844,850,840,848,82514,293122
2014/02/13 00:00:00.0,847,853,845,849,76930,292778
2014/02/14 00:00:00.0,850,860,849,857,95806,294694
2014/02/17 00:00:00.0,858,869,858,869,172762,276260
2014/02/18 00:00:00.0,870,873,857,857,122794,270904
2014/02/19 00:00:00.0,857,864,857,861,74102,278348
2014/02/20 00:00:00.0,859,861,849,849,80192,284556
2014/02/21 00:00:00.0,849,851,844,848,92442,294892
2014/02/24 00:00:00.0,843,843,818,821,250616,337090
2014/02/25 00:00:00.0,823,827,810,816,168188,360134
2014/02/26 00:00:00.0,814,819,810,818,178470,379242
2014/02/27 00:00:00.0,815,823,814,821,141574,379282
2014/02/28 00:00:00.0,822,825,808,813,175266,378868
2014/03/03 00:00:00.0,812,815,800,805,178940,394520
2014/03/04 00:00:00.0,805,807,797,806,192304,399780
2014/03/05 00:00:00.0,807,812,796,807,331952,419688
2014/03/06 00:00:00.0,808,808,792,793,280012,438068
2014/03/07 00:00:00.0,794,794,769,770,323478,502112
2014/03/10 00:00:00.0,747,748,738,738,270904,500366
2014/03/11 00:00:00.0,726,756,712,745,766418,498960
2014/03/12 00:00:00.0,721,745,712,742,1022528,599526
2014/03/13 00:00:00.0,744,755,733,752,793866,681490
2014/03/14 00:00:00.0,752,754,725,744,951520,696538
2014/03/17 00:00:00.0,748,752,733,733,767074,704324
2014/03/18 00:00:00.0,733,742,726,736,883396,738744
2014/03/19 00:00:00.0,739,741,733,736,487760,740170
2014/03/20 00:00:00.0,745,764,737,737,1136732,708654
2014/03/21 00:00:00.0,740,746,733,737,938288,703002
2014/03/24 00:00:00.0,734,747,718,747,1386118,748254
2014/03/25 00:00:00.0,746,762,741,761,1088596,678654
2014/03/26 00:00:00.0,764,766,752,761,684950,622964
2014/03/27 00:00:00.0,757,771,754,759,796648,614742
2014/03/28 00:00:00.0,760,785,759,783,834996,612988
2014/03/31 00:00:00.0,783,800,780,795,1069260,597636
2014/04/01 00:00:00.0,796,804,788,801,815858,633412
2014/04/02 00:00:00.0,802,804,779,786,968638,659292
2014/04/03 00:00:00.0,784,801,780,800,1256818,670718
2014/04/04 00:00:00.0,803,810,796,808,699708,631184
2014/04/08 00:00:00.0,810,833,809,825,861304,635326
2014/04/09 00:00:00.0,826,831,816,819,737168,645716
2014/04/10 00:00:00.0,822,828,813,817,694658,652604
2014/04/11 00:00:00.0,817,818,810,814,488778,638138
2014/04/14 00:00:00.0,812,819,795,803,843170,653698
2014/04/15 00:00:00.0,803,812,796,812,655994,638694
2014/04/16 00:00:00.0,811,811,792,797,696470,615938
2014/04/17 00:00:00.0,799,801,794,795,412958,575360
2014/04/18 00:00:00.0,794,795,774,780,1128592,560014
2014/04/21 00:00:00.0,781,787,775,780,490460,572770
2014/04/22 00:00:00.0,777,781,767,778,617110,578720
2014/04/23 00:00:00.0,779,786,767,785,510098,568782
2014/04/24 00:00:00.0,786,800,782,793,685936,600156
2014/04/25 00:00:00.0,795,799,790,793,422192,572016
2014/04/28 00:00:00.0,786,786,755,759,992078,599440
2014/04/29 00:00:00.0,758,772,758,770,653890,622272
2014/04/30 00:00:00.0,767,770,754,763,652612,611388
2014/05/05 00:00:00.0,758,770,754,769,453262,635174
2014/05/06 00:00:00.0,769,773,763,766,425754,634410
2014/05/07 00:00:00.0,765,767,746,747,766384,637796
2014/05/08 00:00:00.0,746,749,734,734,766230,651454
2014/05/09 00:00:00.0,737,740,731,734,477992,665686
2014/05/12 00:00:00.0,733,740,725,739,898172,715572
2014/05/13 00:00:00.0,740,747,736,738,640068,703880
2014/05/14 00:00:00.0,738,742,732,737,521990,717932
2014/05/15 00:00:00.0,738,742,733,736,557824,686402
2014/05/16 00:00:00.0,734,734,711,716,1049048,689284
2014/05/19 00:00:00.0,712,713,701,705,1134690,736654
2014/05/20 00:00:00.0,704,707,694,698,849920,735264
2014/05/21 00:00:00.0,700,710,697,707,727698,738506
2014/05/22 00:00:00.0,709,724,709,712,900642,747748
2014/05/23 00:00:00.0,715,718,704,706,676442,746644
2014/05/26 00:00:00.0,705,726,705,720,1167502,695312
2014/05/27 00:00:00.0,720,723,714,722,481426,668942
2014/05/28 00:00:00.0,719,720,701,705,823180,736590
2014/05/29 00:00:00.0,705,708,697,701,882404,788258
2014/05/30 00:00:00.0,691,697,677,680,1047510,868764
2014/06/03 00:00:00.0,685,686,676,683,675924,882912
2014/06/04 00:00:00.0,683,693,682,691,707666,862004
2014/06/05 00:00:00.0,693,695,682,689,883968,891820
2014/06/06 00:00:00.0,689,694,685,690,828168,876748
2014/06/09 00:00:00.0,689,693,687,691,582586,871702
2014/06/10 00:00:00.0,692,693,681,687,671278,868792
2014/06/11 00:00:00.0,684,687,681,682,528608,871106
2014/06/12 00:00:00.0,680,680,668,669,823082,916814
2014/06/13 00:00:00.0,664,672,661,668,796212,897496
2014/06/16 00:00:00.0,665,667,660,663,686488,865140
2014/06/17 00:00:00.0,658,673,658,670,680096,832736
2014/06/18 00:00:00.0,670,674,666,667,551478,810558
2014/06/19 00:00:00.0,668,672,664,666,659612,803702
2014/06/20 00:00:00.0,668,684,665,678,1216196,794176
2014/06/23 00:00:00.0,682,698,682,691,1111380,715736
2014/06/24 00:00:00.0,689,689,681,683,489588,692078
2014/06/25 00:00:00.0,685,695,685,692,704746,661022
2014/06/26 00:00:00.0,694,716,694,715,1434332,656064
2014/06/27 00:00:00.0,714,717,706,706,780538,558540
2014/06/30 00:00:00.0,704,704,693,694,723162,528214
2014/07/01 00:00:00.0,698,702,692,701,710416,560502
2014/07/02 00:00:00.0,702,718,697,715,1287892,571812
2014/07/03 00:00:00.0,720,723,710,712,891502,552206
2014/07/04 00:00:00.0,713,716,708,710,732768,534678
2014/07/07 00:00:00.0,709,713,694,705,1164798,558760
2014/07/08 00:00:00.0,705,720,697,718,1374442,686292
2014/07/09 00:00:00.0,717,717,698,699,1034984,652486
2014/07/10 00:00:00.0,700,713,699,704,1074124,650734
2014/07/11 00:00:00.0,707,711,702,710,951176,634514
2014/07/14 00:00:00.0,712,718,710,712,792600,639412
2014/07/15 00:00:00.0,717,723,713,715,811204,684172
2014/07/16 00:00:00.0,716,720,713,715,635156,711350
2014/07/17 00:00:00.0,713,714,705,707,573586,698226
2014/07/18 00:00:00.0,703,703,681,681,1230088,736672
2014/07/21 00:00:00.0,680,685,678,681,650558,712502
2014/07/22 00:00:00.0,682,687,677,678,746710,716140
2014/07/23 00:00:00.0,677,681,672,675,661662,681728
2014/07/24 00:00:00.0,674,674,666,667,757260,695860
2014/07/25 00:00:00.0,668,677,667,672,725532,654714
2014/07/28 00:00:00.0,675,688,673,685,842346,595532
2014/07/29 00:00:00.0,689,692,685,687,514792,615228
2014/07/30 00:00:00.0,684,685,678,679,569248,611782
2014/07/31 00:00:00.0,682,686,678,682,491070,595984
2014/08/01 00:00:00.0,681,683,673,675,705932,600386
2014/08/04 00:00:00.0,675,687,672,687,744786,614084
2014/08/05 00:00:00.0,687,693,682,685,795324,588664
2014/08/06 00:00:00.0,683,686,680,681,669128,625442
2014/08/07 00:00:00.0,681,688,678,679,637532,592548
2014/08/08 00:00:00.0,678,681,671,676,693834,608766
2014/08/11 00:00:00.0,675,679,671,672,581388,603952
2014/08/12 00:00:00.0,669,670,666,668,512430,587414
2014/08/13 00:00:00.0,667,673,661,662,876626,680324
2014/08/14 00:00:00.0,660,662,652,654,777126,729604
2014/08/15 00:00:00.0,654,666,654,666,664058,668010
2014/08/18 00:00:00.0,667,667,650,650,915020,821256
2014/08/19 00:00:00.0,650,657,649,654,514012,827398
2014/08/20 00:00:00.0,652,657,645,646,647854,858986
2014/08/21 00:00:00.0,647,650,644,647,440278,841998
2014/08/22 00:00:00.0,646,651,641,643,551470,849406
2014/08/25 00:00:00.0,642,647,639,645,618120,802420
2014/08/26 00:00:00.0,648,650,642,648,425386,799222
2014/08/27 00:00:00.0,648,648,635,637,678092,858054
2014/08/28 00:00:00.0,636,639,619,626,1309014,843662
2014/08/29 00:00:00.0,626,631,624,627,734170,833398
2014/09/01 00:00:00.0,626,627,617,619,786268,941524
2014/09/02 00:00:00.0,619,632,617,627,1051954,943960
2014/09/03 00:00:00.0,626,626,603,605,1280058,994194
2014/09/04 00:00:00.0,605,609,594,594,1097938,967830
2014/09/05 00:00:00.0,595,597,584,585,1127502,1129466
2014/09/09 00:00:00.0,589,595,583,584,689812,1110818
2014/09/10 00:00:00.0,582,594,568,589,1450628,1114710
2014/09/11 00:00:00.0,586,589,577,584,928558,1168358
2014/09/12 00:00:00.0,586,590,583,589,695620,1153362
2014/09/15 00:00:00.0,596,602,587,597,1260790,1237140
2014/09/16 00:00:00.0,598,602,589,597,1127920,1245102
2014/09/17 00:00:00.0,600,603,591,596,962312,1262488
2014/09/18 00:00:00.0,595,595,589,590,598164,1269094
2014/09/19 00:00:00.0,586,586,572,575,947366,1343606
2014/09/22 00:00:00.0,571,571,554,554,1281092,1400280
2014/09/23 00:00:00.0,551,561,550,557,1290248,1405712
2014/09/24 00:00:00.0,556,564,554,559,720030,1426734
2014/09/25 00:00:00.0,558,561,546,548,1400686,1496216
2014/09/26 00:00:00.0,546,560,545,555,1440782,1405852
2014/09/29 00:00:00.0,553,557,532,535,1346724,1475168
2014/09/30 00:00:00.0,535,544,535,540,628158,1435958
2014/10/08 00:00:00.0,548,557,531,535,663480,1542534
2014/10/09 00:00:00.0,536,548,535,548,1305576,1716608
2014/10/10 00:00:00.0,544,558,540,556,1361022,1721162
2014/10/13 00:00:00.0,561,571,561,570,1036612,1656254
2014/10/14 00:00:00.0,572,576,568,574,1100686,1645982
2014/10/15 00:00:00.0,575,576,563,565,1439726,1767382
2014/10/16 00:00:00.0,555,557,546,546,1538876,1805334
2014/10/17 00:00:00.0,549,554,546,552,1049480,1854046
2014/10/20 00:00:00.0,552,565,552,562,1284778,1870084
2014/10/21 00:00:00.0,561,568,558,560,1171508,1829218
2014/10/22 00:00:00.0,562,562,550,552,1322564,1883474
2014/10/23 00:00:00.0,550,550,536,543,2186896,1865728
2014/10/24 00:00:00.0,541,547,537,543,1395128,1828822
2014/10/27 00:00:00.0,541,543,534,536,1034368,1873196
2014/10/28 00:00:00.0,536,536,530,532,716348,1925326
2014/10/29 00:00:00.0,533,537,531,535,827716,1863394
2014/10/30 00:00:00.0,537,547,534,542,1507934,1848868
2014/10/31 00:00:00.0,540,542,536,538,946192,1792426
2014/11/03 00:00:00.0,535,538,526,526,1248694,1743382
2014/11/04 00:00:00.0,522,530,518,525,1415332,1727996
2014/11/05 00:00:00.0,522,530,515,516,1470754,1794096
2014/11/06 00:00:00.0,517,518,507,510,1170756,1880718
2014/11/07 00:00:00.0,512,518,510,516,1372686,1843114
2014/11/10 00:00:00.0,516,521,514,518,1125532,1859384
2014/11/11 00:00:00.0,516,517,511,514,876484,1869768
2014/11/12 00:00:00.0,516,518,510,511,822558,1917338
2014/11/13 00:00:00.0,510,511,507,509,852934,1918350
2014/11/14 00:00:00.0,507,512,506,510,634534,1870738
2014/11/17 00:00:00.0,512,513,507,509,693550,1872184
2014/11/18 00:00:00.0,507,507,489,489,1524144,1970382
2014/11/19 00:00:00.0,487,487,471,475,1578416,1920270
2014/11/20 00:00:00.0,476,481,475,477,660964,1821856
2014/11/21 00:00:00.0,474,478,467,476,1380992,1873258
2014/11/24 00:00:00.0,482,483,470,471,1109208,1931674
2014/11/25 00:00:00.0,469,469,459,467,1444874,1850814
2014/11/26 00:00:00.0,464,469,459,467,1712066,1775802
2014/11/27 00:00:00.0,469,482,468,482,1611542,1715066
2014/11/28 00:00:00.0,480,491,480,486,1710600,1578910
2014/12/01 00:00:00.0,479,483,470,480,1539300,1562466
2014/12/02 00:00:00.0,488,491,473,476,1366982,1605270
2014/12/03 00:00:00.0,475,484,472,483,1256262,1549964
2014/12/04 00:00:00.0,482,496,481,493,2144628,1529278
2014/12/05 00:00:00.0,494,494,485,491,1334284,1508700
2014/12/08 00:00:00.0,489,496,479,481,1549540,1553588
2014/12/09 00:00:00.0,480,488,470,487,1866850,1477938
2014/12/10 00:00:00.0,485,487,475,482,1311924,1464544
2014/12/11 00:00:00.0,480,489,478,479,1274444,1427934
2014/12/12 00:00:00.0,478,489,478,489,1004262,1431692
2014/12/15 00:00:00.0,488,490,482,483,885716,1380646
2014/12/16 00:00:00.0,478,479,472,478,912316,1361838
2014/12/17 00:00:00.0,477,486,475,483,1114586,1285272
2014/12/18 00:00:00.0,485,488,483,485,885382,1161498
2014/12/19 00:00:00.0,488,492,486,490,671382,1082950
2014/12/22 00:00:00.0,489,489,481,483,764198,1010140
2014/12/23 00:00:00.0,481,481,470,472,868600,1012290
2014/12/24 00:00:00.0,473,477,469,476,747746,980752
2014/12/25 00:00:00.0,476,479,472,475,456840,964426
2014/12/26 00:00:00.0,475,478,472,474,334254,957420
2014/12/29 00:00:00.0,474,485,472,484,735210,933898
2014/12/30 00:00:00.0,484,498,484,498,736616,976244
2014/12/31 00:00:00.0,509,514,502,508,1244962,875018
2015/01/05 00:00:00.0,504,504,495,498,677708,823590
2015/01/06 00:00:00.0,496,518,495,518,1294552,879060
2015/01/07 00:00:00.0,518,519,504,511,1050662,845834
2015/01/08 00:00:00.0,512,515,504,509,741612,838810
2015/01/09 00:00:00.0,511,511,504,507,976974,800490
2015/01/12 00:00:00.0,505,516,495,496,1250152,760580
2015/01/13 00:00:00.0,495,500,491,497,617472,737756
2015/01/14 00:00:00.0,494,501,488,494,978972,714208
2015/01/15 00:00:00.0,495,505,491,503,805402,735084
2015/01/16 00:00:00.0,503,509,499,502,690770,722018
2015/01/19 00:00:00.0,501,507,494,504,890362,679232
2015/01/20 00:00:00.0,503,505,497,498,429584,671432
2015/01/21 00:00:00.0,498,500,481,482,917604,647904
2015/01/22 00:00:00.0,482,489,480,483,804204,623314
2015/01/23 00:00:00.0,482,485,471,473,909380,656438
2015/01/26 00:00:00.0,472,473,463,467,994846,625382
2015/01/27 00:00:00.0,465,471,463,466,429556,629960
2015/01/28 00:00:00.0,468,470,462,467,380108,644326
2015/01/29 00:00:00.0,467,474,467,472,520396,607080
2015/01/30 00:00:00.0,472,474,468,471,291578,610014
2015/02/02 00:00:00.0,472,473,467,469,328144,627648
2015/02/03 00:00:00.0,469,479,469,475,714404,703614
2015/02/04 00:00:00.0,477,483,467,469,1062166,811294
2015/02/05 00:00:00.0,471,476,468,472,704612,774162
2015/02/06 00:00:00.0,472,477,469,475,498514,729648
2015/02/09 00:00:00.0,476,478,471,473,377916,720908
2015/02/10 00:00:00.0,474,478,473,477,149602,712340
2015/02/11 00:00:00.0,479,481,475,478,248574,691536
2015/02/12 00:00:00.0,478,479,473,476,223008,656808
2015/02/13 00:00:00.0,477,489,476,485,653550,669096
2015/02/16 00:00:00.0,484,494,484,492,397518,627652
2015/02/17 00:00:00.0,492,493,485,489,218532,611198
2015/02/25 00:00:00.0,486,486,475,476,642872,572876
2015/02/26 00:00:00.0,477,486,476,485,457934,569532
2015/02/27 00:00:00.0,486,488,480,482,573504,613438
2015/03/02 00:00:00.0,481,483,475,481,795996,646070
2015/03/03 00:00:00.0,481,484,478,482,432564,650824
2015/03/04 00:00:00.0,482,483,474,476,449254,652462
2015/03/05 00:00:00.0,474,474,458,458,1144598,762996
2015/03/06 00:00:00.0,457,461,448,451,833162,747596
2015/03/09 00:00:00.0,451,464,449,457,1104946,695152
2015/03/10 00:00:00.0,457,459,452,453,372386,690888
2015/03/11 00:00:00.0,452,457,450,456,541284,655170
2015/03/12 00:00:00.0,456,462,453,460,628430,619522
2015/03/13 00:00:00.0,460,466,455,456,589726,650296
2015/03/16 00:00:00.0,455,460,452,459,462396,663964
2015/03/17 00:00:00.0,459,460,454,455,267594,669070
2015/03/18 00:00:00.0,453,454,438,438,1308432,809942
2015/03/19 00:00:00.0,437,444,435,438,792718,856922
2015/03/20 00:00:00.0,438,443,430,431,771254,891824
2015/03/23 00:00:00.0,431,438,428,436,1695854,971528
2015/03/24 00:00:00.0,438,445,436,441,1275684,1012262
2015/03/25 00:00:00.0,442,443,431,432,818614,1039040
2015/03/26 00:00:00.0,431,437,426,428,1345366,1085166
2015/03/27 00:00:00.0,427,429,413,421,1843398,950684
2015/03/30 00:00:00.0,421,423,408,409,1400564,986202
2015/03/31 00:00:00.0,408,412,400,401,1144486,968734
2015/04/01 00:00:00.0,400,402,391,392,1514444,999670
2015/04/02 00:00:00.0,388,389,380,380,1549122,1025226
2015/04/03 00:00:00.0,375,389,370,380,2043742,939960
2015/04/07 00:00:00.0,380,389,379,387,972748,990420
2015/04/08 00:00:00.0,388,394,377,392,1713632,1040622
2015/04/09 00:00:00.0,390,393,377,378,1430202,1109538
2015/04/10 00:00:00.0,379,380,368,370,1510082,1116052
2015/04/13 00:00:00.0,371,387,370,387,2164894,1234640
2015/04/14 00:00:00.0,392,400,388,396,1796472,1218302
2015/04/15 00:00:00.0,399,401,386,387,1304290,1216184
2015/04/16 00:00:00.0,387,400,387,395,1092116,1239424
2015/04/17 00:00:00.0,397,402,392,394,1239720,1221666
2015/04/20 00:00:00.0,393.5,397.5,386.5,387.5,1549136,1191670
2015/04/21 00:00:00.0,387,390,378.5,388,1513798,1229622
2015/04/22 00:00:00.0,389,399.5,386,399.5,1409032,1278310
2015/04/23 00:00:00.0,403.5,406.5,395,400,1876878,1167274
2015/04/24 00:00:00.0,403.5,418,403,418,2574226,1254900
2015/04/27 00:00:00.0,421,436.5,420,434.5,3116108,1173462
2015/04/28 00:00:00.0,433.5,437,423,427.5,2439416,1259598
2015/04/29 00:00:00.0,427.5,429.5,413,413,1988330,1306600
2015/04/30 00:00:00.0,409.5,419.5,407,413.5,2484062,1180946
2015/05/04 00:00:00.0,417,427.5,410.5,425,1570204,1206108
2015/05/05 00:00:00.0,427.5,436,424,433.5,2696448,1285936
2015/05/06 00:00:00.0,435,447.5,433,445.5,3087530,1300280
2015/05/07 00:00:00.0,444,447,430.5,434,2720676,1269800
2015/05/08 00:00:00.0,434.5,443.5,428,436.5,3575148,1244460
2015/05/11 00:00:00.0,438.5,446.5,436.5,441.5,2907750,1295378
2015/05/12 00:00:00.0,442,445.5,434,437,2605708,1300856
2015/05/13 00:00:00.0,439,441.5,428.5,429,2486398,1307616
2015/05/14 00:00:00.0,429.5,431,418.5,421.5,3094096,1261068
2015/05/15 00:00:00.0,422.5,427.5,415.5,427.5,2846772,1324708
2015/05/18 00:00:00.0,426.5,429.5,422.5,422.5,1622504,1351598
2015/05/19 00:00:00.0,421.5,424,415.5,416.5,1764872,1343612
2015/05/20 00:00:00.0,415.5,416.5,409.5,414,2161102,1265518
2015/05/21 00:00:00.0,416.5,425,414,423,2292914,1312836
2015/05/22 00:00:00.0,423,424,414,422.5,2074760,1283432
2015/05/25 00:00:00.0,422,429.5,417,429,2249846,1349958
2015/05/26 00:00:00.0,430,439,428.5,432.5,3178792,1366886
2015/05/27 00:00:00.0,432,438,429.5,431.5,2042612,1369160
2015/05/28 00:00:00.0,432,435.5,426.5,429,2120878,1335080
2015/05/29 00:00:00.0,427.5,432,420.5,431,2623764,1235344
2015/06/01 00:00:00.0,431,441.5,430,440.5,2469084,1334802
2015/06/02 00:00:00.0,441.5,444.5,435,440.5,2304154,1289346
2015/06/03 00:00:00.0,441,442.5,433,433.5,1924456,1232502
2015/06/04 00:00:00.0,433.5,440.5,431.5,440,2028616,1223838
2015/06/05 00:00:00.0,440,441,432,435.5,1658100,1184660
2015/06/08 00:00:00.0,436,436,429.5,432.5,982174,1176232
2015/06/09 00:00:00.0,431.5,438.5,429.5,431.5,1548438,1208902
2015/06/10 00:00:00.0,433,448.5,432.5,448,2472434,1503668
2015/06/11 00:00:00.0,449.5,455.5,445.5,452,3141450,1801290
2015/06/12 00:00:00.0,450.5,451.5,441.5,442.5,2741506,1770478
2015/06/15 00:00:00.0,442,447.5,441.5,445,1579888,1785990
2015/06/16 00:00:00.0,444,444.5,432,432.5,2273538,1712876
2015/06/17 00:00:00.0,432.5,433.5,420.5,420.5,2994842,1747076
2015/06/18 00:00:00.0,421,430,420,425.5,2195356,1690854
2015/06/19 00:00:00.0,426.5,430,424.5,428,1148516,1625312
2015/06/23 00:00:00.0,427,428.5,422,427.5,765722,1645704
2015/06/24 00:00:00.0,428.5,441,427.5,440.5,2170096,1896554
2015/06/25 00:00:00.0,441,441.5,432,432,1699780,1910490
2015/06/26 00:00:00.0,431.5,434.5,425.5,432,1896898,1879310
2015/06/29 00:00:00.0,431.5,432.5,424,424,1830588,1866922
2015/06/30 00:00:00.0,423.5,424,410.5,410.5,2238216,1798596
2015/07/01 00:00:00.0,409.5,412.5,405,405.5,1783308,1830754
2015/07/02 00:00:00.0,405.5,412,401.5,410,2017080,1850960
2015/07/03 00:00:00.0,406.5,412,396.5,401.5,3040730,1865902
2015/07/06 00:00:00.0,400.5,400.5,388,388,1799288,1931000
2015/07/07 00:00:00.0,380,380,369,369,2274418,1806472
2015/07/08 00:00:00.0,358.5,358.5,340.5,341,3766728,1163244
2015/07/09 00:00:00.0,333,372,330,362,4581478,1131646
2015/07/10 00:00:00.0,364.5,370.5,358.5,360,3921290,1239332
2015/07/13 00:00:00.0,362,367.5,353.5,358,3032946,1294320
2015/07/14 00:00:00.0,360.5,368.5,358.5,362,2490864,1215004
2015/07/15 00:00:00.0,363,367,357.5,361.5,2171056,1244882
2015/07/16 00:00:00.0,360.5,362.5,353.5,358,2713540,1214766
2015/07/17 00:00:00.0,357,361,354.5,359.5,1660998,1186392
2015/07/20 00:00:00.0,357.5,372,357.5,371.5,2706154,1307296
2015/07/21 00:00:00.0,373.5,379.5,369.5,371.5,2613406,1305476
2015/07/22 00:00:00.0,371,373.5,358.5,360,2770602,1334808
2015/07/23 00:00:00.0,359,366.5,357,363,2134812,1315926
2015/07/24 00:00:00.0,362,365,357,359.5,2522054,1409084
2015/07/27 00:00:00.0,359.5,371,358.5,364.5,3187672,1439154
2015/07/28 00:00:00.0,365.5,376,358,370,3929560,1435740
2015/07/29 00:00:00.0,371.5,379.5,371.5,379,3411840,1564192
2015/07/30 00:00:00.0,382.5,383.5,371,373,3316664,1428242
2015/07/31 00:00:00.0,371.5,380,370.5,377,2921988,1477984
2015/08/03 00:00:00.0,376.5,386.5,374,374.5,4750550,1569914
2015/08/04 00:00:00.0,374.5,379.5,372,378.5,3040002,1508420
2015/08/05 00:00:00.0,381.5,388,380,387.5,3959984,1702448
2015/08/06 00:00:00.0,389,389,382.5,383.5,2748068,1700290
2015/08/07 00:00:00.0,382,384.5,375,380.5,2769194,1695844
2015/08/10 00:00:00.0,379,381,374.5,378,2044984,1674404
2015/08/11 00:00:00.0,379,389,377.5,379.5,3387820,1824354
2015/08/12 00:00:00.0,378.5,384.5,375.5,383.5,2914884,1808678
2015/08/13 00:00:00.0,385,394,384.5,393,3876608,1924928
2015/08/14 00:00:00.0,395,395.5,388,390,2183238,1897966
2015/08/17 00:00:00.0,390.5,394,385,385.5,2498530,1922678
2015/08/18 00:00:00.0,384,391.5,384,388.5,2221612,1876172
2015/08/19 00:00:00.0,388.5,389,375,381,3518664,1884956
2015/08/20 00:00:00.0,380,383,375.5,379.5,2554260,1871296
2015/08/21 00:00:00.0,380.5,383.5,378,381.5,1941982,1846652
2015/08/24 00:00:00.0,381.5,381.5,364.5,364.5,2832008,1759298
2015/08/25 00:00:00.0,360.5,367.5,357.5,362,3593566,1755808
2015/08/26 00:00:00.0,369,375.5,362,362.5,2500108,1765212
2015/08/27 00:00:00.0,362.5,372.5,360,372,2105624,1693178
2015/08/28 00:00:00.0,372.5,381,370.5,380.5,1644918,1734156
2015/08/31 00:00:00.0,383,392,377,387,3068980,1783710
2015/09/01 00:00:00.0,386.5,393,381.5,386,3023840,1898168
2015/09/02 00:00:00.0,385.5,390.5,383,388.5,1843346,1828596
2015/09/07 00:00:00.0,390,390.5,379.5,381,1853366,1817068
2015/09/08 00:00:00.0,382.5,386,375.5,385.5,2517300,1864498
2015/09/09 00:00:00.0,388,399,385.5,395,4935036,1973118
2015/09/10 00:00:00.0,394.5,410.5,392.5,406.5,5088036,1997822
2015/09/11 00:00:00.0,405.5,413.5,401.5,403.5,4240514,1886948
2015/09/14 00:00:00.0,403,407,397,397.5,2994652,1937412
2015/09/15 00:00:00.0,397,400,388,389,2910262,1976782
2015/09/16 00:00:00.0,389.5,396,387.5,393.5,3546656,1968082
2015/09/17 00:00:00.0,393.5,395.5,388.5,390,3484636,1983326
2015/09/18 00:00:00.0,390.5,393,383.5,384.5,2497538,1968456
2015/09/21 00:00:00.0,383.5,390,383,386.5,2428022,1994836
2015/09/22 00:00:00.0,387,388.5,377,379.5,2887538,2068574
2015/09/23 00:00:00.0,378,379.5,367.5,374,3836722,2083734
2015/09/24 00:00:00.0,373,375.5,370.5,372.5,1605466,2113712
2015/09/25 00:00:00.0,371,380,369,376,3455066,2034536
2015/09/28 00:00:00.0,374.5,374.5,360,361.5,2361648,2140440
2015/09/29 00:00:00.0,359,364,354,359.5,2597434,2009060
2015/09/30 00:00:00.0,361,362,357,358,1102352,1986998
2015/10/08 00:00:00.0,363.5,371.5,360.5,365.5,1612356,2086158
2015/10/09 00:00:00.0,365.5,384,364.5,382.5,2932678,2218212
2015/10/12 00:00:00.0,382,383,369,371,3364838,2267850
2015/10/13 00:00:00.0,369.5,370.5,363.5,368,2509362,2310100
2015/10/14 00:00:00.0,368,372.5,366,367.5,2379548,2323868
2015/10/15 00:00:00.0,368,371,365.5,367.5,2188286,2302262
2015/10/16 00:00:00.0,366,367,360.5,361,2942898,2244668
2015/10/19 00:00:00.0,361,365.5,360.5,362.5,2467164,2269608
2015/10/20 00:00:00.0,360.5,367.5,360.5,363,2395310,2329488
2015/10/21 00:00:00.0,363,365,357,357,2929638,2437522
2015/10/22 00:00:00.0,356.5,362.5,355,359,2262186,2389928
2015/10/23 00:00:00.0,358.5,361.5,355.5,361.5,2011614,2363020
2015/10/26 00:00:00.0,362.5,362.5,356,356,2071756,2334236
2015/10/27 00:00:00.0,356,358,350.5,355,2811580,2394402
2015/10/28 00:00:00.0,354.5,356,347.5,348.5,2537014,2423112
2015/10/29 00:00:00.0,349,350.5,346.5,349,2605534,2565004
2015/10/30 00:00:00.0,350.5,355,349,353,3116924,2525296
2015/11/02 00:00:00.0,353,355,349.5,350.5,2127750,2512524
2015/11/03 00:00:00.0,349.5,350,338,341.5,4088510,2538956
2015/11/04 00:00:00.0,341,345.5,340,344.5,2481426,2563954
2015/11/05 00:00:00.0,345,349,340,340,2765232,2424422
2015/11/06 00:00:00.0,338.5,344,337.5,342,2703292,2189014
2015/11/09 00:00:00.0,341.5,345,338,342.5,2675874,2219096
2015/11/10 00:00:00.0,343,344.5,339,341,1727088,2219810
2015/11/11 00:00:00.0,341.5,342.5,338,338,1402756,2164380
2015/11/12 00:00:00.0,338,340.5,335.5,337,1903036,2172984
2015/11/13 00:00:00.0,337,342,336,339,1972534,2155100
2015/11/16 00:00:00.0,338.5,342.5,334,335,2146102,2101264
2015/11/17 00:00:00.0,335.5,336,328.5,329.5,2920186,1972320
2015/11/18 00:00:00.0,329,329.5,324,327,2126848,1987668
2015/11/19 00:00:00.0,326.5,327,314,317.5,3103166,2016710
2015/11/20 00:00:00.0,317.5,321,315,317,2682310,2042778
2015/11/23 00:00:00.0,317,320,312,312.5,2453238,2107294
2015/11/24 00:00:00.0,312.5,315,308,312,3481312,2088080
2015/11/25 00:00:00.0,311.5,316.5,310,314.5,2825410,2080662
2015/11/26 00:00:00.0,313,326.5,311.5,313.5,4589140,2009130
2015/11/27 00:00:00.0,314,315,309.5,310.5,1946242,1992476
2015/11/30 00:00:00.0,310,311.5,301,301.5,2571562,2041654
2015/12/01 00:00:00.0,301.5,302.5,297.5,298.5,2336194,2026022
2015/12/02 00:00:00.0,295,300,293.5,297,4341546,2083770
2015/12/03 00:00:00.0,296,299.5,292.5,293.5,2714370,2121130
2015/12/04 00:00:00.0,293.5,295.5,287.5,291,3501790,2101764
2015/12/07 00:00:00.0,292,296.5,289.5,294.5,2493874,2096670
2015/12/08 00:00:00.0,294,295,286.5,287.5,2030320,2006938
2015/12/09 00:00:00.0,287.5,290.5,285.5,287.5,1548564,2087626
2015/12/10 00:00:00.0,287.5,290,282.5,284.5,2151080,2151978
2015/12/11 00:00:00.0,284.5,288.5,283,288,2111558,2104312
2015/12/14 00:00:00.0,288,294,286,291,2922594,2166854
2015/12/15 00:00:00.0,291,298.5,289.5,289.5,3843796,2173192
2015/12/16 00:00:00.0,289.5,294,288.5,293.5,1958224,2169148
2015/12/17 00:00:00.0,294,296.5,292.5,293.5,2752328,2135824
2015/12/18 00:00:00.0,294.5,302,294,300.5,2887876,2169514
2015/12/21 00:00:00.0,301.5,311,301,309.5,4384528,2139446
2015/12/22 00:00:00.0,310.5,311.5,304,309,3276874,2182184
2015/12/23 00:00:00.0,308,309,303,304,2462052,2237420
2015/12/24 00:00:00.0,304.5,309.5,303.5,305.5,2561170,2232174
2015/12/25 00:00:00.0,307,307.5,305,306,1045812,2135800
2015/12/28 00:00:00.0,305.5,311,304.5,309.5,2646226,2139322
2015/12/29 00:00:00.0,309.5,316,308.5,315.5,3514166,2049882
2015/12/30 00:00:00.0,315.5,324,315,320,3653142,1997888
2015/12/31 00:00:00.0,320,329,318.5,321,4048576,1878184
2016/01/04 00:00:00.0,324,326.5,318,320,3263308,1989090
2016/01/05 00:00:00.0,319.5,324.5,318,323,2786368,1972682
2016/01/06 00:00:00.0,322.5,324,314.5,317,3084112,1943204
2016/01/07 00:00:00.0,316,321.5,315.5,318,2538720,1994006
2016/01/08 00:00:00.0,317.5,317.5,309,310,2974770,1921774
2016/01/11 00:00:00.0,310,311,303,303.5,2443912,1878252
2016/01/12 00:00:00.0,303.5,305,297,298,2068604,1892258
2016/01/13 00:00:00.0,298.5,304,296,298.5,2138388,1955088
2016/01/14 00:00:00.0,299.5,303,296,302.5,2548268,1985330
2016/01/15 00:00:00.0,302.5,308.5,302,304.5,3116364,2008720
2016/01/18 00:00:00.0,304,318.5,301,316,4469030,1927122
2016/01/19 00:00:00.0,316,320.5,314,319,2477656,1987848
2016/01/20 00:00:00.0,318.5,319.5,310.5,311,2269848,1812870
2016/01/21 00:00:00.0,310.5,313.5,308,310.5,2569046,1810932
2016/01/22 00:00:00.0,310,320,309.5,312.5,4110978,1913036
2016/01/25 00:00:00.0,313,316,309.5,310.5,2772132,1896406
2016/01/26 00:00:00.0,309.5,315.5,307,315,2685800,1937540
2016/01/27 00:00:00.0,316,322.5,315,321,3607472,2051442
2016/01/28 00:00:00.0,321,323,315,315.5,3570908,2013792
2016/01/29 00:00:00.0,316,319.5,315,318,2529342,2052136
2016/02/01 00:00:00.0,318.5,326.5,318.5,321.5,3702996,2060690
2016/02/02 00:00:00.0,322.5,324.5,320,322,2855472,1993786
2016/02/03 00:00:00.0,323.5,327.5,321,325.5,2372524,2027428
2016/02/04 00:00:00.0,326,337.5,325.5,336.5,3726872,1970862
2016/02/05 00:00:00.0,336.5,336.5,328.5,331,1904430,1753244
2016/02/15 00:00:00.0,326.5,337.5,326,335,1608058,1850900
2016/02/16 00:00:00.0,336,337,332.5,334,1753434,2022328
2016/02/17 00:00:00.0,334.5,338.5,333,334,2536952,2087338
2016/02/18 00:00:00.0,334.5,339,332.5,338.5,2620194,2296622
2016/02/19 00:00:00.0,339.5,348.5,337.5,346,3689742,2322338
2016/02/22 00:00:00.0,346,359,345,358.5,3089102,2369206
2016/02/23 00:00:00.0,362,371.5,357,360.5,5420356,2116242
2016/02/24 00:00:00.0,360.5,366.5,359,364.5,4997416,2248048
2016/02/25 00:00:00.0,363.5,368.5,359.5,362,4723148,2246018
2016/02/26 00:00:00.0,361.5,363,353,357,4436958,2231240
2016/02/29 00:00:00.0,357.5,362.5,353.5,362.5,4782348,2250900
2016/03/01 00:00:00.0,364,374,361,369.5,6945674,2070332
2016/03/02 00:00:00.0,370,379.5,370,378,5772406,2042328
2016/03/03 00:00:00.0,379.5,384,373.5,375.5,4856274,2135366
2016/03/04 00:00:00.0,375.5,388.5,372,387.5,7288060,2120902
2016/03/07 00:00:00.0,389,398.5,387,398.5,2809284,2104282
2016/03/08 00:00:00.0,414.5,414.5,405.5,413.5,3381166,2062498
2016/03/09 00:00:00.0,419.5,419.5,394.5,408,9776136,1647426
2016/03/10 00:00:00.0,410,430.5,410,421,10458552,1811818
2016/03/11 00:00:00.0,417,423.5,406,410.5,6957836,1824970
2016/03/14 00:00:00.0,404,435,402,405,7564796,1776446
2016/03/15 00:00:00.0,401.5,409,392,393.5,6778402,1809436
2016/03/16 00:00:00.0,390.5,402.5,390.5,401.5,5371264,1952048
2016/03/17 00:00:00.0,402,417.5,398,416.5,7520648,2039634
2016/03/18 00:00:00.0,416,430.5,414.5,428.5,7122940,2118016
2016/03/21 00:00:00.0,428,445,424.5,433.5,9188318,2246888
2016/03/22 00:00:00.0,435,437,423,426.5,6988422,2370888
2016/03/23 00:00:00.0,425.5,432.5,417.5,418,7063866,2348878
2016/03/24 00:00:00.0,417,417,396.5,396.5,6978338,2148870
2016/03/25 00:00:00.0,391.5,400,390.5,398,4973580,2040942
2016/03/28 00:00:00.0,399.5,404.5,382,383,7107480,1996394
2016/03/29 00:00:00.0,385,388,375.5,383.5,5870240,1881504
2016/03/30 00:00:00.0,384,391.5,378.5,383.5,6565448,1803326
2016/03/31 00:00:00.0,383.5,389,375.5,383,5089720,1665568
2016/04/01 00:00:00.0,384,393.5,383.5,388.5,4731790,1537602
2016/04/05 00:00:00.0,390.5,390.5,374.5,384.5,3646862,1547968
2016/04/06 00:00:00.0,384,387,371,377,3796562,1676340
2016/04/07 00:00:00.0,377,384,375.5,379.5,3254510,1631188
2016/04/08 00:00:00.0,378,381,375,378.5,3018186,1645298
2016/04/11 00:00:00.0,379,395.5,379,389,5139130,1724626
2016/04/12 00:00:00.0,391,410.5,390.5,410.5,6020824,1799100
2016/04/13 00:00:00.0,415,425,412.5,419,6517908,1733486
2016/04/14 00:00:00.0,419,432,415,417.5,6625044,1663770
2016/04/15 00:00:00.0,416.5,419.5,404,407.5,7123370,1636164
2016/04/18 00:00:00.0,406,434,402.5,424,6493558,1673150
2016/04/19 00:00:00.0,424.5,433,421.5,432,6902584,1732458
2016/04/20 00:00:00.0,433.5,453,433.5,452.5,7409944,1487910
2016/04/21 00:00:00.0,455,471.5,446.5,471.5,6959440,1343616
2016/04/22 00:00:00.0,477.5,490,455.5,470.5,6955024,1230930
2016/04/25 00:00:00.0,465,498.5,456.5,467.5,5263608,1266606
2016/04/26 00:00:00.0,466,468.5,447,447,3503054,1219262
2016/04/27 00:00:00.0,450.5,450.5,428.5,431,2555088,1181432
2016/04/28 00:00:00.0,432,442.5,420.5,442,2525514,1077766
2016/04/29 00:00:00.0,444,458,442.5,458,1911268,982818
2016/05/03 00:00:00.0,458.5,458.5,427,437.5,1643302,922594
2016/05/04 00:00:00.0,434,439,423,430.5,1898424,1007346
2016/05/05 00:00:00.0,430.5,434.5,406.5,408.5,2296030,1158956
2016/05/06 00:00:00.0,410,416,401,414,2430762,1190670
2016/05/09 00:00:00.0,415,422.5,384,384,2808742,1180668
2016/05/10 00:00:00.0,380,386,375.5,381.5,2259162,1197008
2016/05/11 00:00:00.0,384,389,373.5,381,2240652,1180604
2016/05/12 00:00:00.0,382,384.5,369,369.5,1760182,1242462
2016/05/13 00:00:00.0,368.5,371,356.5,359,2273934,1295068
2016/05/16 00:00:00.0,359.5,369.5,357.5,363,1841972,1265604
2016/05/17 00:00:00.0,364,382.5,361,380,1910618,1297746
2016/05/18 00:00:00.0,379,386,362.5,366.5,2538750,1325244
2016/05/19 00:00:00.0,365.5,371.5,358,361.5,1919556,1371768
2016/05/20 00:00:00.0,359,373,357.5,369.5,1960544,1468426
2016/05/23 00:00:00.0,370.5,372,344,347,2467102,1501840
2016/05/24 00:00:00.0,347,348,338.5,344.5,1582530,1594992
2016/05/25 00:00:00.0,346,349,334.5,336.5,1745728,1675150
2016/05/26 00:00:00.0,337.5,342,332.5,339.5,2285388,1750732
2016/05/27 00:00:00.0,340.5,348.5,330,344.5,3358336,1876936
2016/05/30 00:00:00.0,344.5,346.5,327.5,341.5,2476666,1885900
2016/05/31 00:00:00.0,342.5,347,338,338.5,2057642,1887770
2016/06/01 00:00:00.0,338.5,342.5,335,342.5,1583258,1911440
2016/06/02 00:00:00.0,339,344.5,337,338,1343678,1872972
2016/06/03 00:00:00.0,338,346,337.5,341,1186878,1809340
2016/06/06 00:00:00.0,344.5,360,341.5,359.5,1910010,1819690
2016/06/07 00:00:00.0,360,366.5,357,361.5,1493584,1743204
2016/06/08 00:00:00.0,361.5,366.5,354.5,358.5,1405712,1725192
2016/06/13 00:00:00.0,357.5,371.5,355.5,365,1479658,1741206
2016/06/14 00:00:00.0,364,369,348,348.5,1785494,1752694
2016/06/15 00:00:00.0,349.5,355,348,352.5,1046480,1804392
2016/06/16 00:00:00.0,354.5,364,352.5,358,1288240,1791480
2016/06/17 00:00:00.0,357.5,364.5,353,364.5,1365918,1757186
2016/06/20 00:00:00.0,365.5,368.5,360,361.5,1164404,1776862
2016/06/21 00:00:00.0,360.5,371,360.5,366,1189326,1785274
2016/06/22 00:00:00.0,366,379.5,364,378,1745126,1850024
2016/06/23 00:00:00.0,378.5,383,376.5,379,1259354,1849742
2016/06/24 00:00:00.0,380.5,385.5,372.5,376.5,1642808,1852844
2016/06/27 00:00:00.0,378,402,377,402,1944858,1838244
2016/06/28 00:00:00.0,403,413.5,398,409.5,1946492,1777770
2016/06/29 00:00:00.0,410,415,403.5,409.5,1570156,1784190
2016/06/30 00:00:00.0,408.5,422,407.5,419,1964942,1784910
2016/07/01 00:00:00.0,419.5,422,403.5,411.5,1851860,1653142
2016/07/04 00:00:00.0,411.5,431,411,427.5,2255448,1612718
2016/07/05 00:00:00.0,429,437,413,430.5,2574820,1544364
2016/07/06 00:00:00.0,428,432.5,407.5,417,2526802,1522470
2016/07/07 00:00:00.0,414,427.5,409,415.5,2297246,1638644
2016/07/08 00:00:00.0,415.5,420.5,405,419,2314572,1615610
2016/07/11 00:00:00.0,421,423.5,407.5,417.5,1807454,1589952
2016/07/12 00:00:00.0,419.5,440.5,416,440,2315144,1660270
2016/07/13 00:00:00.0,442.5,452,437,443.5,2113782,1680054
2016/07/14 00:00:00.0,445,451,438,450,1637996,1700226
2016/07/15 00:00:00.0,446,449.5,440.5,447,1410962,1695700
2016/07/18 00:00:00.0,447.5,449.5,416.5,416.5,2105372,1630216
2016/07/19 00:00:00.0,416.5,419.5,405,409,1633788,1512010
2016/07/20 00:00:00.0,409.5,413,404.5,409,1203630,1497734
2016/07/21 00:00:00.0,408.5,432.5,404,431.5,1875976,1556294
2016/07/22 00:00:00.0,430.5,433.5,410.5,412.5,2045338,1555310
2016/07/25 00:00:00.0,413,427.5,408,424.5,1801578,1546346
2016/07/26 00:00:00.0,424,428,417,427.5,1496368,1562456
2016/07/27 00:00:00.0,428.5,447.5,427.5,447.5,2396156,1659008
2016/07/28 00:00:00.0,450,455.5,443.5,454.5,1986994,1744548
2016/07/29 00:00:00.0,455.5,457,439,441.5,1937202,1785722
2016/08/01 00:00:00.0,441.5,466.5,435.5,465.5,2289346,1813634
2016/08/02 00:00:00.0,464,467.5,458,464.5,1511860,1808122
2016/08/03 00:00:00.0,466.5,466.5,457.5,462.5,1273340,1843548
2016/08/04 00:00:00.0,462.5,463.5,442,450,1931344,1774674
2016/08/05 00:00:00.0,449,471.5,449,469,2256802,1862174
2016/08/08 00:00:00.0,469.5,478.5,464.5,477.5,1601350,1864888
2016/08/09 00:00:00.0,476.5,484,467,474.5,1870438,1859550
2016/08/10 00:00:00.0,474.5,476.5,458,463.5,2188334,1773632
2016/08/11 00:00:00.0,462.5,465,445.5,449,2120014,1711290
2016/08/12 00:00:00.0,448,450.5,441.5,445.5,1617550,1786112
2016/08/15 00:00:00.0,441.5,444.5,425,432.5,2262824,1709614
2016/08/16 00:00:00.0,432.5,448,429,444.5,2028904,1741018
2016/08/17 00:00:00.0,443,450.5,431,431.5,1953260,1689032
2016/08/18 00:00:00.0,431,444.5,428,440,2175722,1640630
2016/08/19 00:00:00.0,439.5,448,433,446,1928726,1665348
2016/08/22 00:00:00.0,445.5,451,441.5,444,1611468,1689532
2016/08/23 00:00:00.0,443.5,457.5,441,456,1626336,1703858
2016/08/24 00:00:00.0,456.5,460,451,455.5,1401356,1725518
2016/08/25 00:00:00.0,455.5,457.5,428.5,441.5,2656324,1704514
2016/08/26 00:00:00.0,441.5,442.5,430,430,2009952,1686214
2016/08/29 00:00:00.0,430,430,414,419.5,2257586,1810832
2016/08/30 00:00:00.0,421.5,424.5,413,416,1904520,1908218
2016/08/31 00:00:00.0,418,419.5,408,410,2023608,1941300
2016/09/01 00:00:00.0,409.5,416.5,405,414.5,1764386,1852832
2016/09/02 00:00:00.0,414.5,428.5,413,416,2200790,1856544
2016/09/05 00:00:00.0,417.5,425,413.5,415.5,2040434,1894166
2016/09/06 00:00:00.0,416.5,426.5,414.5,421,1912632,1928998
2016/09/07 00:00:00.0,421,422,403,404,2412118,1942962
2016/09/08 00:00:00.0,404,408.5,399,405,1768198,1941368
2016/09/09 00:00:00.0,404,406.5,398.5,405,1417552,1945216
2016/09/12 00:00:00.0,405.5,410.5,393,394.5,1933114,2002714
2016/09/13 00:00:00.0,394,397.5,385,390,1649378,2038172
2016/09/14 00:00:00.0,390.5,392,386.5,390,1153532,1968192
2016/09/19 00:00:00.0,382,390,379,389,1057390,2022670
2016/09/20 00:00:00.0,388.5,398.5,388,393,1518074,2097732
2016/09/21 00:00:00.0,393,396.5,390.5,394,1155100,2121780
2016/09/22 00:00:00.0,394,415,393.5,403,2280814,2095850
2016/09/23 00:00:00.0,405.5,409.5,403,408.5,1328634,2056930
2016/09/26 00:00:00.0,408.5,414.5,403,406,1646734,2059502
2016/09/27 00:00:00.0,406,406.5,396,400.5,1387482,2034650
2016/09/28 00:00:00.0,399.5,407.5,397.5,407,1214562,2023844
2016/09/29 00:00:00.0,407.5,420,406,407.5,1815790,1990018
2016/09/30 00:00:00.0,407,408.5,396,398,1130954,1794502
2016/10/10 00:00:00.0,398.5,407,391.5,406,1311052,1961424
2016/10/11 00:00:00.0,407.5,415.5,405.5,415.5,1587730,2128570
2016/10/12 00:00:00.0,415.5,422.5,411.5,420.5,1696480,2213120
2016/10/13 00:00:00.0,421,421.5,415.5,419.5,1323442,2175116
2016/10/14 00:00:00.0,419.5,437,416.5,430,1868554,2180096
2016/10/17 00:00:00.0,429,438.5,428.5,434,1537802,2163808
2016/10/18 00:00:00.0,433,433.5,423.5,430,1426668,2148294
2016/10/19 00:00:00.0,431,442,425,428,2203030,2247566
2016/10/20 00:00:00.0,430.5,438.5,427.5,435,1663106,2135766
2016/10/21 00:00:00.0,436,438.5,426.5,435,1420796,2121072
2016/10/24 00:00:00.0,434.5,444.5,428.5,443.5,1749018,2212926
2016/10/25 00:00:00.0,444,461.5,444,461.5,1699524,2145464
2016/10/26 00:00:00.0,466,475.5,453.5,462,2324678,1868434
2016/10/27 00:00:00.0,463,472.5,454.5,467.5,2131272,1992176
2016/10/28 00:00:00.0,467.5,485.5,463.5,482,2178958,1985222
2016/10/31 00:00:00.0,481.5,491,475.5,490.5,1932894,1981800
2016/11/01 00:00:00.0,491,496,481.5,490.5,1784686,1972884
2016/11/02 00:00:00.0,491.5,496,477,479,2003924,1951264
2016/11/03 00:00:00.0,479.5,488,475.5,488,1531294,1915344
2016/11/04 00:00:00.0,487,496,483.5,487.5,2137382,2027812
2016/11/07 00:00:00.0,488,516.5,479,507,3131056,2090116
2016/11/08 00:00:00.0,508.5,514.5,495,504.5,2692476,1895154
2016/11/09 00:00:00.0,502.5,535.5,501.5,535,1995962,1717736
2016/11/10 00:00:00.0,544.5,570.5,543.5,569.5,2558774,1446874
2016/11/11 00:00:00.0,572,595.5,569.5,595,1632456,1506328
2016/11/14 00:00:00.0,609,630.5,576,603.5,3861582,1368032
2016/11/15 00:00:00.0,602.5,609,570.5,570.5,1801856,1301570
2016/11/16 00:00:00.0,550.5,562,541,556,2119540,1239184
2016/11/17 00:00:00.0,557.5,560.5,527.5,555.5,2286974,1398484
2016/11/18 00:00:00.0,556.5,561,523,528.5,2302430,1415104
2016/11/21 00:00:00.0,528.5,540,509,529,2494530,1542634
2016/11/22 00:00:00.0,528.5,553.5,528.5,553,1476204,1432652
2016/11/23 00:00:00.0,567.5,587,566,587,2332804,1426466
2016/11/24 00:00:00.0,588,628,572,594,2912220,1386236
2016/11/25 00:00:00.0,593.5,626.5,591,625.5,2806794,1590304
2016/11/28 00:00:00.0,627,640,608.5,631,2635124,1462338
2016/11/29 00:00:00.0,629.5,639,584.5,585.5,2727842,1419702
2016/11/30 00:00:00.0,585.5,587,561.5,561.5,1657770,1137874
2016/12/01 00:00:00.0,561,608,555.5,600,2606182,1237922
2016/12/02 00:00:00.0,602.5,607,554.5,579,3217232,1230140
2016/12/05 00:00:00.0,580.5,614,568,607.5,2621104,1249594
2016/12/06 00:00:00.0,610,620.5,596.5,606.5,2046352,1272324
2016/12/07 00:00:00.0,608,650,604.5,646,2242556,1351936
2016/12/08 00:00:00.0,645.5,655,620,636,2177514,1242716
2016/12/09 00:00:00.0,636.5,637.5,596,619,2647120,1292368
2016/12/12 00:00:00.0,619.5,657,607,636,2104128,1284712
2016/12/13 00:00:00.0,636.5,645.5,627.5,645,1722654,1309494
2016/12/14 00:00:00.0,643,643,598,604,2813734,1447938
2016/12/15 00:00:00.0,603,620,591,607.5,2200354,1368674
2016/12/16 00:00:00.0,604.5,612,589.5,590.5,1724806,1358612
2016/12/19 00:00:00.0,586,589,558,559,1889710,1350662
2016/12/20 00:00:00.0,559.5,574,557,566,1648070,1331772
2016/12/21 00:00:00.0,567.5,573.5,551.5,570.5,1630202,1375704
2016/12/22 00:00:00.0,570.5,570.5,539.5,540.5,1673632,1376826
2016/12/23 00:00:00.0,540.5,552,538,545.5,1532452,1317158
2016/12/26 00:00:00.0,546,555.5,526,550,2237798,1312834
2016/12/27 00:00:00.0,548.5,559,532.5,555.5,1951842,1259114
2016/12/28 00:00:00.0,552,570,549,559,1848152,1245180
2016/12/29 00:00:00.0,560,567.5,549,563.5,1582066,1217922
2016/12/30 00:00:00.0,561.5,565,539.5,542,1494344,1101444
2017/01/03 00:00:00.0,547,561,525.5,528,1014982,1156470
2017/01/04 00:00:00.0,529,542.5,526,536,1374344,1206660
2017/01/05 00:00:00.0,536.5,553,533,543.5,1218528,1177728
2017/01/06 00:00:00.0,542.5,550,531.5,532,1340648,1268972
2017/01/09 00:00:00.0,532.5,566,530,564.5,1316570,1252968
2017/01/10 00:00:00.0,563.5,587,558,587,1489970,1290838
2017/01/11 00:00:00.0,592,597,584.5,594,1140240,1247772
2017/01/12 00:00:00.0,592,610,585,600.5,1399448,1319554
2017/01/13 00:00:00.0,600.5,612,592,600.5,1272638,1300516
2017/01/16 00:00:00.0,600.5,650.5,597.5,646.5,1763320,1343400
2017/01/17 00:00:00.0,643.5,657,615,631,1858464,1275044
2017/01/18 00:00:00.0,632,659,621.5,631,1978232,1347500
2017/01/19 00:00:00.0,627.5,635.5,616,630,1590988,1313180
2017/01/20 00:00:00.0,627.5,633.5,601,605.5,1715926,1334082
2017/01/23 00:00:00.0,602.5,610,598,600,1166184,1239068
2017/01/24 00:00:00.0,601,646.5,599,641,1705988,1345468
2017/01/25 00:00:00.0,642.5,643,622,634,1062992,1203706
2017/01/26 00:00:00.0,632,654,627.5,651.5,928040,1150728
2017/02/03 00:00:00.0,653,653.5,597,602,1113470,1147522
2017/02/06 00:00:00.0,602.5,605.5,588.5,593,1154006,1223292
2017/02/07 00:00:00.0,591.5,620,588,615,1357242,1269760
2017/02/08 00:00:00.0,614.5,636,613,630.5,1392054,1343168
2017/02/09 00:00:00.0,631,638,625.5,630.5,1167670,1376316
2017/02/10 00:00:00.0,627.5,682.5,626,675.5,2433598,1603014
2017/02/13 00:00:00.0,672,702,672,702,1773468,1546594
2017/02/14 00:00:00.0,702,705,685.5,701.5,1303890,1559388
2017/02/15 00:00:00.0,702,706.5,680.5,687,2132410,1583048
2017/02/16 00:00:00.0,687,710,671.5,674.5,2566028,1600216
2017/02/17 00:00:00.0,673.5,695.5,673.5,690,1745690,1520036
2017/02/20 00:00:00.0,693,703,682,701,1733566,1618036
2017/02/21 00:00:00.0,702.5,727.5,697.5,718.5,1820264,1586552
2017/02/22 00:00:00.0,718,720,698,709.5,1634736,1583550
2017/02/23 00:00:00.0,705.5,714.5,687,694.5,1867662,1594042
2017/02/24 00:00:00.0,697,700,660,683.5,2396054,1539174
2017/02/27 00:00:00.0,683.5,717.5,675,699,2415336,1572016
2017/02/28 00:00:00.0,696.5,701.5,672.5,674,2367448,1637816
2017/03/01 00:00:00.0,675,687,670,679.5,2047390,1597826
2017/03/02 00:00:00.0,678,690,673,677.5,1846184,1642278
2017/03/03 00:00:00.0,678.5,678.5,647.5,669.5,2571604,1698338
2017/03/06 00:00:00.0,670,676,638.5,644,2581106,1842972
2017/03/07 00:00:00.0,643,651,635.5,643,1642832,1773860
2017/03/08 00:00:00.0,642,652.5,635.5,641,2353488,1819494
2017/03/09 00:00:00.0,642.5,645,619.5,635,2270648,1772764
2017/03/10 00:00:00.0,631.5,639.5,628,633,1541694,1732464
2017/03/13 00:00:00.0,632,656.5,613,655.5,2810368,1822760
2017/03/14 00:00:00.0,656.5,664,648.5,654.5,1766068,1686142
2017/03/15 00:00:00.0,651,698.5,651,694.5,2748282,1798128
2017/03/16 00:00:00.0,693,702,676.5,695,1916708,1743908
2017/03/17 00:00:00.0,691,692.5,668,678.5,1768792,1703348
2017/03/20 00:00:00.0,676.5,687,667.5,673,1673082,1630894
2017/03/21 00:00:00.0,671.5,673,634,639.5,1992544,1661928
2017/03/22 00:00:00.0,633.5,640.5,602,604,2009390,1699794
2017/03/23 00:00:00.0,604,615,603,603.5,1517464,1628956
2017/03/24 00:00:00.0,598,610.5,590.5,598,2038096,1763472
2017/03/27 00:00:00.0,595,596,558,565,2134430,1812238
2017/03/28 00:00:00.0,565,573.5,554,554.5,2007190,1853238
2017/03/29 00:00:00.0,559,581.5,559,579,2549892,1842156
2017/03/30 00:00:00.0,578,587.5,563,565,2178152,1853660
2017/03/31 00:00:00.0,577.5,581.5,547,557,1808968,1857436
2017/04/05 00:00:00.0,561,581,558,563,1752712,1912830
2017/04/06 00:00:00.0,565,576,558.5,562.5,2058118,2002622
2017/04/07 00:00:00.0,557,558.5,519.5,525.5,2558756,2116318
2017/04/10 00:00:00.0,526,531,516.5,518.5,1722048,2114164
2017/04/11 00:00:00.0,516.5,529,512.5,522.5,1817926,2119998
2017/04/12 00:00:00.0,519.5,520.5,501.5,503.5,2231844,2140304
2017/04/13 00:00:00.0,498,511,492.5,503,2079084,2122998
2017/04/14 00:00:00.0,503.5,516,499,504.5,2117544,2108406
2017/04/17 00:00:00.0,506.5,511,486.5,489.5,2363826,2223284
2017/04/18 00:00:00.0,489,492,460.5,465,2149808,2177694
2017/04/19 00:00:00.0,466,478,463.5,475.5,1928638,2116062
2017/04/20 00:00:00.0,478,485.5,457,484.5,2776926,2188598
2017/04/21 00:00:00.0,490.5,510,482,500.5,3426482,2060604
2017/04/24 00:00:00.0,501,504,482.5,498.5,2937108,2112242
2017/04/25 00:00:00.0,500.5,501.5,485.5,494,2682298,2163252
2017/04/26 00:00:00.0,494.5,509.5,489,492.5,2775762,2226784
2017/04/27 00:00:00.0,492.5,502.5,488.5,502,2482368,2126184
2017/04/28 00:00:00.0,503.5,517.5,497.5,517.5,2917210,2218198
2017/05/02 00:00:00.0,527,534.5,522,529,1779864,2114812
2017/05/03 00:00:00.0,527.5,531.5,518,519,1968518,2181346
2017/05/04 00:00:00.0,515,515.5,480.5,480.5,2814956,2051608
2017/05/05 00:00:00.0,472.5,475.5,453.5,458,2847768,2125590
2017/05/08 00:00:00.0,463.5,480.5,455,463.5,3645718,2304138
2017/05/09 00:00:00.0,459.5,465.5,455,463,2401338,2247608
2017/05/10 00:00:00.0,462,475,461,471,3088886,2263112
2017/05/11 00:00:00.0,472.5,478.5,442.5,462,4189616,2378680
2017/05/12 00:00:00.0,462,462,445,447,3165788,2393100
2017/05/15 00:00:00.0,448.5,458.5,439.5,453.5,2552114,2286098
2017/05/16 00:00:00.0,453.5,458.5,448.5,457.5,2121126,2252040
2017/05/17 00:00:00.0,457.5,477.5,456,474,3057326,2399090
2017/05/18 00:00:00.0,474.5,476.5,463,465.5,2781026,2287204
2017/05/19 00:00:00.0,458.5,487,451,485.5,4111278,2450212
2017/05/22 00:00:00.0,486.5,497.5,483.5,490.5,3463126,2275766
2017/05/23 00:00:00.0,491.5,494.5,475,476,2494330,2274928
2017/05/24 00:00:00.0,477,478.5,449,452.5,3386396,2379006
2017/05/25 00:00:00.0,455,463,444.5,445.5,3353240,2421372
2017/05/26 00:00:00.0,446,453,443,451,2474604,2193046
2017/05/31 00:00:00.0,450.5,451.5,421.5,422.5,2369264,2394740
2017/06/01 00:00:00.0,423,425.5,413.5,418.5,2411434,2403210
2017/06/02 00:00:00.0,421.5,432,417,427,2892492,2531272
2017/06/05 00:00:00.0,425,439.5,420.5,432,3471488,2466166
2017/06/06 00:00:00.0,427.5,435,421,429.5,2971464,2519436
2017/06/07 00:00:00.0,428.5,434,424,429.5,2189210,2429932
2017/06/08 00:00:00.0,429,434,420,421,3013318,2679178
2017/06/09 00:00:00.0,421,425.5,417,421.5,2205214,2538226
2017/06/12 00:00:00.0,421,435.5,420.5,432,2665234,2577284
2017/06/13 00:00:00.0,432.5,433.5,416.5,417,2402090,2577958
2017/06/14 00:00:00.0,416,430.5,411.5,430.5,2900976,2671794
2017/06/15 00:00:00.0,428.5,430,416,421.5,2813606,2625554
2017/06/16 00:00:00.0,424,434,421,425.5,3080048,2583748
2017/06/19 00:00:00.0,426.5,437.5,424.5,431,2551624,2536990
2017/06/20 00:00:00.0,431,436,427,429.5,2167958,2389248
2017/06/21 00:00:00.0,428,432,418.5,432,2298664,2471292
2017/06/22 00:00:00.0,433,436.5,424,424.5,2393132,2363694
2017/06/23 00:00:00.0,426,433,424.5,432.5,1801310,2390270
2017/06/26 00:00:00.0,432.5,433,426.5,431.5,1758040,2332886
2017/06/27 00:00:00.0,433,455.5,430,454,3052094,2685540
2017/06/28 00:00:00.0,454.5,458,451,455,2301844,2578518
2017/06/29 00:00:00.0,457.5,481.5,456.5,474,3792274,2526140
2017/06/30 00:00:00.0,471.5,474,462,471,2257200,2402244
2017/07/03 00:00:00.0,468.5,486,467.5,485,2532696,2513600
2017/07/04 00:00:00.0,486.5,490.5,459.5,462.5,3184626,2352344
2017/07/05 00:00:00.0,466,477,463.5,468,2959920,2333856
2017/07/06 00:00:00.0,464,470.5,455.5,469.5,2603400,2306850
2017/07/07 00:00:00.0,468,481.5,463,479,2650180,2446630
2017/07/10 00:00:00.0,478,482.5,472,476.5,2573356,2337218
2017/07/11 00:00:00.0,475.5,493,474.5,484,2813956,2387710
2017/07/12 00:00:00.0,484,494,479,483,2682206,2317240
2017/07/13 00:00:00.0,484.5,489,475.5,486.5,2297270,2321106
2017/07/14 00:00:00.0,485,486,467.5,477,2720892,2301458
2017/07/17 00:00:00.0,478,495,477,489.5,2642428,2321984
2017/07/18 00:00:00.0,491.5,516,491.5,509.5,3323540,2480336
2017/07/19 00:00:00.0,510.5,524.5,509.5,522,2606886,2265518
2017/07/20 00:00:00.0,524,524,505,506.5,2861654,2161682
2017/07/21 00:00:00.0,505.5,511.5,497.5,509.5,2539356,2049494
2017/07/24 00:00:00.0,511,513.5,492.5,503,2481770,2044058
2017/07/25 00:00:00.0,503.5,520,502.5,515.5,3000754,2103794
2017/07/26 00:00:00.0,519.5,525,506,509.5,3057536,2067414
2017/07/27 00:00:00.0,510.5,519.5,506.5,519.5,2584194,2106526
2017/07/28 00:00:00.0,518.5,526.5,514,520.5,2758988,2126342
2017/07/31 00:00:00.0,522.5,559,521,557.5,4129096,2111610
2017/08/01 00:00:00.0,561,566.5,552.5,553,2504570,1928314
2017/08/02 00:00:00.0,552.5,555.5,541,550.5,2826990,1906424
2017/08/03 00:00:00.0,548,562.5,542,549.5,3255956,1963666
2017/08/04 00:00:00.0,551,560.5,545,553,2672146,1926614
2017/08/07 00:00:00.0,554.5,593,547.5,568.5,4326208,1970310
2017/08/08 00:00:00.0,568.5,578,548,553.5,3307842,1911688
2017/08/09 00:00:00.0,555,572.5,552,570,3395028,1884916
2017/08/10 00:00:00.0,568.5,575,557,566.5,3232018,1835686
2017/08/11 00:00:00.0,563.5,573.5,530.5,538.5,3954982,1747896
2017/08/14 00:00:00.0,538.5,545.5,526.5,528.5,2668478,1712224
2017/08/15 00:00:00.0,529.5,535.5,520.5,531.5,2586504,1704394
2017/08/16 00:00:00.0,531.5,535,520.5,525.5,2489304,1754430
2017/08/17 00:00:00.0,527,562.5,526,555.5,4145046,1751046
2017/08/18 00:00:00.0,553,584.5,547.5,581,3371206,1745594
2017/08/21 00:00:00.0,573,601,561.5,596,4455862,1957138
2017/08/22 00:00:00.0,599,609,593.5,605,2909692,1886434
2017/08/23 00:00:00.0,602,602,565.5,578,3857378,1843588
2017/08/24 00:00:00.0,577.5,597,568.5,582,3617962,1805050
2017/08/25 00:00:00.0,582,600,576.5,585,3320566,1753848
2017/08/28 00:00:00.0,582,588,555.5,571.5,3538330,1730712
2017/08/29 00:00:00.0,572,576.5,550,553.5,3387378,1684172
2017/08/30 00:00:00.0,554,558,542.5,555,2830852,1648854
2017/08/31 00:00:00.0,555,573,545.5,571.5,3429510,1708750
2017/09/01 00:00:00.0,569,587,567.5,581.5,3170592,1689100
2017/09/04 00:00:00.0,581,596.5,563.5,564.5,3647326,1664356
2017/09/05 00:00:00.0,565.5,578,561.5,574.5,2907746,1675496
2017/09/06 00:00:00.0,575,585,548,549,3739590,1810142
2017/09/07 00:00:00.0,549.5,555,539.5,544,3408308,1901608
2017/09/08 00:00:00.0,545,560,529.5,533,3774036,1836252
2017/09/11 00:00:00.0,534,536,517.5,531.5,3368874,1725704
2017/09/12 00:00:00.0,532.5,547.5,526.5,546.5,3561562,1796334
2017/09/13 00:00:00.0,545.5,551,527,532.5,3178918,1767586
2017/09/14 00:00:00.0,531,533.5,506,508.5,3659210,1985224
2017/09/15 00:00:00.0,509,512.5,501.5,506.5,2593222,1932056
2017/09/18 00:00:00.0,505,512,492,509.5,3254724,1979618
2017/09/19 00:00:00.0,509.5,512.5,496,496,2564760,1992466
2017/09/20 00:00:00.0,493,500.5,485.5,490.5,2775124,2054926
2017/09/21 00:00:00.0,492,497,469,469.5,3503410,2220032
2017/09/22 00:00:00.0,469,472,461.5,464,2488790,2158142
2017/09/25 00:00:00.0,466.5,471,455,465.5,2697878,2173622
2017/09/26 00:00:00.0,466.5,470.5,460,462.5,2400534,2194426
2017/09/27 00:00:00.0,463,473.5,458.5,471,3073482,2263620
2017/09/28 00:00:00.0,473.5,476,443,449.5,3554180,2225138
2017/09/29 00:00:00.0,450.5,457,444.5,453,2381042,2074000
2017/10/09 00:00:00.0,460,462.5,436,441.5,1949586,2234314
2017/10/10 00:00:00.0,440.5,446.5,433.5,438.5,2415562,2451148
2017/10/11 00:00:00.0,437,443.5,434.5,435,2113576,2456134
2017/10/12 00:00:00.0,434.5,448,424.5,440,3364732,2608584
2017/10/13 00:00:00.0,439.5,454.5,436.5,454,3359946,2574414
2017/10/16 00:00:00.0,454.5,468,450,461,3809606,2558766
2017/10/17 00:00:00.0,461,465,444,451,3803538,2633470
2017/10/18 00:00:00.0,452,463,450,457.5,3151004,2626122
2017/10/19 00:00:00.0,455.5,456.5,437.5,443.5,3950520,2735406
2017/10/20 00:00:00.0,443,470,441,469.5,3786000,2690974
2017/10/23 00:00:00.0,467.5,471.5,450,463.5,4710656,2679860
2017/10/24 00:00:00.0,463.5,472,458.5,462,3328054,2599244
2017/10/25 00:00:00.0,462,469.5,453.5,458.5,3468664,2650474
2017/10/26 00:00:00.0,458,460,454,457.5,2265962,2548726
2017/10/27 00:00:00.0,455.5,456.5,431.5,433,3658226,2780534
2017/10/30 00:00:00.0,431,438,427,430.5,2687776,2683708
2017/10/31 00:00:00.0,430.5,440,428,435,2528522,2683430
2017/11/01 00:00:00.0,435.5,447,433.5,436.5,2734270,2645438
2017/11/02 00:00:00.0,435.5,455,433.5,450,3415122,2714610
2017/11/03 00:00:00.0,449.5,454.5,445,448,2632212,2631732
2017/11/06 00:00:00.0,449.5,476,448,475,3725648,2689180
2017/11/07 00:00:00.0,474.5,481.5,468,475,3144888,2604734
2017/11/08 00:00:00.0,475,479.5,468,472.5,2933644,2602682
2017/11/09 00:00:00.0,474.5,486.5,463,467.5,4568290,2697854
2017/11/10 00:00:00.0,467.5,474,460.5,470.5,3061356,2590706
2017/11/13 00:00:00.0,470.5,477,463.5,474,3334866,2719182
2017/11/14 00:00:00.0,474,479.5,469.5,473,2740894,2579670
2017/11/15 00:00:00.0,474,478,452.5,454.5,3711412,2551562
2017/11/16 00:00:00.0,455.5,467,454.5,463.5,2765256,2422176
2017/11/17 00:00:00.0,464.5,473.5,463.5,465.5,3411098,2456724
2017/11/20 00:00:00.0,466.5,479.5,461,475,3147126,2433762
2017/11/21 00:00:00.0,475.5,482.5,473,479,2587902,2344716
2017/11/22 00:00:00.0,480.5,489.5,477.5,488,3236642,2438274
2017/11/23 00:00:00.0,489.5,506,488.5,501.5,3966856,2458668
2017/11/24 00:00:00.0,502,509,496.5,508,2728346,2313174
2017/11/27 00:00:00.0,507.5,512,500.5,502,2924314,2290114
2017/11/28 00:00:00.0,502,504.5,493.5,502,2466492,2125788
2017/11/29 00:00:00.0,501.5,509.5,495.5,509,2583238,2240826
2017/11/30 00:00:00.0,508.5,523.5,504,517.5,3314380,2262640
2017/12/01 00:00:00.0,518.5,527,516,524.5,2657874,2230220
2017/12/04 00:00:00.0,525.5,552.5,524,547,3419036,2256228
2017/12/05 00:00:00.0,546,551,536.5,538,2748900,2245726
2017/12/06 00:00:00.0,539,542.5,519.5,521.5,3094792,2166148
2017/12/07 00:00:00.0,521.5,523,490.5,494,3668932,1945546
2017/12/08 00:00:00.0,495,507,489.5,505.5,3054370,1939240
2017/12/11 00:00:00.0,505.5,518,494,495,3700854,2069456
2017/12/12 00:00:00.0,497,513,494.5,501.5,3691616,2028690
2017/12/13 00:00:00.0,501.5,509,490.5,504.5,3872278,2088668
2017/12/14 00:00:00.0,505,507.5,494,497,3129696,2061460
2017/12/15 00:00:00.0,497.5,508.5,492,506,2928038,2080048
2017/12/18 00:00:00.0,507,538,506,534,4422730,2215418
2017/12/19 00:00:00.0,533,538,524,527,3084668,2083716
2017/12/20 00:00:00.0,525.5,530,521,528.5,2538328,2086580
2017/12/21 00:00:00.0,529,548.5,525,531.5,4303738,2259748
2017/12/22 00:00:00.0,531.5,546,528,545,3385840,2247788
2017/12/25 00:00:00.0,545,550,523,525,3546460,2224678
2017/12/26 00:00:00.0,524,524.5,511.5,521,3213226,1971742
2017/12/27 00:00:00.0,520.5,523.5,513.5,515,2985412,2015276
2017/12/28 00:00:00.0,515.5,522.5,510,518.5,2387580,1958902
2017/12/29 00:00:00.0,517.5,537.5,516.5,531,3652190,2037326
2018/01/02 00:00:00.0,531,546,530.5,543.5,2200198,2087454
2018/01/03 00:00:00.0,543.5,546.5,535,536,2420944,2056584
2018/01/04 00:00:00.0,534.5,545.5,533.5,543.5,2663544,2145266
2018/01/05 00:00:00.0,542,550.5,528.5,538.5,3394438,2154998
2018/01/08 00:00:00.0,538,556.5,534.5,556,3155452,2294568
2018/01/09 00:00:00.0,555.5,564,555,562,2411746,2353716
2018/01/10 00:00:00.0,563,566,553.5,559,2402002,2377438
2018/01/11 00:00:00.0,560,562,551,558,2315280,2322138
2018/01/12 00:00:00.0,557.5,559.5,541,546,2893022,2253852
2018/01/15 00:00:00.0,544,546,533.5,538.5,2462738,2191654
2018/01/16 00:00:00.0,540,545.5,529.5,532,2503194,2203796
2018/01/17 00:00:00.0,529.5,536.5,528,533.5,2351174,2122042
2018/01/18 00:00:00.0,532.5,541,531.5,538.5,2026402,2097608
2018/01/19 00:00:00.0,539.5,546,533,545,2494072,2170722
2018/01/22 00:00:00.0,546,549,540,542.5,2143164,2018440
2018/01/23 00:00:00.0,542,542.5,519.5,523.5,3241464,2264422
2018/01/24 00:00:00.0,521,528,520.5,524,1605980,2105088
2018/01/25 00:00:00.0,525,538.5,521,532,2519152,2111806
2018/01/26 00:00:00.0,532,533,517.5,521.5,2485574,2142432
2018/01/29 00:00:00.0,521.5,524.5,513.5,517,1957894,2106648
2018/01/30 00:00:00.0,517,524.5,516.5,520,1798824,2068226
2018/01/31 00:00:00.0,519.5,522.5,507.5,512.5,2255002,2177776
2018/02/01 00:00:00.0,513.5,514.5,506,509,1782260,2115362
2018/02/02 00:00:00.0,510,521,509.5,516,2078390,2042728
2018/02/05 00:00:00.0,516.5,529.5,516,528.5,2463582,2084294
2018/02/06 00:00:00.0,529.5,531,518,523,2089550,1996112
2018/02/07 00:00:00.0,523.5,529.5,520,528.5,1799468,1896744
2018/02/08 00:00:00.0,528.5,530,523,525.5,1652404,1867898
2018/02/09 00:00:00.0,526.5,537,520.5,525,2884670,1932440
2018/02/12 00:00:00.0,524.5,527.5,519.5,524.5,1504522,1748000
2018/02/13 00:00:00.0,524.5,532.5,523,530.5,1290822,1721014
2018/02/14 00:00:00.0,531.5,543,530.5,541.5,1392230,1651560
2018/02/22 00:00:00.0,541.5,546.5,534.5,540.5,1157070,1689884
2018/02/23 00:00:00.0,538,551,538,550.5,1741022,1884526
2018/02/26 00:00:00.0,550,558.5,547,551,1652806,1849190
2018/02/27 00:00:00.0,551,554,542.5,548.5,1721266,1892474
2018/02/28 00:00:00.0,548,548.5,543,545.5,1429694,1846660
2018/03/01 00:00:00.0,544.5,550,543,546.5,1698720,1950454
2018/03/02 00:00:00.0,544.5,548,536.5,539.5,1189156,1796940
2018/03/05 00:00:00.0,540,541.5,521,522,2345412,2036876
2018/03/06 00:00:00.0,522,527,518.5,522.5,1805908,1950196
2018/03/07 00:00:00.0,523.5,527,518,519,1976580,2052126
2018/03/08 00:00:00.0,517,517.5,502.5,502.5,2234190,2107784
2018/03/09 00:00:00.0,501,504.5,482,486,3221354,2203796
2018/03/12 00:00:00.0,488.5,492,478,481,2747936,2234046
2018/03/13 00:00:00.0,480,486,478.5,481,1981390,2216652
2018/03/14 00:00:00.0,482,495.5,481,492,2857444,2237670
2018/03/15 00:00:00.0,492.5,496.5,488.5,492,2233202,2109338
2018/03/16 00:00:00.0,491.5,491.5,483.5,485.5,2318238,2173434
2018/03/19 00:00:00.0,484,484,464.5,465.5,3281546,2369912
2018/03/20 00:00:00.0,465,468.5,456.5,462,2613844,2342274
2018/03/21 00:00:00.0,463.5,470,459,464,2975222,2417126
2018/03/22 00:00:00.0,465,473.5,462.5,467.5,3407832,2383414
2018/03/23 00:00:00.0,466.5,468.5,431,439,5021714,2207320
2018/03/26 00:00:00.0,439,445.5,437,441.5,2815450,2224492
2018/03/27 00:00:00.0,440,449.5,440,445.5,2612418,2206636
2018/03/28 00:00:00.0,445,448,431.5,442.5,3533888,2402852
2018/03/29 00:00:00.0,443,447,434.5,446.5,2832994,2329998
2018/03/30 00:00:00.0,445.5,451.5,439.5,450,3315740,2276030
2018/04/02 00:00:00.0,450,469,447,452.5,4164478,2306270
2018/04/03 00:00:00.0,453,460,445,449.5,3572902,2315890
2018/04/04 00:00:00.0,449,450.5,432.5,436,3832360,2524840
2018/04/09 00:00:00.0,434,443,431,441.5,2670442,2568368
2018/04/10 00:00:00.0,442,453,442,449,1568332,2386396
2018/04/11 00:00:00.0,449.5,457.5,443.5,445,3450074,2457348
2018/04/12 00:00:00.0,443.5,452.5,439.5,446.5,4010250,2549058
2018/04/13 00:00:00.0,444,454,441,450.5,3465062,2478618
2018/04/16 00:00:00.0,450.5,454,433.5,436,4120392,2679180
2018/04/17 00:00:00.0,436,443,432,437,3802252,2595378
2018/04/18 00:00:00.0,438,449,438,447,4368634,2594824
2018/04/19 00:00:00.0,451,473.5,451,473,5134382,2479610
2018/04/20 00:00:00.0,472.5,474,457.5,459.5,4124518,2358648
2018/04/23 00:00:00.0,460,481,459,475.5,4597214,2279194
2018/04/24 00:00:00.0,472,477.5,468,468.5,2962090,2206302
2018/04/25 00:00:00.0,469,475.5,464.5,466.5,3336400,2192418
2018/04/26 00:00:00.0,466.5,471.5,462,464.5,2446200,2158158
2018/04/27 00:00:00.0,464,470,454,459.5,3160134,2143038
2018/05/02 00:00:00.0,462.5,475,460.5,473,2480870,2101018
2018/05/03 00:00:00.0,473,480.5,470.5,473,2766828,2114614
2018/05/04 00:00:00.0,472,473,462.5,470.5,3089748,2172544
2018/05/07 00:00:00.0,468,474.5,459,469.5,3486734,2291086
2018/05/08 00:00:00.0,468.5,476.5,467,475,3029088,2271138
2018/05/09 00:00:00.0,472.5,474.5,467,469,2922464,2300922
2018/05/10 00:00:00.0,467,473.5,464,469,2662092,2296324
2018/05/11 00:00:00.0,469,485,468,481,3672604,2438276
2018/05/14 00:00:00.0,479.5,488,479.5,486.5,2999926,2434396
2018/05/15 00:00:00.0,484,492,478,483.5,3542740,2358298
2018/05/16 00:00:00.0,482,488.5,476.5,480.5,3145920,2301144
2018/05/17 00:00:00.0,478.5,482.5,475.5,481,2070854,2182102
2018/05/18 00:00:00.0,480.5,484.5,473.5,476,2761788,2191166
2018/05/21 00:00:00.0,474.5,474.5,460,463,2988830,2221444
2018/05/22 00:00:00.0,461,465.5,451,454,2304358,2189316
2018/05/23 00:00:00.0,456,456.5,447.5,454.5,2512706,2190656
2018/05/24 00:00:00.0,453,459,453,457.5,1741824,2018026
2018/05/25 00:00:00.0,458,462,448.5,452.5,2343270,2224602
2018/05/28 00:00:00.0,450.5,459,447,452,2281344,2203260
2018/05/29 00:00:00.0,451,466,449.5,462.5,2663024,2141210
2018/05/30 00:00:00.0,461.5,467,452.5,454,2570594,2121214
2018/05/31 00:00:00.0,453.5,464.5,453.5,460.5,2041198,2006090
2018/06/01 00:00:00.0,460,469.5,456,458.5,2697678,2105516
2018/06/04 00:00:00.0,458.5,461.5,453.5,455.5,2152332,2041656
2018/06/05 00:00:00.0,455,466,454,465.5,2311894,2129436
2018/06/06 00:00:00.0,466.5,474,464.5,469,2528928,2193106
2018/06/07 00:00:00.0,469,476.5,466.5,467.5,2468094,2164692
2018/06/08 00:00:00.0,467.5,469,461.5,465.5,2119878,2069494
2018/06/11 00:00:00.0,466,471.5,463.5,468.5,1574506,2020648
2018/06/12 00:00:00.0,468.5,473,462.5,472,2177498,2133500
2018/06/13 00:00:00.0,469.5,472.5,464.5,470,2043506,2007076
2018/06/14 00:00:00.0,467.5,474,467.5,472,1723098,2032342
2018/06/15 00:00:00.0,469.5,476,466.5,472.5,1729352,1903288
2018/06/19 00:00:00.0,468.5,469.5,443,450,2616606,2128152
2018/06/20 00:00:00.0,449.5,456,448.5,453.5,1484300,1928402
2018/06/21 00:00:00.0,454.5,461,452.5,454,1741888,1914374
2018/06/22 00:00:00.0,454.5,459,452,457.5,1558506,1816882
2018/06/25 00:00:00.0,458.5,469.5,458,463.5,2356870,1933096
2018/06/26 00:00:00.0,463.5,466.5,458.5,462.5,2022098,1844258
2018/06/27 00:00:00.0,462.5,467.5,461,461,1469686,1756622
2018/06/28 00:00:00.0,462.5,470,462.5,467.5,1621042,1798852
2018/06/29 00:00:00.0,467.5,476,467,474,1975010,1782534
2018/07/02 00:00:00.0,474,474,460,463.5,2012646,1713338
2018/07/03 00:00:00.0,464,467.5,462,464,1304662,1590050
2018/07/04 00:00:00.0,464,467,460.5,462.5,1345256,1579360
2018/07/05 00:00:00.0,460.5,462,453,457,2329148,1653716
2018/07/06 00:00:00.0,457.5,462,455.5,459.5,1589846,1519942
2018/07/09 00:00:00.0,460,463.5,453,462.5,1639878,1592546
2018/07/10 00:00:00.0,462.5,464,458.5,459.5,1346216,1504250
2018/07/11 00:00:00.0,460,465,450,463,1964992,1537916
2018/07/12 00:00:00.0,462.5,467.5,460.5,466,1690692,1471278
2018/07/13 00:00:00.0,466.5,466.5,461,462.5,985370,1360968
2018/07/16 00:00:00.0,462.5,467.5,460,465.5,974354,1384702
2018/07/17 00:00:00.0,465.5,466,462,464.5,996582,1315542
2018/07/18 00:00:00.0,464.5,468,463,464.5,1028992,1335280
2018/07/19 00:00:00.0,465.5,472.5,465,466.5,1445506,1333222
2018/07/20 00:00:00.0,466,472,466,471.5,758110,1199694
2018/07/23 00:00:00.0,472,476,470,475,1225640,1337914
2018/07/24 00:00:00.0,476,477.5,473.5,475.5,1077976,1268982
2018/07/25 00:00:00.0,476.5,479.5,475,477,1026136,1269140
2018/07/26 00:00:00.0,477,478,474,476,965934,1241020
2018/07/27 00:00:00.0,476,493,475.5,492,2057734,1553214
2018/07/30 00:00:00.0,492.5,493.5,484,488.5,1910112,1384986
2018/07/31 00:00:00.0,488.5,490.5,486,488.5,1235518,1311048
2018/08/01 00:00:00.0,489.5,491,473.5,476.5,1688162,1336180
2018/08/02 00:00:00.0,476.5,478,471,477,1245380,1212336
2018/08/03 00:00:00.0,478,488.5,477.5,485.5,1395374,1248506
2018/08/06 00:00:00.0,486,514.5,484.5,504.5,2749798,1423420
2018/08/07 00:00:00.0,505.5,514,503,511,2078346,1352786
2018/08/08 00:00:00.0,511,514,503.5,507,1687584,1331092
2018/08/09 00:00:00.0,506.5,508.5,504.5,506.5,391150,1213696
2018/08/10 00:00:00.0,513.5,517,505.5,506.5,1305318,1237688
2018/08/13 00:00:00.0,507,517.5,506,517,1454964,1260520
2018/08/14 00:00:00.0,517,519.5,502,507.5,1523680,1204746
2018/08/15 00:00:00.0,508.5,509,500,504,1429546,1141464
2018/08/16 00:00:00.0,503.5,512,484.5,495,2166682,1187734
2018/08/17 00:00:00.0,495.5,507.5,491,505.5,1770532,1097566
2018/08/20 00:00:00.0,507.5,514.5,498.5,507,1932038,1145780
2018/08/21 00:00:00.0,508,509.5,490.5,494.5,1874768,1098374
2018/08/22 00:00:00.0,494,499.5,485,485.5,1285590,1013948
2018/08/23 00:00:00.0,485.5,494,485,487.5,1208918,975722
2018/08/24 00:00:00.0,487.5,493.5,486,490.5,797522,942484
2018/08/27 00:00:00.0,491,495,477,479.5,1218282,981858
2018/08/28 00:00:00.0,479,485.5,479,482.5,633944,903578
2018/08/29 00:00:00.0,483.5,488,479,481,792726,911112
2018/08/30 00:00:00.0,481.5,487,477,485,1328548,1019970
2018/08/31 00:00:00.0,485.5,491.5,485,485.5,1267056,889198
2018/09/03 00:00:00.0,485.5,487.5,478.5,484.5,1154064,854298
2018/09/04 00:00:00.0,484.5,488.5,482,488.5,874186,865384
2018/09/05 00:00:00.0,488,490,484,487,1025066,866716
2018/09/06 00:00:00.0,487,502.5,487,502.5,1792398,1011226
2018/09/07 00:00:00.0,502,505.5,493.5,498,1816012,993630
2018/09/10 00:00:00.0,498,504,494.5,497.5,1295914,957484
2018/09/11 00:00:00.0,498,501,491.5,492.5,1383970,907094
2018/09/12 00:00:00.0,492.5,495,484,492.5,1340396,873628
2018/09/13 00:00:00.0,493,505,493,503.5,1515974,961636
2018/09/14 00:00:00.0,503,506.5,499,501.5,1231640,997876
2018/09/17 00:00:00.0,501.5,507,497,500,1526340,918738
2018/09/18 00:00:00.0,500,508,498.5,506.5,1027534,956142
2018/09/19 00:00:00.0,507.5,513.5,504,504.5,1006028,970876
2018/09/20 00:00:00.0,504.5,507,499.5,502,718374,922824
2018/09/21 00:00:00.0,502.5,504.5,500,501.5,632652,872356
2018/09/25 00:00:00.0,501,502.5,494.5,497,616542,822452
2018/09/26 00:00:00.0,498,505.5,497.5,500.5,882230,846976
2018/09/27 00:00:00.0,500.5,506,496,497.5,804546,777212
2018/09/28 00:00:00.0,497.5,498.5,487,496,1353242,685986
2018/10/08 00:00:00.0,498,500,491.5,498.5,766352,722212
2018/10/09 00:00:00.0,499.5,512,498.5,509,1314030,787196
2018/10/10 00:00:00.0,509.5,518,509.5,515,1079150,850256
2018/10/11 00:00:00.0,514.5,518.5,506,512,1108362,842412
2018/10/12 00:00:00.0,512,517.5,508,515,847500,885794
2018/10/15 00:00:00.0,515.5,518,509,509,845794,854132
2018/10/16 00:00:00.0,509,514.5,506.5,508,932884,852666
2018/10/17 00:00:00.0,508.5,522.5,504.5,522,1071858,942436
2018/10/18 00:00:00.0,523,530.5,512.5,516,1955400,941990
2018/10/19 00:00:00.0,515,518,510,513,1136594,870260
2018/10/22 00:00:00.0,513.5,525,513,523,1146290,925290
2018/10/23 00:00:00.0,523.5,525,516,518,907754,936520
2018/10/24 00:00:00.0,518,535,516,534.5,1188202,1104140
2018/10/25 00:00:00.0,534.5,535.5,524.5,532,1249814,1084182
2018/10/26 00:00:00.0,532.5,539,528.5,536.5,1141868,1096748
2018/10/29 00:00:00.0,537,545.5,534.5,535.5,1758658,1105296
2018/10/30 00:00:00.0,535,540,531.5,536.5,891814,1075992
2018/10/31 00:00:00.0,539.5,539.5,526.5,530.5,1181580,1091440
2018/11/01 00:00:00.0,530.5,532,515.5,516,1380026,1086262
2018/11/02 00:00:00.0,515.5,518,498,505,1691408,1041010
2018/11/05 00:00:00.0,505,511.5,502,511.5,1062852,1017494
2018/11/06 00:00:00.0,512.5,514.5,504,505,1347674,1078850
2018/11/07 00:00:00.0,504,508,499.5,505.5,1127146,1084498
2018/11/08 00:00:00.0,506.5,513,501.5,512,1692908,1136956
2018/11/09 00:00:00.0,512.5,518.5,510,513,1728610,1173308
2018/11/12 00:00:00.0,511.5,514.5,503.5,509,1648908,1140054
2018/11/13 00:00:00.0,508,511.5,501.5,503,1412690,1131652
2018/11/14 00:00:00.0,501.5,505,494.5,500,1532800,1131258
2018/11/15 00:00:00.0,498.5,502.5,497.5,501.5,840268,1084372
2018/11/16 00:00:00.0,501,514.5,500.5,510.5,1676270,1094860
2018/11/19 00:00:00.0,508.5,517.5,505,516,1626790,1178230
2018/11/20 00:00:00.0,514,516,502,504,1336786,1131578
2018/11/21 00:00:00.0,501.5,514,487,513.5,2102614,1071002
2018/11/22 00:00:00.0,511.5,512.5,502.5,504.5,1599172,990144
2018/11/23 00:00:00.0,502,502.5,485,486,2058268,1091954
2018/11/26 00:00:00.0,483.5,483.5,465,465,1591800,1118824
2018/11/27 00:00:00.0,457.5,466.5,452.5,458,1592692,1037530
2018/11/28 00:00:00.0,458,467,455.5,462.5,1473620,1071374
2018/11/29 00:00:00.0,463.5,469.5,461,464.5,1203954,1075858
2018/11/30 00:00:00.0,465,470,461,466,1229124,1029452
2018/12/03 00:00:00.0,464.5,490.5,459.5,475,2085300,999754
2018/12/04 00:00:00.0,474.5,483,474,482,1407002,990660
2018/12/05 00:00:00.0,483,487,478,486.5,1454866,979370
2018/12/06 00:00:00.0,488,491,478.5,480.5,1053318,963692
2018/12/07 00:00:00.0,477.5,487.5,475.5,486.5,1264192,944786
2018/12/10 00:00:00.0,486.5,487.5,478,483,1479040,951280
2018/12/11 00:00:00.0,483,484.5,477.5,483,1067650,930384
2018/12/12 00:00:00.0,484,489,479,481,1385238,933426
2018/12/13 00:00:00.0,482,486.5,480,485.5,1109808,920638
2018/12/14 00:00:00.0,487,491,484.5,489,1162732,937110
2018/12/17 00:00:00.0,489.5,498.5,489,495,1284902,902822
2018/12/18 00:00:00.0,496,497,491,494,1010098,882854
2018/12/19 00:00:00.0,494,498.5,490.5,493.5,1300162,937746
2018/12/20 00:00:00.0,494.5,503,491.5,502,1462658,1016312
2018/12/21 00:00:00.0,504,505.5,499.5,503,1074308,992012
2018/12/24 00:00:00.0,504,504,491,496.5,1324420,986606
2018/12/25 00:00:00.0,497.5,497.5,486.5,491.5,1148012,965116
2018/12/26 00:00:00.0,492.5,499,491.5,497.5,1046460,1018464
2018/12/27 00:00:00.0,499.5,502.5,491.5,496,1288006,986880
