2013/03/22 00:00:00.0,1277,1305,1258,1268,848916,97386
2013/03/25 00:00:00.0,1276,1287,1252,1259,725382,142872
2013/03/26 00:00:00.0,1256,1277,1250,1273,836840,144930
2013/03/27 00:00:00.0,1280,1280,1261,1263,499836,129630
2013/03/28 00:00:00.0,1265,1275,1250,1261,647728,102950
2013/03/29 00:00:00.0,1259,1270,1234,1242,740158,99138
2013/04/01 00:00:00.0,1237,1244,1204,1204,712904,158596
2013/04/02 00:00:00.0,1199,1232,1193,1230,1051156,133458
2013/04/03 00:00:00.0,1226,1235,1216,1218,607758,106552
2013/04/08 00:00:00.0,1201,1225,1200,1222,556890,124482
2013/04/09 00:00:00.0,1223,1234,1215,1225,552678,147284
2013/04/10 00:00:00.0,1226,1229,1213,1217,378614,137118
2013/04/11 00:00:00.0,1210,1227,1204,1208,403936,140808
2013/04/12 00:00:00.0,1207,1222,1205,1211,462552,141030
2013/04/15 00:00:00.0,1192,1197,1166,1176,443474,132316
2013/04/16 00:00:00.0,1162,1182,1153,1181,326720,122134
2013/04/17 00:00:00.0,1183,1191,1150,1167,704204,124944
2013/04/18 00:00:00.0,1150,1171,1129,1159,572508,127480
2013/04/19 00:00:00.0,1161,1169,1150,1165,429072,126858
2013/04/22 00:00:00.0,1162,1166,1148,1148,274358,116072
2013/04/23 00:00:00.0,1153,1155,1131,1136,240028,108198
2013/04/24 00:00:00.0,1136,1160,1131,1147,411370,102342
2013/04/25 00:00:00.0,1146,1150,1139,1145,158940,91108
2013/04/26 00:00:00.0,1149,1158,1139,1141,166056,79598
2013/05/02 00:00:00.0,1125,1126,1105,1122,111716,86020
2013/05/03 00:00:00.0,1130,1141,1127,1132,182778,95792
2013/05/06 00:00:00.0,1149,1152,1138,1143,119894,90746
2013/05/07 00:00:00.0,1137,1151,1134,1137,109040,86040
2013/05/08 00:00:00.0,1136,1152,1136,1151,89534,89886
2013/05/09 00:00:00.0,1148,1153,1141,1145,90134,87162
2013/05/10 00:00:00.0,1145,1156,1140,1153,87704,85350
2013/05/13 00:00:00.0,1153,1189,1149,1181,342354,94784
2013/05/14 00:00:00.0,1181,1188,1164,1183,299918,93410
2013/05/15 00:00:00.0,1178,1183,1147,1149,315236,87012
2013/05/16 00:00:00.0,1149,1160,1129,1149,322900,88732
2013/05/17 00:00:00.0,1152,1168,1145,1167,348294,85354
2013/05/20 00:00:00.0,1164,1177,1163,1167,214104,91824
2013/05/21 00:00:00.0,1171,1176,1157,1169,209232,96754
2013/05/22 00:00:00.0,1165,1181,1164,1177,175390,98138
2013/05/23 00:00:00.0,1166,1171,1152,1152,179606,91834
2013/05/24 00:00:00.0,1156,1163,1151,1152,138520,92692
2013/05/27 00:00:00.0,1149,1149,1134,1135,135946,89920
2013/05/28 00:00:00.0,1136,1139,1126,1132,126932,94938
2013/05/29 00:00:00.0,1132,1137,1115,1117,159434,103714
2013/05/30 00:00:00.0,1109,1120,1107,1115,188226,104668
2013/05/31 00:00:00.0,1121,1122,1099,1100,168264,112612
2013/06/03 00:00:00.0,1100,1111,1091,1105,217358,109550
2013/06/04 00:00:00.0,1107,1109,1097,1109,158250,110888
2013/06/05 00:00:00.0,1111,1112,1099,1108,148352,112706
2013/06/06 00:00:00.0,1104,1105,1063,1063,314368,146154
2013/06/07 00:00:00.0,1057,1060,1040,1049,315440,140090
2013/06/13 00:00:00.0,1040,1050,1033,1043,206484,146982
2013/06/14 00:00:00.0,1046,1048,1032,1037,236742,162084
2013/06/17 00:00:00.0,1041,1067,1038,1051,311558,153454
2013/06/18 00:00:00.0,1053,1056,1045,1053,173942,160276
2013/06/19 00:00:00.0,1051,1053,1035,1045,368750,184314
2013/06/20 00:00:00.0,1037,1040,1009,1015,450456,213092
2013/06/21 00:00:00.0,1005,1031,1000,1021,360238,200022
2013/06/24 00:00:00.0,1022,1039,1016,1018,523584,223188
2013/06/25 00:00:00.0,1021,1042,1020,1041,469858,241870
2013/06/26 00:00:00.0,1042,1045,1021,1030,461944,230620
2013/06/27 00:00:00.0,1030,1039,1021,1034,400668,221034
2013/06/28 00:00:00.0,1029,1038,1026,1030,259480,213006
2013/07/01 00:00:00.0,1025,1037,1014,1024,506232,240590
2013/07/02 00:00:00.0,1027,1032,1016,1024,701944,268062
2013/07/03 00:00:00.0,1024,1028,1016,1023,424506,236842
2013/07/04 00:00:00.0,1023,1041,1018,1038,675484,250032
2013/07/05 00:00:00.0,1038,1042,1036,1040,295862,233466
2013/07/08 00:00:00.0,1040,1040,1024,1031,260048,210446
2013/07/09 00:00:00.0,1039,1039,1022,1024,218366,216368
2013/07/10 00:00:00.0,1023,1058,1017,1053,723804,225680
2013/07/11 00:00:00.0,1058,1076,1051,1058,834422,194948
2013/07/12 00:00:00.0,1055,1062,1047,1047,441220,182752
2013/07/15 00:00:00.0,1045,1052,1036,1036,318968,181452
2013/07/16 00:00:00.0,1039,1043,1031,1040,311984,188322
2013/07/17 00:00:00.0,1039,1063,1038,1059,559636,205874
2013/07/18 00:00:00.0,1058,1065,1052,1064,502252,207218
2013/07/19 00:00:00.0,1068,1076,1062,1067,429050,171750
2013/07/22 00:00:00.0,1071,1081,1061,1071,462384,176828
2013/07/23 00:00:00.0,1069,1076,1068,1075,256316,168712
2013/07/24 00:00:00.0,1076,1081,1059,1068,431476,158530
2013/07/25 00:00:00.0,1065,1074,1062,1066,282884,158748
2013/07/26 00:00:00.0,1067,1070,1059,1061,204598,143716
2013/07/29 00:00:00.0,1056,1057,1045,1047,175278,133380
2013/07/30 00:00:00.0,1049,1054,1041,1048,191794,135790
2013/07/31 00:00:00.0,1045,1055,1044,1053,178368,140604
2013/08/01 00:00:00.0,1059,1068,1055,1065,212154,138148
2013/08/02 00:00:00.0,1070,1074,1066,1074,153204,141088
2013/08/05 00:00:00.0,1073,1083,1072,1079,170856,153708
2013/08/06 00:00:00.0,1080,1081,1071,1077,165212,141896
2013/08/07 00:00:00.0,1074,1083,1069,1081,207110,145376
2013/08/08 00:00:00.0,1082,1111,1082,1107,328756,145016
2013/08/09 00:00:00.0,1106,1131,1102,1128,430012,191836
2013/08/12 00:00:00.0,1134,1158,1131,1158,526036,214100
2013/08/13 00:00:00.0,1160,1178,1151,1171,524332,196948
2013/08/14 00:00:00.0,1168,1181,1157,1163,620316,200232
2013/08/15 00:00:00.0,1170,1193,1164,1170,860632,247178
2013/08/16 00:00:00.0,1168,1176,1144,1152,981602,248058
2013/08/19 00:00:00.0,1149,1180,1146,1161,681766,254272
2013/08/20 00:00:00.0,1164,1183,1156,1173,989474,284354
2013/08/21 00:00:00.0,1176,1181,1167,1175,561730,279220
2013/08/22 00:00:00.0,1172,1188,1168,1172,657112,275062
2013/08/23 00:00:00.0,1172,1198,1172,1190,776598,309414
2013/08/26 00:00:00.0,1199,1224,1197,1199,743432,331318
2013/08/27 00:00:00.0,1193,1199,1182,1186,526420,325868
2013/08/28 00:00:00.0,1186,1190,1144,1144,787848,328754
2013/08/29 00:00:00.0,1140,1147,1123,1140,855546,293640
2013/08/30 00:00:00.0,1139,1143,1126,1139,556868,299542
2013/09/02 00:00:00.0,1147,1177,1147,1171,543240,294614
2013/09/03 00:00:00.0,1173,1178,1152,1165,479908,291226
2013/09/04 00:00:00.0,1169,1173,1153,1160,430082,273734
2013/09/05 00:00:00.0,1155,1173,1154,1170,489456,272420
2013/09/06 00:00:00.0,1172,1177,1154,1162,492574,272258
2013/09/09 00:00:00.0,1170,1178,1167,1173,335368,265608
2013/09/10 00:00:00.0,1173,1174,1156,1163,359554,268136
2013/09/11 00:00:00.0,1166,1166,1156,1165,335916,288470
2013/09/12 00:00:00.0,1164,1164,1150,1152,350968,286786
2013/09/13 00:00:00.0,1150,1150,1140,1140,248982,287150
2013/09/16 00:00:00.0,1144,1154,1139,1142,231702,292170
2013/09/17 00:00:00.0,1138,1153,1130,1150,383362,289458
2013/09/18 00:00:00.0,1146,1168,1143,1168,344248,301876
2013/09/23 00:00:00.0,1162,1180,1156,1179,365096,331798
2013/09/24 00:00:00.0,1178,1185,1166,1171,406202,353224
2013/09/25 00:00:00.0,1171,1178,1164,1176,512184,392810
2013/09/26 00:00:00.0,1177,1177,1169,1172,251268,388648
2013/09/27 00:00:00.0,1172,1173,1152,1155,266776,365236
2013/09/30 00:00:00.0,1154,1163,1145,1148,215474,339278
2013/10/08 00:00:00.0,1150,1154,1124,1149,299316,346686
2013/10/09 00:00:00.0,1148,1150,1136,1138,369886,439284
2013/10/10 00:00:00.0,1135,1151,1133,1142,336034,438798
2013/10/11 00:00:00.0,1143,1151,1133,1137,263388,456688
2013/10/14 00:00:00.0,1137,1162,1135,1162,268946,450254
2013/10/15 00:00:00.0,1174,1180,1151,1155,354804,467788
2013/10/16 00:00:00.0,1157,1159,1146,1147,195082,458170
2013/10/17 00:00:00.0,1152,1155,1143,1146,213108,472196
2013/10/18 00:00:00.0,1146,1153,1143,1147,166518,476070
2013/10/21 00:00:00.0,1143,1167,1141,1166,283572,485496
2013/10/22 00:00:00.0,1164,1164,1147,1153,326742,553716
2013/10/23 00:00:00.0,1155,1157,1129,1142,538332,637070
2013/10/24 00:00:00.0,1141,1141,1117,1123,562200,624352
2013/10/25 00:00:00.0,1122,1131,1112,1115,388080,602296
2013/10/28 00:00:00.0,1120,1130,1115,1120,287590,562374
2013/10/29 00:00:00.0,1121,1124,1099,1112,574606,533914
2013/10/30 00:00:00.0,1114,1119,1107,1115,310240,524146
2013/10/31 00:00:00.0,1112,1121,1103,1103,437510,510472
2013/11/01 00:00:00.0,1103,1117,1103,1113,378184,486436
2013/11/04 00:00:00.0,1112,1117,1099,1102,495904,540880
2013/11/05 00:00:00.0,1102,1106,1093,1100,422174,538656
2013/11/06 00:00:00.0,1099,1110,1099,1102,369850,522744
2013/11/07 00:00:00.0,1102,1113,1098,1110,369010,480926
2013/11/08 00:00:00.0,1108,1114,1097,1098,380214,488944
2013/11/11 00:00:00.0,1100,1103,1095,1100,191886,487104
2013/11/12 00:00:00.0,1098,1109,1098,1107,224848,481056
2013/11/13 00:00:00.0,1105,1112,1103,1108,226176,488174
2013/11/14 00:00:00.0,1108,1116,1104,1110,215570,497836
2013/11/15 00:00:00.0,1108,1113,1104,1105,225602,525322
2013/11/18 00:00:00.0,1106,1109,1103,1106,191462,538446
2013/11/19 00:00:00.0,1104,1114,1104,1113,160108,532876
2013/11/20 00:00:00.0,1114,1127,1114,1126,338378,545504
2013/11/21 00:00:00.0,1124,1126,1111,1111,256492,551578
2013/11/22 00:00:00.0,1113,1116,1110,1111,163638,556642
2013/11/25 00:00:00.0,1112,1114,1104,1107,159736,559512
2013/11/26 00:00:00.0,1104,1116,1104,1108,246942,571256
2013/11/27 00:00:00.0,1107,1108,1094,1099,430084,590728
2013/11/28 00:00:00.0,1097,1113,1097,1104,385078,573310
2013/11/29 00:00:00.0,1104,1107,1101,1104,202640,576324
2013/12/02 00:00:00.0,1105,1110,1104,1109,183144,566572
2013/12/03 00:00:00.0,1110,1112,1104,1106,212316,556092
2013/12/04 00:00:00.0,1106,1123,1106,1118,314260,541650
2013/12/05 00:00:00.0,1120,1126,1116,1118,252004,548902
2013/12/06 00:00:00.0,1118,1118,1103,1108,319938,511510
2013/12/09 00:00:00.0,1110,1113,1104,1107,195914,526250
2013/12/10 00:00:00.0,1108,1112,1107,1110,143146,510904
2013/12/11 00:00:00.0,1110,1110,1099,1101,208916,530296
2013/12/12 00:00:00.0,1101,1112,1096,1097,300048,512196
2013/12/13 00:00:00.0,1097,1097,1063,1075,519436,443000
2013/12/16 00:00:00.0,1076,1081,1075,1077,157842,425834
2013/12/17 00:00:00.0,1078,1081,1073,1075,152496,423394
2013/12/18 00:00:00.0,1074,1079,1069,1076,208088,379396
2013/12/19 00:00:00.0,1078,1081,1062,1071,221176,379350
2013/12/20 00:00:00.0,1068,1072,1049,1050,247036,387204
2013/12/23 00:00:00.0,1051,1051,1043,1047,224844,380634
2013/12/24 00:00:00.0,1049,1056,1044,1052,193620,372656
2013/12/25 00:00:00.0,1052,1062,1044,1050,274368,333694
2013/12/26 00:00:00.0,1051,1054,1044,1048,166712,313452
2013/12/27 00:00:00.0,1046,1048,1033,1038,286832,328670
2013/12/30 00:00:00.0,1037,1039,1026,1027,173146,326410
2013/12/31 00:00:00.0,1025,1027,1007,1010,362740,306180
2014/01/02 00:00:00.0,1009,1017,1001,1004,244922,318780
2014/01/03 00:00:00.0,1003,1003,987,992,233992,323608
2014/01/06 00:00:00.0,990,1003,989,995,207014,319502
2014/01/07 00:00:00.0,995,1008,987,1004,304300,326266
2014/01/08 00:00:00.0,1003,1007,995,1000,204484,321680
2014/01/09 00:00:00.0,999,1009,983,986,348512,325216
2014/01/10 00:00:00.0,987,996,982,992,255774,329916
2014/01/13 00:00:00.0,994,1002,987,990,182708,333976
2014/01/14 00:00:00.0,990,999,986,997,176212,332234
2014/01/15 00:00:00.0,998,998,987,990,188248,328072
2014/01/16 00:00:00.0,997,998,976,977,340024,346166
2014/01/17 00:00:00.0,979,980,968,972,296046,328498
2014/01/20 00:00:00.0,972,976,936,936,521982,342554
2014/01/21 00:00:00.0,936,944,934,936,250758,322638
2014/01/22 00:00:00.0,937,948,929,939,253428,306396
2014/01/23 00:00:00.0,941,953,938,952,223652,289644
2014/01/24 00:00:00.0,950,967,943,961,420860,261104
2014/01/27 00:00:00.0,958,960,948,952,139372,256048
2014/01/28 00:00:00.0,949,950,918,926,306382,282328
2014/01/29 00:00:00.0,929,945,925,938,229396,238902
2014/01/30 00:00:00.0,935,942,934,938,84612,228974
2014/02/07 00:00:00.0,944,944,918,921,172984,239222
2014/02/10 00:00:00.0,921,941,921,938,243466,261962
2014/02/11 00:00:00.0,936,939,926,926,194870,281070
2014/02/12 00:00:00.0,926,939,925,935,263166,312086
2014/02/13 00:00:00.0,934,939,927,929,271116,301830
2014/02/14 00:00:00.0,929,937,929,934,171010,301250
2014/02/17 00:00:00.0,933,962,930,957,553902,265576
2014/02/18 00:00:00.0,957,957,946,948,189282,244562
2014/02/19 00:00:00.0,952,964,951,953,339374,263766
2014/02/20 00:00:00.0,952,953,941,943,236392,257916
2014/02/21 00:00:00.0,946,949,938,942,173370,252496
2014/02/24 00:00:00.0,938,938,908,914,466012,291516
2014/02/25 00:00:00.0,916,927,914,920,332688,264052
2014/02/26 00:00:00.0,920,933,919,929,250586,264646
2014/02/27 00:00:00.0,929,931,922,927,150292,263382
2014/02/28 00:00:00.0,927,932,915,923,248960,269950
2014/03/03 00:00:00.0,920,922,907,914,337360,288514
2014/03/04 00:00:00.0,915,917,879,899,690258,311230
2014/03/05 00:00:00.0,901,909,891,901,484946,277026
2014/03/06 00:00:00.0,898,898,877,883,453172,302830
2014/03/07 00:00:00.0,879,885,851,851,636550,319040
2014/03/10 00:00:00.0,840,843,831,831,231570,324680
2014/03/11 00:00:00.0,822,842,792,827,839710,278286
2014/03/12 00:00:00.0,808,849,806,842,751488,292954
2014/03/13 00:00:00.0,840,844,832,840,572234,307126
2014/03/14 00:00:00.0,840,841,816,831,731460,295694
2014/03/17 00:00:00.0,834,842,828,830,382680,299122
2014/03/18 00:00:00.0,829,847,826,839,499548,299962
2014/03/19 00:00:00.0,839,843,831,836,337326,300524
2014/03/20 00:00:00.0,844,846,812,813,834294,392710
2014/03/21 00:00:00.0,811,822,803,804,924560,410106
2014/03/24 00:00:00.0,799,804,785,796,952068,451476
2014/03/25 00:00:00.0,792,825,788,825,772652,386772
2014/03/26 00:00:00.0,834,840,818,825,891454,339688
2014/03/27 00:00:00.0,820,837,812,820,811274,322416
2014/03/28 00:00:00.0,820,844,820,840,671186,316500
2014/03/31 00:00:00.0,841,855,833,835,814116,336854
2014/04/01 00:00:00.0,836,841,823,833,678558,339706
2014/04/02 00:00:00.0,835,843,826,828,488978,344754
2014/04/03 00:00:00.0,825,863,822,855,1283520,360128
2014/04/04 00:00:00.0,857,881,855,877,1148490,363148
2014/04/08 00:00:00.0,877,905,873,893,1108502,381496
2014/04/09 00:00:00.0,895,896,878,885,656066,368844
2014/04/10 00:00:00.0,887,899,872,883,1057696,337132
2014/04/11 00:00:00.0,879,881,871,875,649120,321656
2014/04/14 00:00:00.0,874,891,865,880,934956,309794
2014/04/15 00:00:00.0,881,899,876,898,890130,382846
2014/04/16 00:00:00.0,894,898,873,882,883864,325366
2014/04/17 00:00:00.0,881,886,871,874,690786,329176
2014/04/18 00:00:00.0,870,872,834,834,974078,339744
2014/04/21 00:00:00.0,834,838,825,828,503644,344176
2014/04/22 00:00:00.0,828,841,826,834,639218,324864
2014/04/23 00:00:00.0,838,848,811,844,1143968,365058
2014/04/24 00:00:00.0,843,856,837,848,976750,352764
2014/04/25 00:00:00.0,853,856,843,846,743330,348900
2014/04/28 00:00:00.0,842,842,824,834,858334,367638
2014/04/29 00:00:00.0,833,847,831,840,555762,372922
2014/04/30 00:00:00.0,841,841,822,824,518772,368038
2014/05/05 00:00:00.0,823,843,818,841,681378,364882
2014/05/06 00:00:00.0,842,850,838,842,558584,364350
2014/05/07 00:00:00.0,841,862,839,840,1138356,396008
2014/05/08 00:00:00.0,840,849,834,842,633842,393912
2014/05/09 00:00:00.0,844,854,833,841,1017172,422354
2014/05/12 00:00:00.0,843,869,840,868,975628,480956
2014/05/13 00:00:00.0,870,871,853,859,646338,454176
2014/05/14 00:00:00.0,860,865,849,853,779828,443718
2014/05/15 00:00:00.0,853,857,837,838,593872,430456
2014/05/16 00:00:00.0,836,840,813,816,962616,410830
2014/05/19 00:00:00.0,818,832,808,820,778778,396490
2014/05/20 00:00:00.0,820,824,811,819,761510,418370
2014/05/21 00:00:00.0,818,823,802,810,917900,440244
2014/05/22 00:00:00.0,811,842,811,824,1081514,376028
2014/05/23 00:00:00.0,827,831,819,821,552798,383550
2014/05/26 00:00:00.0,824,855,824,851,1183298,376206
2014/05/27 00:00:00.0,851,856,842,847,693196,379582
2014/05/28 00:00:00.0,845,845,826,830,720886,380318
2014/05/29 00:00:00.0,831,838,824,824,614276,371094
2014/05/30 00:00:00.0,824,827,818,826,618194,360980
2014/06/03 00:00:00.0,830,836,817,819,663210,368988
2014/06/04 00:00:00.0,820,831,816,830,623206,376552
2014/06/05 00:00:00.0,833,845,825,844,826934,451654
2014/06/06 00:00:00.0,843,846,836,841,744218,443480
2014/06/09 00:00:00.0,840,847,835,835,664480,439202
2014/06/10 00:00:00.0,837,841,828,835,640294,434704
2014/06/11 00:00:00.0,837,841,829,830,497026,432062
2014/06/12 00:00:00.0,826,828,816,816,610486,433592
2014/06/13 00:00:00.0,813,827,811,820,491504,416698
2014/06/16 00:00:00.0,820,821,804,805,750340,411388
2014/06/17 00:00:00.0,805,821,801,815,705604,362132
2014/06/18 00:00:00.0,817,818,809,812,383782,346682
2014/06/19 00:00:00.0,813,819,803,804,472350,353278
2014/06/20 00:00:00.0,805,826,797,815,1036916,333470
2014/06/23 00:00:00.0,820,829,815,816,667348,353070
2014/06/24 00:00:00.0,815,816,808,813,338158,343298
2014/06/25 00:00:00.0,813,824,813,819,431528,350134
2014/06/26 00:00:00.0,817,830,817,828,623848,343642
2014/06/27 00:00:00.0,830,834,817,819,542172,356802
2014/06/30 00:00:00.0,817,818,810,812,304844,348698
2014/07/01 00:00:00.0,814,816,807,811,289238,351890
2014/07/02 00:00:00.0,811,821,804,819,398712,334428
2014/07/03 00:00:00.0,821,823,808,809,343664,370964
2014/07/04 00:00:00.0,808,812,795,796,462248,405542
2014/07/07 00:00:00.0,792,796,782,793,590350,404292
2014/07/08 00:00:00.0,794,803,784,802,483276,379008
2014/07/09 00:00:00.0,800,801,789,791,426964,374390
2014/07/10 00:00:00.0,790,800,787,790,353192,369102
2014/07/11 00:00:00.0,792,795,774,779,476066,346982
2014/07/14 00:00:00.0,779,785,777,780,335876,364734
2014/07/15 00:00:00.0,791,795,784,786,272542,350550
2014/07/16 00:00:00.0,785,788,777,780,317416,358404
2014/07/17 00:00:00.0,780,788,777,780,357876,354932
2014/07/18 00:00:00.0,781,787,770,775,543926,351712
2014/07/21 00:00:00.0,779,784,775,781,369386,340648
2014/07/22 00:00:00.0,781,786,775,776,424442,349802
2014/07/23 00:00:00.0,777,777,765,768,589250,381602
2014/07/24 00:00:00.0,768,772,765,767,317266,351464
2014/07/25 00:00:00.0,767,780,766,771,413764,345268
2014/07/28 00:00:00.0,767,785,766,782,631976,328308
2014/07/29 00:00:00.0,788,791,782,786,353574,325142
2014/07/30 00:00:00.0,783,787,779,782,304420,323032
2014/07/31 00:00:00.0,783,788,773,774,447594,328542
2014/08/01 00:00:00.0,773,776,769,771,290184,321764
2014/08/04 00:00:00.0,771,791,770,791,512068,312238
2014/08/05 00:00:00.0,793,809,791,797,928608,341954
2014/08/06 00:00:00.0,796,803,794,799,447378,345292
2014/08/07 00:00:00.0,799,813,799,804,563192,363528
2014/08/08 00:00:00.0,806,810,796,798,398778,340538
2014/08/11 00:00:00.0,798,804,796,797,357548,355204
2014/08/12 00:00:00.0,791,796,787,789,377784,327816
2014/08/13 00:00:00.0,790,799,785,788,529500,328026
2014/08/14 00:00:00.0,786,788,768,769,670270,318142
2014/08/15 00:00:00.0,768,800,768,797,825690,343586
2014/08/18 00:00:00.0,799,803,790,792,480386,339704
2014/08/19 00:00:00.0,792,799,787,796,496554,343888
2014/08/20 00:00:00.0,795,801,787,788,411566,341522
2014/08/21 00:00:00.0,790,796,788,792,391086,333162
2014/08/22 00:00:00.0,794,806,793,796,476898,346906
2014/08/25 00:00:00.0,796,801,791,800,336474,339024
2014/08/26 00:00:00.0,804,807,798,805,282198,327606
2014/08/27 00:00:00.0,809,816,797,798,679528,351624
2014/08/28 00:00:00.0,800,801,793,795,531066,325200
2014/08/29 00:00:00.0,795,799,790,794,424670,306108
2014/09/01 00:00:00.0,795,800,792,794,300456,288394
2014/09/02 00:00:00.0,795,813,792,806,755590,342976
2014/09/03 00:00:00.0,805,808,796,796,509086,316426
2014/09/04 00:00:00.0,798,803,782,793,859108,287924
2014/09/05 00:00:00.0,794,801,784,787,646164,312468
2014/09/09 00:00:00.0,786,789,774,776,408306,303660
2014/09/10 00:00:00.0,773,785,765,778,491130,294128
2014/09/11 00:00:00.0,777,779,773,774,199194,297596
2014/09/12 00:00:00.0,775,784,774,782,211964,284606
2014/09/15 00:00:00.0,786,799,784,797,412822,294106
2014/09/16 00:00:00.0,800,804,788,791,420952,273402
2014/09/17 00:00:00.0,803,806,794,799,264740,289142
2014/09/18 00:00:00.0,798,799,791,793,197270,280662
2014/09/19 00:00:00.0,790,793,780,786,254094,281626
2014/09/22 00:00:00.0,781,794,761,774,977334,312386
2014/09/23 00:00:00.0,775,798,775,787,603486,306532
2014/09/24 00:00:00.0,787,794,785,790,355408,310304
2014/09/25 00:00:00.0,793,795,773,776,513060,276040
2014/09/26 00:00:00.0,773,788,770,782,403534,261268
2014/09/29 00:00:00.0,782,786,775,780,284540,254454
2014/09/30 00:00:00.0,783,789,779,780,199114,245676
2014/10/08 00:00:00.0,785,795,779,780,154316,256488
2014/10/09 00:00:00.0,781,816,780,816,898132,373326
2014/10/10 00:00:00.0,814,817,804,809,519410,332396
2014/10/13 00:00:00.0,814,835,811,818,1021426,405904
2014/10/14 00:00:00.0,815,815,806,811,424042,420250
2014/10/15 00:00:00.0,811,813,798,799,555442,454420
2014/10/16 00:00:00.0,792,797,788,793,399350,421542
2014/10/17 00:00:00.0,797,798,779,782,478556,438488
2014/10/20 00:00:00.0,788,790,778,781,485200,473890
2014/10/21 00:00:00.0,777,786,775,776,293646,493820
2014/10/22 00:00:00.0,778,782,766,771,569958,524530
2014/10/23 00:00:00.0,768,772,765,769,316322,542290
2014/10/24 00:00:00.0,772,780,768,778,412498,535052
2014/10/27 00:00:00.0,776,780,771,771,234464,510278
2014/10/28 00:00:00.0,770,771,763,768,304556,528424
2014/10/29 00:00:00.0,770,771,762,771,244458,524810
2014/10/30 00:00:00.0,772,775,764,765,315316,527750
2014/10/31 00:00:00.0,765,769,759,764,430554,565446
2014/11/03 00:00:00.0,761,771,757,760,600860,527946
2014/11/04 00:00:00.0,753,757,748,750,369078,532610
2014/11/05 00:00:00.0,751,759,743,745,535518,494842
2014/11/06 00:00:00.0,749,756,748,749,278572,500928
2014/11/07 00:00:00.0,752,761,752,760,274216,487474
2014/11/10 00:00:00.0,763,771,763,768,254272,488572
2014/11/11 00:00:00.0,766,769,761,768,226536,471436
2014/11/12 00:00:00.0,770,772,765,771,214742,446188
2014/11/13 00:00:00.0,769,777,767,775,297584,447608
2014/11/14 00:00:00.0,772,778,770,773,156384,436472
2014/11/17 00:00:00.0,773,783,772,774,297080,428774
2014/11/18 00:00:00.0,772,772,753,760,429762,392500
2014/11/19 00:00:00.0,759,762,755,757,208684,368808
2014/11/20 00:00:00.0,758,760,755,756,94276,367972
2014/11/21 00:00:00.0,750,757,747,757,202540,362748
2014/11/24 00:00:00.0,762,763,752,753,136768,350626
2014/11/25 00:00:00.0,752,760,747,760,163534,344126
2014/11/26 00:00:00.0,760,765,755,758,143452,349594
2014/11/27 00:00:00.0,757,772,757,771,233308,344534
2014/11/28 00:00:00.0,765,769,761,763,186890,329758
2014/12/01 00:00:00.0,757,769,751,767,255114,320984
2014/12/02 00:00:00.0,775,775,760,762,216246,306040
2014/12/03 00:00:00.0,762,770,761,768,140752,297000
2014/12/04 00:00:00.0,769,778,765,772,301888,297742
2014/12/05 00:00:00.0,773,775,768,772,120886,272140
2014/12/08 00:00:00.0,770,774,768,768,119374,261180
2014/12/09 00:00:00.0,769,770,760,769,210472,237444
2014/12/10 00:00:00.0,769,773,765,770,81980,228746
2014/12/11 00:00:00.0,768,776,766,773,177988,222572
2014/12/12 00:00:00.0,775,783,774,782,219122,213330
2014/12/15 00:00:00.0,782,783,768,769,150558,205766
2014/12/16 00:00:00.0,766,770,764,767,101414,202330
2014/12/17 00:00:00.0,762,767,759,763,130560,201056
2014/12/18 00:00:00.0,766,769,763,763,65038,196444
2014/12/19 00:00:00.0,764,767,760,766,88778,194784
2014/12/22 00:00:00.0,765,766,737,738,264144,219564
2014/12/23 00:00:00.0,735,739,722,723,268624,268294
2014/12/24 00:00:00.0,715,742,715,735,312376,202886
2014/12/25 00:00:00.0,731,737,729,732,78390,203404
2014/12/26 00:00:00.0,734,735,724,724,80012,214448
2014/12/29 00:00:00.0,723,735,723,732,117224,203076
2014/12/30 00:00:00.0,731,756,730,756,358588,197314
2014/12/31 00:00:00.0,755,755,736,744,204794,186708
2015/01/05 00:00:00.0,739,747,729,735,126426,183260
2015/01/06 00:00:00.0,734,758,731,747,308562,196424
2015/01/07 00:00:00.0,748,748,740,743,125892,185616
2015/01/08 00:00:00.0,743,750,739,745,139566,196544
2015/01/09 00:00:00.0,747,747,738,740,106814,184166
2015/01/12 00:00:00.0,741,744,730,730,121046,189498
2015/01/13 00:00:00.0,730,734,726,732,65806,188550
2015/01/14 00:00:00.0,731,735,726,728,95084,183910
2015/01/15 00:00:00.0,729,734,723,731,125758,188764
2015/01/16 00:00:00.0,731,735,727,727,74306,191902
2015/01/19 00:00:00.0,726,739,723,732,198878,168188
2015/01/20 00:00:00.0,731,731,725,727,89462,164398
2015/01/21 00:00:00.0,726,731,725,725,69558,165626
2015/01/22 00:00:00.0,724,730,721,723,102168,173766
2015/01/23 00:00:00.0,724,728,722,725,73608,171092
2015/01/26 00:00:00.0,725,725,716,719,115778,171190
2015/01/27 00:00:00.0,719,730,718,727,81338,156888
2015/01/28 00:00:00.0,726,731,725,730,54336,160704
2015/01/29 00:00:00.0,731,731,725,727,61906,154566
2015/01/30 00:00:00.0,727,730,726,728,25888,148972
2015/02/02 00:00:00.0,729,736,728,733,46160,148734
2015/02/03 00:00:00.0,733,739,732,737,57038,141724
2015/02/04 00:00:00.0,738,743,734,734,59754,141518
2015/02/05 00:00:00.0,738,739,732,733,42196,139126
2015/02/06 00:00:00.0,734,741,733,740,48112,137226
2015/02/09 00:00:00.0,740,743,729,730,55536,139846
2015/02/10 00:00:00.0,731,737,730,734,38864,138638
2015/02/11 00:00:00.0,734,735,732,734,15742,137000
2015/02/12 00:00:00.0,735,736,732,733,14140,133534
2015/02/13 00:00:00.0,733,741,732,740,51750,132740
2015/02/16 00:00:00.0,740,743,737,743,41716,125254
2015/02/17 00:00:00.0,742,745,734,734,35278,117062
2015/02/25 00:00:00.0,736,736,726,727,30398,117270
2015/02/26 00:00:00.0,726,737,726,736,35184,116902
2015/02/27 00:00:00.0,736,737,728,728,51002,120094
2015/03/02 00:00:00.0,727,733,727,732,57748,124266
2015/03/03 00:00:00.0,732,734,729,733,46006,126342
2015/03/04 00:00:00.0,732,733,725,726,42282,128954
2015/03/05 00:00:00.0,726,727,708,715,122772,134050
2015/03/06 00:00:00.0,713,719,713,715,42258,132736
2015/03/09 00:00:00.0,716,722,710,720,77154,128472
2015/03/10 00:00:00.0,720,729,718,718,62998,123990
2015/03/11 00:00:00.0,717,721,714,721,27322,123406
2015/03/12 00:00:00.0,722,724,719,723,17612,121774
2015/03/13 00:00:00.0,722,726,721,723,25726,119118
2015/03/16 00:00:00.0,721,725,718,723,27132,120962
2015/03/17 00:00:00.0,723,724,716,717,37414,119464
2015/03/18 00:00:00.0,717,717,707,708,71142,124562
2015/03/19 00:00:00.0,708,712,705,705,46932,128070
2015/03/20 00:00:00.0,706,709,704,707,27744,127726
2015/03/23 00:00:00.0,707,711,703,706,58714,129998
2015/03/24 00:00:00.0,705,713,705,708,52610,125736
2015/03/25 00:00:00.0,708,710,694,696,113016,145700
2015/03/26 00:00:00.0,698,710,698,705,107074,142294
2015/03/27 00:00:00.0,704,705,688,697,154432,146932
2015/03/30 00:00:00.0,696,699,689,690,126126,172912
2015/03/31 00:00:00.0,690,699,688,690,156404,156972
2015/04/01 00:00:00.0,689,695,687,693,95542,157204
2015/04/02 00:00:00.0,692,696,685,686,114988,171174
2015/04/03 00:00:00.0,685,690,683,685,117824,181548
2015/04/07 00:00:00.0,682,685,679,682,64942,187400
2015/04/08 00:00:00.0,682,683,673,681,140294,200542
2015/04/09 00:00:00.0,681,682,676,678,74842,201998
2015/04/10 00:00:00.0,677,679,666,668,138132,218466
2015/04/13 00:00:00.0,668,683,665,680,182980,208456
2015/04/14 00:00:00.0,680,684,677,680,102602,197276
2015/04/15 00:00:00.0,680,681,673,677,86540,202964
2015/04/16 00:00:00.0,675,684,674.5,681,82924,194250
2015/04/17 00:00:00.0,680,685,676,678,91936,213244
2015/04/20 00:00:00.0,677,677.5,655.5,659.5,381142,327312
2015/04/21 00:00:00.0,664,665,660,662,150826,304164
2015/04/22 00:00:00.0,662,673,660.5,667.5,221428,304650
2015/04/23 00:00:00.0,668.5,670,662,663,169830,324252
2015/04/24 00:00:00.0,664.5,679,663.5,675.5,327766,303576
2015/04/27 00:00:00.0,676.5,692.5,673.5,683.5,492930,292896
2015/04/28 00:00:00.0,683.5,690.5,676,680,252022,288324
2015/04/29 00:00:00.0,683,683,664.5,666,346492,324840
2015/04/30 00:00:00.0,667,673.5,665.5,671,235350,312620
2015/05/04 00:00:00.0,668.5,678.5,655.5,674,254978,305144
2015/05/05 00:00:00.0,674,692.5,674,685.5,464228,301684
2015/05/06 00:00:00.0,686.5,690,679,684,350674,322352
2015/05/07 00:00:00.0,680.5,685.5,676,680,220796,318740
2015/05/08 00:00:00.0,680,699.5,678,689,764644,363114
2015/05/11 00:00:00.0,689.5,693,683,685.5,369800,341148
2015/05/12 00:00:00.0,685.5,688.5,675.5,677,293740,315078
2015/05/13 00:00:00.0,678,684.5,677,679,235426,288378
2015/05/14 00:00:00.0,680.5,683.5,666.5,676,354586,280818
2015/05/15 00:00:00.0,676.5,679,672,677.5,190570,281980
2015/05/18 00:00:00.0,673.5,678,671,671.5,170646,261980
2015/05/19 00:00:00.0,671.5,673,669,669.5,116542,257770
2015/05/20 00:00:00.0,668.5,669.5,660.5,665,184092,246640
2015/05/21 00:00:00.0,666,679,666,677,216358,253566
2015/05/22 00:00:00.0,676.5,682,671.5,681.5,246956,271042
2015/05/25 00:00:00.0,679.5,682,676,680.5,217806,245826
2015/05/26 00:00:00.0,681.5,687.5,677.5,678,304800,233012
2015/05/27 00:00:00.0,677,684.5,676.5,682,138094,231550
2015/05/28 00:00:00.0,680.5,686,678.5,682.5,143008,224788
2015/05/29 00:00:00.0,681.5,690.5,678.5,688.5,240746,216726
2015/06/01 00:00:00.0,688.5,699.5,687.5,694,287756,214146
2015/06/02 00:00:00.0,695,698,691,695,111496,209788
2015/06/03 00:00:00.0,695,696,688.5,688.5,104130,210056
2015/06/04 00:00:00.0,687.5,694,681,692.5,163290,194444
2015/06/05 00:00:00.0,694,695,682,683,103446,194698
2015/06/08 00:00:00.0,683.5,686.5,680.5,685,63392,189700
2015/06/09 00:00:00.0,684.5,688,682.5,683.5,63342,190878
2015/06/10 00:00:00.0,684.5,698.5,684.5,697,178622,197938
2015/06/11 00:00:00.0,698.5,699,691.5,692.5,106302,193950
2015/06/12 00:00:00.0,694,694,685.5,689.5,126560,178044
2015/06/15 00:00:00.0,688.5,692.5,686,690,113518,180844
2015/06/16 00:00:00.0,689,694.5,687,689.5,149420,177288
2015/06/17 00:00:00.0,689.5,690,670.5,675.5,264434,165664
2015/06/18 00:00:00.0,675.5,678.5,670.5,672.5,116880,157302
2015/06/19 00:00:00.0,672.5,681.5,672,680,92342,140880
2015/06/23 00:00:00.0,679,681,674.5,677.5,47730,130954
2015/06/24 00:00:00.0,676.5,685,676.5,682,77452,123086
2015/06/25 00:00:00.0,681.5,683,673,674.5,79562,123442
2015/06/26 00:00:00.0,675.5,679.5,674,674,58992,115954
2015/06/29 00:00:00.0,674,677,672.5,674.5,59590,113280
2015/06/30 00:00:00.0,674,682,664.5,678,164878,113158
2015/07/01 00:00:00.0,677,689,677,683,168932,114274
2015/07/02 00:00:00.0,683,688,679,686,118228,107930
2015/07/03 00:00:00.0,685.5,687.5,673.5,674.5,117810,102918
2015/07/06 00:00:00.0,675.5,675.5,653.5,653.5,148546,104560
2015/07/07 00:00:00.0,653.5,657.5,639,640,160326,106134
2015/07/08 00:00:00.0,641,649,622,622.5,139658,97228
2015/07/09 00:00:00.0,610.5,660.5,598,643.5,212164,84432
2015/07/10 00:00:00.0,647,649.5,631.5,631.5,140246,85892
2015/07/13 00:00:00.0,632,634.5,625,629,74560,91144
2015/07/14 00:00:00.0,629.5,632,615,616,110044,106428
2015/07/15 00:00:00.0,617,627,616.5,626,86576,99570
2015/07/16 00:00:00.0,624.5,630,618.5,623,93366,95500
2015/07/17 00:00:00.0,622,627.5,618.5,623,45342,96076
2015/07/20 00:00:00.0,621,634,619.5,630,88534,90496
2015/07/21 00:00:00.0,629.5,632,612,621,86986,95078
2015/07/22 00:00:00.0,620.5,621,606.5,613,115374,103652
2015/07/23 00:00:00.0,613,618.5,610.5,615.5,59776,99554
2015/07/24 00:00:00.0,615.5,620,612.5,613,45944,99570
2015/07/27 00:00:00.0,613.5,623,611.5,613,59738,94156
2015/07/28 00:00:00.0,611.5,615.5,605.5,611,94322,90576
2015/07/29 00:00:00.0,613,626,612,622.5,110350,85064
2015/07/30 00:00:00.0,622,624,608,610.5,71454,85688
2015/07/31 00:00:00.0,611,616,609.5,614,44950,84628
2015/08/03 00:00:00.0,615,617.5,609,609.5,60278,84790
2015/08/04 00:00:00.0,608.5,616,606,614,48768,81022
2015/08/05 00:00:00.0,615,616,610,613.5,43500,81380
2015/08/06 00:00:00.0,614,615.5,609,609.5,46950,83674
2015/08/07 00:00:00.0,608.5,610.5,601,606,57872,84888
2015/08/10 00:00:00.0,604,608,600,601.5,78102,88358
2015/08/11 00:00:00.0,600.5,612,599.5,609.5,97384,84380
2015/08/12 00:00:00.0,606.5,623,606,620.5,67316,86294
2015/08/13 00:00:00.0,622.5,625.5,615.5,623.5,126834,85682
2015/08/14 00:00:00.0,621.5,623.5,617,622.5,68518,82216
2015/08/17 00:00:00.0,622.5,625,611,612.5,69378,81418
2015/08/18 00:00:00.0,612,615,608,608,49900,81374
2015/08/19 00:00:00.0,607,609.5,603.5,609.5,47430,78832
2015/08/20 00:00:00.0,608.5,609.5,599.5,600.5,53464,81416
2015/08/21 00:00:00.0,602.5,606,600,602,44178,80976
2015/08/24 00:00:00.0,600.5,603,578.5,579,104744,79884
2015/08/25 00:00:00.0,577.5,581.5,572.5,575,65876,80754
2015/08/26 00:00:00.0,580,583.5,561.5,563.5,117458,102524
2015/08/27 00:00:00.0,563,572,560.5,571,75914,94274
2015/08/28 00:00:00.0,571,585,568.5,572.5,123726,94224
2015/08/31 00:00:00.0,571.5,576,566,568,99310,86822
2015/09/01 00:00:00.0,566,577.5,566,573,65306,84874
2015/09/02 00:00:00.0,572.5,576,564,574.5,68464,79552
2015/09/07 00:00:00.0,572,583,572,577,49162,77628
2015/09/08 00:00:00.0,577,588,576.5,585,110540,77204
2015/09/09 00:00:00.0,587,597.5,584.5,589.5,131926,71768
2015/09/10 00:00:00.0,590,590,584,590,69208,73040
2015/09/11 00:00:00.0,590.5,596,583,584,72830,70016
2015/09/14 00:00:00.0,583.5,584.5,570,573,115806,73466
2015/09/15 00:00:00.0,573,577,570,573,45454,69178
2015/09/16 00:00:00.0,573,589,573,586,131298,82974
2015/09/17 00:00:00.0,589,589.5,583.5,584,81340,73140
2015/09/18 00:00:00.0,581,592.5,581,586,98480,77540
2015/09/21 00:00:00.0,584.5,599.5,584,597,127586,94716
2015/09/22 00:00:00.0,597,598,589,591.5,90852,87392
2015/09/23 00:00:00.0,589,589,580,583.5,111956,81730
2015/09/24 00:00:00.0,584,588,581,582,52166,79966
2015/09/25 00:00:00.0,580,586,580,584,64030,80186
2015/09/28 00:00:00.0,583.5,583.5,572,573.5,53706,88496
2015/09/29 00:00:00.0,572,576.5,570,570.5,51614,85856
2015/09/30 00:00:00.0,570.5,572,565,571,51614,81438
2015/10/08 00:00:00.0,573.5,574.5,569.5,570,32522,80602
2015/10/09 00:00:00.0,570,585.5,569.5,581,101370,75748
2015/10/12 00:00:00.0,582.5,582.5,566,566.5,112076,89562
2015/10/13 00:00:00.0,567,568.5,563,566.5,101148,100266
2015/10/14 00:00:00.0,566.5,568,560,564,84074,107602
2015/10/15 00:00:00.0,564.5,567,562.5,563,51810,104250
2015/10/16 00:00:00.0,562.5,565.5,561,564.5,61634,99618
2015/10/19 00:00:00.0,564.5,573,563.5,564.5,102176,95504
2015/10/20 00:00:00.0,564,571,563,568.5,66188,98322
2015/10/21 00:00:00.0,569.5,572.5,566,566.5,72472,101654
2015/10/22 00:00:00.0,566,573.5,561.5,570,93210,106432
2015/10/23 00:00:00.0,570.5,573,562,569,97070,96370
2015/10/26 00:00:00.0,569,570,562.5,563,59666,100898
2015/10/27 00:00:00.0,562.5,565.5,560.5,562,67412,105860
2015/10/28 00:00:00.0,561.5,561.5,552.5,554,174310,148378
2015/10/29 00:00:00.0,553.5,556,552,553,70770,149298
2015/10/30 00:00:00.0,552.5,556,552.5,553,52002,144042
2015/11/02 00:00:00.0,552.5,554,549.5,553,77486,162562
2015/11/03 00:00:00.0,553,557,550,554.5,105732,156346
2015/11/04 00:00:00.0,554.5,558.5,552.5,558.5,116648,154348
2015/11/05 00:00:00.0,558,560.5,556,560,106032,152928
2015/11/06 00:00:00.0,558.5,563,556.5,559,113918,144682
2015/11/09 00:00:00.0,558.5,560,555,555,73322,152322
2015/11/10 00:00:00.0,555,559,554.5,558,60300,148762
2015/11/11 00:00:00.0,558.5,558.5,555,556.5,49696,154784
2015/11/12 00:00:00.0,556.5,556.5,552.5,555.5,91856,162242
2015/11/13 00:00:00.0,554.5,563,553.5,560.5,94534,159496
2015/11/16 00:00:00.0,562,562,555.5,558.5,91660,163988
2015/11/17 00:00:00.0,557.5,562,553,561.5,102820,182698
2015/11/18 00:00:00.0,561,561,553,555,122836,191810
2015/11/19 00:00:00.0,553,554,530,530,299580,248724
2015/11/20 00:00:00.0,521.5,537,520,522.5,437646,205972
2015/11/23 00:00:00.0,521.5,527.5,515,516,270376,222120
2015/11/24 00:00:00.0,518,527,514.5,524.5,345312,224672
2015/11/25 00:00:00.0,523.5,537,521,533,361334,206916
2015/11/26 00:00:00.0,531,550.5,529,540,337186,179942
2015/11/27 00:00:00.0,541,546,532.5,536.5,236054,177322
2015/11/30 00:00:00.0,536,541.5,527,532,181808,186378
2015/12/01 00:00:00.0,532.5,540,529.5,536.5,163104,186086
2015/12/02 00:00:00.0,535.5,543.5,534.5,539,220324,201832
2015/12/03 00:00:00.0,537.5,539.5,533.5,534.5,118644,200656
2015/12/04 00:00:00.0,533.5,539.5,524,533.5,260406,197852
2015/12/07 00:00:00.0,535,541.5,531.5,540,158616,211418
2015/12/08 00:00:00.0,539.5,539.5,532.5,535,172680,220686
2015/12/09 00:00:00.0,534.5,537,519,521,382128,242996
2015/12/10 00:00:00.0,521,527,519,525,200672,236738
2015/12/11 00:00:00.0,524,527.5,519,527,171874,220510
2015/12/14 00:00:00.0,526,534.5,523.5,531.5,208958,221982
2015/12/15 00:00:00.0,529,536,528,529,163856,217912
2015/12/16 00:00:00.0,527.5,531,527,530,71382,221904
2015/12/17 00:00:00.0,530.5,536.5,530,531,153644,233448
2015/12/18 00:00:00.0,531,544.5,530.5,544,222882,242680
2015/12/21 00:00:00.0,544,554,543,552.5,284744,234404
2015/12/22 00:00:00.0,551,553,544,552,185680,233372
2015/12/23 00:00:00.0,551.5,553,545.5,549.5,159432,236304
2015/12/24 00:00:00.0,549.5,554,547,551,187664,243000
2015/12/25 00:00:00.0,550,551,545.5,548.5,112316,242634
2015/12/28 00:00:00.0,547.5,550,542.5,547,175602,241180
2015/12/29 00:00:00.0,546,559,543.5,558.5,235140,254762
2015/12/30 00:00:00.0,558.5,570,557.5,561,306104,241028
2015/12/31 00:00:00.0,561.5,572.5,559,566,263290,230694
2016/01/04 00:00:00.0,567.5,570.5,555.5,556,152864,224062
2016/01/05 00:00:00.0,557,562.5,555,561.5,120266,225788
2016/01/06 00:00:00.0,560.5,562,550.5,551.5,179728,217652
2016/01/07 00:00:00.0,550.5,556,547.5,551,149722,207226
2016/01/08 00:00:00.0,551,553,544,551.5,190486,213870
2016/01/11 00:00:00.0,551.5,555,546,550.5,178098,216038
2016/01/12 00:00:00.0,550.5,551.5,535,537.5,221538,206034
2016/01/13 00:00:00.0,535.5,543,527,531.5,336292,182344
2016/01/14 00:00:00.0,530.5,534.5,523.5,533.5,273072,167282
2016/01/15 00:00:00.0,533.5,539.5,530,530.5,210116,168328
2016/01/18 00:00:00.0,524,542.5,521.5,540,287104,159918
2016/01/19 00:00:00.0,540.5,544,532,541,260228,160862
2016/01/20 00:00:00.0,540.5,542.5,532.5,535.5,192704,158926
2016/01/21 00:00:00.0,534.5,536,529,529.5,208614,164358
2016/01/22 00:00:00.0,529,546.5,529,544,272358,175092
2016/01/25 00:00:00.0,545.5,550,541.5,543.5,228388,172804
2016/01/26 00:00:00.0,542,551,539,549.5,194622,172858
2016/01/27 00:00:00.0,551,561,549,558.5,234130,165176
2016/01/28 00:00:00.0,559,559.5,550.5,550.5,167352,146782
2016/01/29 00:00:00.0,550.5,556,547,553,148864,147338
2016/02/01 00:00:00.0,552,561.5,552,556,163620,149132
2016/02/02 00:00:00.0,554.5,557,551,556.5,111528,145222
2016/02/03 00:00:00.0,557,559,553,557,96426,150102
2016/02/04 00:00:00.0,565,565,560,562,111902,145342
2016/02/05 00:00:00.0,562,562,554.5,556,80384,131672
2016/02/15 00:00:00.0,553.5,564.5,551,556.5,74150,134418
2016/02/16 00:00:00.0,557,569.5,556.5,564.5,193132,140094
2016/02/17 00:00:00.0,563,569,558.5,560.5,164366,143432
2016/02/18 00:00:00.0,562.5,567,559.5,565.5,80044,142662
2016/02/19 00:00:00.0,565,576.5,562,569,215258,158302
2016/02/22 00:00:00.0,570,591.5,567.5,591.5,330648,172952
2016/02/23 00:00:00.0,592,604,588.5,597.5,320876,189688
2016/02/24 00:00:00.0,598.5,611.5,596,609.5,624544,206724
2016/02/25 00:00:00.0,608.5,611.5,601,604.5,466538,208438
2016/02/26 00:00:00.0,605.5,607.5,591,604,409500,203520
2016/02/29 00:00:00.0,604.5,609.5,594,609,365532,205784
2016/03/01 00:00:00.0,611,617,603.5,610,317772,202164
2016/03/02 00:00:00.0,609.5,610.5,601,606.5,332380,193004
2016/03/03 00:00:00.0,604.5,611.5,600,602,306866,187414
2016/03/04 00:00:00.0,602,602,584.5,591.5,502762,187318
2016/03/07 00:00:00.0,595.5,616.5,595.5,616.5,367212,178380
2016/03/08 00:00:00.0,642,644.5,601,624,936050,185316
2016/03/09 00:00:00.0,614,618.5,600.5,601,501748,176314
2016/03/10 00:00:00.0,605,622,593.5,597.5,671274,175270
2016/03/11 00:00:00.0,598,613,596.5,607,418130,171988
2016/03/14 00:00:00.0,605,628.5,601.5,608,707426,168668
2016/03/15 00:00:00.0,607.5,613.5,603.5,606.5,250760,163580
2016/03/16 00:00:00.0,606,615,606,609,231278,161260
2016/03/17 00:00:00.0,608.5,622.5,599.5,617,388670,169510
2016/03/18 00:00:00.0,616,636.5,614.5,628.5,382952,158122
2016/03/21 00:00:00.0,627,639,620,620.5,376158,162088
2016/03/22 00:00:00.0,622,629,620.5,622.5,209942,162190
2016/03/23 00:00:00.0,622.5,636,619.5,619.5,335072,148256
2016/03/24 00:00:00.0,619,622,604,606.5,274762,143350
2016/03/25 00:00:00.0,606,614.5,604.5,614.5,169168,140190
2016/03/28 00:00:00.0,616,626.5,612,612.5,305858,151578
2016/03/29 00:00:00.0,614.5,618.5,609,614.5,177694,155178
2016/03/30 00:00:00.0,615.5,620,608,614,221294,140306
2016/03/31 00:00:00.0,614,634.5,614,634.5,429796,184970
2016/04/01 00:00:00.0,635,648,634,647.5,759270,194654
2016/04/05 00:00:00.0,647,651.5,636.5,647.5,356762,201892
2016/04/06 00:00:00.0,644.5,658.5,643.5,645.5,571512,189024
2016/04/07 00:00:00.0,645,652,637,646,640016,201322
2016/04/08 00:00:00.0,644.5,650.5,639,648.5,562986,219750
2016/04/11 00:00:00.0,651,670.5,651,666,918900,229684
2016/04/12 00:00:00.0,667,688,664,687.5,733928,243040
2016/04/13 00:00:00.0,690.5,714.5,681,701.5,1248628,244860
2016/04/14 00:00:00.0,700.5,720,696.5,702.5,1009948,272356
2016/04/15 00:00:00.0,704,709,680,680.5,776500,242452
2016/04/18 00:00:00.0,676.5,733.5,674,712,874350,242270
2016/04/19 00:00:00.0,720.5,730,698,715,1304228,285782
2016/04/20 00:00:00.0,719.5,753,710,749,1506604,292282
2016/04/21 00:00:00.0,744.5,774,728.5,766,1160622,278650
2016/04/22 00:00:00.0,770,792,745.5,758,1201332,257850
2016/04/25 00:00:00.0,757,811.5,757,811.5,1298026,321684
2016/04/26 00:00:00.0,811.5,831,768,792,1536438,378530
2016/04/27 00:00:00.0,789.5,793.5,756.5,757,750362,371642
2016/04/28 00:00:00.0,749.5,749.5,726,726.5,637440,332068
2016/04/29 00:00:00.0,727,773.5,727,770,531000,316382
2016/05/03 00:00:00.0,767,772.5,706,724.5,336498,312118
2016/05/04 00:00:00.0,717.5,733.5,708.5,726,292024,295098
2016/05/05 00:00:00.0,726,739,698,703.5,315498,284002
2016/05/06 00:00:00.0,702,715,674.5,692.5,349572,270716
2016/05/09 00:00:00.0,692.5,719,650,662,563300,284600
2016/05/10 00:00:00.0,658.5,694,652.5,685.5,464020,288184
2016/05/11 00:00:00.0,686.5,699,673.5,684.5,340388,268980
2016/05/12 00:00:00.0,685.5,699.5,677,681.5,244992,272744
2016/05/13 00:00:00.0,685,694.5,643.5,661.5,448588,259196
2016/05/16 00:00:00.0,663.5,693.5,662.5,682,297194,269482
2016/05/17 00:00:00.0,685,727.5,684.5,719,325324,277192
2016/05/18 00:00:00.0,717,726.5,694.5,703,271738,244364
2016/05/19 00:00:00.0,702,721,684.5,708,321746,263334
2016/05/20 00:00:00.0,708,732.5,702.5,726.5,330192,278178
2016/05/23 00:00:00.0,726.5,737,670.5,690.5,495840,269338
2016/05/24 00:00:00.0,693.5,693.5,651.5,659.5,394252,228988
2016/05/25 00:00:00.0,666,670.5,647.5,656,298256,220618
2016/05/26 00:00:00.0,659.5,684,657,683,270552,227120
2016/05/27 00:00:00.0,683.5,689.5,662,684.5,289744,213202
2016/05/30 00:00:00.0,683,690.5,663.5,688,178054,211982
2016/05/31 00:00:00.0,689.5,704.5,681,682.5,183804,207232
2016/06/01 00:00:00.0,684.5,687,666,685,130220,202722
2016/06/02 00:00:00.0,684.5,698,675.5,688,124806,202760
2016/06/03 00:00:00.0,684.5,706.5,683,697.5,141914,215980
2016/06/06 00:00:00.0,700.5,707.5,676,704.5,244194,224502
2016/06/07 00:00:00.0,706,710.5,690.5,695,135652,205446
2016/06/08 00:00:00.0,695.5,699,679.5,681,127578,193506
2016/06/13 00:00:00.0,683.5,694,663,663.5,201366,222638
2016/06/14 00:00:00.0,663.5,672.5,632,645.5,293210,247664
2016/06/15 00:00:00.0,645.5,663,638.5,656,169652,230372
2016/06/16 00:00:00.0,658,669.5,654.5,659,144696,224982
2016/06/17 00:00:00.0,658,674.5,655,673.5,117438,203094
2016/06/20 00:00:00.0,672,683.5,665.5,668,81072,200988
2016/06/21 00:00:00.0,669.5,688,665,678,95344,196202
2016/06/22 00:00:00.0,678,724.5,677,701.5,136014,212726
2016/06/23 00:00:00.0,704,708.5,696,707.5,110652,210718
2016/06/24 00:00:00.0,706,720.5,692,705.5,185828,213210
2016/06/27 00:00:00.0,704.5,737.5,704,735,214044,214632
2016/06/28 00:00:00.0,730,736,716.5,728.5,129836,203644
2016/06/29 00:00:00.0,728,730,709,720,178958,218540
2016/06/30 00:00:00.0,718.5,732.5,715.5,726.5,128266,202228
2016/07/01 00:00:00.0,725,730.5,717.5,724.5,103992,205068
2016/07/04 00:00:00.0,727,749.5,722.5,736.5,167762,209760
2016/07/05 00:00:00.0,739,742,705.5,725.5,125576,186218
2016/07/06 00:00:00.0,724,736.5,708,727.5,139330,182934
2016/07/07 00:00:00.0,723,743.5,717.5,729.5,162554,170314
2016/07/08 00:00:00.0,733,741.5,717.5,741,123480,157034
2016/07/11 00:00:00.0,742.5,748,729,747,94998,163888
2016/07/12 00:00:00.0,747.5,785,745,779.5,233022,211918
2016/07/13 00:00:00.0,779.5,784.5,763,764.5,157798,192726
2016/07/14 00:00:00.0,769.5,770.5,740,750,131586,175704
2016/07/15 00:00:00.0,753.5,766,745,755,66880,166946
2016/07/18 00:00:00.0,760,763.5,716.5,725.5,125174,162336
2016/07/19 00:00:00.0,725,740,716,730,117278,143536
2016/07/20 00:00:00.0,731.5,739.5,727,731,63280,142698
2016/07/21 00:00:00.0,728.5,757.5,725,750.5,95706,144072
2016/07/22 00:00:00.0,751,751.5,734.5,739,72886,137416
2016/07/25 00:00:00.0,740.5,764,731.5,757,121400,159520
2016/07/26 00:00:00.0,750.5,759,744,750.5,55588,150108
2016/07/27 00:00:00.0,749.5,771,749.5,761,90966,157612
2016/07/28 00:00:00.0,763,779.5,756,778,89450,170352
2016/07/29 00:00:00.0,772,782.5,760,771,91834,178476
2016/08/01 00:00:00.0,769.5,793.5,766,789.5,118288,190464
2016/08/02 00:00:00.0,784,805.5,784,797,87868,200736
2016/08/03 00:00:00.0,795,802,789,793,76522,196274
2016/08/04 00:00:00.0,792.5,793.5,771,782.5,94932,184744
2016/08/05 00:00:00.0,780.5,800,780.5,798.5,77308,191216
2016/08/08 00:00:00.0,798,843.5,794,834.5,140738,218014
2016/08/09 00:00:00.0,835,849.5,808,822,148192,208416
2016/08/10 00:00:00.0,821,845.5,812.5,825.5,147678,228096
2016/08/11 00:00:00.0,827.5,837.5,809,831.5,122920,224942
2016/08/12 00:00:00.0,829.5,848,822.5,846,131024,236390
2016/08/15 00:00:00.0,843,848.5,815.5,829.5,269724,245018
2016/08/16 00:00:00.0,824.5,865,822,845.5,227274,246336
2016/08/17 00:00:00.0,845,862,839.5,841.5,154482,227174
2016/08/18 00:00:00.0,844,855.5,811,826.5,220526,227362
2016/08/19 00:00:00.0,825.5,838,822,831,128948,212100
2016/08/22 00:00:00.0,833,852,831,840,129678,215552
2016/08/23 00:00:00.0,839.5,867,832,853,128186,228980
2016/08/24 00:00:00.0,852,863.5,848.5,853.5,86794,225544
2016/08/25 00:00:00.0,855.5,864.5,831,849.5,175694,231170
2016/08/26 00:00:00.0,851,861.5,838,853,126968,218736
2016/08/29 00:00:00.0,851.5,869.5,833.5,868,194632,241258
2016/08/30 00:00:00.0,869,883,863,878.5,216014,265270
2016/08/31 00:00:00.0,880.5,890.5,851,856,305344,248610
2016/09/01 00:00:00.0,856.5,876.5,837.5,873.5,286132,250856
2016/09/02 00:00:00.0,874.5,910,870,899,369110,303176
2016/09/05 00:00:00.0,900.5,941.5,899.5,934.5,310252,309610
2016/09/06 00:00:00.0,937.5,944,927.5,944,202004,329098
2016/09/07 00:00:00.0,943.5,946,893.5,902,437702,329740
2016/09/08 00:00:00.0,898,917.5,881.5,908,379238,321474
2016/09/09 00:00:00.0,908,913,882,899.5,331072,335054
2016/09/12 00:00:00.0,900.5,903.5,860,863,309460,318280
2016/09/13 00:00:00.0,865.5,879,843.5,852.5,279890,302780
2016/09/14 00:00:00.0,852.5,867.5,847,864,199168,293734
2016/09/19 00:00:00.0,861,893,851,890.5,175576,288396
2016/09/20 00:00:00.0,889.5,937.5,886,925.5,353722,318508
2016/09/21 00:00:00.0,926,944,913,930.5,317106,325360
2016/09/22 00:00:00.0,930.5,963.5,915,920.5,438374,347622
2016/09/23 00:00:00.0,920.5,943.5,908,941.5,404374,346862
2016/09/26 00:00:00.0,941.5,970.5,936,961,378750,374834
2016/09/27 00:00:00.0,962,966.5,942.5,958.5,303716,348150
2016/09/28 00:00:00.0,957,969.5,938,968.5,308684,374336
2016/09/29 00:00:00.0,964.5,1016,964.5,996,454154,390988
2016/09/30 00:00:00.0,996,1012,985.5,1007.5,299952,369488
2016/10/10 00:00:00.0,1025,1026,991,1017,236414,378118
2016/10/11 00:00:00.0,1020.5,1036,1010,1034,268834,406458
2016/10/12 00:00:00.0,1033.5,1057,1024.5,1055.5,268646,415296
2016/10/13 00:00:00.0,1055,1072,1044,1052.5,342962,412200
2016/10/14 00:00:00.0,1055,1120,1044.5,1103.5,437224,452084
2016/10/17 00:00:00.0,1103,1149.5,1099.5,1147.5,437214,459392
2016/10/18 00:00:00.0,1147,1183.5,1131,1170,511158,505166
2016/10/19 00:00:00.0,1173.5,1232.5,1171.5,1216.5,821858,548620
2016/10/20 00:00:00.0,1212,1237.5,1184.5,1202,753140,569658
2016/10/21 00:00:00.0,1206,1222,1178,1221,606582,573236
2016/10/24 00:00:00.0,1221.5,1243.5,1201.5,1229,645082,603338
2016/10/25 00:00:00.0,1224.5,1296.5,1223,1284,619564,573688
2016/10/26 00:00:00.0,1284.5,1314.5,1244.5,1261.5,694982,542846
2016/10/27 00:00:00.0,1263,1275.5,1205.5,1229,706494,536826
2016/10/28 00:00:00.0,1235.5,1291,1213.5,1291,572886,527244
2016/10/31 00:00:00.0,1290.5,1305.5,1251,1291,567912,523344
2016/11/01 00:00:00.0,1290,1324,1225,1298,813406,589144
2016/11/02 00:00:00.0,1298.5,1332.5,1282.5,1289.5,571264,546502
2016/11/03 00:00:00.0,1291,1320.5,1275.5,1320,516234,563606
2016/11/04 00:00:00.0,1329.5,1387.5,1325.5,1387.5,699720,543346
2016/11/07 00:00:00.0,1389.5,1490.5,1387,1490,676206,471320
2016/11/08 00:00:00.0,1498.5,1519.5,1372,1402,866840,418544
2016/11/09 00:00:00.0,1403.5,1564,1402.5,1537.5,726242,431976
2016/11/10 00:00:00.0,1531,1584.5,1443,1477,745948,413232
2016/11/11 00:00:00.0,1482.5,1565.5,1468,1543.5,472366,354008
2016/11/14 00:00:00.0,1547.5,1651.5,1495.5,1614.5,618384,330954
2016/11/15 00:00:00.0,1606,1626,1445.5,1482,549406,335662
2016/11/16 00:00:00.0,1495.5,1540,1454.5,1533,425586,324478
2016/11/17 00:00:00.0,1533.5,1553.5,1473.5,1520,341738,323400
2016/11/18 00:00:00.0,1526.5,1542.5,1414.5,1441,434262,333498
2016/11/21 00:00:00.0,1434,1462,1382,1424,418530,311740
2016/11/22 00:00:00.0,1424.5,1534,1423.5,1515,449020,303608
2016/11/23 00:00:00.0,1483,1507,1445,1476.5,326636,284780
2016/11/24 00:00:00.0,1470,1521.5,1423,1490.5,476080,290120
2016/11/25 00:00:00.0,1474,1537,1474,1528,292728,259620
2016/11/28 00:00:00.0,1528.5,1573,1502,1536,238146,235908
2016/11/29 00:00:00.0,1527.5,1528,1414.5,1415,298684,236870
2016/11/30 00:00:00.0,1414,1421,1364,1397,320662,237720
2016/12/01 00:00:00.0,1407.5,1434,1380.5,1386,285166,237586
2016/12/02 00:00:00.0,1380,1390.5,1308.5,1351,321222,238550
2016/12/05 00:00:00.0,1361,1396.5,1323.5,1372.5,227954,214470
2016/12/06 00:00:00.0,1388,1390,1335,1354,187226,220604
2016/12/07 00:00:00.0,1357.5,1407.5,1343.5,1392,234342,210404
2016/12/08 00:00:00.0,1387,1401,1356.5,1371.5,141428,194326
2016/12/09 00:00:00.0,1376.5,1387.5,1313.5,1338,231582,220212
2016/12/12 00:00:00.0,1338.5,1375.5,1284,1292.5,265042,218900
2016/12/13 00:00:00.0,1293,1311.5,1265,1301.5,208040,229004
2016/12/14 00:00:00.0,1299.5,1321.5,1254,1308.5,246966,231970
2016/12/15 00:00:00.0,1308,1336.5,1289,1322,220192,214462
2016/12/16 00:00:00.0,1317.5,1324,1295.5,1298,137960,197130
2016/12/19 00:00:00.0,1289.5,1350,1275.5,1318.5,226488,221976
2016/12/20 00:00:00.0,1313,1364,1303.5,1346,274580,239162
2016/12/21 00:00:00.0,1351.5,1354.5,1324.5,1345.5,177222,226172
2016/12/22 00:00:00.0,1341,1343,1276.5,1276.5,179450,205978
2016/12/23 00:00:00.0,1272,1294,1253.5,1267,139914,195296
2016/12/26 00:00:00.0,1261,1280,1167.5,1193,209698,208900
2016/12/27 00:00:00.0,1194.5,1200.5,1159.5,1193,173688,194778
2016/12/28 00:00:00.0,1195.5,1224.5,1173,1182,184890,196294
2016/12/29 00:00:00.0,1177.5,1194,1155.5,1183,151798,190180
2016/12/30 00:00:00.0,1191.5,1205.5,1175,1180.5,169172,178302
2017/01/03 00:00:00.0,1178,1199.5,1119.5,1124.5,122988,188466
2017/01/04 00:00:00.0,1124,1150,1106,1136.5,150452,189458
2017/01/05 00:00:00.0,1138,1162.5,1131,1144,94954,179528
2017/01/06 00:00:00.0,1142.5,1177,1132.5,1157,116700,184938
2017/01/09 00:00:00.0,1152.5,1194,1148,1193.5,125180,184062
2017/01/10 00:00:00.0,1185,1266.5,1185,1258,201220,198808
2017/01/11 00:00:00.0,1262.5,1263,1222.5,1238,141346,182078
2017/01/12 00:00:00.0,1226.5,1255,1218,1235,119034,187512
2017/01/13 00:00:00.0,1227.5,1265,1227.5,1255.5,105946,176654
2017/01/16 00:00:00.0,1250,1329.5,1238,1317.5,167064,173912
2017/01/17 00:00:00.0,1308.5,1312,1191,1208.5,168912,158562
2017/01/18 00:00:00.0,1207.5,1239,1197,1210,107264,144522
2017/01/19 00:00:00.0,1214,1235,1187,1222,107940,147426
2017/01/20 00:00:00.0,1216.5,1234.5,1167,1167,99808,137658
2017/01/23 00:00:00.0,1166,1183.5,1143,1171.5,96944,135850
2017/01/24 00:00:00.0,1182.5,1230.5,1169.5,1204.5,106646,133010
2017/01/25 00:00:00.0,1206.5,1213,1176,1190.5,78954,127626
2017/01/26 00:00:00.0,1189.5,1253.5,1185.5,1248.5,88630,121950
2017/02/03 00:00:00.0,1240,1243,1153,1164,79966,119806
2017/02/06 00:00:00.0,1156,1183,1145,1147.5,99156,127872
2017/02/07 00:00:00.0,1143.5,1172.5,1129,1156.5,71108,122066
2017/02/08 00:00:00.0,1158,1178.5,1148,1167,86304,133552
2017/02/09 00:00:00.0,1166.5,1173.5,1124.5,1125.5,122446,147686
2017/02/10 00:00:00.0,1123,1188,1119,1153,191322,160698
2017/02/13 00:00:00.0,1153,1207.5,1153,1200.5,147870,150552
2017/02/14 00:00:00.0,1197,1231,1186.5,1220,139874,158332
2017/02/15 00:00:00.0,1216,1226.5,1179,1209.5,154922,158550
2017/02/16 00:00:00.0,1205,1269.5,1202,1218.5,210854,164128
2017/02/17 00:00:00.0,1220,1243.5,1215.5,1231,132842,150688
2017/02/20 00:00:00.0,1233,1276,1224,1275.5,135082,152136
2017/02/21 00:00:00.0,1269.5,1289.5,1251.5,1264.5,118412,146522
2017/02/22 00:00:00.0,1264.5,1271.5,1214.5,1221.5,120000,137440
2017/02/23 00:00:00.0,1219.5,1236,1199,1216,111450,129818
2017/02/24 00:00:00.0,1219,1252.5,1195.5,1251,137304,128952
2017/02/27 00:00:00.0,1251,1282.5,1245,1259,151698,137060
2017/02/28 00:00:00.0,1260,1270,1235,1242,103812,130168
2017/03/01 00:00:00.0,1240.5,1326,1239,1320.5,178078,162408
2017/03/02 00:00:00.0,1321,1321.5,1300.5,1312,104560,151066
2017/03/03 00:00:00.0,1310,1311,1266.5,1304.5,118160,151540
2017/03/06 00:00:00.0,1300,1335,1285.5,1302.5,129468,147656
2017/03/07 00:00:00.0,1301.5,1317.5,1278,1295.5,108552,147346
2017/03/08 00:00:00.0,1297.5,1299.5,1270.5,1286,102262,135350
2017/03/09 00:00:00.0,1284,1296,1255,1295,124432,140936
2017/03/10 00:00:00.0,1290.5,1306,1264,1264.5,123214,148818
2017/03/13 00:00:00.0,1265.5,1312.5,1240,1305,162056,165546
2017/03/14 00:00:00.0,1304.5,1310.5,1284,1299.5,94304,156604
2017/03/15 00:00:00.0,1297.5,1319.5,1282.5,1295,122682,167676
2017/03/16 00:00:00.0,1300,1307,1263.5,1289,115526,157622
2017/03/17 00:00:00.0,1290,1303.5,1260.5,1263,95400,157144
2017/03/20 00:00:00.0,1265,1299.5,1254.5,1291,99412,159574
2017/03/21 00:00:00.0,1291.5,1297,1266,1281.5,83526,158370
2017/03/22 00:00:00.0,1279,1287.5,1246,1247,96758,158254
2017/03/23 00:00:00.0,1249.5,1290.5,1249,1277,101368,166952
2017/03/24 00:00:00.0,1292,1292,1266,1268.5,86462,156832
2017/03/27 00:00:00.0,1267,1282.5,1199,1201.5,173364,162504
2017/03/28 00:00:00.0,1214.5,1220,1183.5,1184.5,121212,155368
2017/03/29 00:00:00.0,1196,1248,1193.5,1242,144326,157654
2017/03/30 00:00:00.0,1243,1266.5,1236,1244,122554,158248
2017/03/31 00:00:00.0,1251.5,1255.5,1223,1248.5,100456,160298
2017/04/05 00:00:00.0,1281,1342.5,1281,1340.5,174090,194168
2017/04/06 00:00:00.0,1343.5,1358,1332,1344,180464,218532
2017/04/07 00:00:00.0,1343,1343,1272.5,1294,230792,201222
2017/04/10 00:00:00.0,1311,1338,1271,1283.5,215436,209094
2017/04/11 00:00:00.0,1287.5,1287.5,1233,1234,180388,200626
2017/04/12 00:00:00.0,1237,1245,1167,1170,225040,201554
2017/04/13 00:00:00.0,1172,1194.5,1154,1159.5,205052,201420
2017/04/14 00:00:00.0,1162.5,1179.5,1106,1123,255174,233644
2017/04/17 00:00:00.0,1125.5,1169.5,1121,1140.5,254938,224840
2017/04/18 00:00:00.0,1142.5,1146,1096.5,1107.5,225786,233794
2017/04/19 00:00:00.0,1106.5,1106.5,1061.5,1085,244060,235778
2017/04/20 00:00:00.0,1090,1134.5,1061,1129,258260,234462
2017/04/21 00:00:00.0,1133.5,1161,1126,1142.5,262842,211068
2017/04/24 00:00:00.0,1140.5,1147,1077,1096,267040,229492
2017/04/25 00:00:00.0,1097.5,1118,1081,1089.5,204182,225068
2017/04/26 00:00:00.0,1091,1126,1066.5,1083.5,273868,241708
2017/04/27 00:00:00.0,1088.5,1120.5,1083,1119.5,223386,221448
2017/04/28 00:00:00.0,1119,1137.5,1109.5,1129,185442,216468
2017/05/02 00:00:00.0,1145.5,1150.5,1126,1142,96340,207412
2017/05/03 00:00:00.0,1143.5,1143.5,1095.5,1106,174480,220992
2017/05/04 00:00:00.0,1108.5,1108.5,1028,1050.5,227438,223174
2017/05/05 00:00:00.0,1051.5,1058,1014.5,1021.5,218362,225432
2017/05/08 00:00:00.0,1027,1057.5,1027,1041.5,194098,218592
2017/05/09 00:00:00.0,1041.5,1055,1029,1046.5,144806,213134
2017/05/10 00:00:00.0,1049,1085.5,1043.5,1065.5,207198,217724
2017/05/11 00:00:00.0,1078,1080.5,993.5,1025.5,430916,270076
2017/05/12 00:00:00.0,1026,1029.5,985.5,1014,363734,272134
2017/05/15 00:00:00.0,1012,1044.5,992.5,1020,292526,270944
2017/05/16 00:00:00.0,1018.5,1029.5,1005.5,1027,185686,253558
2017/05/17 00:00:00.0,1027,1054.5,1020.5,1045.5,219446,256188
2017/05/18 00:00:00.0,1043,1053,1021.5,1027,182370,242578
2017/05/19 00:00:00.0,1018,1060,1009,1046.5,219764,252688
2017/05/22 00:00:00.0,1049,1078,1042,1045.5,230906,242782
2017/05/23 00:00:00.0,1050,1073.5,1033,1072.5,245548,260822
2017/05/24 00:00:00.0,1071,1072.5,1027,1035.5,251406,247252
2017/05/25 00:00:00.0,1037,1064,1033.5,1048.5,186314,237748
2017/05/26 00:00:00.0,1048,1058,1024.5,1031,222572,246980
2017/05/31 00:00:00.0,1037.5,1037.5,947.5,947.5,271428,272498
2017/06/01 00:00:00.0,947,963.5,933.5,948.5,245784,269816
2017/06/02 00:00:00.0,947,955.5,926.5,937.5,238444,271678
2017/06/05 00:00:00.0,936.5,966.5,929.5,955.5,234328,258690
2017/06/06 00:00:00.0,952,974,941.5,966.5,244438,255224
2017/06/07 00:00:00.0,967,978.5,954.5,968.5,160594,240906
2017/06/08 00:00:00.0,968.5,981.5,957.5,966,174376,244098
2017/06/09 00:00:00.0,965,979.5,945,948.5,222880,266818
2017/06/12 00:00:00.0,943.5,969.5,943.5,964,227508,258862
2017/06/13 00:00:00.0,960.5,967,949,951.5,197556,257938
2017/06/14 00:00:00.0,950,985.5,927.5,982.5,377052,284776
2017/06/15 00:00:00.0,982.5,983.5,953.5,965.5,255142,262082
2017/06/16 00:00:00.0,965.5,987.5,956.5,962,262412,293188
2017/06/19 00:00:00.0,965.5,1016,960,996,316926,303292
2017/06/20 00:00:00.0,996,1023.5,993.5,1012.5,313276,305782
2017/06/21 00:00:00.0,1007.5,1034,992.5,1028,353976,329698
2017/06/22 00:00:00.0,1033,1054.5,1028.5,1031.5,351618,329474
2017/06/23 00:00:00.0,1036,1047,1020,1039,287848,325230
2017/06/26 00:00:00.0,1038,1042.5,1011.5,1020.5,266460,323580
2017/06/27 00:00:00.0,1019.5,1047.5,1014,1045.5,263450,324828
2017/06/28 00:00:00.0,1046,1079.5,1033.5,1074,266362,327648
2017/06/29 00:00:00.0,1076.5,1131,1070,1128.5,452688,350626
2017/06/30 00:00:00.0,1125.5,1125.5,1096,1116.5,302046,340414
2017/07/03 00:00:00.0,1114,1142,1108,1142,283158,352368
2017/07/04 00:00:00.0,1131,1147.5,1085.5,1099,272254,349626
2017/07/05 00:00:00.0,1097.5,1138.5,1097.5,1116.5,285586,359520
2017/07/06 00:00:00.0,1114.5,1120,1098,1117.5,236422,350140
2017/07/07 00:00:00.0,1116.5,1128,1104.5,1121.5,202072,349224
2017/07/10 00:00:00.0,1121.5,1140,1110.5,1123.5,261340,365806
2017/07/11 00:00:00.0,1125.5,1162.5,1115.5,1146.5,303442,373084
2017/07/12 00:00:00.0,1149,1163,1127.5,1132.5,247536,359550
2017/07/13 00:00:00.0,1136.5,1184,1133,1175,367682,388160
2017/07/14 00:00:00.0,1174,1175,1148,1159.5,262470,359894
2017/07/17 00:00:00.0,1160,1219.5,1156.5,1208.5,271504,372444
2017/07/18 00:00:00.0,1207.5,1238.5,1202,1227.5,287132,379194
2017/07/19 00:00:00.0,1229,1278.5,1225.5,1238,350274,378152
2017/07/20 00:00:00.0,1242,1249,1217.5,1223.5,322560,348400
2017/07/21 00:00:00.0,1222,1250.5,1198,1246,383948,360734
2017/07/24 00:00:00.0,1250,1260,1202.5,1231,335588,351780
2017/07/25 00:00:00.0,1232.5,1256.5,1211,1249.5,326084,365732
2017/07/26 00:00:00.0,1247,1275,1240,1249.5,349760,355880
2017/07/27 00:00:00.0,1250.5,1267.5,1233,1266.5,244168,347406
2017/07/28 00:00:00.0,1265,1275,1224,1254.5,309716,348098
2017/07/31 00:00:00.0,1256,1325,1243,1319.5,360220,352114
2017/08/01 00:00:00.0,1314.5,1325,1292.5,1300,228256,327570
2017/08/02 00:00:00.0,1309.5,1331.5,1295,1330,331432,370602
2017/08/03 00:00:00.0,1324,1330.5,1269.5,1276,452396,378370
2017/08/04 00:00:00.0,1278,1286,1259,1269.5,442314,379994
2017/08/07 00:00:00.0,1270.5,1318.5,1239,1243.5,702520,409866
2017/08/08 00:00:00.0,1245,1297.5,1245,1274,615570,395888
2017/08/09 00:00:00.0,1275.5,1331,1271,1322,489682,366930
2017/08/10 00:00:00.0,1317.5,1334.5,1299.5,1322,353536,347734
2017/08/11 00:00:00.0,1319.5,1360,1292,1317.5,534006,345292
2017/08/14 00:00:00.0,1322,1329.5,1288,1293.5,463820,329052
2017/08/15 00:00:00.0,1289,1333,1270.5,1327,555328,323990
2017/08/16 00:00:00.0,1328,1360.5,1321,1351,519174,342846
2017/08/17 00:00:00.0,1359,1446,1359,1445.5,671538,378704
2017/08/18 00:00:00.0,1444.5,1478,1439,1472.5,479242,365752
2017/08/21 00:00:00.0,1452,1508.5,1424,1464.5,692904,366964
2017/08/22 00:00:00.0,1461.5,1485,1443,1477.5,504640,331622
2017/08/23 00:00:00.0,1471,1472.5,1411,1447,597620,307756
2017/08/24 00:00:00.0,1447.5,1489,1444.5,1471.5,547212,325790
2017/08/25 00:00:00.0,1474,1518.5,1463.5,1497.5,448742,309942
2017/08/28 00:00:00.0,1495,1508,1436.5,1464,444416,303866
2017/08/29 00:00:00.0,1462,1484.5,1385.5,1397.5,561744,307292
2017/08/30 00:00:00.0,1405.5,1409.5,1362,1389,440420,296706
2017/08/31 00:00:00.0,1388,1425.5,1377.5,1413,553636,295802
2017/09/01 00:00:00.0,1417.5,1462,1410,1437,491580,294616
2017/09/04 00:00:00.0,1436.5,1489,1389.5,1391.5,572696,300766
2017/09/05 00:00:00.0,1396,1426.5,1373,1419.5,522302,299434
2017/09/06 00:00:00.0,1421.5,1435.5,1380.5,1389,473996,301336
2017/09/07 00:00:00.0,1389,1411,1347,1392.5,549190,320186
2017/09/08 00:00:00.0,1396,1439.5,1379.5,1401.5,600766,314664
2017/09/11 00:00:00.0,1403,1439,1357.5,1432.5,635824,343922
2017/09/12 00:00:00.0,1435.5,1470.5,1427,1459,515514,332328
2017/09/13 00:00:00.0,1458.5,1458.5,1415,1422.5,446984,323776
2017/09/14 00:00:00.0,1424.5,1434.5,1390,1395,472664,317102
2017/09/15 00:00:00.0,1395,1396.5,1303,1312,621126,347928
2017/09/18 00:00:00.0,1312,1312,1257,1277,624514,329110
2017/09/19 00:00:00.0,1277,1306,1269.5,1271.5,424506,309102
2017/09/20 00:00:00.0,1272.5,1317,1249,1306.5,552658,314230
2017/09/21 00:00:00.0,1307.5,1323.5,1211.5,1216.5,675690,344510
2017/09/22 00:00:00.0,1216,1235.5,1194.5,1208.5,497618,320380
2017/09/25 00:00:00.0,1210.5,1220.5,1134.5,1172.5,706406,356790
2017/09/26 00:00:00.0,1172.5,1194.5,1150,1158.5,589974,357740
2017/09/27 00:00:00.0,1151.5,1182,1144.5,1170.5,546674,349482
2017/09/28 00:00:00.0,1168,1185.5,1110,1121,705572,351520
2017/09/29 00:00:00.0,1125,1144,1098,1131,588226,328624
2017/10/09 00:00:00.0,1147,1152,1074.5,1088.5,390000,346348
2017/10/10 00:00:00.0,1092.5,1095.5,1069,1075.5,444682,367508
2017/10/11 00:00:00.0,1080,1126,1074,1083,667638,382480
2017/10/12 00:00:00.0,1083,1150.5,1076,1140,750232,375536
2017/10/13 00:00:00.0,1140,1199.5,1130,1193.5,687790,366014
2017/10/16 00:00:00.0,1194,1219.5,1155,1172.5,774016,353726
2017/10/17 00:00:00.0,1175,1191.5,1140,1157.5,680968,337174
2017/10/18 00:00:00.0,1160.5,1186,1154,1160,520948,318516
2017/10/19 00:00:00.0,1160,1162.5,1096,1098.5,618928,334930
2017/10/20 00:00:00.0,1100,1159.5,1099.5,1155,582336,311814
2017/10/23 00:00:00.0,1156,1170,1110,1125.5,635458,326228
2017/10/24 00:00:00.0,1125.5,1132.5,1086.5,1094,658128,340066
2017/10/25 00:00:00.0,1090.5,1113.5,1080.5,1106.5,550136,339088
2017/10/26 00:00:00.0,1107,1114.5,1094,1107,409514,329086
2017/10/27 00:00:00.0,1105.5,1127.5,1088.5,1099.5,590270,360862
2017/10/30 00:00:00.0,1098.5,1128.5,1092.5,1096.5,544600,367556
2017/10/31 00:00:00.0,1099,1106.5,1063.5,1068.5,620234,410494
2017/11/01 00:00:00.0,1065,1100,1065,1083.5,447374,361606
2017/11/02 00:00:00.0,1083.5,1147.5,1082,1145,615432,384836
2017/11/03 00:00:00.0,1143.5,1153,1126.5,1135,517788,348340
2017/11/06 00:00:00.0,1136.5,1177,1133.5,1170,547148,357066
2017/11/07 00:00:00.0,1172.5,1193.5,1165,1188.5,470820,323574
2017/11/08 00:00:00.0,1189.5,1200.5,1175.5,1189.5,450326,338430
2017/11/09 00:00:00.0,1191,1246,1185,1210.5,675734,352890
2017/11/10 00:00:00.0,1210.5,1226,1184,1217.5,615830,344446
2017/11/13 00:00:00.0,1222,1230,1195.5,1215.5,541508,345026
2017/11/14 00:00:00.0,1217,1225.5,1201,1218.5,389644,320500
2017/11/15 00:00:00.0,1218,1237,1163,1167.5,592266,319558
2017/11/16 00:00:00.0,1169.5,1179,1155.5,1168,394616,293848
2017/11/17 00:00:00.0,1173,1187,1163,1176.5,378956,289022
2017/11/20 00:00:00.0,1174.5,1211.5,1165,1209.5,437180,308174
2017/11/21 00:00:00.0,1210,1233,1203,1230,389702,294208
2017/11/22 00:00:00.0,1232,1301.5,1226,1301,530724,331126
2017/11/23 00:00:00.0,1296.5,1325,1291.5,1297,575446,314264
2017/11/24 00:00:00.0,1294.5,1337,1284.5,1334.5,552692,340450
2017/11/27 00:00:00.0,1330.5,1339.5,1300,1309.5,477812,308408
2017/11/28 00:00:00.0,1310.5,1339,1288.5,1335,555174,322770
2017/11/29 00:00:00.0,1335,1337.5,1317,1332.5,395490,299972
2017/11/30 00:00:00.0,1330.5,1391,1323,1374.5,620138,349750
2017/12/01 00:00:00.0,1373.5,1397,1367.5,1390,414894,326566
2017/12/04 00:00:00.0,1386,1423.5,1359,1370,608606,326886
2017/12/05 00:00:00.0,1370,1384,1338.5,1342,573900,317146
2017/12/06 00:00:00.0,1340,1362,1323.5,1353,437544,300060
2017/12/07 00:00:00.0,1351.5,1353,1242,1249.5,731312,295564
2017/12/08 00:00:00.0,1250.5,1271,1212,1262,716602,278562
2017/12/11 00:00:00.0,1258.5,1314,1244.5,1277,665858,252256
2017/12/12 00:00:00.0,1278.5,1305,1247.5,1284.5,607068,245514
2017/12/13 00:00:00.0,1281,1298,1270.5,1285,507714,240536
2017/12/14 00:00:00.0,1284.5,1289,1236,1240.5,492750,258706
2017/12/15 00:00:00.0,1240.5,1274.5,1228,1271.5,374120,233656
2017/12/18 00:00:00.0,1277.5,1352,1277,1351,543422,267728
2017/12/19 00:00:00.0,1366.5,1392.5,1354,1377,674432,328306
2017/12/20 00:00:00.0,1372,1381.5,1349.5,1375.5,531626,304828
2017/12/21 00:00:00.0,1374,1403,1349,1371.5,693752,347902
2017/12/22 00:00:00.0,1372.5,1391.5,1355,1389,496250,300622
2017/12/25 00:00:00.0,1386,1394,1309,1315,574346,308300
2017/12/26 00:00:00.0,1310.5,1331,1300.5,1324.5,399986,264892
2017/12/27 00:00:00.0,1319.5,1341.5,1288,1292.5,542266,293188
2017/12/28 00:00:00.0,1291.5,1310,1276.5,1301,379290,255038
2017/12/29 00:00:00.0,1300.5,1335,1286,1312.5,548566,286262
2018/01/02 00:00:00.0,1313,1340,1307,1337,315868,258502
2018/01/03 00:00:00.0,1338,1370,1333.5,1350.5,431004,295516
2018/01/04 00:00:00.0,1350.5,1375,1338.5,1365.5,517056,302290
2018/01/05 00:00:00.0,1365.5,1365.5,1323,1359,400228,275564
2018/01/08 00:00:00.0,1353.5,1390,1345.5,1388.5,453274,327032
2018/01/09 00:00:00.0,1376.5,1391.5,1374,1382.5,306772,308038
2018/01/10 00:00:00.0,1380.5,1387,1350.5,1355.5,401386,321436
2018/01/11 00:00:00.0,1358.5,1384,1351.5,1375.5,405718,334482
2018/01/12 00:00:00.0,1373.5,1375.5,1335,1344.5,439342,331162
2018/01/15 00:00:00.0,1343,1348,1312,1326,369380,321098
2018/01/16 00:00:00.0,1322,1332,1266.5,1277,469444,355998
2018/01/17 00:00:00.0,1276.5,1290.5,1256.5,1283.5,462934,323124
2018/01/18 00:00:00.0,1280,1292,1266.5,1275.5,339114,309432
2018/01/19 00:00:00.0,1278.5,1292,1263,1287,403342,308156
2018/01/22 00:00:00.0,1288,1311,1260,1271,501076,317140
2018/01/23 00:00:00.0,1274.5,1288,1252.5,1283.5,433030,294396
2018/01/24 00:00:00.0,1286,1297,1270,1288,362030,300026
2018/01/25 00:00:00.0,1288.5,1328,1285,1318,391014,272194
2018/01/26 00:00:00.0,1318,1323.5,1298,1300,309976,258640
2018/01/29 00:00:00.0,1301.5,1321.5,1280.5,1286,374590,287276
2018/01/30 00:00:00.0,1285.5,1302,1282,1294,297000,266694
2018/01/31 00:00:00.0,1295,1314,1272.5,1292.5,370174,288134
2018/02/01 00:00:00.0,1294,1303.5,1283.5,1288,304360,264970
2018/02/02 00:00:00.0,1289,1336,1289,1329.5,415728,305816
2018/02/05 00:00:00.0,1329.5,1376.5,1323,1365.5,475254,316288
2018/02/06 00:00:00.0,1372,1372,1346.5,1355.5,320966,291134
2018/02/07 00:00:00.0,1355,1373.5,1347,1364.5,246968,276950
2018/02/08 00:00:00.0,1366,1369.5,1348.5,1360.5,287774,289604
2018/02/09 00:00:00.0,1358,1383.5,1339,1352.5,362592,276832
2018/02/12 00:00:00.0,1352.5,1365,1339.5,1360,244684,263280
2018/02/13 00:00:00.0,1360,1363,1346.5,1360,182424,248542
2018/02/14 00:00:00.0,1357.5,1377.5,1355,1369,164018,232282
2018/02/22 00:00:00.0,1381,1403,1356,1373,160432,244592
2018/02/23 00:00:00.0,1372,1394,1362.5,1393,242198,287824
2018/02/26 00:00:00.0,1394.5,1423.5,1386.5,1406,368626,327602
2018/02/27 00:00:00.0,1405,1425,1401,1420.5,278602,337442
2018/02/28 00:00:00.0,1417,1419.5,1396,1406,293846,351236
2018/03/01 00:00:00.0,1407,1409,1387,1394.5,336754,347818
2018/03/02 00:00:00.0,1390,1390,1365,1372,162528,300584
2018/03/05 00:00:00.0,1386.5,1392.5,1360.5,1367,277918,324002
2018/03/06 00:00:00.0,1366.5,1384,1356.5,1371,263370,314716
2018/03/07 00:00:00.0,1372,1379.5,1334.5,1342.5,276464,312382
2018/03/08 00:00:00.0,1341,1349.5,1316,1318.5,307150,305104
2018/03/09 00:00:00.0,1328,1331,1288.5,1293,381042,304652
2018/03/12 00:00:00.0,1295,1302.5,1260.5,1261.5,411468,308482
2018/03/13 00:00:00.0,1263.5,1265.5,1247.5,1248,358766,329988
2018/03/14 00:00:00.0,1250,1293.5,1236.5,1287.5,473218,354568
2018/03/15 00:00:00.0,1287,1293,1265.5,1276.5,417332,324638
2018/03/16 00:00:00.0,1277.5,1289,1267,1279.5,332936,320120
2018/03/19 00:00:00.0,1278.5,1296,1243,1273,531522,367860
2018/03/20 00:00:00.0,1273,1288,1249,1274,459568,345990
2018/03/21 00:00:00.0,1274.5,1301,1268.5,1275.5,440100,361332
2018/03/22 00:00:00.0,1274.5,1282.5,1254,1260.5,506560,356548
2018/03/23 00:00:00.0,1258.5,1264,1183,1218,784110,412078
2018/03/26 00:00:00.0,1216.5,1242,1210,1227.5,502436,396418
2018/03/27 00:00:00.0,1225.5,1250,1222,1232.5,405618,383180
2018/03/28 00:00:00.0,1231,1236.5,1198.5,1211,465884,392612
2018/03/29 00:00:00.0,1210,1238,1171,1234,715376,454694
2018/03/30 00:00:00.0,1231,1263.5,1219,1261,646262,393932
2018/04/02 00:00:00.0,1260.5,1288,1240.5,1252,632958,359118
2018/04/03 00:00:00.0,1249.5,1272,1244,1251,396900,329900
2018/04/04 00:00:00.0,1249,1278.5,1242,1255.5,486210,318736
2018/04/09 00:00:00.0,1249,1256.5,1228.5,1241,302746,299792
2018/04/10 00:00:00.0,1242.5,1247.5,1228.5,1239,160066,270990
2018/04/11 00:00:00.0,1228,1235.5,1183.5,1187,422204,319650
2018/04/12 00:00:00.0,1190,1190,1154.5,1160,448852,331986
2018/04/13 00:00:00.0,1162.5,1175.5,1150.5,1160,429474,330908
2018/04/16 00:00:00.0,1163,1171,1127,1127,481128,354040
2018/04/17 00:00:00.0,1127,1163.5,1116.5,1147,480396,327664
2018/04/18 00:00:00.0,1154,1181.5,1150.5,1164.5,466748,313172
2018/04/19 00:00:00.0,1169.5,1187,1151.5,1182.5,544702,323122
2018/04/20 00:00:00.0,1179.5,1179.5,1133.5,1136,470698,299982
2018/04/23 00:00:00.0,1138.5,1187,1125,1179.5,581468,338670
2018/04/24 00:00:00.0,1177,1196.5,1170.5,1183,433868,307586
2018/04/25 00:00:00.0,1183.5,1190.5,1157,1166,433932,321074
2018/04/26 00:00:00.0,1170.5,1185.5,1161.5,1168.5,469518,290134
2018/04/27 00:00:00.0,1171,1177,1139.5,1156.5,404184,287444
2018/05/02 00:00:00.0,1167,1203.5,1166,1203.5,339462,279776
2018/05/03 00:00:00.0,1203.5,1221.5,1195,1198.5,368080,284698
2018/05/04 00:00:00.0,1199,1219,1182,1216.5,420446,306732
2018/05/07 00:00:00.0,1216,1262,1204.5,1248.5,570622,371162
2018/05/08 00:00:00.0,1249,1258.5,1242.5,1247.5,321838,345438
2018/05/09 00:00:00.0,1244,1244.5,1219,1228,393536,340664
2018/05/10 00:00:00.0,1227.5,1244,1225.5,1240.5,304868,306858
2018/05/11 00:00:00.0,1243.5,1268,1238,1260,379918,333788
2018/05/14 00:00:00.0,1257.5,1265.5,1247.5,1260,285448,310036
2018/05/15 00:00:00.0,1258,1295,1248.5,1270,528894,361468
2018/05/16 00:00:00.0,1271.5,1289,1256,1271.5,377720,328546
2018/05/17 00:00:00.0,1272,1275,1241.5,1247.5,383012,342796
2018/05/18 00:00:00.0,1245,1262,1224,1230,394898,328652
2018/05/21 00:00:00.0,1229.5,1243.5,1207.5,1231.5,358896,318462
2018/05/22 00:00:00.0,1235,1244.5,1218,1220.5,345362,308080
2018/05/23 00:00:00.0,1221,1224.5,1164.5,1175,445952,319602
2018/05/24 00:00:00.0,1172,1192,1169.5,1189.5,327906,280120
2018/05/25 00:00:00.0,1187.5,1208,1174.5,1175,346538,301044
2018/05/28 00:00:00.0,1173.5,1211.5,1158,1196,440466,306924
2018/05/29 00:00:00.0,1196.5,1235.5,1188,1218,422060,306882
2018/05/30 00:00:00.0,1221,1228,1190,1204,440892,312900
2018/05/31 00:00:00.0,1204,1240.5,1200.5,1238,407434,300390
2018/06/01 00:00:00.0,1244.5,1265.5,1239,1252.5,382090,300140
2018/06/04 00:00:00.0,1255.5,1268.5,1237.5,1238,364492,289652
2018/06/05 00:00:00.0,1241,1245.5,1219.5,1243.5,363224,278576
2018/06/06 00:00:00.0,1247.5,1255.5,1227.5,1245,354232,267440
2018/06/07 00:00:00.0,1242,1265,1237.5,1259,365592,264454
2018/06/08 00:00:00.0,1259.5,1269,1240,1255.5,342524,253936
2018/06/11 00:00:00.0,1254.5,1254.5,1230,1244,294252,243542
2018/06/12 00:00:00.0,1242,1278.5,1241.5,1276.5,347462,277998
2018/06/13 00:00:00.0,1278,1281,1250,1255,320696,272278
2018/06/14 00:00:00.0,1259.5,1271,1247.5,1253,338002,304450
2018/06/15 00:00:00.0,1254.5,1266,1232,1263.5,378272,281926
2018/06/19 00:00:00.0,1254.5,1262,1189.5,1199,333872,285464
2018/06/20 00:00:00.0,1201,1218.5,1185.5,1208.5,263232,258700
2018/06/21 00:00:00.0,1208,1220.5,1183.5,1184,276120,269756
2018/06/22 00:00:00.0,1188,1189.5,1166.5,1183.5,389746,282504
2018/06/25 00:00:00.0,1185.5,1214.5,1181,1192.5,409240,259988
2018/06/26 00:00:00.0,1192,1192,1161.5,1174.5,347542,253958
2018/06/27 00:00:00.0,1173.5,1197,1169,1169.5,289694,246200
2018/06/28 00:00:00.0,1169.5,1199.5,1169.5,1183,326676,249120
2018/06/29 00:00:00.0,1182.5,1202.5,1180,1199,325592,248082
2018/07/02 00:00:00.0,1196.5,1198.5,1153.5,1165.5,398436,279240
2018/07/03 00:00:00.0,1166.5,1169,1155,1163.5,237890,252784
2018/07/04 00:00:00.0,1166.5,1182,1149.5,1154,398842,280638
2018/07/05 00:00:00.0,1151,1156.5,1133.5,1149.5,340470,267316
2018/07/06 00:00:00.0,1153,1162.5,1135,1150,308964,275828
2018/07/09 00:00:00.0,1148,1157,1143.5,1155.5,252860,261524
2018/07/10 00:00:00.0,1153,1157,1139.5,1141.5,263096,282318
2018/07/11 00:00:00.0,1142,1148.5,1111,1143,362706,291042
2018/07/12 00:00:00.0,1144,1162.5,1141,1151.5,360736,274820
2018/07/13 00:00:00.0,1148.5,1153.5,1127.5,1128.5,289640,281566
2018/07/16 00:00:00.0,1128,1141.5,1127,1136.5,252020,284806
2018/07/17 00:00:00.0,1135,1147.5,1127.5,1146.5,294472,284258
2018/07/18 00:00:00.0,1146.5,1149.5,1137.5,1138,193022,270620
2018/07/19 00:00:00.0,1139,1172.5,1138,1158,323012,271846
2018/07/20 00:00:00.0,1156,1168,1153.5,1165,215708,242136
2018/07/23 00:00:00.0,1167.5,1169.5,1154.5,1165.5,223074,248798
2018/07/24 00:00:00.0,1164,1177,1160.5,1176.5,260726,259412
2018/07/25 00:00:00.0,1177.5,1206.5,1177.5,1194,394584,270224
2018/07/26 00:00:00.0,1194,1194,1179.5,1189,230182,249632
2018/07/27 00:00:00.0,1188.5,1205,1176.5,1192.5,362362,286208
2018/07/30 00:00:00.0,1193,1210.5,1173.5,1201.5,432200,291906
2018/07/31 00:00:00.0,1206,1220,1199.5,1202.5,326620,264862
2018/08/01 00:00:00.0,1210.5,1210.5,1183,1186.5,327504,264758
2018/08/02 00:00:00.0,1185,1191.5,1165,1187,325360,263478
2018/08/03 00:00:00.0,1187.5,1211.5,1182.5,1208,395418,276502
2018/08/06 00:00:00.0,1207,1254,1195,1243.5,534732,298278
2018/08/07 00:00:00.0,1232,1258,1226.5,1231.5,389842,294562
2018/08/08 00:00:00.0,1230,1270.5,1226.5,1249,379856,285644
2018/08/09 00:00:00.0,1252,1256,1243.5,1249.5,126454,270964
2018/08/10 00:00:00.0,1253.5,1261,1221.5,1225.5,356710,283886
2018/08/13 00:00:00.0,1226,1245.5,1213.5,1245.5,280990,277626
2018/08/14 00:00:00.0,1245.5,1263.5,1229,1237,301126,277672
2018/08/15 00:00:00.0,1240.5,1269.5,1232.5,1260.5,362388,286978
2018/08/16 00:00:00.0,1259.5,1271.5,1229.5,1254.5,394698,257434
2018/08/17 00:00:00.0,1256.5,1316.5,1255.5,1283.5,609102,314382
2018/08/20 00:00:00.0,1287.5,1334,1276.5,1321,494114,316086
2018/08/21 00:00:00.0,1321,1334,1285,1287,417714,296054
2018/08/22 00:00:00.0,1288,1358.5,1286.5,1330,528808,333436
2018/08/23 00:00:00.0,1327.5,1333,1292,1294.5,430548,276466
2018/08/24 00:00:00.0,1293.5,1302.5,1272.5,1290,373562,291722
2018/08/27 00:00:00.0,1289.5,1305,1253,1263.5,362868,272582
2018/08/28 00:00:00.0,1265.5,1277,1255,1273,252376,252286
2018/08/29 00:00:00.0,1272.5,1278.5,1243.5,1246,334736,285496
2018/08/30 00:00:00.0,1247.5,1263.5,1236.5,1254.5,432564,278248
2018/08/31 00:00:00.0,1254,1263,1243,1263,302828,249448
2018/09/03 00:00:00.0,1251.5,1262,1214,1225,326878,250576
2018/09/04 00:00:00.0,1225,1236.5,1221.5,1229,175378,220868
2018/09/05 00:00:00.0,1227.5,1251,1224.5,1243,262892,239192
2018/09/06 00:00:00.0,1246,1286.5,1242.5,1282.5,406666,281010
2018/09/07 00:00:00.0,1286.5,1297,1264.5,1273,372352,255040
2018/09/10 00:00:00.0,1275,1319,1275,1317.5,407148,279426
2018/09/11 00:00:00.0,1319.5,1319.5,1276,1285.5,459772,268562
2018/09/12 00:00:00.0,1288.5,1293.5,1238,1267,543010,293782
2018/09/13 00:00:00.0,1269.5,1292,1269.5,1285,406248,289878
2018/09/14 00:00:00.0,1288.5,1297.5,1277,1296,341822,279982
2018/09/17 00:00:00.0,1295.5,1307,1280,1288.5,346390,269722
2018/09/18 00:00:00.0,1287,1300,1277.5,1294.5,297018,245906
2018/09/19 00:00:00.0,1294.5,1310,1288,1303,321196,259108
2018/09/20 00:00:00.0,1306.5,1306.5,1268,1274.5,355660,250426
2018/09/21 00:00:00.0,1272,1289,1265.5,1283.5,267822,229482
2018/09/25 00:00:00.0,1284,1292,1273,1274.5,196600,221164
2018/09/26 00:00:00.0,1275,1295,1272.5,1283,267526,225890
2018/09/27 00:00:00.0,1280.5,1286,1259,1264.5,271224,204252
2018/09/28 00:00:00.0,1262,1269,1239.5,1267.5,262066,190094
2018/10/08 00:00:00.0,1275,1327.5,1275,1325,260806,231434
2018/10/09 00:00:00.0,1324,1340,1318,1327.5,331740,238178
2018/10/10 00:00:00.0,1329,1388.5,1320.5,1358.5,531638,295664
2018/10/11 00:00:00.0,1358,1371,1338.5,1360,421978,274148
2018/10/12 00:00:00.0,1363.5,1378,1350.5,1369,326254,288350
2018/10/15 00:00:00.0,1366,1376,1343.5,1344.5,297200,263498
2018/10/16 00:00:00.0,1345,1372,1343,1362,385874,310198
2018/10/17 00:00:00.0,1363,1406.5,1359,1394,619476,367764
2018/10/18 00:00:00.0,1395,1401.5,1370,1378.5,457346,341838
2018/10/19 00:00:00.0,1377,1383,1349,1351,422484,325586
2018/10/22 00:00:00.0,1350,1381,1350,1356.5,358002,304688
2018/10/23 00:00:00.0,1361,1391,1360.5,1381,415532,333246
2018/10/24 00:00:00.0,1376.5,1389,1364.5,1388,421696,327962
2018/10/25 00:00:00.0,1385,1411,1373,1407.5,440472,351116
2018/10/26 00:00:00.0,1407.5,1424,1394.5,1401,424714,357736
2018/10/29 00:00:00.0,1399,1411,1372.5,1379.5,404810,310618
2018/10/30 00:00:00.0,1380.5,1403.5,1376.5,1385.5,336964,323874
2018/10/31 00:00:00.0,1384,1389,1366,1384.5,363612,319132
2018/11/01 00:00:00.0,1386,1402.5,1370.5,1376,503462,371748
2018/11/02 00:00:00.0,1375.5,1375.5,1325,1347.5,577594,324602
2018/11/05 00:00:00.0,1348,1372.5,1341,1372,412850,354616
2018/11/06 00:00:00.0,1369,1383.5,1354,1358.5,471320,351112
2018/11/07 00:00:00.0,1357.5,1360,1328,1349.5,461002,341464
2018/11/08 00:00:00.0,1349.5,1352.5,1318,1343,520132,332670
2018/11/09 00:00:00.0,1341,1346,1325,1325,304842,326158
2018/11/12 00:00:00.0,1326.5,1343,1309,1333,561078,360008
2018/11/13 00:00:00.0,1328.5,1336,1306.5,1309,402224,346260
2018/11/14 00:00:00.0,1308,1339,1303.5,1331,425846,341270
2018/11/15 00:00:00.0,1330,1355.5,1322.5,1355,371982,354820
2018/11/16 00:00:00.0,1356.5,1365,1347,1355,388362,348966
2018/11/19 00:00:00.0,1354,1361,1345,1353,339084,347558
2018/11/20 00:00:00.0,1354,1354.5,1326,1338,406576,348492
2018/11/21 00:00:00.0,1333.5,1350,1298,1347,570988,367820
2018/11/22 00:00:00.0,1347.5,1349,1319,1328.5,373644,341512
2018/11/23 00:00:00.0,1326.5,1332,1308,1308.5,483440,389314
2018/11/26 00:00:00.0,1302,1304,1241.5,1255.5,719830,452740
2018/11/27 00:00:00.0,1252.5,1274.5,1238,1252.5,609196,456572
2018/11/28 00:00:00.0,1247.5,1277,1247.5,1271,491376,467136
2018/11/29 00:00:00.0,1276,1285,1265,1279,525358,494678
2018/11/30 00:00:00.0,1283.5,1286.5,1263,1269,415272,474396
2018/12/03 00:00:00.0,1266,1358,1262,1312.5,626706,459298
2018/12/04 00:00:00.0,1309.5,1324.5,1300.5,1317.5,349056,409650
2018/12/05 00:00:00.0,1323.5,1337.5,1306,1330.5,397908,429932
2018/12/06 00:00:00.0,1332,1335,1306,1320.5,345370,405438
2018/12/07 00:00:00.0,1318.5,1354,1313.5,1345.5,533860,423024
2018/12/10 00:00:00.0,1348.5,1348.5,1311.5,1318,352146,386120
2018/12/11 00:00:00.0,1330.5,1330.5,1294,1305.5,383864,395052
2018/12/12 00:00:00.0,1309,1313,1291,1299.5,325988,378934
2018/12/13 00:00:00.0,1305,1318,1289,1302.5,436508,405086
2018/12/14 00:00:00.0,1301,1306,1294.5,1303.5,367538,404340
2018/12/17 00:00:00.0,1303.5,1312.5,1288.5,1295,323762,390436
2018/12/18 00:00:00.0,1294,1298,1267.5,1271,300924,372744
2018/12/19 00:00:00.0,1269.5,1278.5,1243.5,1248.5,365544,386254
2018/12/20 00:00:00.0,1247.5,1257,1236.5,1242,350926,367050
2018/12/21 00:00:00.0,1241.5,1262.5,1233,1243.5,377680,366186
2018/12/24 00:00:00.0,1241.5,1248,1228,1240.5,268412,336634
2018/12/25 00:00:00.0,1236,1238.5,1199.5,1209,339878,345900
2018/12/26 00:00:00.0,1207.5,1223,1207.5,1212.5,205006,312034
2018/12/27 00:00:00.0,1213.5,1240,1209,1209.5,253440,302630
