2014/06/17 00:00:00.0,2860,2897,2826,2854,2106,1202
2014/06/18 00:00:00.0,2858,2902,2833,2896,2118,2176
2014/06/19 00:00:00.0,2901,2929,2890,2901,3532,2956
2014/06/20 00:00:00.0,2905,2919,2896,2908,1504,2978
2014/06/23 00:00:00.0,2910,2950,2896,2910,2480,2896
2014/06/24 00:00:00.0,2906,2948,2903,2939,1690,2962
2014/06/25 00:00:00.0,2941,2991,2933,2987,4348,4192
2014/06/26 00:00:00.0,2990,3020,2970,3004,5220,3986
2014/06/27 00:00:00.0,3004,3008,2978,2987,2840,3986
2014/06/30 00:00:00.0,2983,3005,2966,2991,3020,4008
2014/07/01 00:00:00.0,2994,3002,2963,2977,3648,4204
2014/07/02 00:00:00.0,2982,2992,2911,2965,3150,4358
2014/07/03 00:00:00.0,2958,2975,2946,2962,1926,4800
2014/07/04 00:00:00.0,2961,2972,2951,2960,1454,4750
2014/07/07 00:00:00.0,2956,3013,2954,3012,4722,5804
2014/07/08 00:00:00.0,3013,3038,2996,3001,6078,6912
2014/07/09 00:00:00.0,3000,3003,2958,2958,3916,6010
2014/07/10 00:00:00.0,2956,2964,2931,2937,3352,5446
2014/07/11 00:00:00.0,2940,2958,2915,2919,2332,5516
2014/07/14 00:00:00.0,2919,2926,2825,2904,2114,5302
2014/07/15 00:00:00.0,2908,2920,2882,2900,1286,5498
2014/07/16 00:00:00.0,2905,2905,2873,2880,1120,5310
2014/07/17 00:00:00.0,2880,2932,2875,2912,2552,5490
2014/07/18 00:00:00.0,2915,2925,2843,2867,2722,5158
2014/07/21 00:00:00.0,2867,2880,2852,2864,1042,5116
2014/07/22 00:00:00.0,2867,2890,2852,2880,1494,4978
2014/07/23 00:00:00.0,2880,2897,2836,2874,1486,4890
2014/07/24 00:00:00.0,2876,2895,2851,2877,1074,4908
2014/07/25 00:00:00.0,2876,2896,2873,2892,940,5020
2014/07/28 00:00:00.0,2897,2943,2863,2940,2210,5126
2014/07/29 00:00:00.0,2934,2948,2925,2929,1100,4958
2014/07/30 00:00:00.0,2922,2940,2904,2932,1670,4904
2014/07/31 00:00:00.0,2922,2943,2916,2918,1026,4856
2014/08/01 00:00:00.0,2901,2913,2882,2883,2092,4186
2014/08/04 00:00:00.0,2881,2906,2876,2901,774,4154
2014/08/05 00:00:00.0,2901,2919,2901,2905,1404,4126
2014/08/06 00:00:00.0,2902,2902,2832,2890,886,4036
2014/08/07 00:00:00.0,2885,2988,2884,2884,1760,3772
2014/08/08 00:00:00.0,2883,2937,2883,2935,1812,3970
2014/08/11 00:00:00.0,2932,2956,2917,2925,1654,3702
2014/08/12 00:00:00.0,2911,2937,2902,2917,1504,3516
2014/08/13 00:00:00.0,2936,3012,2933,2990,3748,4086
2014/08/14 00:00:00.0,2989,2999,2971,2995,2274,4298
2014/08/15 00:00:00.0,2988,2998,2958,2976,1890,4152
2014/08/18 00:00:00.0,2975,2986,2961,2978,1752,4248
2014/08/19 00:00:00.0,2974,2997,2970,2987,3184,5162
2014/08/20 00:00:00.0,2987,2987,2963,2968,1618,4812
2014/08/21 00:00:00.0,2972,2984,2960,2964,1466,4598
2014/08/22 00:00:00.0,2963,2970,2941,2944,1548,4224
2014/08/25 00:00:00.0,2942,2945,2891,2892,3482,4808
2014/08/26 00:00:00.0,2883,2890,2833,2840,6590,7080
2014/08/27 00:00:00.0,2840,2874,2840,2858,3490,8188
2014/08/28 00:00:00.0,2859,2873,2836,2841,3270,8952
2014/08/29 00:00:00.0,2841,2843,2793,2826,6506,10822
2014/09/01 00:00:00.0,2825,2866,2825,2848,3408,10830
2014/09/02 00:00:00.0,2851,2961,2849,2851,5460,10180
2014/09/03 00:00:00.0,2848,2869,2836,2850,3438,10350
2014/09/04 00:00:00.0,2855,2880,2855,2857,2506,10782
2014/09/05 00:00:00.0,2864,2866,2845,2859,2278,10910
2014/09/09 00:00:00.0,2862,2867,2842,2852,2120,10748
2014/09/10 00:00:00.0,2843,2878,2822,2856,3918,10776
2014/09/11 00:00:00.0,2856,2866,2845,2857,2256,10792
2014/09/12 00:00:00.0,2853,2861,2815,2823,7394,14336
2014/09/15 00:00:00.0,2811,2868,2811,2868,7216,15646
2014/09/16 00:00:00.0,2878,2907,2872,2893,9818,16836
2014/09/17 00:00:00.0,2912,2920,2891,2913,6526,18108
2014/09/18 00:00:00.0,2911,2918,2895,2905,4624,18546
2014/09/19 00:00:00.0,2903,2930,2899,2927,5442,18934
2014/09/22 00:00:00.0,2927,2943,2899,2922,9976,18522
2014/09/23 00:00:00.0,2921,2931,2858,2861,13002,17068
2014/09/24 00:00:00.0,2862,2892,2846,2878,5150,17134
2014/09/25 00:00:00.0,2875,2888,2865,2875,3476,16802
2014/09/26 00:00:00.0,2871,2880,2861,2875,4908,16516
2014/09/29 00:00:00.0,2862,2864,2849,2851,3884,17018
2014/09/30 00:00:00.0,2857,2899,2857,2879,3474,15782
2014/10/08 00:00:00.0,2873,2874,2837,2837,3038,16214
2014/10/09 00:00:00.0,2834,2853,2805,2846,3328,16368
2014/10/10 00:00:00.0,2831,2831,2738,2755,9630,18722
2014/10/13 00:00:00.0,2756,2783,2754,2757,7116,18902
2014/10/14 00:00:00.0,2759,2791,2742,2786,5674,19330
2014/10/15 00:00:00.0,2752,2807,2746,2783,4518,18796
2014/10/16 00:00:00.0,2775,2789,2761,2770,6326,16932
2014/10/17 00:00:00.0,2788,2805,2748,2748,6394,15598
2014/10/20 00:00:00.0,2748,2757,2699,2712,29318,24600
2014/10/21 00:00:00.0,2707,2746,2703,2737,11706,25400
2014/10/22 00:00:00.0,2738,2759,2730,2741,9244,23930
2014/10/23 00:00:00.0,2732,2777,2724,2775,9736,25336
2014/10/24 00:00:00.0,2775,2794,2759,2793,19856,25008
2014/10/27 00:00:00.0,2780,2799,2755,2774,18648,21804
2014/10/28 00:00:00.0,2769,2779,2761,2773,8132,22136
2014/10/29 00:00:00.0,2778,2786,2770,2785,6970,22246
2014/10/30 00:00:00.0,2798,2831,2784,2784,8616,22304
2014/10/31 00:00:00.0,2781,2781,2755,2773,13190,23344
2014/11/03 00:00:00.0,2770,2773,2711,2720,18196,27722
2014/11/04 00:00:00.0,2697,2722,2686,2711,14886,29594
2014/11/05 00:00:00.0,2707,2716,2663,2668,21578,35450
2014/11/06 00:00:00.0,2679,2680,2599,2633,37354,37634
2014/11/07 00:00:00.0,2627,2627,2592,2606,28790,41646
2014/11/10 00:00:00.0,2610,2643,2603,2633,22934,41810
2014/11/11 00:00:00.0,2622,2658,2619,2644,20398,43126
2014/11/12 00:00:00.0,2652,2688,2647,2684,23886,44234
2014/11/13 00:00:00.0,2745,2745,2665,2682,21984,45088
2014/11/14 00:00:00.0,2665,2679,2659,2666,15234,46516
2014/11/17 00:00:00.0,2683,2704,2640,2647,25746,48150
2014/11/18 00:00:00.0,2656,2659,2633,2652,22834,49218
2014/11/19 00:00:00.0,2647,2692,2639,2661,41924,60186
2014/11/20 00:00:00.0,2659,2725,2657,2696,124482,81716
2014/11/21 00:00:00.0,2700,2714,2669,2692,64382,81758
2014/11/24 00:00:00.0,2684,2695,2645,2652,47976,84260
2014/11/25 00:00:00.0,2653,2667,2628,2663,52190,84510
2014/11/26 00:00:00.0,2651,2669,2602,2615,80298,82670
2014/11/27 00:00:00.0,2601,2616,2560,2584,84988,80468
2014/11/28 00:00:00.0,2552,2569,2522,2541,62528,83868
2014/12/01 00:00:00.0,2514,2514,2463,2482,70084,91436
2014/12/02 00:00:00.0,2548,2551,2486,2486,75416,92850
2014/12/03 00:00:00.0,2474,2513,2474,2501,68670,92068
2014/12/04 00:00:00.0,2502,2529,2434,2465,175614,102904
2014/12/05 00:00:00.0,2461,2478,2438,2446,94098,115282
2014/12/08 00:00:00.0,2426,2431,2354,2358,184324,123800
2014/12/09 00:00:00.0,2327,2352,2291,2327,241716,125452
2014/12/10 00:00:00.0,2339,2367,2310,2338,204656,127364
2014/12/11 00:00:00.0,2305,2347,2302,2317,196376,136336
2014/12/12 00:00:00.0,2319,2338,2279,2334,374828,156676
2014/12/15 00:00:00.0,2328,2349,2268,2293,621218,180362
2014/12/16 00:00:00.0,2284,2291,2209,2216,743598,274284
2014/12/17 00:00:00.0,2191,2201,2151,2152,1062072,417278
2014/12/18 00:00:00.0,2110,2110,2021,2021,1202286,464838
2014/12/19 00:00:00.0,2001,2125,1984,2073,3479810,406486
2014/12/22 00:00:00.0,2098,2112,2038,2043,2145890,537000
2014/12/23 00:00:00.0,2017,2059,1991,1998,2609082,564320
2014/12/24 00:00:00.0,2004,2106,2002,2097,4128112,541960
2014/12/25 00:00:00.0,2083,2101,2071,2084,2141976,475824
2014/12/26 00:00:00.0,2090,2122,2087,2096,1665338,495408
2014/12/29 00:00:00.0,2099,2105,2045,2062,1833688,476680
2014/12/30 00:00:00.0,2061,2100,2039,2054,2110820,476578
2014/12/31 00:00:00.0,2051,2084,2049,2067,1409082,387162
2015/01/05 00:00:00.0,2045,2072,2015,2022,901514,405960
2015/01/06 00:00:00.0,2004,2053,2002,2035,1517448,440070
2015/01/07 00:00:00.0,2026,2064,2013,2035,1998246,452592
2015/01/08 00:00:00.0,2052,2059,2036,2044,1280850,444456
2015/01/09 00:00:00.0,2049,2050,2019,2029,1166480,438568
2015/01/12 00:00:00.0,2021,2034,1954,1956,1999064,587724
2015/01/13 00:00:00.0,1950,1958,1907,1919,1814700,622330
2015/01/14 00:00:00.0,1913,1968,1913,1932,2211982,581428
2015/01/15 00:00:00.0,1940,1977,1925,1974,1848096,553472
2015/01/16 00:00:00.0,1989,2023,1950,1994,3326432,543896
2015/01/19 00:00:00.0,1995,2028,1988,2020,2335836,526386
2015/01/20 00:00:00.0,2019,2025,1994,2017,1583682,543332
2015/01/21 00:00:00.0,2021,2085,2004,2061,2282742,510868
2015/01/22 00:00:00.0,2054,2101,2049,2066,2214938,482052
2015/01/23 00:00:00.0,2077,2090,2047,2070,1740272,479284
2015/01/26 00:00:00.0,2059,2071,2016,2031,1787272,502776
2015/01/27 00:00:00.0,2042,2057,2032,2044,1377924,495712
2015/01/28 00:00:00.0,2044,2097,2042,2087,2380338,636898
2015/01/29 00:00:00.0,2089,2092,2063,2078,1468728,583134
2015/01/30 00:00:00.0,2075,2079,2040,2048,1354146,557632
2015/02/02 00:00:00.0,2054,2113,2031,2088,2091740,572804
2015/02/03 00:00:00.0,2101,2149,2089,2136,3377210,596326
2015/02/04 00:00:00.0,2148,2190,2129,2143,2635440,541330
2015/02/05 00:00:00.0,2145,2154,2121,2140,1905008,527554
2015/02/06 00:00:00.0,2153,2183,2148,2177,2585688,565430
2015/02/09 00:00:00.0,2170,2175,2145,2156,1529348,540012
2015/02/10 00:00:00.0,2161,2170,2136,2143,1380002,523552
2015/02/11 00:00:00.0,2140,2151,2127,2148,1331562,499142
2015/02/12 00:00:00.0,2145,2171,2137,2171,1692680,551132
2015/02/13 00:00:00.0,2175,2236,2169,2236,2637716,542600
2015/02/16 00:00:00.0,2253,2278,2232,2264,2005700,423592
2015/02/17 00:00:00.0,2263,2279,2234,2256,1135138,365204
2015/02/25 00:00:00.0,2221,2299,2211,2286,1356318,440582
2015/02/26 00:00:00.0,2290,2355,2279,2353,2771018,664662
2015/02/27 00:00:00.0,2346,2369,2325,2360,3202044,725372
2015/03/02 00:00:00.0,2360,2441,2359,2439,3638570,851386
2015/03/03 00:00:00.0,2448,2530,2404,2409,6637902,735532
2015/03/04 00:00:00.0,2411,2425,2374,2400,6709802,724118
2015/03/05 00:00:00.0,2407,2448,2351,2442,9034570,887084
2015/03/06 00:00:00.0,2446,2472,2411,2436,9153336,986646
2015/03/09 00:00:00.0,2441,2478,2367,2463,9782704,1215782
2015/03/10 00:00:00.0,2461,2476,2408,2419,8788470,1212804
2015/03/11 00:00:00.0,2410,2441,2383,2398,8373948,1213692
2015/03/12 00:00:00.0,2403,2475,2385,2475,7487120,1335368
2015/03/13 00:00:00.0,2476,2479,2431,2439,5910458,1188758
2015/03/16 00:00:00.0,2425,2443,2399,2421,6094430,1196856
2015/03/17 00:00:00.0,2413,2438,2359,2379,8088800,1205580
2015/03/18 00:00:00.0,2365,2390,2314,2319,6321010,1176190
2015/03/19 00:00:00.0,2317,2369,2303,2320,5997342,1130052
2015/03/20 00:00:00.0,2304,2357,2304,2327,5267686,1106070
2015/03/23 00:00:00.0,2337,2364,2312,2339,6172772,1024638
2015/03/24 00:00:00.0,2342,2434,2340,2434,7437488,952354
2015/03/25 00:00:00.0,2453,2466,2393,2406,4138732,794530
2015/03/26 00:00:00.0,2419,2445,2402,2437,4959984,829060
2015/03/27 00:00:00.0,2429,2440,2361,2399,5087356,778400
2015/03/30 00:00:00.0,2406,2406,2358,2376,3504798,808662
2015/03/31 00:00:00.0,2379,2430,2364,2412,4972050,838512
2015/04/01 00:00:00.0,2409,2422,2379,2418,3622930,831742
2015/04/02 00:00:00.0,2421,2494,2413,2483,6489964,1012136
2015/04/03 00:00:00.0,2467,2478,2395,2422,5079320,795876
2015/04/07 00:00:00.0,2454,2465,2438,2448,1607922,788812
2015/04/08 00:00:00.0,2440,2464,2424,2447,3957680,770284
2015/04/09 00:00:00.0,2445,2450,2391,2417,3037900,818546
2015/04/10 00:00:00.0,2420,2432,2373,2376,3334958,983584
2015/04/13 00:00:00.0,2374,2427,2362,2416,3510400,869366
2015/04/14 00:00:00.0,2427,2429,2388,2412,2797146,812752
2015/04/15 00:00:00.0,2409,2442,2409,2422,2823922,791928
2015/04/16 00:00:00.0,2426,2522,2424,2522,3562730,888526
2015/04/17 00:00:00.0,2519,2569,2496,2542,4264436,791752
2015/04/20 00:00:00.0,2536,2607,2525,2585,3685550,794756
2015/04/21 00:00:00.0,2572,2601,2541,2557,4121740,830422
2015/04/22 00:00:00.0,2561,2569,2522,2548,3183966,791422
2015/04/23 00:00:00.0,2556,2565,2525,2536,3127706,775476
2015/04/24 00:00:00.0,2548,2582,2545,2572,3060002,730374
2015/04/27 00:00:00.0,2579,2610,2557,2591,2892142,743232
2015/04/28 00:00:00.0,2593,2654,2580,2589,3665232,714074
2015/04/29 00:00:00.0,2609,2609,2530,2550,3212704,682230
2015/04/30 00:00:00.0,2557,2587,2548,2576,2764070,655706
2015/05/04 00:00:00.0,2587,2589,2541,2565,1440942,657048
2015/05/05 00:00:00.0,2574,2581,2554,2565,2258056,631966
2015/05/06 00:00:00.0,2593,2621,2577,2589,3468072,625686
2015/05/07 00:00:00.0,2599,2602,2534,2543,2811134,572838
2015/05/08 00:00:00.0,2543,2543,2483,2512,3087414,583124
2015/05/11 00:00:00.0,2525,2527,2497,2516,1933408,586054
2015/05/12 00:00:00.0,2511,2522,2491,2504,1792926,600412
2015/05/13 00:00:00.0,2517,2524,2499,2508,1636234,580262
2015/05/14 00:00:00.0,2515,2517,2460,2494,2350260,593924
2015/05/15 00:00:00.0,2494,2513,2486,2503,1940514,570780
2015/05/18 00:00:00.0,2493,2501,2477,2492,1604160,552620
2015/05/19 00:00:00.0,2488,2491,2441,2441,1861794,630660
2015/05/20 00:00:00.0,2427,2440,2402,2437,2704028,583196
2015/05/21 00:00:00.0,2441,2473,2435,2463,2293190,563532
2015/05/22 00:00:00.0,2463,2493,2459,2475,1853698,543504
2015/05/25 00:00:00.0,2456,2476,2436,2472,1568572,523092
2015/05/26 00:00:00.0,2468,2516,2466,2466,1941162,468076
2015/05/27 00:00:00.0,2456,2475,2444,2474,1662304,509800
2015/05/28 00:00:00.0,2461,2485,2450,2462,1802670,516084
2015/05/29 00:00:00.0,2441,2499,2441,2486,2034272,552004
2015/06/01 00:00:00.0,2484,2509,2476,2485,1666140,493044
2015/06/02 00:00:00.0,2483,2495,2458,2478,1398134,493224
2015/06/03 00:00:00.0,2477,2502,2454,2459,1834626,523824
2015/06/04 00:00:00.0,2447,2464,2427,2456,1683954,506022
2015/06/05 00:00:00.0,2455,2465,2437,2445,1397196,530144
2015/06/08 00:00:00.0,2451,2461,2440,2460,1086768,516348
2015/06/09 00:00:00.0,2456,2479,2448,2467,1003794,502214
2015/06/10 00:00:00.0,2473,2491,2470,2490,1174540,514134
2015/06/11 00:00:00.0,2499,2499,2446,2447,1571870,588798
2015/06/12 00:00:00.0,2443,2459,2420,2453,1490316,565070
2015/06/15 00:00:00.0,2459,2473,2446,2472,1268880,501640
2015/06/16 00:00:00.0,2466,2535,2464,2516,2450498,540960
2015/06/17 00:00:00.0,2506,2531,2492,2519,1926988,582314
2015/06/18 00:00:00.0,2531,2539,2490,2494,1808230,637196
2015/06/19 00:00:00.0,2502,2526,2496,2520,1569678,563860
2015/06/23 00:00:00.0,2518,2523,2482,2491,864016,513586
2015/06/24 00:00:00.0,2487,2520,2477,2514,1279370,510266
2015/06/25 00:00:00.0,2510,2522,2502,2507,1142274,513504
2015/06/26 00:00:00.0,2503,2529,2491,2521,1382780,491158
2015/06/29 00:00:00.0,2511,2517,2489,2496,1120174,449050
2015/06/30 00:00:00.0,2496,2512,2444,2493,1989792,464136
2015/07/01 00:00:00.0,2498,2505,2482,2488,1043756,481888
2015/07/02 00:00:00.0,2485,2511,2465,2497,1440816,489672
2015/07/03 00:00:00.0,2503,2507,2477,2480,956020,437936
2015/07/06 00:00:00.0,2478,2483,2436,2444,1869610,591252
2015/07/07 00:00:00.0,2440,2449,2363,2363,2706474,746352
2015/07/08 00:00:00.0,2318,2336,2240,2240,1328754,590930
2015/07/09 00:00:00.0,2165,2415,2136,2364,2872208,406488
2015/07/10 00:00:00.0,2378,2403,2336,2395,2014078,457844
2015/07/13 00:00:00.0,2378,2390,2340,2362,1499680,489186
2015/07/14 00:00:00.0,2369,2385,2306,2318,1778338,529064
2015/07/15 00:00:00.0,2337,2355,2310,2319,1992294,508570
2015/07/16 00:00:00.0,2309,2323,2264,2298,2351050,525716
2015/07/17 00:00:00.0,2321,2325,2290,2310,1334278,540588
2015/07/20 00:00:00.0,2294,2326,2292,2324,1254064,534950
2015/07/21 00:00:00.0,2324,2330,2279,2298,1405264,541348
2015/07/22 00:00:00.0,2303,2321,2292,2314,1363726,566076
2015/07/23 00:00:00.0,2310,2316,2272,2282,1698034,647000
2015/07/24 00:00:00.0,2281,2294,2239,2245,1496894,666274
2015/07/27 00:00:00.0,2248,2249,2174,2174,1921094,608452
2015/07/28 00:00:00.0,2150,2183,2107,2164,1792594,532214
2015/07/29 00:00:00.0,2177,2203,2142,2155,1486720,564880
2015/07/30 00:00:00.0,2150,2193,2146,2157,1658206,525562
2015/07/31 00:00:00.0,2164,2170,2147,2154,1174882,517546
2015/08/03 00:00:00.0,2148,2175,2073,2073,1498444,537346
2015/08/04 00:00:00.0,2038,2061,2003,2044,2438956,490836
2015/08/05 00:00:00.0,2059,2074,2043,2067,1846548,509554
2015/08/06 00:00:00.0,2066,2071,2007,2007,2576230,613802
2015/08/07 00:00:00.0,1998,2028,1983,2023,2470644,589358
2015/08/10 00:00:00.0,2014,2051,2003,2047,2025042,601012
2015/08/11 00:00:00.0,2051,2106,2042,2077,2944344,542752
2015/08/12 00:00:00.0,2057,2098,2052,2092,2503410,566820
2015/08/13 00:00:00.0,2106,2153,2076,2153,2780182,555778
2015/08/14 00:00:00.0,2145,2147,2094,2109,3435130,562326
2015/08/17 00:00:00.0,2111,2136,2072,2086,2705572,572572
2015/08/18 00:00:00.0,2082,2101,2034,2037,2715082,592522
2015/08/19 00:00:00.0,2044,2059,2032,2055,2394606,568872
2015/08/20 00:00:00.0,2051,2064,2014,2023,2448670,588348
2015/08/21 00:00:00.0,2038,2056,2024,2029,2443586,562192
2015/08/24 00:00:00.0,2024,2038,1955,1955,1782860,558848
2015/08/25 00:00:00.0,1926,1947,1861,1899,3762090,545570
2015/08/26 00:00:00.0,1956,1958,1857,1872,4160488,652332
2015/08/27 00:00:00.0,1875,1935,1869,1931,3573096,640328
2015/08/28 00:00:00.0,1938,1980,1927,1980,1866436,596248
2015/08/31 00:00:00.0,1975,1986,1910,1917,3618820,600962
2015/09/01 00:00:00.0,1902,1964,1897,1924,3864042,689014
2015/09/02 00:00:00.0,1907,1929,1886,1925,3253916,626430
2015/09/07 00:00:00.0,1916,1942,1900,1907,1812614,638016
2015/09/08 00:00:00.0,1910,1927,1902,1926,2347382,672186
2015/09/09 00:00:00.0,1934,1972,1927,1932,4360710,696990
2015/09/10 00:00:00.0,1933,1946,1917,1945,3041900,690224
2015/09/11 00:00:00.0,1942,1975,1941,1949,4160640,729490
2015/09/14 00:00:00.0,1940,1952,1909,1909,2887690,808222
2015/09/15 00:00:00.0,1909,1929,1903,1906,2787190,772406
2015/09/16 00:00:00.0,1910,1938,1910,1928,3186618,730824
2015/09/17 00:00:00.0,1938,1961,1933,1944,3497188,682606
2015/09/18 00:00:00.0,1941,1961,1935,1936,2916816,694438
2015/09/21 00:00:00.0,1928,1952,1918,1951,2348510,665848
2015/09/22 00:00:00.0,1956,1984,1944,1963,3030742,645180
2015/09/23 00:00:00.0,1952,2002,1947,1997,4331374,811232
2015/09/24 00:00:00.0,1994,2008,1973,1980,3277224,766236
2015/09/25 00:00:00.0,1970,1997,1954,1958,3057810,699998
2015/09/28 00:00:00.0,1952,1967,1948,1949,1173250,672032
2015/09/29 00:00:00.0,1947,1947,1896,1919,2099502,583432
2015/09/30 00:00:00.0,1928,1933,1910,1916,1148242,525598
2015/10/08 00:00:00.0,1962,2031,1958,1975,1022932,489480
2015/10/09 00:00:00.0,1978,2062,1971,2037,2267540,643010
2015/10/12 00:00:00.0,2032,2046,2011,2042,1982858,673502
2015/10/13 00:00:00.0,2033,2033,2005,2026,1514816,650100
2015/10/14 00:00:00.0,2021,2035,2006,2010,1470472,641070
2015/10/15 00:00:00.0,2011,2021,1997,1997,1568114,659050
2015/10/16 00:00:00.0,1995,1998,1963,1967,1938068,631216
2015/10/19 00:00:00.0,1968,1980,1948,1950,1413292,621918
2015/10/20 00:00:00.0,1941,1947,1928,1937,1243512,629382
2015/10/21 00:00:00.0,1939,1947,1917,1920,1200508,670972
2015/10/22 00:00:00.0,1918,1940,1915,1924,1392794,652722
2015/10/23 00:00:00.0,1929,1938,1866,1897,2693650,769256
2015/10/26 00:00:00.0,1889,1895,1871,1886,1776166,728618
2015/10/27 00:00:00.0,1881,1888,1852,1878,1930194,707658
2015/10/28 00:00:00.0,1876,1886,1865,1874,1420994,687282
2015/10/29 00:00:00.0,1880,1913,1877,1878,1884412,659274
2015/10/30 00:00:00.0,1884,1888,1849,1861,1868804,748822
2015/11/02 00:00:00.0,1863,1890,1852,1885,1747894,746566
2015/11/03 00:00:00.0,1879,1886,1866,1870,1296458,733952
2015/11/04 00:00:00.0,1875,1915,1871,1911,1911274,788146
2015/11/05 00:00:00.0,1911,1923,1887,1890,1622902,755802
2015/11/06 00:00:00.0,1889,1914,1877,1913,2089818,819266
2015/11/09 00:00:00.0,1910,1924,1893,1903,1762682,811350
2015/11/10 00:00:00.0,1907,1912,1876,1896,1359146,831694
2015/11/11 00:00:00.0,1894,1898,1857,1864,1678096,927270
2015/11/12 00:00:00.0,1864,1875,1855,1867,1302140,903378
2015/11/13 00:00:00.0,1858,1899,1855,1899,2022858,895576
2015/11/16 00:00:00.0,1900,1903,1868,1870,1646914,876024
2015/11/17 00:00:00.0,1879,1885,1861,1880,1479456,797704
2015/11/18 00:00:00.0,1872,1887,1780,1801,4213528,1058894
2015/11/19 00:00:00.0,1795,1817,1790,1798,1670070,969152
2015/11/20 00:00:00.0,1790,1814,1749,1767,2858686,972668
2015/11/23 00:00:00.0,1769,1787,1688,1688,3150814,1051658
2015/11/24 00:00:00.0,1698,1760,1678,1746,3370840,904796
2015/11/25 00:00:00.0,1748,1779,1731,1762,2931722,878950
2015/11/26 00:00:00.0,1744,1810,1716,1768,3548928,801670
2015/11/27 00:00:00.0,1756,1773,1738,1752,2066922,767372
2015/11/30 00:00:00.0,1752,1752,1698,1720,2011962,761906
2015/12/01 00:00:00.0,1719,1741,1698,1734,2866774,752114
2015/12/02 00:00:00.0,1729,1741,1713,1714,1922040,772458
2015/12/03 00:00:00.0,1712,1712,1675,1684,2011874,827796
2015/12/04 00:00:00.0,1691,1698,1660,1683,1766802,794502
2015/12/07 00:00:00.0,1699,1715,1666,1705,2210450,748350
2015/12/08 00:00:00.0,1692,1696,1638,1655,2797532,808996
2015/12/09 00:00:00.0,1643,1671,1637,1666,1879670,760340
2015/12/10 00:00:00.0,1663,1669,1647,1661,1466756,747994
2015/12/11 00:00:00.0,1660,1687,1659,1684,1813506,733070
2015/12/14 00:00:00.0,1678,1694,1658,1692,1790592,718318
2015/12/15 00:00:00.0,1678,1712,1676,1690,1916262,675940
2015/12/16 00:00:00.0,1691,1699,1685,1694,1437996,660432
2015/12/17 00:00:00.0,1690,1705,1673,1674,1632132,664066
2015/12/18 00:00:00.0,1669,1689,1661,1685,1529834,686926
2015/12/21 00:00:00.0,1683,1705,1676,1700,1878650,767196
2015/12/22 00:00:00.0,1697,1707,1681,1697,1955418,806226
2015/12/23 00:00:00.0,1696,1714,1685,1711,2393308,768170
2015/12/24 00:00:00.0,1716,1732,1711,1718,2272014,735688
2015/12/25 00:00:00.0,1717,1726,1712,1716,976290,704248
2015/12/28 00:00:00.0,1718,1721,1686,1687,1231818,666184
2015/12/29 00:00:00.0,1680,1732,1680,1728,1723826,740232
2015/12/30 00:00:00.0,1732,1749,1726,1734,1819880,660170
2015/12/31 00:00:00.0,1733,1754,1726,1736,1327382,605212
2016/01/04 00:00:00.0,1750,1764,1709,1721,1124300,545884
2016/01/05 00:00:00.0,1722,1746,1720,1743,1387238,591064
2016/01/06 00:00:00.0,1740,1756,1734,1739,1674554,606702
2016/01/07 00:00:00.0,1727,1746,1719,1737,1824966,633406
2016/01/08 00:00:00.0,1739,1771,1722,1764,2578304,715880
2016/01/11 00:00:00.0,1762,1766,1716,1722,2216892,634226
2016/01/12 00:00:00.0,1723,1728,1704,1710,1774408,646524
2016/01/13 00:00:00.0,1717,1731,1691,1700,1805798,690668
2016/01/14 00:00:00.0,1705,1722,1693,1719,1563310,644906
2016/01/15 00:00:00.0,1717,1727,1708,1711,1215438,614218
2016/01/18 00:00:00.0,1699,1749,1684,1746,2117652,608666
2016/01/19 00:00:00.0,1747,1780,1742,1775,1761352,675258
2016/01/20 00:00:00.0,1778,1778,1747,1757,1211682,658414
2016/01/21 00:00:00.0,1759,1776,1748,1755,1522636,681842
2016/01/22 00:00:00.0,1757,1784,1749,1755,2027304,721378
2016/01/25 00:00:00.0,1758,1767,1742,1748,1479632,730280
2016/01/26 00:00:00.0,1743,1761,1735,1750,1345196,677176
2016/01/27 00:00:00.0,1755,1776,1745,1773,1608874,764026
2016/01/28 00:00:00.0,1769,1774,1752,1753,1095956,681298
2016/01/29 00:00:00.0,1754,1768,1744,1752,1179876,688024
2016/02/01 00:00:00.0,1751,1764,1748,1752,797934,654784
2016/02/02 00:00:00.0,1749,1758,1726,1756,1372068,620002
2016/02/03 00:00:00.0,1755,1770,1746,1762,965778,595572
2016/02/04 00:00:00.0,1763,1803,1760,1796,1421884,631168
2016/02/05 00:00:00.0,1792,1800,1782,1789,672490,541680
2016/02/15 00:00:00.0,1781,1835,1781,1822,873166,634290
2016/02/16 00:00:00.0,1825,1838,1821,1828,825422,689128
2016/02/17 00:00:00.0,1827,1843,1815,1823,1161844,707784
2016/02/18 00:00:00.0,1829,1836,1819,1830,882276,738854
2016/02/19 00:00:00.0,1831,1865,1831,1853,1327204,759412
2016/02/22 00:00:00.0,1853,1894,1842,1851,1565778,772878
2016/02/23 00:00:00.0,1854,1863,1840,1854,1040220,745172
2016/02/24 00:00:00.0,1858,1859,1819,1820,1179448,745350
2016/02/25 00:00:00.0,1811,1833,1803,1812,1662258,648506
2016/02/26 00:00:00.0,1816,1823,1769,1777,1722422,661380
2016/02/29 00:00:00.0,1778,1797,1764,1777,1342186,618100
2016/03/01 00:00:00.0,1782,1824,1777,1823,1596486,619988
2016/03/02 00:00:00.0,1825,1843,1803,1817,1639800,647720
2016/03/03 00:00:00.0,1815,1842,1781,1787,2320624,765454
2016/03/04 00:00:00.0,1783,1836,1782,1831,2178698,678078
2016/03/07 00:00:00.0,1836,1899,1834,1898,2487470,689550
2016/03/08 00:00:00.0,1903,1951,1841,1896,3196904,546594
2016/03/09 00:00:00.0,1906,1983,1865,1960,4726258,755860
2016/03/10 00:00:00.0,1964,1986,1909,1921,2735276,601078
2016/03/11 00:00:00.0,1923,1934,1908,1919,1532896,582488
2016/03/14 00:00:00.0,1913,1948,1886,1918,1662364,605054
2016/03/15 00:00:00.0,1912,1929,1902,1902,1104720,591238
2016/03/16 00:00:00.0,1902,1935,1897,1929,1132286,615726
2016/03/17 00:00:00.0,1930,1962,1924,1951,1347992,612002
2016/03/18 00:00:00.0,1953,2036,1950,2000,2063860,631780
2016/03/21 00:00:00.0,2010,2048,1990,2029,1594638,694140
2016/03/22 00:00:00.0,2036,2075,1999,2007,2161550,722038
2016/03/23 00:00:00.0,2007,2035,1988,1989,1283540,694260
2016/03/24 00:00:00.0,1987,1995,1924,1935,1398150,614324
2016/03/25 00:00:00.0,1929,1957,1915,1935,1275532,614584
2016/03/28 00:00:00.0,1936,1958,1913,1914,1135964,597190
2016/03/29 00:00:00.0,1918,1924,1895,1895,1006640,578602
2016/03/30 00:00:00.0,1891,1917,1880,1895,924174,529284
2016/03/31 00:00:00.0,1904,1927,1880,1891,1057354,534478
2016/04/01 00:00:00.0,1895,1910,1881,1900,1074130,525426
2016/04/05 00:00:00.0,1878,1878,1847,1860,729590,504600
2016/04/06 00:00:00.0,1857,1893,1856,1878,827108,528600
2016/04/07 00:00:00.0,1878,1899,1875,1882,800482,526222
2016/04/08 00:00:00.0,1877,1882,1865,1874,807030,497022
2016/04/11 00:00:00.0,1889,1916,1843,1850,2138780,651930
2016/04/12 00:00:00.0,1858,1874,1852,1870,1204516,602744
2016/04/13 00:00:00.0,1875,1955,1871,1910,2319256,531790
2016/04/14 00:00:00.0,1914,1981,1910,1968,1763866,566244
2016/04/15 00:00:00.0,1985,1990,1934,1950,1460154,562920
2016/04/18 00:00:00.0,1937,1967,1917,1951,1190306,535574
2016/04/19 00:00:00.0,1950,1995,1932,1956,1568058,531056
2016/04/20 00:00:00.0,1960,1987,1941,1975,1697496,534926
2016/04/21 00:00:00.0,1978,2066,1956,2050,2524758,581320
2016/04/22 00:00:00.0,2050,2058,1948,1990,1805072,427748
2016/04/25 00:00:00.0,2002,2092,1978,2033,2260692,466542
2016/04/26 00:00:00.0,2037,2067,2009,2032,1524168,409576
2016/04/27 00:00:00.0,2044,2085,2026,2054,1889436,448386
2016/04/28 00:00:00.0,2062,2078,2014,2026,1518674,444562
2016/04/29 00:00:00.0,2034,2058,2029,2050,1002002,427394
2016/05/03 00:00:00.0,2043,2046,1990,2003,697698,424662
2016/05/04 00:00:00.0,1986,2007,1980,1994,700716,419760
2016/05/05 00:00:00.0,2004,2016,1975,1978,900496,403970
2016/05/06 00:00:00.0,1994,2001,1932,1935,1065308,439428
2016/05/09 00:00:00.0,1924,1956,1908,1915,935952,429814
2016/05/10 00:00:00.0,1905,1947,1901,1939,860564,410578
2016/05/11 00:00:00.0,1943,1963,1937,1956,769582,408888
2016/05/12 00:00:00.0,1963,1964,1930,1949,935562,384628
2016/05/13 00:00:00.0,1953,1961,1886,1898,1312704,387468
2016/05/16 00:00:00.0,1897,1919,1876,1910,911348,386614
2016/05/17 00:00:00.0,1917,1931,1904,1928,865148,375902
2016/05/18 00:00:00.0,1919,1940,1893,1895,921706,377016
2016/05/19 00:00:00.0,1904,1909,1840,1857,1264748,461274
2016/05/20 00:00:00.0,1849,1879,1842,1866,704074,464258
2016/05/23 00:00:00.0,1863,1869,1810,1830,950374,493440
2016/05/24 00:00:00.0,1827,1848,1814,1819,694066,504110
2016/05/25 00:00:00.0,1831,1852,1823,1850,669730,485644
2016/05/26 00:00:00.0,1852,1900,1844,1896,736498,462722
2016/05/27 00:00:00.0,1900,1905,1864,1864,745458,450264
2016/05/30 00:00:00.0,1858,1901,1850,1899,621284,458950
2016/05/31 00:00:00.0,1901,1919,1888,1910,666164,427262
2016/06/01 00:00:00.0,1911,1911,1870,1880,663682,450798
2016/06/02 00:00:00.0,1879,1925,1878,1922,695456,436580
2016/06/03 00:00:00.0,1915,1929,1907,1920,661096,450268
2016/06/06 00:00:00.0,1920,1935,1899,1929,662222,457658
2016/06/07 00:00:00.0,1934,1942,1904,1918,558166,413954
2016/06/08 00:00:00.0,1919,1927,1901,1903,513284,405338
2016/06/13 00:00:00.0,1886,1893,1857,1868,583588,430036
2016/06/14 00:00:00.0,1867,1889,1851,1855,742238,467654
2016/06/15 00:00:00.0,1855,1871,1846,1868,542548,452784
2016/06/16 00:00:00.0,1870,1884,1854,1870,609276,455350
2016/06/17 00:00:00.0,1864,1897,1858,1893,675136,459974
2016/06/20 00:00:00.0,1895,1921,1888,1920,567428,462546
2016/06/21 00:00:00.0,1925,1925,1896,1907,492784,448952
2016/06/22 00:00:00.0,1897,1921,1892,1914,552716,474276
2016/06/23 00:00:00.0,1914,1933,1897,1902,626696,474420
2016/06/24 00:00:00.0,1909,1921,1859,1866,1004504,427714
2016/06/27 00:00:00.0,1866,1924,1863,1924,727778,434420
2016/06/28 00:00:00.0,1917,1986,1911,1986,1160362,498560
2016/06/29 00:00:00.0,1992,2016,1963,1988,1143488,507108
2016/06/30 00:00:00.0,1987,2022,1979,2009,1083368,531546
2016/07/01 00:00:00.0,2001,2020,1973,1991,830262,533786
2016/07/04 00:00:00.0,1986,2076,1986,2053,1529334,630786
2016/07/05 00:00:00.0,2055,2059,1951,1990,1120916,533700
2016/07/06 00:00:00.0,1984,2003,1932,1957,1032956,488410
2016/07/07 00:00:00.0,1953,1987,1932,1964,736282,472092
2016/07/08 00:00:00.0,1972,1984,1910,1910,960484,441404
2016/07/11 00:00:00.0,1921,1948,1911,1919,554170,435056
2016/07/12 00:00:00.0,1930,1969,1928,1967,642614,446132
2016/07/13 00:00:00.0,1979,2011,1957,1981,944974,504004
2016/07/14 00:00:00.0,1983,1993,1955,1990,896224,540544
2016/07/15 00:00:00.0,1992,1998,1942,1945,903252,553032
2016/07/18 00:00:00.0,1956,1958,1901,1901,774050,546906
2016/07/19 00:00:00.0,1896,1917,1890,1909,614390,533894
2016/07/20 00:00:00.0,1904,1911,1883,1898,546814,536546
2016/07/21 00:00:00.0,1895,1932,1886,1925,588124,538632
2016/07/22 00:00:00.0,1924,1929,1867,1878,704394,570922
2016/07/25 00:00:00.0,1881,1891,1858,1870,605106,601760
2016/07/26 00:00:00.0,1864,1887,1856,1880,521740,572996
2016/07/27 00:00:00.0,1872,1898,1865,1868,498152,573132
2016/07/28 00:00:00.0,1874,1894,1862,1886,550138,568082
2016/07/29 00:00:00.0,1888,1909,1869,1874,786196,565314
2016/08/01 00:00:00.0,1883,1966,1878,1962,1109698,507550
2016/08/02 00:00:00.0,1958,1972,1944,1971,646716,504302
2016/08/03 00:00:00.0,1976,1979,1943,1960,627444,496048
2016/08/04 00:00:00.0,1962,1974,1936,1955,728362,516642
2016/08/05 00:00:00.0,1955,1974,1944,1960,607386,540418
2016/08/08 00:00:00.0,1963,1993,1954,1961,907028,558344
2016/08/09 00:00:00.0,1966,1999,1964,1997,849710,600058
2016/08/10 00:00:00.0,1997,2013,1982,1986,765784,594620
2016/08/11 00:00:00.0,1994,2019,1981,2008,770228,614718
2016/08/12 00:00:00.0,2011,2029,2003,2009,670650,622878
2016/08/15 00:00:00.0,2006,2041,2006,2031,686418,689688
2016/08/16 00:00:00.0,2035,2043,2025,2027,515230,659906
2016/08/17 00:00:00.0,2031,2043,2016,2023,481486,630596
2016/08/18 00:00:00.0,2024,2028,1996,2015,540314,565134
2016/08/19 00:00:00.0,2014,2021,2000,2011,416052,559748
2016/08/22 00:00:00.0,2007,2015,1947,1951,720048,512376
2016/08/23 00:00:00.0,1942,1968,1942,1951,393332,504184
2016/08/24 00:00:00.0,1952,1964,1947,1950,352070,509984
2016/08/25 00:00:00.0,1950,1978,1929,1969,729176,501660
2016/08/26 00:00:00.0,1973,1973,1939,1942,497638,516886
2016/08/29 00:00:00.0,1946,1953,1916,1917,646772,571406
2016/08/30 00:00:00.0,1916,1932,1916,1922,398746,566296
2016/08/31 00:00:00.0,1924,1946,1920,1932,586926,524366
2016/09/01 00:00:00.0,1932,1960,1926,1954,542904,509654
2016/09/02 00:00:00.0,1950,1975,1948,1961,402406,469902
2016/09/05 00:00:00.0,1968,2008,1958,2007,559120,479358
2016/09/06 00:00:00.0,2012,2032,2000,2030,731576,520982
2016/09/07 00:00:00.0,2021,2029,2008,2020,591382,559670
2016/09/08 00:00:00.0,2017,2044,2003,2031,774702,609034
2016/09/09 00:00:00.0,2033,2035,2017,2020,487594,591498
2016/09/12 00:00:00.0,2017,2064,2014,2030,1302532,709952
2016/09/13 00:00:00.0,2028,2046,2015,2030,937584,698052
2016/09/14 00:00:00.0,2028,2043,2020,2037,814836,699020
2016/09/19 00:00:00.0,2046,2096,2041,2086,945396,828250
2016/09/20 00:00:00.0,2085,2099,2072,2085,809948,846080
2016/09/21 00:00:00.0,2081,2099,2047,2058,1109322,807802
2016/09/22 00:00:00.0,2058,2073,2043,2046,1012114,734604
2016/09/23 00:00:00.0,2051,2059,2017,2036,916576,699740
2016/09/26 00:00:00.0,2032,2051,2025,2028,611294,682132
2016/09/27 00:00:00.0,2032,2041,2019,2032,622616,652640
2016/09/28 00:00:00.0,2032,2063,2023,2062,834048,646488
2016/09/29 00:00:00.0,2060,2124,2052,2103,1200122,678754
2016/09/30 00:00:00.0,2102,2112,2083,2094,709914,634434
2016/10/10 00:00:00.0,2192,2214,2148,2191,812274,730154
2016/10/11 00:00:00.0,2197,2267,2197,2233,1961818,855440
2016/10/12 00:00:00.0,2235,2252,2214,2249,934924,874632
2016/10/13 00:00:00.0,2246,2255,2207,2231,991262,835652
2016/10/14 00:00:00.0,2234,2270,2221,2230,1581660,868778
2016/10/17 00:00:00.0,2240,2282,2226,2253,1327394,886162
2016/10/18 00:00:00.0,2260,2283,2235,2275,1179428,905666
2016/10/19 00:00:00.0,2273,2319,2245,2272,1934272,846428
2016/10/20 00:00:00.0,2281,2300,2249,2251,1361700,810300
2016/10/21 00:00:00.0,2244,2256,2223,2237,1129420,760974
2016/10/24 00:00:00.0,2237,2252,2220,2252,960016,727078
2016/10/25 00:00:00.0,2253,2330,2253,2295,1571228,700620
2016/10/26 00:00:00.0,2300,2357,2287,2333,1792504,762720
2016/10/27 00:00:00.0,2327,2347,2304,2322,1067672,751986
2016/10/28 00:00:00.0,2324,2379,2322,2374,992032,790422
2016/10/31 00:00:00.0,2380,2468,2360,2468,1186948,855770
2016/11/01 00:00:00.0,2480,2481,2425,2444,1378308,720170
2016/11/02 00:00:00.0,2446,2470,2377,2386,1146118,646238
2016/11/03 00:00:00.0,2390,2417,2356,2415,879112,644726
2016/11/04 00:00:00.0,2418,2454,2342,2351,1458726,590642
2016/11/07 00:00:00.0,2348,2434,2328,2410,1301666,597942
2016/11/08 00:00:00.0,2409,2417,2356,2380,1377944,568738
2016/11/09 00:00:00.0,2376,2476,2363,2420,1084390,571206
2016/11/10 00:00:00.0,2433,2473,2374,2407,1089706,555776
2016/11/11 00:00:00.0,2404,2524,2379,2473,1500468,600344
2016/11/14 00:00:00.0,2476,2524,2343,2345,1258846,496560
2016/11/15 00:00:00.0,2348,2406,2292,2307,867764,472752
2016/11/16 00:00:00.0,2319,2384,2313,2369,751810,462748
2016/11/17 00:00:00.0,2366,2459,2357,2457,1364718,503758
2016/11/18 00:00:00.0,2485,2486,2410,2440,901812,461758
2016/11/21 00:00:00.0,2446,2558,2433,2541,1270810,574628
2016/11/22 00:00:00.0,2548,2594,2521,2571,1188172,595960
2016/11/23 00:00:00.0,2558,2585,2537,2557,914872,578084
2016/11/24 00:00:00.0,2559,2593,2505,2528,1336868,517762
2016/11/25 00:00:00.0,2529,2544,2488,2505,732190,479224
2016/11/28 00:00:00.0,2510,2569,2503,2556,842944,498378
2016/11/29 00:00:00.0,2568,2572,2496,2511,647094,484012
2016/11/30 00:00:00.0,2504,2507,2440,2483,753790,474834
2016/12/01 00:00:00.0,2515,2544,2473,2509,991496,463280
2016/12/02 00:00:00.0,2514,2577,2498,2577,853274,460234
2016/12/05 00:00:00.0,2574,2657,2573,2657,987304,541732
2016/12/06 00:00:00.0,2696,2748,2670,2741,1143864,596164
2016/12/07 00:00:00.0,2747,2840,2729,2840,1097126,621468
2016/12/08 00:00:00.0,2876,2876,2790,2824,1359690,567052
2016/12/09 00:00:00.0,2823,2889,2786,2852,1711226,578294
2016/12/12 00:00:00.0,2861,2940,2834,2871,1002792,546016
2016/12/13 00:00:00.0,2869,2890,2848,2879,756708,516948
2016/12/14 00:00:00.0,2905,2976,2859,2972,1735556,648194
2016/12/15 00:00:00.0,2979,2991,2922,2978,1497062,657706
2016/12/16 00:00:00.0,2980,3015,2955,2968,1270768,624982
2016/12/19 00:00:00.0,2961,2969,2830,2830,1344244,551706
2016/12/20 00:00:00.0,2834,2847,2775,2818,1186086,521128
2016/12/21 00:00:00.0,2838,2847,2784,2814,977928,534304
2016/12/22 00:00:00.0,2816,2841,2782,2806,1279374,581196
2016/12/23 00:00:00.0,2796,2799,2734,2743,1473884,556242
2016/12/26 00:00:00.0,2736,2771,2690,2751,1080484,514764
2016/12/27 00:00:00.0,2753,2853,2727,2850,1143170,520524
2016/12/28 00:00:00.0,2857,2907,2834,2854,1302622,490338
2016/12/29 00:00:00.0,2848,2894,2815,2847,1073614,469584
2016/12/30 00:00:00.0,2844,2852,2728,2729,1271298,444252
2017/01/03 00:00:00.0,2729,2767,2655,2665,704844,473074
2017/01/04 00:00:00.0,2686,2701,2631,2667,1002866,496892
2017/01/05 00:00:00.0,2666,2685,2648,2658,732390,487546
2017/01/06 00:00:00.0,2659,2701,2633,2643,1107422,501110
2017/01/09 00:00:00.0,2647,2713,2637,2711,806998,481424
2017/01/10 00:00:00.0,2700,2738,2646,2708,1130172,491906
2017/01/11 00:00:00.0,2705,2746,2673,2685,1112110,505896
2017/01/12 00:00:00.0,2678,2757,2666,2735,1355358,529640
2017/01/13 00:00:00.0,2749,2767,2725,2752,980448,497470
2017/01/16 00:00:00.0,2745,2879,2742,2863,1383262,551682
2017/01/17 00:00:00.0,2869,2876,2794,2822,910428,513714
2017/01/18 00:00:00.0,2836,2849,2798,2830,746688,513430
2017/01/19 00:00:00.0,2816,2822,2758,2786,811324,485568
2017/01/20 00:00:00.0,2783,2836,2782,2796,834266,492590
2017/01/23 00:00:00.0,2800,2867,2774,2840,1074156,507190
2017/01/24 00:00:00.0,2838,2871,2834,2847,635754,504640
2017/01/25 00:00:00.0,2851,2938,2819,2925,683788,504512
2017/01/26 00:00:00.0,2919,2930,2893,2918,438674,463174
2017/02/03 00:00:00.0,2980,2980,2871,2904,379416,493752
2017/02/06 00:00:00.0,2903,2936,2886,2920,569070,564334
2017/02/07 00:00:00.0,2933,2959,2921,2934,736734,618342
2017/02/08 00:00:00.0,2936,2954,2913,2932,822524,641460
2017/02/09 00:00:00.0,2935,2977,2907,2914,1190318,728244
2017/02/10 00:00:00.0,2915,2950,2884,2937,1111688,687968
2017/02/13 00:00:00.0,2951,3050,2942,3038,1215584,756346
2017/02/14 00:00:00.0,3035,3098,3013,3097,885540,807144
2017/02/15 00:00:00.0,3097,3119,3049,3058,1574310,843444
2017/02/16 00:00:00.0,3049,3105,3010,3026,1219936,761024
2017/02/17 00:00:00.0,3018,3082,2996,3030,1428378,769604
2017/02/20 00:00:00.0,3030,3077,3014,3040,1121880,786552
2017/02/21 00:00:00.0,3042,3061,2937,2949,1573520,784684
2017/02/22 00:00:00.0,2958,2965,2914,2944,1011872,741886
2017/02/23 00:00:00.0,2936,2956,2850,2867,1178728,748030
2017/02/24 00:00:00.0,2877,2919,2865,2916,909564,706290
2017/02/27 00:00:00.0,2911,2977,2893,2957,1043956,704444
2017/02/28 00:00:00.0,2958,2960,2874,2891,1052792,718888
2017/03/01 00:00:00.0,2891,2903,2833,2859,1221398,731496
2017/03/02 00:00:00.0,2860,2879,2813,2838,1174540,706292
2017/03/03 00:00:00.0,2833,2857,2811,2840,961726,700496
2017/03/06 00:00:00.0,2841,2860,2805,2815,925640,696770
2017/03/07 00:00:00.0,2817,2844,2815,2831,700798,707248
2017/03/08 00:00:00.0,2833,2842,2744,2757,974464,747814
2017/03/09 00:00:00.0,2757,2770,2676,2710,938024,724656
2017/03/10 00:00:00.0,2695,2736,2680,2711,815590,708032
2017/03/13 00:00:00.0,2715,2730,2586,2680,1487860,762494
2017/03/14 00:00:00.0,2675,2696,2630,2642,1012134,731164
2017/03/15 00:00:00.0,2626,2712,2622,2699,1031410,704972
2017/03/16 00:00:00.0,2700,2717,2648,2669,1127502,722842
2017/03/17 00:00:00.0,2670,2704,2643,2671,920490,690852
2017/03/20 00:00:00.0,2676,2692,2621,2635,995384,742180
2017/03/21 00:00:00.0,2630,2648,2572,2581,1061404,790826
2017/03/22 00:00:00.0,2582,2590,2529,2538,870374,782574
2017/03/23 00:00:00.0,2539,2563,2501,2538,953502,789406
2017/03/24 00:00:00.0,2532,2566,2522,2551,943570,804822
2017/03/27 00:00:00.0,2550,2559,2466,2484,1000376,778828
2017/03/28 00:00:00.0,2479,2539,2478,2512,772802,730180
2017/03/29 00:00:00.0,2525,2569,2501,2552,848306,686932
2017/03/30 00:00:00.0,2553,2588,2539,2555,821488,664736
2017/03/31 00:00:00.0,2555,2621,2555,2573,976892,622088
2017/04/05 00:00:00.0,2584,2651,2557,2641,773712,585780
2017/04/06 00:00:00.0,2650,2667,2620,2648,701724,575260
2017/04/07 00:00:00.0,2656,2685,2593,2631,1484700,587318
2017/04/10 00:00:00.0,2621,2628,2542,2566,1366232,618384
2017/04/11 00:00:00.0,2568,2580,2499,2508,1048952,625388
2017/04/12 00:00:00.0,2509,2526,2464,2485,991936,594572
2017/04/13 00:00:00.0,2488,2508,2424,2483,1203966,631126
2017/04/14 00:00:00.0,2485,2503,2385,2401,1246660,692652
2017/04/17 00:00:00.0,2399,2442,2371,2399,973518,675024
2017/04/18 00:00:00.0,2403,2415,2350,2386,957804,665484
2017/04/19 00:00:00.0,2377,2423,2343,2409,885724,651692
2017/04/20 00:00:00.0,2408,2425,2346,2402,1193760,687912
2017/04/21 00:00:00.0,2400,2429,2369,2386,1213042,678766
2017/04/24 00:00:00.0,2384,2385,2330,2366,1101054,708918
2017/04/25 00:00:00.0,2362,2377,2343,2349,779436,693584
2017/04/26 00:00:00.0,2349,2389,2329,2373,955236,664318
2017/04/27 00:00:00.0,2370,2397,2362,2396,731242,642894
2017/04/28 00:00:00.0,2390,2419,2384,2396,849328,633362
2017/05/02 00:00:00.0,2394,2402,2350,2399,618472,653740
2017/05/03 00:00:00.0,2403,2418,2376,2381,879808,696220
2017/05/04 00:00:00.0,2371,2372,2277,2277,1355838,770354
2017/05/05 00:00:00.0,2271,2288,2225,2231,991092,787616
2017/05/08 00:00:00.0,2240,2272,2236,2249,860242,762840
2017/05/09 00:00:00.0,2246,2260,2229,2250,573342,758234
2017/05/10 00:00:00.0,2248,2267,2208,2228,1037712,789156
2017/05/11 00:00:00.0,2221,2252,2193,2246,1207452,808688
2017/05/12 00:00:00.0,2254,2256,2204,2209,812876,808308
2017/05/15 00:00:00.0,2209,2264,2198,2256,867754,834578
2017/05/16 00:00:00.0,2269,2291,2247,2289,869000,773080
2017/05/17 00:00:00.0,2293,2322,2291,2313,1016692,737836
2017/05/18 00:00:00.0,2315,2336,2266,2279,1047926,767072
2017/05/19 00:00:00.0,2258,2403,2252,2403,1725482,718236
2017/05/22 00:00:00.0,2409,2445,2383,2400,1171070,647598
2017/05/23 00:00:00.0,2403,2428,2368,2382,1124966,645000
2017/05/24 00:00:00.0,2383,2399,2331,2361,1029086,610326
2017/05/25 00:00:00.0,2358,2434,2349,2419,1450866,718632
2017/05/26 00:00:00.0,2407,2424,2345,2374,1361988,594886
2017/05/31 00:00:00.0,2381,2390,2239,2239,997644,556686
2017/06/01 00:00:00.0,2243,2286,2239,2274,879124,553850
2017/06/02 00:00:00.0,2275,2290,2218,2223,1358694,636614
2017/06/05 00:00:00.0,2217,2270,2214,2255,995884,577676
2017/06/06 00:00:00.0,2244,2323,2228,2301,1613044,704454
2017/06/07 00:00:00.0,2302,2319,2283,2315,1169452,644522
2017/06/08 00:00:00.0,2308,2351,2275,2338,1555026,752098
2017/06/09 00:00:00.0,2330,2350,2319,2330,825316,662780
2017/06/12 00:00:00.0,2337,2371,2317,2337,1116780,721280
2017/06/13 00:00:00.0,2345,2354,2294,2297,1110952,644316
2017/06/14 00:00:00.0,2292,2345,2273,2343,1337126,689138
2017/06/15 00:00:00.0,2345,2345,2279,2297,1353016,625890
2017/06/16 00:00:00.0,2291,2350,2263,2332,1421594,665954
2017/06/19 00:00:00.0,2340,2399,2328,2371,1549942,766238
2017/06/20 00:00:00.0,2378,2385,2353,2380,842288,693792
2017/06/21 00:00:00.0,2354,2405,2340,2371,1290328,768454
2017/06/22 00:00:00.0,2379,2387,2308,2312,1269432,692600
2017/06/23 00:00:00.0,2316,2334,2298,2317,906648,647880
2017/06/26 00:00:00.0,2321,2327,2286,2313,875106,634030
2017/06/27 00:00:00.0,2314,2318,2273,2306,1011816,662702
2017/06/28 00:00:00.0,2317,2335,2281,2291,1231782,662956
2017/06/29 00:00:00.0,2295,2366,2286,2353,1657798,763112
2017/06/30 00:00:00.0,2359,2380,2336,2362,1255936,747400
2017/07/03 00:00:00.0,2362,2415,2354,2407,994054,794548
2017/07/04 00:00:00.0,2409,2418,2357,2371,928026,731618
2017/07/05 00:00:00.0,2374,2436,2364,2403,1365846,822506
2017/07/06 00:00:00.0,2398,2475,2391,2471,1641890,956784
2017/07/07 00:00:00.0,2471,2486,2444,2483,1131532,919796
2017/07/10 00:00:00.0,2480,2492,2446,2453,988468,851854
2017/07/11 00:00:00.0,2451,2507,2447,2495,1249392,921792
2017/07/12 00:00:00.0,2480,2520,2467,2479,1202976,869564
2017/07/13 00:00:00.0,2481,2486,2430,2465,1106322,832898
2017/07/14 00:00:00.0,2467,2502,2453,2482,1242320,903790
2017/07/17 00:00:00.0,2484,2514,2434,2488,1206986,893178
2017/07/18 00:00:00.0,2486,2545,2483,2514,1305626,918310
2017/07/19 00:00:00.0,2521,2534,2507,2527,961528,942442
2017/07/20 00:00:00.0,2528,2614,2518,2539,1955794,996874
2017/07/21 00:00:00.0,2546,2555,2466,2502,1364062,885732
2017/07/24 00:00:00.0,2498,2531,2456,2475,1240864,899304
2017/07/25 00:00:00.0,2478,2504,2469,2498,905294,869350
2017/07/26 00:00:00.0,2512,2517,2389,2408,1860656,877602
2017/07/27 00:00:00.0,2409,2433,2399,2417,865982,761202
2017/07/28 00:00:00.0,2422,2443,2379,2398,1064044,780634
2017/07/31 00:00:00.0,2403,2431,2398,2428,894530,758142
2017/08/01 00:00:00.0,2424,2482,2422,2459,1132150,747616
2017/08/02 00:00:00.0,2452,2495,2448,2495,1090370,746628
2017/08/03 00:00:00.0,2500,2508,2469,2482,726816,694992
2017/08/04 00:00:00.0,2491,2560,2487,2541,1103006,775148
2017/08/07 00:00:00.0,2545,2591,2508,2557,1221944,779976
2017/08/08 00:00:00.0,2560,2632,2547,2632,1050522,812852
2017/08/09 00:00:00.0,2627,2658,2617,2647,859768,815826
2017/08/10 00:00:00.0,2658,2668,2621,2653,814648,796314
2017/08/11 00:00:00.0,2660,2665,2580,2603,934318,685798
2017/08/14 00:00:00.0,2609,2622,2575,2581,568536,646424
2017/08/15 00:00:00.0,2583,2594,2553,2575,686806,625654
2017/08/16 00:00:00.0,2573,2592,2563,2580,566212,589724
2017/08/17 00:00:00.0,2585,2694,2585,2688,954176,686444
2017/08/18 00:00:00.0,2681,2690,2664,2682,556742,620784
2017/08/21 00:00:00.0,2675,2732,2658,2719,916334,727312
2017/08/22 00:00:00.0,2715,2745,2681,2741,754578,665634
2017/08/23 00:00:00.0,2736,2770,2720,2739,1055352,703052
2017/08/24 00:00:00.0,2747,2764,2721,2733,689238,624272
2017/08/25 00:00:00.0,2736,2760,2703,2752,677472,630756
2017/08/28 00:00:00.0,2753,2793,2726,2756,791944,623054
2017/08/29 00:00:00.0,2756,2859,2755,2840,1277622,784376
2017/08/30 00:00:00.0,2840,2867,2830,2862,847008,745030
2017/08/31 00:00:00.0,2857,2879,2835,2877,810460,763328
2017/09/01 00:00:00.0,2879,2921,2863,2906,656974,711190
2017/09/04 00:00:00.0,2904,3016,2904,2939,1186478,795170
2017/09/05 00:00:00.0,2936,2948,2884,2933,1004846,712502
2017/09/06 00:00:00.0,2968,3001,2916,2926,1422108,776444
2017/09/07 00:00:00.0,2935,2950,2873,2886,1259558,717128
2017/09/08 00:00:00.0,2891,2924,2851,2875,1131986,711394
2017/09/11 00:00:00.0,2873,2883,2814,2859,1106360,653372
2017/09/12 00:00:00.0,2856,2975,2852,2949,1521404,705732
2017/09/13 00:00:00.0,2947,2978,2879,2888,1126244,662878
2017/09/14 00:00:00.0,2888,2906,2841,2850,1304624,681578
2017/09/15 00:00:00.0,2850,2860,2785,2798,1366656,644288
2017/09/18 00:00:00.0,2800,2812,2731,2788,1177798,603080
2017/09/19 00:00:00.0,2787,2800,2759,2763,906538,596784
2017/09/20 00:00:00.0,2770,2810,2747,2796,1028712,622302
2017/09/21 00:00:00.0,2798,2819,2672,2672,1495368,658238
2017/09/22 00:00:00.0,2672,2705,2653,2680,1035906,602480
2017/09/25 00:00:00.0,2683,2697,2617,2676,1281108,627788
2017/09/26 00:00:00.0,2681,2713,2667,2688,963352,586810
2017/09/27 00:00:00.0,2681,2705,2650,2691,969278,578268
2017/09/28 00:00:00.0,2689,2715,2594,2640,1214824,562100
2017/09/29 00:00:00.0,2653,2707,2622,2706,922838,481522
2017/10/09 00:00:00.0,2720,2748,2676,2727,627626,512370
2017/10/10 00:00:00.0,2727,2727,2635,2663,1411434,638500
2017/10/11 00:00:00.0,2667,2677,2576,2582,1462898,698654
2017/10/12 00:00:00.0,2576,2600,2520,2564,1568326,722280
2017/10/13 00:00:00.0,2573,2638,2553,2631,1286176,651588
2017/10/16 00:00:00.0,2639,2661,2599,2639,1203762,666614
2017/10/17 00:00:00.0,2646,2680,2573,2655,1466918,708916
2017/10/18 00:00:00.0,2658,2699,2638,2676,1216392,703176
2017/10/19 00:00:00.0,2682,2682,2602,2615,1277842,683132
2017/10/20 00:00:00.0,2608,2732,2586,2729,1331744,734376
2017/10/23 00:00:00.0,2727,2746,2662,2733,1446354,741104
2017/10/24 00:00:00.0,2732,2777,2712,2743,1459774,777432
2017/10/25 00:00:00.0,2751,2761,2712,2729,1056004,740480
2017/10/26 00:00:00.0,2731,2750,2707,2729,1018034,746354
2017/10/27 00:00:00.0,2733,2745,2648,2652,1439540,713936
2017/10/30 00:00:00.0,2647,2680,2632,2637,1011796,677448
2017/10/31 00:00:00.0,2635,2665,2624,2649,992692,698752
2017/11/01 00:00:00.0,2649,2697,2638,2680,1081692,742832
2017/11/02 00:00:00.0,2677,2736,2655,2733,1343606,812572
2017/11/03 00:00:00.0,2731,2765,2724,2759,1182588,808258
2017/11/06 00:00:00.0,2765,2825,2749,2813,1227826,860888
2017/11/07 00:00:00.0,2813,2835,2791,2815,831858,814458
2017/11/08 00:00:00.0,2813,2839,2799,2820,982140,889478
2017/11/09 00:00:00.0,2823,2863,2809,2834,1112770,857080
2017/11/10 00:00:00.0,2830,2844,2795,2811,1221828,845240
2017/11/13 00:00:00.0,2811,2893,2786,2884,1366800,945352
2017/11/14 00:00:00.0,2883,2884,2860,2869,805790,910080
2017/11/15 00:00:00.0,2872,2884,2795,2818,1300302,830986
2017/11/16 00:00:00.0,2825,2839,2797,2812,972870,791406
2017/11/17 00:00:00.0,2820,2886,2795,2870,1357930,902680
2017/11/20 00:00:00.0,2879,2885,2847,2873,908450,852094
2017/11/21 00:00:00.0,2881,2952,2871,2942,1236524,1005978
2017/11/22 00:00:00.0,2946,2969,2925,2960,1268406,991980
2017/11/23 00:00:00.0,2956,2967,2924,2938,923402,960496
2017/11/24 00:00:00.0,2940,2950,2913,2929,789150,941680
2017/11/27 00:00:00.0,2922,2985,2823,2825,1759344,918490
2017/11/28 00:00:00.0,2826,2836,2813,2827,795312,838796
2017/11/29 00:00:00.0,2837,2863,2800,2861,1101006,893952
2017/11/30 00:00:00.0,2870,2937,2806,2824,2068416,904710
2017/12/01 00:00:00.0,2832,2901,2815,2885,1473482,886484
2017/12/04 00:00:00.0,2889,2992,2877,2990,1424778,972000
2017/12/05 00:00:00.0,3028,3114,2997,3016,2359720,889002
2017/12/06 00:00:00.0,3016,3063,3005,3034,1775918,905268
2017/12/07 00:00:00.0,3050,3071,2885,2930,2283736,820382
2017/12/08 00:00:00.0,2936,2989,2923,2980,1508308,790410
2017/12/11 00:00:00.0,2991,3026,2939,2969,2337216,884966
2017/12/12 00:00:00.0,2981,3012,2948,3010,1865254,976888
2017/12/13 00:00:00.0,3012,3038,2974,3025,1801492,1007274
2017/12/14 00:00:00.0,3040,3071,2964,2990,2154544,934152
2017/12/15 00:00:00.0,2993,3000,2948,2968,1477780,886508
2017/12/18 00:00:00.0,2968,3013,2956,2997,1519464,923396
2017/12/19 00:00:00.0,2999,3002,2963,2991,1296532,889944
2017/12/20 00:00:00.0,3002,3063,2996,3014,1947990,993066
2017/12/21 00:00:00.0,3025,3025,2953,2966,1429840,830938
2017/12/22 00:00:00.0,2967,2986,2940,2957,1241028,860980
2017/12/25 00:00:00.0,2958,2967,2884,2891,1498386,809802
2017/12/26 00:00:00.0,2895,2928,2887,2920,847980,749744
2017/12/27 00:00:00.0,2914,2933,2858,2871,1239640,792956
2017/12/28 00:00:00.0,2871,2878,2826,2844,994690,706898
2017/12/29 00:00:00.0,2859,2878,2843,2856,874234,666212
2018/01/02 00:00:00.0,2853,2937,2851,2921,849888,682324
2018/01/03 00:00:00.0,2921,2927,2891,2908,799760,676938
2018/01/04 00:00:00.0,2912,2945,2900,2930,1067946,711716
2018/01/05 00:00:00.0,2929,2944,2894,2922,942368,680408
2018/01/08 00:00:00.0,2913,2995,2913,2987,1220176,817526
2018/01/09 00:00:00.0,2987,3035,2968,2976,710494,779642
2018/01/10 00:00:00.0,2977,3000,2960,2972,839036,790574
2018/01/11 00:00:00.0,2980,2980,2951,2970,750692,794482
2018/01/12 00:00:00.0,2972,2977,2938,2948,746894,741766
2018/01/15 00:00:00.0,2947,2959,2925,2933,677960,741950
2018/01/16 00:00:00.0,2928,2933,2815,2820,1503472,885086
2018/01/17 00:00:00.0,2815,2838,2800,2816,723146,806594
2018/01/18 00:00:00.0,2820,2835,2800,2812,900134,832780
2018/01/19 00:00:00.0,2818,2822,2760,2792,1257622,825666
2018/01/22 00:00:00.0,2793,2829,2785,2805,842264,804516
2018/01/23 00:00:00.0,2802,2852,2794,2833,1078576,790340
2018/01/24 00:00:00.0,2831,2841,2806,2807,846198,781568
2018/01/25 00:00:00.0,2811,2846,2807,2833,1081452,808056
2018/01/26 00:00:00.0,2834,2859,2794,2819,1114262,786568
2018/01/29 00:00:00.0,2818,2868,2818,2839,916742,761032
2018/01/30 00:00:00.0,2837,2837,2788,2806,999434,773892
2018/01/31 00:00:00.0,2806,2811,2752,2777,959628,797896
2018/02/01 00:00:00.0,2778,2790,2756,2765,696964,773950
2018/02/02 00:00:00.0,2770,2798,2760,2767,751358,778636
2018/02/05 00:00:00.0,2762,2802,2744,2794,1017088,766148
2018/02/06 00:00:00.0,2794,2823,2783,2806,1062824,740398
2018/02/07 00:00:00.0,2805,2821,2788,2789,838434,732632
2018/02/08 00:00:00.0,2785,2785,2754,2777,890208,722040
2018/02/09 00:00:00.0,2776,2797,2756,2757,838120,667918
2018/02/12 00:00:00.0,2753,2766,2699,2713,904910,717116
2018/02/13 00:00:00.0,2715,2720,2691,2708,507070,675294
2018/02/14 00:00:00.0,2708,2730,2686,2709,507046,631716
2018/02/22 00:00:00.0,2719,2735,2705,2718,329900,640024
2018/02/23 00:00:00.0,2717,2755,2713,2754,663190,658396
2018/02/26 00:00:00.0,2752,2770,2695,2696,968084,788062
2018/02/27 00:00:00.0,2696,2696,2659,2673,1014156,833206
2018/02/28 00:00:00.0,2676,2690,2669,2676,682838,803832
2018/03/01 00:00:00.0,2677,2683,2625,2662,1034172,907842
2018/03/02 00:00:00.0,2656,2671,2646,2656,351668,854806
2018/03/05 00:00:00.0,2676,2695,2658,2680,809574,845182
2018/03/06 00:00:00.0,2670,2698,2664,2672,852782,844140
2018/03/07 00:00:00.0,2677,2688,2646,2680,962198,842354
2018/03/08 00:00:00.0,2678,2698,2639,2642,1307624,884902
2018/03/09 00:00:00.0,2649,2709,2645,2686,1424730,858440
2018/03/12 00:00:00.0,2693,2719,2670,2704,1216010,804182
2018/03/13 00:00:00.0,2706,2725,2702,2714,828936,779644
2018/03/14 00:00:00.0,2723,2747,2716,2745,846914,785502
2018/03/15 00:00:00.0,2746,2750,2706,2720,739188,765252
2018/03/16 00:00:00.0,2719,2723,2688,2691,851134,753336
2018/03/19 00:00:00.0,2694,2773,2690,2765,1122898,777840
2018/03/20 00:00:00.0,2767,2769,2739,2762,823262,734062
2018/03/21 00:00:00.0,2774,2777,2743,2753,729438,729038
2018/03/22 00:00:00.0,2761,2799,2743,2790,867740,777616
2018/03/23 00:00:00.0,2784,2793,2647,2690,1639174,694238
2018/03/26 00:00:00.0,2680,2735,2652,2659,1199568,713762
2018/03/27 00:00:00.0,2660,2679,2627,2648,1197694,726294
2018/03/28 00:00:00.0,2655,2666,2639,2648,819770,719348
2018/03/29 00:00:00.0,2652,2661,2616,2659,1019524,744816
2018/03/30 00:00:00.0,2654,2684,2639,2681,840184,685612
2018/04/02 00:00:00.0,2674,2693,2626,2643,877728,736726
2018/04/03 00:00:00.0,2637,2658,2602,2617,950750,734638
2018/04/04 00:00:00.0,2617,2632,2594,2620,760720,698030
2018/04/09 00:00:00.0,2617,2698,2615,2679,890116,725844
2018/04/10 00:00:00.0,2683,2685,2661,2662,290132,702670
2018/04/11 00:00:00.0,2674,2684,2639,2650,801494,720240
2018/04/12 00:00:00.0,2658,2689,2643,2671,1083488,714186
2018/04/13 00:00:00.0,2665,2692,2654,2686,852078,709390
2018/04/16 00:00:00.0,2688,2716,2680,2685,917626,747930
2018/04/17 00:00:00.0,2685,2708,2676,2703,690198,733554
2018/04/18 00:00:00.0,2705,2761,2705,2746,1129256,821992
2018/04/19 00:00:00.0,2759,2763,2714,2731,908820,774602
2018/04/20 00:00:00.0,2729,2732,2654,2659,1036088,789876
2018/04/23 00:00:00.0,2659,2699,2652,2696,770134,713468
2018/04/24 00:00:00.0,2687,2750,2685,2732,959910,802150
2018/04/25 00:00:00.0,2734,2737,2683,2692,908344,775736
2018/04/26 00:00:00.0,2697,2700,2671,2674,756942,745334
2018/04/27 00:00:00.0,2670,2696,2667,2688,662710,743170
2018/05/02 00:00:00.0,2682,2725,2677,2712,797390,816604
2018/05/03 00:00:00.0,2718,2726,2695,2709,613252,831090
2018/05/04 00:00:00.0,2708,2772,2706,2764,1111270,990372
2018/05/07 00:00:00.0,2764,2785,2743,2770,812178,982482
2018/05/08 00:00:00.0,2772,2781,2750,2769,558346,976782
2018/05/09 00:00:00.0,2768,2792,2736,2779,1087806,1043678
2018/05/10 00:00:00.0,2783,2803,2774,2786,659810,1020936
2018/05/11 00:00:00.0,2773,2803,2758,2797,835280,1056690
2018/05/14 00:00:00.0,2799,2821,2771,2776,866928,1042730
2018/05/15 00:00:00.0,2777,2822,2772,2812,820798,1030924
2018/05/16 00:00:00.0,2817,2892,2816,2844,1444166,1119978
2018/05/17 00:00:00.0,2849,2865,2836,2845,676394,1063476
2018/05/18 00:00:00.0,2853,2859,2823,2834,770172,1070912
2018/05/21 00:00:00.0,2827,2834,2805,2820,717170,1030824
2018/05/22 00:00:00.0,2815,2848,2781,2790,872920,984502
2018/05/23 00:00:00.0,2790,2800,2767,2784,639938,921870
2018/05/24 00:00:00.0,2784,2792,2762,2777,589970,907502
2018/05/25 00:00:00.0,2774,2807,2729,2731,949360,869080
2018/05/28 00:00:00.0,2722,2744,2717,2740,572532,803792
2018/05/29 00:00:00.0,2741,2754,2732,2749,412608,779448
2018/05/30 00:00:00.0,2750,2766,2723,2725,717022,822376
2018/05/31 00:00:00.0,2723,2781,2722,2767,813640,811038
2018/06/01 00:00:00.0,2764,2801,2743,2800,953838,908682
2018/06/04 00:00:00.0,2800,2806,2773,2780,657738,852696
2018/06/05 00:00:00.0,2777,2781,2741,2751,661288,831082
2018/06/06 00:00:00.0,2743,2767,2743,2758,496066,782596
2018/06/07 00:00:00.0,2756,2829,2754,2821,1127478,946302
2018/06/08 00:00:00.0,2822,2831,2805,2815,759736,905134
2018/06/11 00:00:00.0,2815,2849,2795,2837,1073100,954492
2018/06/12 00:00:00.0,2835,2868,2826,2861,724036,946158
2018/06/13 00:00:00.0,2859,2863,2829,2834,589016,920528
2018/06/14 00:00:00.0,2839,2853,2817,2827,705670,910446
2018/06/15 00:00:00.0,2832,2848,2818,2845,591074,891080
2018/06/19 00:00:00.0,2832,2842,2776,2787,642178,829982
2018/06/20 00:00:00.0,2793,2809,2768,2801,569538,800966
2018/06/21 00:00:00.0,2801,2809,2756,2758,704592,809896
2018/06/22 00:00:00.0,2754,2765,2735,2754,687118,782126
2018/06/25 00:00:00.0,2760,2787,2758,2763,623496,781560
2018/06/26 00:00:00.0,2764,2766,2708,2748,1005874,815580
2018/06/27 00:00:00.0,2750,2776,2749,2772,616258,747018
2018/06/28 00:00:00.0,2775,2828,2775,2815,818856,779368
2018/06/29 00:00:00.0,2818,2858,2805,2855,749600,807538
2018/07/02 00:00:00.0,2857,2883,2828,2840,751122,806108
2018/07/03 00:00:00.0,2840,2858,2831,2851,523722,771748
2018/07/04 00:00:00.0,2858,2905,2827,2889,1088418,935092
2018/07/05 00:00:00.0,2886,2908,2864,2892,1193166,929064
2018/07/06 00:00:00.0,2894,2927,2878,2912,991864,980498
2018/07/09 00:00:00.0,2910,2915,2889,2901,661256,889440
2018/07/10 00:00:00.0,2908,2933,2887,2924,789586,935488
2018/07/11 00:00:00.0,2923,2938,2897,2911,836588,905572
2018/07/12 00:00:00.0,2909,2931,2879,2928,1025072,935528
2018/07/13 00:00:00.0,2925,2947,2886,2889,858436,885834
2018/07/16 00:00:00.0,2883,2900,2871,2874,692178,877086
2018/07/17 00:00:00.0,2868,2886,2854,2872,646344,823386
2018/07/18 00:00:00.0,2873,2887,2863,2882,450200,800984
2018/07/19 00:00:00.0,2884,2928,2884,2907,884020,889104
2018/07/20 00:00:00.0,2901,2941,2891,2940,798094,844066
2018/07/23 00:00:00.0,2936,2953,2924,2939,681778,872892
2018/07/24 00:00:00.0,2943,2996,2937,2979,854206,925610
2018/07/25 00:00:00.0,2983,2986,2947,2950,845446,906388
2018/07/26 00:00:00.0,2949,2951,2917,2938,879434,860236
2018/07/27 00:00:00.0,2934,2960,2932,2953,729338,823494
2018/07/30 00:00:00.0,2956,3015,2951,2998,1037544,903360
2018/07/31 00:00:00.0,3002,3011,2977,2982,622524,822226
2018/08/01 00:00:00.0,2978,3009,2950,2972,913780,830658
2018/08/02 00:00:00.0,2963,3045,2957,3043,1154466,870580
2018/08/03 00:00:00.0,3042,3150,3030,3149,1381604,960302
2018/08/06 00:00:00.0,3182,3307,3176,3245,2413884,944428
2018/08/07 00:00:00.0,3237,3281,3210,3272,1586824,883880
2018/08/08 00:00:00.0,3278,3303,3211,3266,1719166,894242
2018/08/09 00:00:00.0,3258,3276,3242,3259,540012,839696
2018/08/10 00:00:00.0,3240,3283,3189,3207,1551230,879688
2018/08/13 00:00:00.0,3208,3232,3183,3218,917586,808210
2018/08/14 00:00:00.0,3219,3375,3213,3331,2472868,1016472
2018/08/15 00:00:00.0,3337,3351,3277,3311,1463292,938644
2018/08/16 00:00:00.0,3307,3376,3222,3304,2742000,1052886
2018/08/17 00:00:00.0,3316,3333,3231,3246,1924946,960526
2018/08/20 00:00:00.0,3256,3409,3193,3349,2281594,1088588
2018/08/21 00:00:00.0,3344,3374,3285,3318,1720286,978974
2018/08/22 00:00:00.0,3318,3502,3296,3370,3623822,1170962
2018/08/23 00:00:00.0,3374,3428,3286,3294,2579582,965628
2018/08/24 00:00:00.0,3295,3302,3249,3284,1661342,907786
2018/08/27 00:00:00.0,3289,3317,3241,3283,1538188,886342
2018/08/28 00:00:00.0,3292,3357,3263,3284,1893198,924908
2018/08/29 00:00:00.0,3284,3330,3237,3264,2055402,885122
2018/08/30 00:00:00.0,3258,3285,3216,3285,1883820,892008
2018/08/31 00:00:00.0,3281,3315,3245,3248,2029172,869874
2018/09/03 00:00:00.0,3247,3258,3153,3199,1982700,873084
2018/09/04 00:00:00.0,3202,3239,3178,3231,1469824,865364
2018/09/05 00:00:00.0,3237,3287,3215,3268,1567430,901508
2018/09/06 00:00:00.0,3270,3273,3239,3263,1165178,838654
2018/09/07 00:00:00.0,3263,3353,3250,3343,1780310,971792
2018/09/10 00:00:00.0,3347,3395,3326,3381,1438518,912450
2018/09/11 00:00:00.0,3387,3391,3320,3324,1422146,919858
2018/09/12 00:00:00.0,3329,3353,3218,3263,1882354,862062
2018/09/13 00:00:00.0,3259,3271,3217,3223,1082466,781240
2018/09/14 00:00:00.0,3234,3265,3227,3243,908164,795998
2018/09/17 00:00:00.0,3247,3260,3187,3248,1943494,957426
2018/09/18 00:00:00.0,3249,3260,3209,3234,1489756,826232
2018/09/19 00:00:00.0,3246,3324,3241,3321,1617916,906432
2018/09/20 00:00:00.0,3321,3341,3306,3324,1100486,795818
2018/09/21 00:00:00.0,3323,3340,3296,3324,1031984,821276
2018/09/25 00:00:00.0,3334,3352,3289,3315,796684,766514
2018/09/26 00:00:00.0,3317,3318,3227,3235,1314540,827266
2018/09/27 00:00:00.0,3229,3261,3215,3232,831818,671740
2018/09/28 00:00:00.0,3235,3246,3177,3213,1186606,750868
2018/10/08 00:00:00.0,3230,3310,3200,3308,756142,673262
2018/10/09 00:00:00.0,3303,3405,3297,3404,1788852,903122
2018/10/10 00:00:00.0,3425,3448,3394,3427,1450232,856112
2018/10/11 00:00:00.0,3425,3428,3342,3369,1460632,911742
2018/10/12 00:00:00.0,3381,3486,3362,3470,2073968,1052348
2018/10/15 00:00:00.0,3471,3503,3436,3445,1701228,1021486
2018/10/16 00:00:00.0,3441,3444,3311,3342,2069432,970608
2018/10/17 00:00:00.0,3341,3379,3334,3360,1161098,862858
2018/10/18 00:00:00.0,3350,3369,3308,3360,1908334,1031400
2018/10/19 00:00:00.0,3338,3369,3317,3323,1873830,971120
2018/10/22 00:00:00.0,3328,3336,3274,3298,1790950,1005024
2018/10/23 00:00:00.0,3289,3310,3278,3288,1105094,948274
2018/10/24 00:00:00.0,3274,3327,3245,3323,1563160,1019694
2018/10/25 00:00:00.0,3323,3338,3198,3219,2089868,1060896
2018/10/26 00:00:00.0,3214,3223,3175,3189,1494534,1028012
2018/10/29 00:00:00.0,3189,3209,3038,3039,2249768,1239612
2018/10/30 00:00:00.0,3021,3049,2983,2993,1480754,1087082
2018/10/31 00:00:00.0,2987,3005,2943,2992,1765588,1209076
2018/11/01 00:00:00.0,2992,3003,2886,2902,2039484,1251172
2018/11/02 00:00:00.0,2907,2937,2887,2926,1559118,1104576
2018/11/05 00:00:00.0,2922,2968,2916,2960,1288126,1028844
2018/11/06 00:00:00.0,2962,2966,2853,2874,2336316,1318778
2018/11/07 00:00:00.0,2872,2886,2785,2813,2345986,1292748
2018/11/08 00:00:00.0,2825,2847,2786,2837,1927948,1264720
2018/11/09 00:00:00.0,2831,2834,2789,2814,1725770,1179976
2018/11/12 00:00:00.0,2803,2835,2746,2776,2519978,1317908
2018/11/13 00:00:00.0,2777,2794,2752,2772,1385672,1173602
2018/11/14 00:00:00.0,2776,2809,2659,2698,3088014,1412648
2018/11/15 00:00:00.0,2717,2731,2700,2722,1596454,1222872
2018/11/16 00:00:00.0,2727,2780,2696,2761,2247228,1325558
2018/11/19 00:00:00.0,2775,2775,2709,2716,1743472,1233334
2018/11/20 00:00:00.0,2720,2725,2661,2674,2107326,1369926
2018/11/21 00:00:00.0,2671,2673,2553,2566,3028068,1311370
2018/11/22 00:00:00.0,2577,2587,2516,2558,3509042,1504024
2018/11/23 00:00:00.0,2563,2576,2474,2477,2793772,1423036
2018/11/26 00:00:00.0,2452,2452,2398,2398,1880130,1330024
2018/11/27 00:00:00.0,2384,2435,2370,2397,2281254,1324496
2018/11/28 00:00:00.0,2407,2470,2401,2456,2331664,1292968
2018/11/29 00:00:00.0,2437,2466,2414,2425,2411382,1303424
2018/11/30 00:00:00.0,2441,2457,2349,2357,2626628,1443764
2018/12/03 00:00:00.0,2339,2484,2323,2334,3982588,1688472
2018/12/04 00:00:00.0,2333,2499,2325,2492,4523202,1479546
2018/12/05 00:00:00.0,2501,2529,2446,2516,4651894,1534978
2018/12/06 00:00:00.0,2525,2540,2468,2480,3202938,1371510
2018/12/07 00:00:00.0,2467,2558,2453,2523,4265610,1398668
2018/12/10 00:00:00.0,2537,2592,2472,2489,3772548,1268920
2018/12/11 00:00:00.0,2483,2501,2413,2414,2851164,1306106
2018/12/12 00:00:00.0,2420,2454,2396,2422,3529374,1422500
2018/12/13 00:00:00.0,2436,2472,2422,2450,3108772,1228028
2018/12/14 00:00:00.0,2440,2498,2437,2485,2445254,1187180
2018/12/17 00:00:00.0,2484,2504,2454,2496,2082756,1138660
2018/12/18 00:00:00.0,2499,2515,2438,2466,2457890,1172852
2018/12/19 00:00:00.0,2462,2487,2428,2474,2588782,1163180
2018/12/20 00:00:00.0,2475,2495,2448,2482,2381540,1101436
2018/12/21 00:00:00.0,2475,2499,2421,2447,2918862,1254904
2018/12/24 00:00:00.0,2434,2449,2391,2413,2367232,1282690
2018/12/25 00:00:00.0,2404,2415,2305,2317,2709112,1279542
2018/12/26 00:00:00.0,2315,2353,2315,2345,1555862,1157930
2018/12/27 00:00:00.0,2357,2450,2342,2381,2799414,1275766
