2015/03/27 00:00:00.0,102030,102700,100690,101080,30296,15266
2015/03/30 00:00:00.0,99060,99980,96850,98440,68496,35902
2015/03/31 00:00:00.0,98020,98160,93890,95050,109610,58466
2015/04/01 00:00:00.0,94040,94140,91320,92520,161604,75244
2015/04/02 00:00:00.0,92880,96580,92560,96150,206604,85002
2015/04/03 00:00:00.0,95930,97780,95600,97280,151182,85388
2015/04/07 00:00:00.0,97450,97960,95940,96400,78354,89290
2015/04/08 00:00:00.0,94530,95600,93290,93930,188478,102518
2015/04/09 00:00:00.0,94430,95230,93860,94270,163716,106938
2015/04/10 00:00:00.0,94470,94940,93170,94520,139462,113782
2015/04/13 00:00:00.0,94270,95620,93680,95190,185092,121946
2015/04/14 00:00:00.0,94730,95030,92790,93070,209168,140574
2015/04/15 00:00:00.0,92670,94910,92620,94650,226994,147038
2015/04/16 00:00:00.0,94520,95790,94200,95300,202896,147560
2015/04/17 00:00:00.0,96160,96520,94900,95680,176094,144894
2015/04/20 00:00:00.0,95830,96360,95050,95220,156762,134524
2015/04/21 00:00:00.0,95230,96580,94760,95690,147020,127918
2015/04/22 00:00:00.0,95730,96530,95600,96160,127834,128110
2015/04/23 00:00:00.0,95960,96330,95480,95710,105618,129402
2015/04/24 00:00:00.0,95730,97650,95570,97600,128258,135734
2015/04/27 00:00:00.0,97830,101310,97830,101280,268016,143730
2015/04/28 00:00:00.0,102250,104230,101130,102330,309144,143102
2015/04/29 00:00:00.0,102120,104110,100250,100760,340526,145518
2015/04/30 00:00:00.0,100980,106620,100910,105680,584532,166686
2015/05/04 00:00:00.0,105550,108400,105230,107280,297234,171370
2015/05/05 00:00:00.0,107370,108880,105860,107490,555832,181624
2015/05/06 00:00:00.0,109110,112820,109110,112200,700656,201138
2015/05/07 00:00:00.0,113210,113660,109390,110230,1061950,200342
2015/05/08 00:00:00.0,111330,111620,108940,111160,994264,193134
2015/05/11 00:00:00.0,110510,113330,109970,112790,836130,213434
2015/05/12 00:00:00.0,112050,113350,109690,110060,996584,214664
2015/05/13 00:00:00.0,110650,112240,109560,110500,879034,211638
2015/05/14 00:00:00.0,110630,110630,106280,108200,861336,213386
2015/05/15 00:00:00.0,107860,109610,107440,108850,689138,228940
2015/05/18 00:00:00.0,107790,108470,107210,107390,605842,225496
2015/05/19 00:00:00.0,107140,107630,105120,105250,544140,225450
2015/05/20 00:00:00.0,104390,104500,100980,100980,405162,218934
2015/05/21 00:00:00.0,99540,101530,99480,100410,581126,215526
2015/05/22 00:00:00.0,100270,102400,97490,99320,867482,219386
2015/05/25 00:00:00.0,98190,99680,97480,98740,701234,233590
2015/05/26 00:00:00.0,98800,100700,98800,99070,652532,240820
2015/05/27 00:00:00.0,98720,99810,98390,99380,496454,257008
2015/05/28 00:00:00.0,99090,101000,99090,100200,761342,276440
2015/05/29 00:00:00.0,99930,100460,96990,98300,663420,277304
2015/06/01 00:00:00.0,98090,98450,96980,97300,422240,282466
2015/06/02 00:00:00.0,97640,100490,97560,100320,710150,281842
2015/06/03 00:00:00.0,100340,100960,99100,99110,523370,281446
2015/06/04 00:00:00.0,99430,99910,97780,98560,450318,280718
2015/06/05 00:00:00.0,98660,99420,98070,98410,407232,287976
2015/06/08 00:00:00.0,98720,100560,98360,100550,563936,296998
2015/06/09 00:00:00.0,100830,102140,100710,100930,671746,288510
2015/06/10 00:00:00.0,101380,101750,100620,101330,429830,283328
2015/06/11 00:00:00.0,101820,102170,101310,101490,348080,272784
2015/06/12 00:00:00.0,101580,101630,97880,98140,521960,269720
2015/06/15 00:00:00.0,98360,98890,97440,97570,339816,274490
2015/06/16 00:00:00.0,97450,98030,95390,95700,418696,280656
2015/06/17 00:00:00.0,96070,96320,94720,95270,432468,273744
2015/06/18 00:00:00.0,96260,96770,95830,96270,353638,258734
2015/06/19 00:00:00.0,96000,96150,94420,94630,339954,265376
2015/06/23 00:00:00.0,94290,95280,94110,95000,170050,268364
2015/06/24 00:00:00.0,95440,96630,95320,96330,352426,263026
2015/06/25 00:00:00.0,95960,96160,94800,94850,348296,268904
2015/06/26 00:00:00.0,94790,95160,93050,93850,527640,268080
2015/06/29 00:00:00.0,93700,93700,89550,90390,647896,278316
2015/06/30 00:00:00.0,88960,89420,87320,87330,511346,283856
2015/07/01 00:00:00.0,87350,89880,86700,88410,739814,263474
2015/07/02 00:00:00.0,88090,89910,87650,89500,677186,252304
2015/07/03 00:00:00.0,89750,90720,88220,89290,556678,237622
2015/07/06 00:00:00.0,89260,89410,85350,85660,527020,237550
2015/07/07 00:00:00.0,85920,87410,84170,84310,592094,238580
2015/07/08 00:00:00.0,82550,82550,81700,81700,28370,233848
2015/07/09 00:00:00.0,75550,85990,75330,83670,1101532,208486
2015/07/10 00:00:00.0,83980,85100,82960,84590,570774,220016
2015/07/13 00:00:00.0,84100,84260,80720,82280,823064,232870
2015/07/14 00:00:00.0,84510,85840,83700,84590,869872,229606
2015/07/15 00:00:00.0,85020,87150,84440,87030,897454,232528
2015/07/16 00:00:00.0,86950,87260,83740,85500,993096,221804
2015/07/17 00:00:00.0,84770,85820,84760,85660,626456,223226
2015/07/20 00:00:00.0,84870,85730,84560,85400,601558,230408
2015/07/21 00:00:00.0,85520,87960,85350,87910,644014,242636
2015/07/22 00:00:00.0,87690,87910,84640,85300,774164,233014
2015/07/23 00:00:00.0,85390,85690,83790,84500,737804,236402
2015/07/24 00:00:00.0,84300,84960,83000,83440,731260,238898
2015/07/27 00:00:00.0,83330,84960,82770,82790,671614,242532
2015/07/28 00:00:00.0,81440,83490,81320,82870,640388,233154
2015/07/29 00:00:00.0,83520,84870,83220,84460,557472,221236
2015/07/30 00:00:00.0,83760,84530,82670,82770,605756,233214
2015/07/31 00:00:00.0,82170,83140,81890,81930,518746,246128
2015/08/03 00:00:00.0,82440,83320,80360,80500,595312,248766
2015/08/04 00:00:00.0,80550,81390,80040,81280,501408,237654
2015/08/05 00:00:00.0,81460,81930,80530,81440,379512,239158
2015/08/06 00:00:00.0,81770,81890,80770,81040,380586,236642
2015/08/07 00:00:00.0,80980,81380,80210,80950,424758,241494
2015/08/10 00:00:00.0,80890,82770,80550,82510,411318,235556
2015/08/11 00:00:00.0,82500,84550,82300,82700,659414,231580
2015/08/12 00:00:00.0,81660,83170,80490,83010,710380,225022
2015/08/13 00:00:00.0,83110,83870,82190,83090,519542,230718
2015/08/14 00:00:00.0,82870,83020,81840,81960,399108,241978
2015/08/17 00:00:00.0,82410,82810,81910,82510,328640,236840
2015/08/18 00:00:00.0,82560,82890,80790,80830,353432,247142
2015/08/19 00:00:00.0,80870,81650,80380,81580,450226,244026
2015/08/20 00:00:00.0,81350,81570,79600,80430,484170,257890
2015/08/21 00:00:00.0,81260,81260,80100,80170,372052,262244
2015/08/24 00:00:00.0,79810,79900,76640,76640,442300,290274
2015/08/25 00:00:00.0,74130,76490,72920,73470,753990,290590
2015/08/26 00:00:00.0,75610,76070,74080,74220,646370,290442
2015/08/27 00:00:00.0,74160,75980,73960,75940,526806,270512
2015/08/28 00:00:00.0,76210,78670,76160,78370,681972,242808
2015/08/31 00:00:00.0,77970,79040,76550,76630,704798,240586
2015/09/01 00:00:00.0,76450,77120,75640,75640,463390,250180
2015/09/02 00:00:00.0,75890,76480,75450,76340,480252,241332
2015/09/07 00:00:00.0,76030,77000,76020,76840,297026,241814
2015/09/08 00:00:00.0,76700,76770,75230,76030,597394,280626
2015/09/09 00:00:00.0,76850,78700,76580,77670,1258570,269052
2015/09/10 00:00:00.0,78030,78570,77040,78560,1050088,282122
2015/09/11 00:00:00.0,79100,80060,78700,79290,1424974,274892
2015/09/14 00:00:00.0,79010,79750,78140,78150,1066718,267388
2015/09/15 00:00:00.0,77540,77930,76770,76850,1097982,277378
2015/09/16 00:00:00.0,77320,79350,77270,78950,1479682,252398
2015/09/17 00:00:00.0,78790,79330,78300,78590,1680684,256788
2015/09/18 00:00:00.0,78120,78580,77810,77890,1445918,274030
2015/09/21 00:00:00.0,77210,78180,76320,78100,1444408,298940
2015/09/22 00:00:00.0,77780,77970,76940,77090,1256482,299722
2015/09/23 00:00:00.0,76790,76990,76030,76740,1148402,308452
2015/09/24 00:00:00.0,76930,77100,76300,76760,781688,310474
2015/09/25 00:00:00.0,76680,77850,76600,77100,981144,286194
2015/09/28 00:00:00.0,77300,77800,77220,77410,385996,286034
2015/09/29 00:00:00.0,77220,77420,75500,75540,647726,285858
2015/09/30 00:00:00.0,76260,77100,75950,77090,480424,254722
2015/10/08 00:00:00.0,78160,78490,77300,77450,245718,258922
2015/10/09 00:00:00.0,77510,79460,77360,79450,664540,266130
2015/10/12 00:00:00.0,80960,80960,79000,80310,788060,250552
2015/10/13 00:00:00.0,80360,80360,78830,79620,633646,246532
2015/10/14 00:00:00.0,79300,79880,78980,79270,677530,247762
2015/10/15 00:00:00.0,79400,80690,79200,80330,876910,292944
2015/10/16 00:00:00.0,80230,80900,79900,80390,821588,290138
2015/10/19 00:00:00.0,80280,80650,79120,79150,677114,274996
2015/10/20 00:00:00.0,79160,79300,78060,78330,675000,257668
2015/10/21 00:00:00.0,78460,78690,77910,78140,563978,260354
2015/10/22 00:00:00.0,78110,79590,77720,78670,547862,240278
2015/10/23 00:00:00.0,78960,80010,78600,79980,671192,254406
2015/10/26 00:00:00.0,79970,79970,78460,78600,681588,252962
2015/10/27 00:00:00.0,78730,79280,78280,79160,536838,248104
2015/10/28 00:00:00.0,79190,79580,78810,79170,563940,242778
2015/10/29 00:00:00.0,79090,79900,78660,79140,599954,242066
2015/10/30 00:00:00.0,79010,79350,77150,77160,746002,312818
2015/11/02 00:00:00.0,77120,77400,76480,76600,600702,342320
2015/11/03 00:00:00.0,76720,77250,76200,76340,549382,354520
2015/11/04 00:00:00.0,76220,76690,75730,76520,712612,370968
2015/11/05 00:00:00.0,76200,76970,74800,74840,758480,416494
2015/11/06 00:00:00.0,75800,75800,74580,75000,705988,403950
2015/11/09 00:00:00.0,74810,75210,73780,74010,735624,445156
2015/11/10 00:00:00.0,74130,74240,72460,73910,750292,446426
2015/11/11 00:00:00.0,73470,73700,72770,72950,790212,472268
2015/11/12 00:00:00.0,73020,73750,72570,73310,679296,466372
2015/11/13 00:00:00.0,72720,73660,72300,73000,884982,500530
2015/11/16 00:00:00.0,72900,73660,72780,73240,571066,485746
2015/11/17 00:00:00.0,73410,73410,70630,71320,879478,490266
2015/11/18 00:00:00.0,71520,71820,70190,71030,684656,493186
2015/11/19 00:00:00.0,70790,71100,69310,69850,729192,491014
2015/11/20 00:00:00.0,69680,69890,68600,68860,899398,506790
2015/11/23 00:00:00.0,69130,69310,65080,65080,888390,512500
2015/11/24 00:00:00.0,64360,65910,63480,65160,1243838,499376
2015/11/25 00:00:00.0,64970,68480,64750,68480,1323520,473574
2015/11/26 00:00:00.0,68120,72930,67570,71000,2055908,470808
2015/11/27 00:00:00.0,70890,72310,69260,69610,1838864,457438
2015/11/30 00:00:00.0,69070,69380,67950,69310,1467784,456560
2015/12/01 00:00:00.0,69130,70550,68940,69250,1414338,462618
2015/12/02 00:00:00.0,69310,71180,69040,70440,1029092,475100
2015/12/03 00:00:00.0,69970,71370,68500,68520,1337444,483824
2015/12/04 00:00:00.0,68710,69800,68530,69210,1271902,470322
2015/12/07 00:00:00.0,70290,71180,69750,71000,986772,464222
2015/12/08 00:00:00.0,70420,70490,68140,68550,1023916,506498
2015/12/09 00:00:00.0,68440,68880,67380,68620,1088516,523110
2015/12/10 00:00:00.0,68770,69500,67830,67940,1087554,537640
2015/12/11 00:00:00.0,67560,69570,67340,69560,1073292,506884
2015/12/14 00:00:00.0,69110,69550,68440,69400,1032304,511826
2015/12/15 00:00:00.0,68900,70400,68720,69090,1024726,501742
2015/12/16 00:00:00.0,68910,69710,68590,69690,893050,496282
2015/12/17 00:00:00.0,69820,70510,69270,69300,1014720,499616
2015/12/18 00:00:00.0,69330,70120,69250,70020,760906,502700
2015/12/21 00:00:00.0,70130,70840,69760,70700,993596,516932
2015/12/22 00:00:00.0,70630,71270,70220,70460,951994,531136
2015/12/23 00:00:00.0,70390,70620,69430,69870,845616,547100
2015/12/24 00:00:00.0,69910,70350,69100,69100,868296,568546
2015/12/25 00:00:00.0,69090,69470,68690,68840,718254,587834
2015/12/28 00:00:00.0,68970,69200,67750,67780,652432,613210
2015/12/29 00:00:00.0,67910,69130,67650,69040,682718,590968
2015/12/30 00:00:00.0,68790,70410,68790,69820,1046756,561378
2015/12/31 00:00:00.0,69850,70700,69650,70360,871954,538348
2016/01/04 00:00:00.0,70490,70610,68380,68740,583734,534856
2016/01/05 00:00:00.0,69070,69380,68300,69310,777776,526990
2016/01/06 00:00:00.0,69120,69510,68180,68640,780412,537024
2016/01/07 00:00:00.0,68780,69210,67190,67340,921374,577616
2016/01/08 00:00:00.0,67440,68350,66390,67740,1230078,550962
2016/01/11 00:00:00.0,67760,68460,66630,66770,993280,563764
2016/01/12 00:00:00.0,67100,67440,65640,65770,1045438,583814
2016/01/13 00:00:00.0,65900,66470,65780,66070,816852,589486
2016/01/14 00:00:00.0,66060,67880,65910,67160,929540,556096
2016/01/15 00:00:00.0,67150,69120,67060,68020,1069092,525384
2016/01/18 00:00:00.0,67830,69620,67710,69320,1079714,456926
2016/01/19 00:00:00.0,69300,70300,68730,70130,980588,448454
2016/01/20 00:00:00.0,70000,70290,68850,69470,927992,445410
2016/01/21 00:00:00.0,69450,69990,68920,69250,1033758,435606
2016/01/22 00:00:00.0,69350,70780,69260,70160,1093090,439884
2016/01/25 00:00:00.0,70760,70920,69140,69360,755534,434528
2016/01/26 00:00:00.0,69410,69560,68760,69130,746348,437698
2016/01/27 00:00:00.0,69350,70590,69350,70520,822624,452040
2016/01/28 00:00:00.0,70440,70570,69560,69740,685304,450680
2016/01/29 00:00:00.0,69610,70220,69310,69590,729252,446642
2016/02/01 00:00:00.0,69430,70200,68510,68960,780382,468770
2016/02/02 00:00:00.0,68840,69250,68570,69020,582206,450374
2016/02/03 00:00:00.0,69050,69150,67970,68890,641728,445434
2016/02/04 00:00:00.0,68790,69780,68730,69350,585108,430106
2016/02/05 00:00:00.0,69370,69760,68510,68750,497152,417108
2016/02/15 00:00:00.0,64970,66610,64330,66330,405270,441994
2016/02/16 00:00:00.0,66030,67090,66030,66680,606392,459466
2016/02/17 00:00:00.0,66870,66870,66080,66420,563156,453192
2016/02/18 00:00:00.0,66610,67200,66450,66700,463226,448218
2016/02/19 00:00:00.0,66810,67370,66620,67140,575500,449438
2016/02/22 00:00:00.0,67160,69070,67030,68750,745716,461030
2016/02/23 00:00:00.0,69070,69580,68540,68730,598270,442682
2016/02/24 00:00:00.0,69120,69120,68170,68580,524850,446786
2016/02/25 00:00:00.0,68390,69020,67590,67840,663858,470058
2016/02/26 00:00:00.0,67990,68000,66410,67320,676282,458104
2016/02/29 00:00:00.0,67530,68320,66580,67060,810258,466816
2016/03/01 00:00:00.0,67250,67940,66720,67830,709454,466674
2016/03/02 00:00:00.0,68030,69070,67860,68980,794448,453228
2016/03/03 00:00:00.0,69230,69570,68650,69430,705446,446130
2016/03/04 00:00:00.0,69590,72390,69360,71430,1276092,506184
2016/03/07 00:00:00.0,71420,74490,71280,73420,1596952,562956
2016/03/08 00:00:00.0,73960,75900,70220,71800,1931262,520298
2016/03/09 00:00:00.0,72050,72120,68800,69450,1263214,472544
2016/03/10 00:00:00.0,69760,70640,68920,69100,1292076,494058
2016/03/11 00:00:00.0,69310,70120,68690,69630,863874,488162
2016/03/14 00:00:00.0,69460,70520,69100,69480,781612,493982
2016/03/15 00:00:00.0,69260,69410,67930,68520,801040,490856
2016/03/16 00:00:00.0,68100,68530,67760,68280,705900,532808
2016/03/17 00:00:00.0,67830,69170,67800,68770,751902,548384
2016/03/18 00:00:00.0,68750,70690,68650,70150,1263662,575952
2016/03/21 00:00:00.0,70070,70330,68040,68380,973796,597586
2016/03/22 00:00:00.0,68510,69650,68500,68770,956440,609182
2016/03/23 00:00:00.0,68640,69820,68370,68630,801026,618966
2016/03/24 00:00:00.0,68720,68880,67930,68440,818874,601000
2016/03/25 00:00:00.0,68300,68980,68200,68810,561112,595008
2016/03/28 00:00:00.0,68770,69290,68340,68450,559082,605398
2016/03/29 00:00:00.0,68520,69150,68180,68650,526444,590514
2016/03/30 00:00:00.0,68660,68740,66740,67080,855434,640900
2016/03/31 00:00:00.0,67010,67730,66520,66660,734782,669048
2016/04/01 00:00:00.0,66500,67240,66440,66800,665896,673850
2016/04/05 00:00:00.0,66510,66680,65670,66160,380778,680256
2016/04/06 00:00:00.0,66070,67300,66070,67200,611186,650156
2016/04/07 00:00:00.0,67170,67810,67100,67540,552704,649200
2016/04/08 00:00:00.0,67460,67460,66130,67020,633412,645628
2016/04/11 00:00:00.0,67200,68280,67200,67850,735058,639816
2016/04/12 00:00:00.0,68120,68610,67640,68580,671238,659378
2016/04/13 00:00:00.0,68650,71550,68390,69950,1586480,664718
2016/04/14 00:00:00.0,70480,71050,69950,70380,873310,665480
2016/04/15 00:00:00.0,70560,71120,69790,69970,829752,670138
2016/04/18 00:00:00.0,70040,71190,69270,70550,854824,674250
2016/04/19 00:00:00.0,70970,71900,69830,70770,1132858,698604
2016/04/20 00:00:00.0,71080,72600,70870,71670,1407964,696300
2016/04/21 00:00:00.0,72120,74190,71520,73660,1609920,750314
2016/04/22 00:00:00.0,74780,74900,70330,71640,1528744,707464
2016/04/25 00:00:00.0,71880,73540,70680,71890,1296532,708354
2016/04/26 00:00:00.0,71780,72050,70540,71200,864140,708016
2016/04/27 00:00:00.0,71350,72290,71120,71780,855126,707412
2016/04/28 00:00:00.0,72030,72570,71250,72050,1091736,714006
2016/04/29 00:00:00.0,72010,73290,71800,73140,1005576,753698
2016/05/03 00:00:00.0,73100,76080,72590,75850,888304,811286
2016/05/04 00:00:00.0,75590,76280,73660,74300,1458360,784962
2016/05/05 00:00:00.0,74520,74830,73040,73330,987994,770262
2016/05/06 00:00:00.0,73430,73520,69900,70610,1441352,732820
2016/05/09 00:00:00.0,70740,71960,68880,69010,1311618,759296
2016/05/10 00:00:00.0,68950,69410,68090,69160,961346,753126
2016/05/11 00:00:00.0,69000,69630,68980,69350,786310,761222
2016/05/12 00:00:00.0,69620,70530,69090,70070,977568,751436
2016/05/13 00:00:00.0,69930,70270,67700,68210,1139448,746642
2016/05/16 00:00:00.0,68060,68990,67900,68780,690868,745158
2016/05/17 00:00:00.0,68980,69740,68760,69500,698490,669034
2016/05/18 00:00:00.0,69200,69970,68540,68710,817556,694188
2016/05/19 00:00:00.0,68680,69270,68300,68520,623852,697852
2016/05/20 00:00:00.0,68280,68920,67850,68610,568144,704034
2016/05/23 00:00:00.0,68620,68870,66810,67280,841834,720120
2016/05/24 00:00:00.0,67010,67510,66530,67110,562568,730224
2016/05/25 00:00:00.0,67290,67920,66820,66920,660104,732338
2016/05/26 00:00:00.0,67180,67800,66930,67320,678180,747930
2016/05/27 00:00:00.0,67370,67890,66460,67480,839816,740892
2016/05/30 00:00:00.0,67470,67770,66850,67470,559802,742142
2016/05/31 00:00:00.0,67500,68490,67320,68190,670742,749662
2016/06/01 00:00:00.0,68250,68370,67050,67250,540400,763428
2016/06/02 00:00:00.0,67100,68110,66850,67540,523676,740048
2016/06/03 00:00:00.0,67430,67960,67420,67660,493048,757832
2016/06/06 00:00:00.0,68220,69370,67780,69120,645278,743802
2016/06/07 00:00:00.0,69230,69620,68620,68910,460550,728712
2016/06/08 00:00:00.0,68630,69430,68460,69040,424086,704764
2016/06/13 00:00:00.0,69760,71010,69680,70440,372032,697738
2016/06/14 00:00:00.0,70590,70840,70150,70570,407648,685080
2016/06/15 00:00:00.0,70390,71440,70230,71380,591442,697542
2016/06/16 00:00:00.0,72170,72170,70330,70570,527010,666310
2016/06/17 00:00:00.0,70420,71610,70080,71610,520882,656474
2016/06/20 00:00:00.0,71750,73050,71270,72720,656900,649380
2016/06/21 00:00:00.0,72970,73600,72210,72600,534590,626722
2016/06/22 00:00:00.0,72650,73080,71790,72980,504516,620356
2016/06/23 00:00:00.0,72980,73200,71900,72260,451336,611900
2016/06/24 00:00:00.0,72410,72720,70250,70720,724916,599486
2016/06/27 00:00:00.0,70840,72120,70780,71920,580200,611820
2016/06/28 00:00:00.0,71830,73140,71310,72860,580382,619416
2016/06/29 00:00:00.0,73010,74250,72940,73740,788556,613734
2016/06/30 00:00:00.0,73940,75710,73720,75250,839736,651000
2016/07/01 00:00:00.0,75110,76320,73990,75900,978776,683700
2016/07/04 00:00:00.0,76050,79620,75880,79620,1159972,757730
2016/07/05 00:00:00.0,81220,83810,77560,80950,2070880,741056
2016/07/06 00:00:00.0,81050,82480,76280,78390,2331524,696636
2016/07/07 00:00:00.0,77710,81220,77010,77670,1866908,685982
2016/07/08 00:00:00.0,77940,78790,75520,77250,1559638,657138
2016/07/11 00:00:00.0,78130,80300,77340,79730,1410764,689308
2016/07/12 00:00:00.0,79850,81800,79280,81610,1283814,724986
2016/07/13 00:00:00.0,81880,83990,80420,80930,1946406,722204
2016/07/14 00:00:00.0,81320,82490,80200,82250,1297248,731684
2016/07/15 00:00:00.0,82060,82680,80630,81730,1174718,747856
2016/07/18 00:00:00.0,82180,82540,80070,81430,1432694,736944
2016/07/19 00:00:00.0,81550,84300,80890,82440,1994042,767308
2016/07/20 00:00:00.0,82340,82910,81240,82100,1331366,743374
2016/07/21 00:00:00.0,81630,83330,81050,82800,1281622,760138
2016/07/22 00:00:00.0,83500,84600,81680,81750,1599388,739244
2016/07/25 00:00:00.0,82160,82410,80270,81100,1275612,710098
2016/07/26 00:00:00.0,81370,81470,79260,80010,1106056,683566
2016/07/27 00:00:00.0,79930,81350,79820,80320,1003706,662032
2016/07/28 00:00:00.0,80630,82220,80320,82160,1089914,694860
2016/07/29 00:00:00.0,82280,82740,81040,81090,994704,676264
2016/08/01 00:00:00.0,81420,83410,80720,83270,1036744,706444
2016/08/02 00:00:00.0,83100,84540,82560,84510,1041186,784760
2016/08/03 00:00:00.0,84590,85040,82870,83370,1244656,760554
2016/08/04 00:00:00.0,83500,84010,81160,81680,1137430,693654
2016/08/05 00:00:00.0,81230,82780,81230,82570,888312,713702
2016/08/08 00:00:00.0,82320,84510,81740,84050,944960,754716
2016/08/09 00:00:00.0,84010,84420,82970,83460,817100,747088
2016/08/10 00:00:00.0,83150,84370,82810,83880,839376,748682
2016/08/11 00:00:00.0,84160,84930,82810,83050,1064668,753900
2016/08/12 00:00:00.0,83030,83600,82340,82840,817422,753904
2016/08/15 00:00:00.0,81880,82240,80290,80620,1070674,759158
2016/08/16 00:00:00.0,81060,81810,80900,81280,658718,740748
2016/08/17 00:00:00.0,81170,81480,80460,80960,718598,745048
2016/08/18 00:00:00.0,80870,81570,80070,81240,773024,738020
2016/08/19 00:00:00.0,81330,81540,80720,81350,526920,739530
2016/08/22 00:00:00.0,81190,81950,80340,80420,630270,744194
2016/08/23 00:00:00.0,80360,81310,80210,80920,434370,723764
2016/08/24 00:00:00.0,80960,81400,80520,80810,448494,724406
2016/08/25 00:00:00.0,80930,81150,77420,78320,1110844,716928
2016/08/26 00:00:00.0,77800,78660,77730,78200,492372,700962
2016/08/29 00:00:00.0,78210,79150,77880,78440,620334,675468
2016/08/30 00:00:00.0,78480,78840,77890,78050,374750,682876
2016/08/31 00:00:00.0,77940,78590,77800,77930,451544,675954
2016/09/01 00:00:00.0,77950,79090,77930,78740,545176,663818
2016/09/02 00:00:00.0,78450,80380,78310,79730,746144,644764
2016/09/05 00:00:00.0,79860,80730,79860,80140,581640,651236
2016/09/06 00:00:00.0,80280,81020,79430,80950,563310,639324
2016/09/07 00:00:00.0,80800,81200,80290,80830,543048,622998
2016/09/08 00:00:00.0,81030,81330,80520,80900,457188,629460
2016/09/09 00:00:00.0,81310,81460,80800,81240,435324,623084
2016/09/12 00:00:00.0,81310,81370,78430,78630,629888,611480
2016/09/13 00:00:00.0,78840,79670,78700,79240,424070,603620
2016/09/14 00:00:00.0,79120,79400,78000,78200,493548,600104
2016/09/19 00:00:00.0,77970,79260,77940,78890,265374,598424
2016/09/20 00:00:00.0,79150,80750,79090,80660,548772,535242
2016/09/21 00:00:00.0,80750,81040,80170,80570,404234,525252
2016/09/22 00:00:00.0,80920,82620,80570,81760,662404,522006
2016/09/23 00:00:00.0,82320,82710,81870,82680,452962,529044
2016/09/26 00:00:00.0,82720,82910,81470,81540,550172,538924
2016/09/27 00:00:00.0,81610,82780,80270,82760,724610,558856
2016/09/28 00:00:00.0,82930,83030,81570,82150,733272,537620
2016/09/29 00:00:00.0,81980,83670,81630,81920,693544,520956
2016/09/30 00:00:00.0,81900,82050,80490,81440,533662,491200
2016/10/10 00:00:00.0,80780,81930,80270,81720,291314,492580
2016/10/11 00:00:00.0,81540,83040,81540,82910,574590,521864
2016/10/12 00:00:00.0,82570,83210,81970,82430,524638,516818
2016/10/13 00:00:00.0,82850,83130,80990,81420,651942,528800
2016/10/14 00:00:00.0,81190,82320,80810,81680,518852,524342
2016/10/17 00:00:00.0,81790,82620,81510,81930,682184,544224
2016/10/18 00:00:00.0,82080,82140,80980,81810,469100,550626
2016/10/19 00:00:00.0,81830,82470,80540,80830,660806,568294
2016/10/20 00:00:00.0,80800,81410,79910,80880,534504,564120
2016/10/21 00:00:00.0,80540,80750,79500,79560,545088,602346
2016/10/24 00:00:00.0,79440,80850,79220,80570,488430,588786
2016/10/25 00:00:00.0,80380,82120,80380,81630,621830,591272
2016/10/26 00:00:00.0,81860,82480,80760,81220,584048,592300
2016/10/27 00:00:00.0,81130,82060,80620,81150,538172,592580
2016/10/28 00:00:00.0,81780,82860,81580,82750,653552,596560
2016/10/31 00:00:00.0,82820,84210,82300,84130,669454,640146
2016/11/01 00:00:00.0,84100,84510,83120,83750,628732,619420
2016/11/02 00:00:00.0,83620,84640,82000,82510,731850,595184
2016/11/03 00:00:00.0,82890,83670,82420,83490,417374,600810
2016/11/04 00:00:00.0,83720,84310,83020,83150,602562,598068
2016/11/07 00:00:00.0,83230,88690,82880,88140,1223656,680832
2016/11/08 00:00:00.0,88270,91150,87370,90170,1252080,673754
2016/11/09 00:00:00.0,89790,91970,88880,91160,1284568,668780
2016/11/10 00:00:00.0,92230,95930,91860,95930,1205982,680534
2016/11/11 00:00:00.0,96070,97570,93350,96530,1283288,670438
2016/11/14 00:00:00.0,96450,100180,89460,92120,1822654,593736
2016/11/15 00:00:00.0,91890,94610,89980,91150,1064790,610000
2016/11/16 00:00:00.0,91390,93290,91070,93030,841588,617046
2016/11/17 00:00:00.0,92410,92760,91430,91780,749356,612714
2016/11/18 00:00:00.0,92100,92420,90410,91320,638886,616534
2016/11/21 00:00:00.0,91340,92440,88670,91960,880898,630292
2016/11/22 00:00:00.0,92220,95120,91430,94000,898880,623826
2016/11/23 00:00:00.0,93650,94020,92750,93620,550926,626572
2016/11/24 00:00:00.0,93430,97430,93020,95330,1174332,643130
2016/11/25 00:00:00.0,95510,97060,94510,96000,808310,631908
2016/11/28 00:00:00.0,95800,98630,94920,98520,838858,654168
2016/11/29 00:00:00.0,97790,98440,93600,94020,949670,630386
2016/11/30 00:00:00.0,94440,94550,89700,90810,936782,610340
2016/12/01 00:00:00.0,91400,93600,91060,92530,719278,603900
2016/12/02 00:00:00.0,92530,92990,91100,92000,515506,605094
2016/12/05 00:00:00.0,92020,95770,91760,95060,891688,634430
2016/12/06 00:00:00.0,95840,96390,94280,94960,542976,614804
2016/12/07 00:00:00.0,95040,96800,94470,96460,671508,638708
2016/12/08 00:00:00.0,96430,96940,94070,94820,626018,632260
2016/12/09 00:00:00.0,95030,95400,92620,94890,630866,637562
2016/12/12 00:00:00.0,94940,97510,94060,94240,813532,625000
2016/12/13 00:00:00.0,94300,95830,94030,95740,491736,632846
2016/12/14 00:00:00.0,95880,96530,93350,96070,850030,660608
2016/12/15 00:00:00.0,96100,96990,94450,95960,805212,644748
2016/12/16 00:00:00.0,95090,96390,94580,95130,573192,639382
2016/12/19 00:00:00.0,94400,95270,93240,93270,543606,636296
2016/12/20 00:00:00.0,92910,92990,90720,92410,626134,642986
2016/12/21 00:00:00.0,92550,93270,92060,92530,401044,638828
2016/12/22 00:00:00.0,92380,92670,89640,90010,511012,653014
2016/12/23 00:00:00.0,89710,91240,89510,90060,473928,641166
2016/12/26 00:00:00.0,89840,90300,84110,84140,965630,632138
2016/12/27 00:00:00.0,84240,85770,83800,85470,502874,610142
2016/12/28 00:00:00.0,85480,87270,85190,85750,576046,619620
2016/12/29 00:00:00.0,85770,86450,84770,86290,478020,612810
2016/12/30 00:00:00.0,85770,86270,84860,85530,410928,615148
2017/01/03 00:00:00.0,85550,86970,85460,85940,279840,618396
2017/01/04 00:00:00.0,86210,86390,83410,85070,546970,640276
2017/01/05 00:00:00.0,84660,86010,84620,85210,430436,633280
2017/01/06 00:00:00.0,85270,85780,84490,84760,366850,626672
2017/01/09 00:00:00.0,85010,86580,84920,86320,366526,616808
2017/01/10 00:00:00.0,86110,87790,85910,87100,468048,619730
2017/01/11 00:00:00.0,87470,88310,87210,87710,419578,614078
2017/01/12 00:00:00.0,87300,88080,85160,85770,544042,647580
2017/01/13 00:00:00.0,83720,86220,83720,85490,653140,697142
2017/01/16 00:00:00.0,85150,87590,85150,86480,580328,698758
2017/01/17 00:00:00.0,86460,87260,84130,85290,520996,668680
2017/01/18 00:00:00.0,85480,86260,84630,85170,420412,670608
2017/01/19 00:00:00.0,85300,85550,84680,85000,319656,672716
2017/01/20 00:00:00.0,84590,84940,81840,81870,736152,731142
2017/01/23 00:00:00.0,82080,83460,81890,82830,476166,730052
2017/01/24 00:00:00.0,82520,83070,81960,82530,438266,757242
2017/01/25 00:00:00.0,82730,82890,81500,81720,415554,769440
2017/01/26 00:00:00.0,81320,83270,81320,82640,435430,763186
2017/02/03 00:00:00.0,85880,85970,83680,84810,373250,724342
2017/02/06 00:00:00.0,85030,86610,84970,86310,530846,734076
2017/02/07 00:00:00.0,86450,86870,85850,86280,327260,717136
2017/02/08 00:00:00.0,86470,87250,85910,86980,373362,717652
2017/02/09 00:00:00.0,87230,87500,86600,86730,302180,709760
2017/02/10 00:00:00.0,87030,87160,85950,86930,412220,720574
2017/02/13 00:00:00.0,87150,89730,87120,89330,585400,719654
2017/02/14 00:00:00.0,89590,90470,88960,90470,442124,718886
2017/02/15 00:00:00.0,90670,91010,88690,90020,620958,713110
2017/02/16 00:00:00.0,89970,92230,89050,90640,649502,697594
2017/02/17 00:00:00.0,90730,91950,89940,90930,593434,692590
2017/02/20 00:00:00.0,91120,92110,90300,91920,508714,688730
2017/02/21 00:00:00.0,92050,92780,91420,91760,423056,687816
2017/02/22 00:00:00.0,91900,92070,89310,90010,534400,687750
2017/02/23 00:00:00.0,89910,90780,88420,88890,472512,685454
2017/02/24 00:00:00.0,89130,89570,87740,89480,538238,687884
2017/02/27 00:00:00.0,89360,91860,88950,91120,630490,696838
2017/02/28 00:00:00.0,91310,91890,90730,91110,478292,682540
2017/03/01 00:00:00.0,91240,91850,89620,91530,541580,686544
2017/03/02 00:00:00.0,91680,92320,91080,91590,448516,677180
2017/03/03 00:00:00.0,91330,91460,89910,91250,479120,683240
2017/03/06 00:00:00.0,91310,92310,90810,91500,565012,682548
2017/03/07 00:00:00.0,91510,92090,91020,91590,392960,681818
2017/03/08 00:00:00.0,91450,91530,88090,88550,747742,703026
2017/03/09 00:00:00.0,88460,88700,83560,84590,871706,694870
2017/03/10 00:00:00.0,84420,85580,84150,84170,484314,693938
2017/03/13 00:00:00.0,84340,85270,82570,84580,797764,699716
2017/03/14 00:00:00.0,84630,85870,84030,84500,580032,687878
2017/03/15 00:00:00.0,84740,86100,83930,85550,535862,704612
2017/03/16 00:00:00.0,85640,86510,85380,86100,509866,702592
2017/03/17 00:00:00.0,86090,86090,84710,85050,489164,722460
2017/03/20 00:00:00.0,85380,86130,84920,85070,449932,705708
2017/03/21 00:00:00.0,85080,85780,84340,84920,461566,705898
2017/03/22 00:00:00.0,84820,85610,82990,83040,527586,714466
2017/03/23 00:00:00.0,83140,84360,82570,83660,427776,694882
2017/03/24 00:00:00.0,83460,83920,82720,83170,347664,711922
2017/03/27 00:00:00.0,83030,83570,80210,80960,650678,700584
2017/03/28 00:00:00.0,81170,82410,80660,81660,442460,671316
2017/03/29 00:00:00.0,81620,83530,81360,83350,480632,675794
2017/03/30 00:00:00.0,83190,84160,82790,83190,430148,665950
2017/03/31 00:00:00.0,83370,84490,83200,84020,511076,661148
2017/04/05 00:00:00.0,83730,85710,83700,85260,320980,668156
2017/04/06 00:00:00.0,85530,86080,85220,85820,423158,657672
2017/04/07 00:00:00.0,86110,86270,82840,83420,691694,635182
2017/04/10 00:00:00.0,83450,85490,82940,84540,506252,618136
2017/04/11 00:00:00.0,84760,85060,83750,84730,527152,603164
2017/04/12 00:00:00.0,84660,85120,80990,81230,798966,620536
2017/04/13 00:00:00.0,81240,82170,80540,81520,494884,614544
2017/04/14 00:00:00.0,81340,81950,80160,80330,481216,634998
2017/04/17 00:00:00.0,80360,81520,79930,80330,483100,635402
2017/04/18 00:00:00.0,80440,81130,79690,79920,417270,643254
2017/04/19 00:00:00.0,79870,79880,77660,78880,607622,634082
2017/04/20 00:00:00.0,79010,79670,77760,79370,515790,620018
2017/04/21 00:00:00.0,79070,80080,78870,79260,475898,635798
2017/04/24 00:00:00.0,79390,79390,77870,78510,457422,652384
2017/04/25 00:00:00.0,78300,78700,77260,77550,509460,681138
2017/04/26 00:00:00.0,77610,78250,77360,77760,388640,672914
2017/04/27 00:00:00.0,77840,78270,77170,77730,440742,686082
2017/04/28 00:00:00.0,77630,79470,77210,79090,538960,675056
2017/05/02 00:00:00.0,79340,80310,79200,79860,216474,673428
2017/05/03 00:00:00.0,79870,80150,78990,79230,291736,683072
2017/05/04 00:00:00.0,78750,78750,75380,76140,607964,682068
2017/05/05 00:00:00.0,76030,76260,74620,74700,475298,683884
2017/05/08 00:00:00.0,74990,76750,74990,75630,524940,663636
2017/05/09 00:00:00.0,75950,76550,75700,76370,315964,655182
2017/05/10 00:00:00.0,76640,77330,75940,76290,397680,645152
2017/05/11 00:00:00.0,76690,77150,75420,77040,478860,635948
2017/05/12 00:00:00.0,77390,77500,76520,76900,362812,625576
2017/05/15 00:00:00.0,77330,77640,76570,77240,396486,626788
2017/05/16 00:00:00.0,77520,77800,75890,76650,474376,584784
2017/05/17 00:00:00.0,76270,77340,76270,76930,429006,585482
2017/05/18 00:00:00.0,76810,77250,74790,75570,384800,593286
2017/05/19 00:00:00.0,75290,76660,75240,76080,411102,586156
2017/05/22 00:00:00.0,76600,78550,76450,77910,603984,578782
2017/05/23 00:00:00.0,78210,78640,77570,77700,366376,577664
2017/05/24 00:00:00.0,77820,78020,75880,76340,421674,589346
2017/05/25 00:00:00.0,76420,76610,75630,75990,367584,587918
2017/05/26 00:00:00.0,75870,76270,75060,75270,412802,588998
2017/05/31 00:00:00.0,75280,76050,72840,73030,359102,595068
2017/06/01 00:00:00.0,73010,73920,72700,73250,318846,583856
2017/06/02 00:00:00.0,73250,73540,72080,72180,381258,600376
2017/06/05 00:00:00.0,72130,73760,72130,73230,380258,580232
2017/06/06 00:00:00.0,73120,73560,72820,73110,265326,580112
2017/06/07 00:00:00.0,73030,74220,72890,73610,386824,574414
2017/06/08 00:00:00.0,73610,73890,72220,73340,454784,582332
2017/06/09 00:00:00.0,73150,73480,72760,73050,287242,596388
2017/06/12 00:00:00.0,73330,74520,73230,74030,394330,584554
2017/06/13 00:00:00.0,74030,74030,72380,72700,379376,614508
2017/06/14 00:00:00.0,72590,73540,71680,73360,416832,605190
2017/06/15 00:00:00.0,73260,73850,72670,73460,372542,592882
2017/06/16 00:00:00.0,73410,74260,73030,73770,337918,584662
2017/06/19 00:00:00.0,73960,74370,72950,74080,348166,579892
2017/06/20 00:00:00.0,74210,75480,74070,74910,490174,578400
2017/06/21 00:00:00.0,74550,74730,73300,74290,392614,587796
2017/06/22 00:00:00.0,74410,74840,73810,74020,334580,585084
2017/06/23 00:00:00.0,74330,75850,74170,75740,473976,609622
2017/06/26 00:00:00.0,75750,75760,75090,75520,291156,592132
2017/06/27 00:00:00.0,75520,75650,74630,75450,329664,587254
2017/06/28 00:00:00.0,75480,76400,75400,76080,368068,576816
2017/06/29 00:00:00.0,75900,77160,75650,77000,422654,594040
2017/06/30 00:00:00.0,76890,77200,76030,76860,336638,590686
2017/07/03 00:00:00.0,76800,77860,76550,77450,355260,590066
2017/07/04 00:00:00.0,77530,77610,75140,75430,461662,574174
2017/07/05 00:00:00.0,75360,76080,75220,75460,272970,568578
2017/07/06 00:00:00.0,75270,75640,74780,75470,286460,572852
2017/07/07 00:00:00.0,75340,75630,74290,74920,334570,586792
2017/07/10 00:00:00.0,74560,74800,73610,73810,402404,606050
2017/07/11 00:00:00.0,73640,74830,73290,74670,352620,600512
2017/07/12 00:00:00.0,74550,76370,74480,76090,475678,592536
2017/07/13 00:00:00.0,76070,76700,75720,76480,379096,606902
2017/07/14 00:00:00.0,76370,77060,75590,76860,469432,639228
2017/07/17 00:00:00.0,77210,79710,77150,79340,692440,656364
2017/07/18 00:00:00.0,79430,80190,78730,79210,503520,644146
2017/07/19 00:00:00.0,79390,80320,79260,80050,469510,641678
2017/07/20 00:00:00.0,80310,80380,78870,79210,480464,629084
2017/07/21 00:00:00.0,79230,79400,77870,78950,503032,624774
2017/07/24 00:00:00.0,79300,79790,77900,79290,532522,628218
2017/07/25 00:00:00.0,79310,81620,79280,81510,686246,666386
2017/07/26 00:00:00.0,81720,82950,81050,81410,769388,633470
2017/07/27 00:00:00.0,81810,82550,81270,82470,578304,650528
2017/07/28 00:00:00.0,82640,83460,81730,83030,709162,640572
2017/07/31 00:00:00.0,83490,84500,82940,83700,612278,622532
2017/08/01 00:00:00.0,83490,83940,82240,82690,556338,612998
2017/08/02 00:00:00.0,83070,83780,82450,82860,548578,608180
2017/08/03 00:00:00.0,83080,85140,82970,83440,736568,609032
2017/08/04 00:00:00.0,83780,84730,83530,84480,516012,613182
2017/08/07 00:00:00.0,84490,84970,82900,84330,805766,608252
2017/08/08 00:00:00.0,84340,84920,83530,83780,594484,603446
2017/08/09 00:00:00.0,84000,88240,83710,87650,1006546,627396
2017/08/10 00:00:00.0,87670,87940,87010,87560,496952,620678
2017/08/11 00:00:00.0,87560,89000,85860,86330,850600,598338
2017/08/14 00:00:00.0,86430,87000,85500,85890,488490,593584
2017/08/15 00:00:00.0,85780,85800,84070,85150,549130,587986
2017/08/16 00:00:00.0,84860,85530,84310,85130,502946,596386
2017/08/17 00:00:00.0,85900,88220,85860,87710,795496,611202
2017/08/18 00:00:00.0,87360,88060,86310,87890,599290,615998
2017/08/21 00:00:00.0,88160,91360,87830,90840,1134944,627084
2017/08/22 00:00:00.0,91150,92330,90840,92310,686638,633398
2017/08/23 00:00:00.0,93050,93180,90640,92100,890240,624102
2017/08/24 00:00:00.0,92660,94830,92030,93870,970368,628396
2017/08/25 00:00:00.0,93970,94730,93430,94160,656148,619436
2017/08/28 00:00:00.0,94040,94140,91530,93400,813688,613834
2017/08/29 00:00:00.0,93270,95270,92770,93960,934544,621876
2017/08/30 00:00:00.0,94520,94930,92630,93350,791650,610468
2017/08/31 00:00:00.0,92920,93660,92370,93520,677586,613704
2017/09/01 00:00:00.0,93560,95010,93240,94560,670084,632342
2017/09/04 00:00:00.0,95050,97520,94160,96220,826006,631968
2017/09/05 00:00:00.0,96290,96820,95860,96650,477896,633372
2017/09/06 00:00:00.0,96400,96600,93970,94830,792034,608692
2017/09/07 00:00:00.0,95050,96970,94440,95350,815646,619182
2017/09/08 00:00:00.0,95380,96390,92200,92700,1126726,613150
2017/09/11 00:00:00.0,92570,92640,89190,91180,1185930,585580
2017/09/12 00:00:00.0,91280,92690,91110,92050,876160,589926
2017/09/13 00:00:00.0,91480,93760,91130,92310,974946,590224
2017/09/14 00:00:00.0,91320,91890,88330,88420,1341638,591238
2017/09/15 00:00:00.0,89490,89540,87330,87750,941660,577736
2017/09/18 00:00:00.0,87580,88920,85710,88580,1240248,520094
2017/09/19 00:00:00.0,88570,89220,87070,87450,925332,530006
2017/09/20 00:00:00.0,87400,90600,86460,89970,1114892,536926
2017/09/21 00:00:00.0,90230,90840,87540,88020,1074518,531950
2017/09/22 00:00:00.0,87620,88940,83860,83870,1187262,582132
2017/09/25 00:00:00.0,84080,84960,83130,84130,652164,551452
2017/09/26 00:00:00.0,83870,85530,83810,84610,485754,536736
2017/09/27 00:00:00.0,84190,85560,83900,85030,488410,547144
2017/09/28 00:00:00.0,85080,85230,82560,83530,626412,555200
2017/09/29 00:00:00.0,83510,85290,83310,84840,468266,517524
2017/10/09 00:00:00.0,85530,87560,85430,87350,325578,534444
2017/10/10 00:00:00.0,87370,88530,86790,87470,521958,566572
2017/10/11 00:00:00.0,87700,88470,86620,88040,490800,568378
2017/10/12 00:00:00.0,88130,90780,87120,90460,619000,589230
2017/10/13 00:00:00.0,90260,92400,90090,92330,462296,582210
2017/10/16 00:00:00.0,93060,94000,91920,93510,608016,594674
2017/10/17 00:00:00.0,94090,95460,93080,93530,801952,629340
2017/10/18 00:00:00.0,93810,94910,92870,94840,582328,640488
2017/10/19 00:00:00.0,94750,95710,93050,94370,854544,684532
2017/10/20 00:00:00.0,94200,97780,93550,97760,708598,716282
2017/10/23 00:00:00.0,97540,97860,93770,94900,891962,692136
2017/10/24 00:00:00.0,95080,96730,94420,96570,667628,715502
2017/10/25 00:00:00.0,96610,97430,95050,95620,629028,716194
2017/10/26 00:00:00.0,95860,96400,95230,95750,471646,700476
2017/10/27 00:00:00.0,95860,96010,92440,92710,783758,724266
2017/10/30 00:00:00.0,92160,93560,91960,92800,534480,687854
2017/10/31 00:00:00.0,93060,95580,92810,95420,631462,748614
2017/11/01 00:00:00.0,95300,99610,95020,99610,435496,744274
2017/11/02 00:00:00.0,101240,102880,100090,101690,1094004,825002
2017/11/03 00:00:00.0,101260,102110,99190,101570,967276,803972
2017/11/06 00:00:00.0,101430,103650,100560,103480,905906,861640
2017/11/07 00:00:00.0,103490,103530,102160,103240,670426,834408
2017/11/08 00:00:00.0,102890,102920,100420,101360,930508,833954
2017/11/09 00:00:00.0,101280,102130,98610,99350,1011700,793384
2017/11/10 00:00:00.0,98890,100150,98210,99510,761552,776772
2017/11/13 00:00:00.0,99820,100240,97790,100190,904336,799838
2017/11/14 00:00:00.0,99820,101650,98960,99310,1029784,797100
2017/11/15 00:00:00.0,99280,99880,94340,94340,1384978,724428
2017/11/16 00:00:00.0,93830,94670,93550,93810,733510,721780
2017/11/17 00:00:00.0,93980,94940,92320,92540,928166,727304
2017/11/20 00:00:00.0,92830,93980,92530,93670,679900,707382
2017/11/21 00:00:00.0,93650,94820,92620,94070,888360,699060
2017/11/22 00:00:00.0,94220,95620,94020,94760,805858,679578
2017/11/23 00:00:00.0,94610,96310,93860,94010,850074,684400
2017/11/24 00:00:00.0,94170,96820,93000,96630,862650,689132
2017/11/27 00:00:00.0,96520,97190,93180,93860,904716,675846
2017/11/28 00:00:00.0,93840,94150,91170,91930,943648,704738
2017/11/29 00:00:00.0,91910,92670,90690,91500,836108,708822
2017/11/30 00:00:00.0,91390,92270,89970,90900,957846,695852
2017/12/01 00:00:00.0,91110,91420,89460,90010,890454,703440
2017/12/04 00:00:00.0,89560,92480,89560,92200,1165432,705516
2017/12/05 00:00:00.0,92200,92640,89990,90280,933134,698534
2017/12/06 00:00:00.0,90320,90370,87280,87870,1131528,696054
2017/12/07 00:00:00.0,87890,88440,86780,87290,772014,693880
2017/12/08 00:00:00.0,87430,89380,87420,89020,888988,691374
2017/12/11 00:00:00.0,89000,89400,87540,87770,864534,695726
2017/12/12 00:00:00.0,88110,90290,87870,89550,867240,678248
2017/12/13 00:00:00.0,89730,90420,88310,89780,755980,673200
2017/12/14 00:00:00.0,89830,90910,88620,89210,837470,667876
2017/12/15 00:00:00.0,89480,90460,89400,90100,637228,657704
2017/12/18 00:00:00.0,90380,94280,90090,93690,1291040,646410
2017/12/19 00:00:00.0,93700,95670,93250,94610,914448,632774
2017/12/20 00:00:00.0,94750,95300,94240,95080,662534,639154
2017/12/21 00:00:00.0,95620,96940,95110,95690,902488,641646
2017/12/22 00:00:00.0,96040,96230,94530,95830,725894,632730
2017/12/25 00:00:00.0,95860,97570,94760,95010,823650,630952
2017/12/26 00:00:00.0,95220,95760,94010,95590,608334,627070
2017/12/27 00:00:00.0,95640,96120,93910,94560,675228,618244
2017/12/28 00:00:00.0,94890,97420,94460,96760,902628,636744
2017/12/29 00:00:00.0,96560,97560,96180,96880,835704,603316
2018/01/02 00:00:00.0,98700,99440,98080,99150,434270,618432
2018/01/03 00:00:00.0,99650,99950,98270,98620,657498,609174
2018/01/04 00:00:00.0,98710,99200,97240,99180,755884,611968
2018/01/05 00:00:00.0,99350,99640,97890,98570,710046,598320
2018/01/08 00:00:00.0,98400,98690,97030,98480,682518,576570
2018/01/09 00:00:00.0,98280,99720,98150,99380,604802,605466
2018/01/10 00:00:00.0,99230,100880,98930,100420,830260,636600
2018/01/11 00:00:00.0,101910,102260,100730,101420,624872,643962
2018/01/12 00:00:00.0,101250,101480,98660,99560,809580,589958
2018/01/15 00:00:00.0,99330,100650,98540,100210,754410,610306
2018/01/16 00:00:00.0,100370,100540,97810,97890,832876,569340
2018/01/17 00:00:00.0,97090,98050,96490,97030,765494,560134
2018/01/18 00:00:00.0,96990,97520,96610,96860,600396,562400
2018/01/19 00:00:00.0,97140,97880,95800,96930,815596,542168
2018/01/22 00:00:00.0,97470,98930,97180,98620,779810,553490
2018/01/23 00:00:00.0,98750,99840,97220,99800,877326,570578
2018/01/24 00:00:00.0,99340,99880,98360,98730,829366,572012
2018/01/25 00:00:00.0,100050,105170,99650,104810,1433848,692318
2018/01/26 00:00:00.0,104420,104810,103360,104440,934094,711004
2018/01/29 00:00:00.0,104800,107120,103720,105990,1196314,736296
2018/01/30 00:00:00.0,105810,106170,103420,103870,1016638,689226
2018/01/31 00:00:00.0,104150,104540,101670,102730,1195706,641600
2018/02/01 00:00:00.0,102880,103250,101760,102200,903054,625898
2018/02/02 00:00:00.0,102390,105850,102390,104630,1157148,647638
2018/02/05 00:00:00.0,104470,104590,100120,102330,1674768,623046
2018/02/06 00:00:00.0,102580,104360,100670,101390,1600228,622814
2018/02/07 00:00:00.0,101500,103380,101000,102390,1286334,617254
2018/02/08 00:00:00.0,102220,102600,99380,100620,1513206,593268
2018/02/09 00:00:00.0,100630,101300,98570,98910,1290548,591674
2018/02/12 00:00:00.0,99110,100420,97940,99970,717596,605692
2018/02/13 00:00:00.0,99770,101350,99500,100990,588508,591132
2018/02/14 00:00:00.0,101350,103640,100920,103640,601278,573658
2018/02/22 00:00:00.0,104260,104260,102060,103000,296460,572680
2018/02/23 00:00:00.0,103290,105510,103090,105130,744752,653496
2018/02/26 00:00:00.0,105330,105720,103880,105640,759952,672806
2018/02/27 00:00:00.0,105740,106730,104490,106160,818788,700820
2018/02/28 00:00:00.0,105840,106010,104020,105170,831414,678252
2018/03/01 00:00:00.0,105110,105530,103680,104950,875010,677162
2018/03/02 00:00:00.0,103770,104050,102020,103130,669442,661988
2018/03/05 00:00:00.0,102390,103060,101630,101640,895334,692510
2018/03/06 00:00:00.0,101730,102990,100860,102600,1022452,724474
2018/03/07 00:00:00.0,103150,103730,102270,102270,945862,705182
2018/03/08 00:00:00.0,101950,102990,100680,100970,1076748,732060
2018/03/09 00:00:00.0,100930,101240,100020,100650,1327952,713618
2018/03/12 00:00:00.0,101400,105210,101140,103890,1512474,741900
2018/03/13 00:00:00.0,104030,104750,103310,103700,1151162,725994
2018/03/14 00:00:00.0,104490,104950,103810,104650,1105328,757056
2018/03/15 00:00:00.0,104970,105040,102960,103630,1119596,750564
2018/03/16 00:00:00.0,103370,103620,102080,103530,1166304,747756
2018/03/19 00:00:00.0,103550,103820,101710,102010,1340866,756120
2018/03/20 00:00:00.0,101910,102790,100950,102620,1379424,756470
2018/03/21 00:00:00.0,102630,102680,101130,101360,1390506,763518
2018/03/22 00:00:00.0,101120,102970,99830,101600,1655272,773900
2018/03/23 00:00:00.0,101050,101530,97230,98360,2268630,796222
2018/03/26 00:00:00.0,98400,99650,96240,96290,1786480,762758
2018/03/27 00:00:00.0,96200,98360,96180,97600,1292144,740262
2018/03/28 00:00:00.0,97400,97890,96120,96560,1397450,745328
2018/03/29 00:00:00.0,96950,98800,96580,98790,1659656,736234
2018/03/30 00:00:00.0,98750,99850,98180,99780,1418396,704528
2018/04/02 00:00:00.0,99650,101920,99510,100470,1592044,679494
2018/04/03 00:00:00.0,100550,101110,99720,100790,1370296,672248
2018/04/04 00:00:00.0,100850,101300,100100,100370,1227858,650620
2018/04/09 00:00:00.0,99870,100370,97980,99650,952152,642254
2018/04/10 00:00:00.0,99590,101170,99290,100840,792088,655928
2018/04/11 00:00:00.0,101960,102260,100990,101690,1394832,635174
2018/04/12 00:00:00.0,101680,102850,100770,102180,1944850,653858
2018/04/13 00:00:00.0,101520,104410,101310,103790,1888886,670070
2018/04/16 00:00:00.0,104140,104690,102900,104400,1541938,686634
2018/04/17 00:00:00.0,104530,105050,103330,103910,1556696,653218
2018/04/18 00:00:00.0,103100,105260,102680,104840,1930508,707552
2018/04/19 00:00:00.0,107720,109800,106310,108150,2692922,726950
2018/04/20 00:00:00.0,106650,106920,103930,104350,1306128,671572
2018/04/23 00:00:00.0,104410,105560,103860,105020,996938,654672
2018/04/24 00:00:00.0,102820,104510,102130,103410,1009942,616996
2018/04/25 00:00:00.0,103560,104570,103150,103390,835836,614364
2018/04/26 00:00:00.0,103580,104070,102940,103310,737962,613706
2018/04/27 00:00:00.0,103170,104840,102950,104430,1007494,601594
2018/05/02 00:00:00.0,103650,105010,103050,104770,508476,627692
2018/05/03 00:00:00.0,104660,105210,103950,104450,680294,628400
2018/05/04 00:00:00.0,104720,104950,103250,103820,753920,619658
2018/05/07 00:00:00.0,103680,104620,103100,104270,760636,643096
2018/05/08 00:00:00.0,104510,105450,103620,104870,756526,671662
2018/05/09 00:00:00.0,104450,104750,103050,103620,849344,650362
2018/05/10 00:00:00.0,103680,104390,103280,103510,721920,644504
2018/05/11 00:00:00.0,103930,104150,103410,103630,654702,646498
2018/05/14 00:00:00.0,104040,106400,103840,106200,985342,697472
2018/05/15 00:00:00.0,106300,107470,105960,106860,908116,695126
2018/05/16 00:00:00.0,106770,108430,105930,107450,991886,678590
2018/05/17 00:00:00.0,107430,108120,106910,107510,620558,681554
2018/05/18 00:00:00.0,107660,110100,107570,109940,1043906,753916
2018/05/21 00:00:00.0,109900,110220,107980,108530,836468,701706
2018/05/22 00:00:00.0,108700,109450,107860,107940,674454,701880
2018/05/23 00:00:00.0,108710,109040,107240,108180,777840,704686
2018/05/24 00:00:00.0,107850,108100,107170,107930,665994,695766
2018/05/25 00:00:00.0,107880,111240,107770,109540,1309076,745526
2018/05/28 00:00:00.0,109560,110240,108690,110110,743494,763362
2018/05/29 00:00:00.0,109910,112430,109710,112360,971556,839822
2018/05/30 00:00:00.0,112130,112270,110900,111120,821310,788156
2018/05/31 00:00:00.0,111460,114120,111390,114090,1176482,841480
2018/06/01 00:00:00.0,114010,118690,113580,115190,1886608,790264
2018/06/04 00:00:00.0,115310,117450,114810,116380,1311326,800844
2018/06/05 00:00:00.0,116410,116990,114910,116190,1089220,806278
2018/06/06 00:00:00.0,116390,119190,116390,118500,1545134,865824
2018/06/07 00:00:00.0,118280,118720,117140,118060,1002266,832028
2018/06/08 00:00:00.0,118550,118960,114980,115020,1411340,779982
2018/06/11 00:00:00.0,115230,116800,115220,115790,866642,764164
2018/06/12 00:00:00.0,115680,116260,114520,115170,941350,756146
2018/06/13 00:00:00.0,115580,115780,114190,114680,870766,726622
2018/06/14 00:00:00.0,115020,117790,114840,115210,1299472,725456
2018/06/15 00:00:00.0,115140,116370,114110,115740,1041778,696416
2018/06/19 00:00:00.0,114480,114850,112390,113000,753776,635670
2018/06/20 00:00:00.0,112430,113880,112200,113650,752982,639722
2018/06/21 00:00:00.0,113670,116110,113450,115070,1089518,654098
2018/06/22 00:00:00.0,115430,117070,114970,116860,1070578,688160
2018/06/25 00:00:00.0,117000,118290,116410,116550,868994,677884
2018/06/26 00:00:00.0,116320,116510,113810,114270,954474,649202
2018/06/27 00:00:00.0,113990,115730,113740,114440,883430,644432
2018/06/28 00:00:00.0,114560,117150,114540,116110,1137252,668594
2018/06/29 00:00:00.0,115530,117770,115250,117540,1008450,679808
2018/07/02 00:00:00.0,117380,117540,114880,115180,973610,653396
2018/07/03 00:00:00.0,115270,116120,114710,115950,872486,652644
2018/07/04 00:00:00.0,115730,116410,112420,112550,1277034,623628
2018/07/05 00:00:00.0,112420,112430,110560,111700,1227756,601796
2018/07/06 00:00:00.0,111930,113090,110240,110890,1447694,588512
2018/07/09 00:00:00.0,110860,112090,110310,111790,872968,585528
2018/07/10 00:00:00.0,111410,112260,110120,111990,963094,579268
2018/07/11 00:00:00.0,111670,112680,108230,109310,1430734,574564
2018/07/12 00:00:00.0,109350,114740,109030,114010,1653186,612600
2018/07/13 00:00:00.0,113740,113980,112400,112510,1025474,593002
2018/07/16 00:00:00.0,112280,112840,110040,110170,1354622,603610
2018/07/17 00:00:00.0,110370,110840,108540,109090,1109080,585048
2018/07/18 00:00:00.0,108860,109460,108110,108850,1228534,584440
2018/07/19 00:00:00.0,108480,110420,108470,109020,1365404,578826
2018/07/20 00:00:00.0,108550,110120,107820,109870,1224584,564892
2018/07/23 00:00:00.0,109800,110440,108840,110330,1008954,546712
2018/07/24 00:00:00.0,110120,110940,109230,109540,957128,552086
2018/07/25 00:00:00.0,110310,111670,110070,110890,1100254,541898
2018/07/26 00:00:00.0,111350,111700,110500,111270,900406,535642
2018/07/27 00:00:00.0,111020,112900,110710,112120,1026052,533744
2018/07/30 00:00:00.0,112160,113060,111480,111530,896816,531458
2018/07/31 00:00:00.0,111980,113190,111830,112870,842394,520050
2018/08/01 00:00:00.0,112900,114150,112600,113130,992996,523986
2018/08/02 00:00:00.0,112950,112950,109070,110400,1315264,490174
2018/08/03 00:00:00.0,110180,110440,108670,108970,923356,500822
2018/08/06 00:00:00.0,109300,111020,108400,110450,1020360,474092
2018/08/07 00:00:00.0,110000,113060,109650,112490,1058386,466824
2018/08/08 00:00:00.0,112740,114500,112460,113970,926594,499042
2018/08/09 00:00:00.0,114040,114670,113880,114380,333730,499464
2018/08/10 00:00:00.0,114630,115020,113020,113240,665982,474890
2018/08/13 00:00:00.0,113180,114390,112820,114200,581772,481766
2018/08/14 00:00:00.0,114080,114500,111340,112000,798332,470120
2018/08/15 00:00:00.0,111650,112050,109570,110050,803678,475804
2018/08/16 00:00:00.0,109470,109840,107180,109220,1023974,467540
2018/08/17 00:00:00.0,109570,111480,109300,110140,833334,449458
2018/08/20 00:00:00.0,110320,112690,110320,112190,774642,437664
2018/08/21 00:00:00.0,112230,113000,111820,112890,628724,430212
2018/08/22 00:00:00.0,112850,113050,111020,111140,762242,433744
2018/08/23 00:00:00.0,111440,111910,109450,109470,725704,441114
2018/08/24 00:00:00.0,109530,110500,108850,110210,729914,452176
2018/08/27 00:00:00.0,110400,110590,108050,108870,844152,463624
2018/08/28 00:00:00.0,108930,109560,108330,109510,598918,449046
2018/08/29 00:00:00.0,109870,111350,109770,110030,722248,421906
2018/08/30 00:00:00.0,110050,110790,109320,110380,589252,421642
2018/08/31 00:00:00.0,110020,110290,107620,107740,980018,460932
2018/09/03 00:00:00.0,107570,108120,104380,105270,1220122,497422
2018/09/04 00:00:00.0,105250,105650,103300,103390,738148,505454
2018/09/05 00:00:00.0,103500,103690,101950,102440,905934,503296
2018/09/06 00:00:00.0,102720,103730,102000,102900,766892,503742
2018/09/07 00:00:00.0,102980,103530,100700,101240,878338,524260
2018/09/10 00:00:00.0,101490,102880,101090,102020,758098,496182
2018/09/11 00:00:00.0,102460,103220,101550,102580,708298,475256
2018/09/12 00:00:00.0,101910,102220,100040,102000,976514,458572
2018/09/13 00:00:00.0,102280,104290,102240,103900,940512,419154
2018/09/14 00:00:00.0,104020,104360,103350,103800,576792,418124
2018/09/17 00:00:00.0,103680,104770,101750,102190,850572,418722
2018/09/18 00:00:00.0,102150,102710,100960,102110,746914,428522
2018/09/19 00:00:00.0,102560,103740,101600,103400,852976,424398
2018/09/20 00:00:00.0,103350,103820,102750,102990,709154,430940
2018/09/21 00:00:00.0,103280,105040,103120,104750,904110,427264
2018/09/25 00:00:00.0,105330,105710,104350,105170,394976,423850
2018/09/26 00:00:00.0,105320,106370,104990,105550,678448,404752
2018/09/27 00:00:00.0,105790,105900,103830,104020,635318,379172
2018/09/28 00:00:00.0,103840,104410,102660,104390,585848,352408
2018/10/08 00:00:00.0,104540,104540,102330,103040,349092,357244
2018/10/09 00:00:00.0,102950,105440,102750,105290,660150,363598
2018/10/10 00:00:00.0,105130,106950,104550,106150,760846,356124
2018/10/11 00:00:00.0,106030,106330,103150,103250,842190,355060
2018/10/12 00:00:00.0,103630,106010,103570,105560,751856,363572
2018/10/15 00:00:00.0,105300,105820,104280,104330,611226,362478
2018/10/16 00:00:00.0,104890,105530,101980,102470,911392,416742
2018/10/17 00:00:00.0,102740,103490,102270,103190,669416,416986
2018/10/18 00:00:00.0,102910,103380,100540,101200,946092,449798
2018/10/19 00:00:00.0,101120,103760,100940,103470,792654,414468
2018/10/22 00:00:00.0,103730,104650,102860,104190,701242,398494
2018/10/23 00:00:00.0,103920,104010,102440,102740,577484,411634
2018/10/24 00:00:00.0,102450,103700,102370,103200,605340,402958
2018/10/25 00:00:00.0,102940,103460,100210,102000,934454,434638
2018/10/26 00:00:00.0,101790,102030,99220,99320,871010,501126
2018/10/29 00:00:00.0,99210,99590,98120,98180,810740,476578
2018/10/30 00:00:00.0,98390,99210,97900,98330,670788,488156
2018/10/31 00:00:00.0,98160,98830,97380,97700,809308,504856
2018/11/01 00:00:00.0,97650,97770,95990,96680,758120,514296
2018/11/02 00:00:00.0,96870,99020,96720,98600,910868,467054
2018/11/05 00:00:00.0,98830,99200,96940,97290,762302,498286
2018/11/06 00:00:00.0,97200,98370,96750,98360,659714,473408
2018/11/07 00:00:00.0,98360,98530,96410,97010,800180,474594
2018/11/08 00:00:00.0,96950,97250,95550,97080,824230,478468
2018/11/09 00:00:00.0,96800,97510,96150,96250,705524,512380
2018/11/12 00:00:00.0,96110,96190,94040,94580,894640,541912
2018/11/13 00:00:00.0,94620,95320,94160,95100,605020,512648
2018/11/14 00:00:00.0,95050,95550,93580,93860,822178,531698
2018/11/15 00:00:00.0,93950,95210,93490,95160,731518,510948
2018/11/16 00:00:00.0,95090,95380,93720,94010,733952,527394
2018/11/19 00:00:00.0,94120,94920,92890,93180,777446,564030
2018/11/20 00:00:00.0,93230,93580,92670,93320,624234,561386
2018/11/21 00:00:00.0,93270,93890,91530,91910,920170,591574
2018/11/22 00:00:00.0,92140,92290,90330,90420,800614,635416
2018/11/23 00:00:00.0,90640,90750,87820,88610,1083922,646508
2018/11/26 00:00:00.0,88520,90250,88140,89150,1119654,567332
2018/11/27 00:00:00.0,89180,89710,87920,88470,810484,572440
2018/11/28 00:00:00.0,88590,89980,88280,89340,726454,558422
2018/11/29 00:00:00.0,89340,89820,88740,89640,566014,546964
2018/11/30 00:00:00.0,89830,91370,89780,91070,753416,538258
2018/12/03 00:00:00.0,91120,93680,90020,91600,963160,506900
2018/12/04 00:00:00.0,91840,92040,90940,91840,547322,502996
2018/12/05 00:00:00.0,92020,92090,90230,90900,740272,524314
2018/12/06 00:00:00.0,90850,91540,90150,90430,690040,517086
2018/12/07 00:00:00.0,90090,90090,88400,89590,820822,536256
2018/12/10 00:00:00.0,89620,90140,88670,89450,663032,537080
2018/12/11 00:00:00.0,89210,89630,88450,88950,647652,544372
2018/12/12 00:00:00.0,89220,89950,88670,88930,614100,555932
2018/12/13 00:00:00.0,89000,89640,88170,89490,794444,562892
2018/12/14 00:00:00.0,89350,89770,88970,89100,565572,556884
2018/12/17 00:00:00.0,89160,91000,89090,90890,695712,562734
2018/12/18 00:00:00.0,90610,91270,90340,90610,537186,543092
2018/12/19 00:00:00.0,90480,91330,89000,89410,773412,539530
2018/12/20 00:00:00.0,89510,90250,89230,90070,587520,517942
2018/12/21 00:00:00.0,90170,90590,89400,89760,506912,520798
2018/12/24 00:00:00.0,89710,90840,89570,90320,637638,508732
2018/12/25 00:00:00.0,90270,90390,88460,88940,611954,497676
2018/12/26 00:00:00.0,89050,89350,87520,87910,619230,532896
2018/12/27 00:00:00.0,88120,89070,87790,87980,583452,535276
2018/12/28 00:00:00.0,88030,88390,87590,88050,530418,521484
2019/01/02 00:00:00.0,87570,88350,86260,86340,437638,561678
2019/01/03 00:00:00.0,86250,88560,86220,88390,699100,503918
2019/01/04 00:00:00.0,88480,90020,87870,89970,818426,483278
2019/01/07 00:00:00.0,90130,91190,89840,90830,761020,476526
2019/01/08 00:00:00.0,90800,91030,90260,90840,530388,466144
2019/01/09 00:00:00.0,90920,91990,90740,91360,648132,451828
2019/01/10 00:00:00.0,91560,91860,91090,91560,490158,444244
2019/01/11 00:00:00.0,91480,91730,90530,91710,590394,455124
2019/01/14 00:00:00.0,91760,92460,91410,91690,554906,454996
2019/01/15 00:00:00.0,91870,92240,91160,92090,544984,454722
2019/01/16 00:00:00.0,92090,93440,91840,93330,702082,483112
2019/01/17 00:00:00.0,93170,93340,92660,92910,453406,459082
2019/01/18 00:00:00.0,92720,94170,92360,94130,576554,456732
2019/01/21 00:00:00.0,94030,95670,93770,95050,723072,451370
2019/01/22 00:00:00.0,94810,95790,94120,94130,562180,445038
2019/01/23 00:00:00.0,94270,94620,93400,93750,466294,437962
2019/01/24 00:00:00.0,93860,94340,93570,93680,514188,439074
2019/01/25 00:00:00.0,93640,95370,93470,94920,550904,432396
2019/01/28 00:00:00.0,94850,96010,94620,95110,509740,417028
2019/01/29 00:00:00.0,95180,95500,94120,95250,507830,412886
2019/01/30 00:00:00.0,95430,97950,95430,97560,789732,446644
2019/01/31 00:00:00.0,97750,98550,97410,97900,565020,419324
2019/02/01 00:00:00.0,97890,99530,97750,99490,495404,388658
2019/02/11 00:00:00.0,99820,101970,99820,100410,384770,396370
2019/02/12 00:00:00.0,100670,100710,98870,99280,549762,418200
2019/02/13 00:00:00.0,99300,99820,97220,98430,700258,432718
2019/02/14 00:00:00.0,98360,99350,97900,98960,599954,433278
2019/02/15 00:00:00.0,99100,99240,96660,96780,727706,446502
2019/02/18 00:00:00.0,97260,99080,96910,98470,739128,448736
2019/02/19 00:00:00.0,98690,99770,98510,99240,662674,466914
2019/02/20 00:00:00.0,99170,100780,99090,100760,751088,477202
2019/02/21 00:00:00.0,100790,101680,100480,101030,755936,478628
2019/02/22 00:00:00.0,101000,102750,100670,102750,735756,483284
2019/02/25 00:00:00.0,102820,103390,102230,102840,781460,468006
2019/02/26 00:00:00.0,102770,102770,101080,101900,820840,453962
2019/02/27 00:00:00.0,101780,102110,100870,101230,701718,469340
2019/02/28 00:00:00.0,101520,102730,101330,102680,784148,466726
2019/03/01 00:00:00.0,102690,104720,102230,104670,854426,461640
2019/03/04 00:00:00.0,104430,105530,103890,104800,955664,459182
2019/03/05 00:00:00.0,104580,105680,103440,105610,1093752,471258
2019/03/06 00:00:00.0,105390,106290,105320,105900,991850,478242
2019/03/07 00:00:00.0,106060,106590,104180,104200,1073732,445258
2019/03/08 00:00:00.0,104420,104430,102100,102140,1032892,430754
2019/03/11 00:00:00.0,102230,102790,101730,102190,742744,417550
2019/03/12 00:00:00.0,102120,102620,101010,102480,956334,413336
2019/03/13 00:00:00.0,102740,103300,100640,101080,832334,424980
2019/03/14 00:00:00.0,101220,102300,100850,101420,810980,419794
2019/03/15 00:00:00.0,101190,101480,99920,100570,1144028,423778
2019/03/18 00:00:00.0,100610,100860,99690,100030,805734,436828
2019/03/19 00:00:00.0,100260,102280,100050,102100,807120,438632
2019/03/20 00:00:00.0,102110,102850,101970,102600,782752,445372
2019/03/21 00:00:00.0,102750,103180,101930,102210,780970,449370
2019/03/22 00:00:00.0,102180,102460,100200,100540,857668,426398
2019/03/25 00:00:00.0,100550,100690,99230,99260,876364,467888
2019/03/26 00:00:00.0,99380,99860,99130,99660,743832,484032
2019/03/27 00:00:00.0,99790,101460,99780,100800,964022,503852
2019/03/28 00:00:00.0,100940,101230,99680,100040,1043446,528952
2019/03/29 00:00:00.0,99970,100750,99390,100390,881348,525312
2019/04/01 00:00:00.0,100910,102940,100460,102870,890504,521188
2019/04/02 00:00:00.0,102710,102830,101580,102170,727458,510656
2019/04/03 00:00:00.0,101700,103750,101420,103640,1004516,523388
2019/04/04 00:00:00.0,103470,104060,102570,102590,875478,499576
2019/04/08 00:00:00.0,102340,103040,102100,102720,492912,506708
2019/04/09 00:00:00.0,102990,103410,101820,103140,880828,508446
2019/04/10 00:00:00.0,103160,103480,102580,103180,1034900,510558
2019/04/11 00:00:00.0,103030,103730,102210,102580,1019994,503522
2019/04/12 00:00:00.0,102340,102510,100490,100870,1207150,512354
2019/04/15 00:00:00.0,101420,101540,100370,101010,914266,504024
2019/04/16 00:00:00.0,100850,102300,100240,102080,1073070,528924
2019/04/17 00:00:00.0,101830,102100,100630,100950,1072352,535102
2019/04/18 00:00:00.0,101280,101730,98750,98860,1514008,615052
2019/04/19 00:00:00.0,98850,99240,98590,99070,932282,623078
2019/04/22 00:00:00.0,99080,100240,98440,98490,1267264,627846
2019/04/23 00:00:00.0,98570,98900,98050,98320,1150820,654888
2019/04/24 00:00:00.0,98070,98070,97230,97440,1176474,659954
2019/04/25 00:00:00.0,97470,97960,96970,97500,1191010,648992
2019/04/26 00:00:00.0,97250,98300,97140,97550,1022438,618608
2019/04/29 00:00:00.0,97340,98330,97040,98200,1004684,592654
