2012/09/20 00:00:00.0,10430,10430,10430,10430,2,2
2012/09/26 00:00:00.0,10018,10794,10012,10794,8,2
2012/10/10 00:00:00.0,10130,10130,10130,10130,2,4
2012/10/11 00:00:00.0,10180,10180,10070,10070,4,8
2012/10/15 00:00:00.0,10100,10132,10034,10120,28,32
2012/10/16 00:00:00.0,10180,10180,10180,10180,2,30
2012/10/17 00:00:00.0,10122,10168,10122,10122,6,30
2012/10/18 00:00:00.0,10152,10152,10152,10152,2,28
2012/10/23 00:00:00.0,10152,10152,10150,10150,12,36
2012/10/24 00:00:00.0,10100,10114,10100,10104,6,38
2012/10/26 00:00:00.0,9896,10050,9896,10050,8,36
2012/10/29 00:00:00.0,10090,10090,10000,10050,10,46
2012/11/01 00:00:00.0,10192,10192,10016,10016,6,50
2012/11/02 00:00:00.0,10020,10084,9848,9982,70,90
2012/11/05 00:00:00.0,9872,9990,9756,9990,40,106
2012/11/06 00:00:00.0,9850,9850,9850,9850,2,106
2012/11/07 00:00:00.0,9862,9918,9862,9902,8,104
2012/11/08 00:00:00.0,9900,9900,9900,9900,2,106
2012/11/09 00:00:00.0,9852,9852,9850,9850,4,106
2012/11/12 00:00:00.0,9652,9748,9600,9746,8,110
2012/11/13 00:00:00.0,9600,9600,9590,9590,6,110
2012/11/14 00:00:00.0,9680,9680,9670,9670,4,112
2012/11/15 00:00:00.0,9750,9750,9750,9750,4,112
2012/11/16 00:00:00.0,9538,9680,9538,9620,8,116
2012/11/19 00:00:00.0,9650,9700,9650,9700,204,316
2012/11/21 00:00:00.0,9750,9750,9750,9750,8,310
2012/11/22 00:00:00.0,9780,9780,9620,9700,8,310
2012/11/23 00:00:00.0,9660,9780,9660,9780,6,310
2012/11/26 00:00:00.0,9800,9800,9708,9724,204,300
2012/11/27 00:00:00.0,9760,9760,9710,9746,40,282
2012/11/28 00:00:00.0,9708,9760,9708,9742,44,276
2012/11/29 00:00:00.0,9748,9756,9676,9756,32,294
2012/11/30 00:00:00.0,9728,9760,9720,9724,480,382
2012/12/03 00:00:00.0,9752,9796,9752,9796,82,346
2012/12/04 00:00:00.0,9768,9790,9756,9790,38,340
2012/12/05 00:00:00.0,9848,9898,9804,9878,62,354
2012/12/06 00:00:00.0,9920,9932,9910,9910,86,376
2012/12/12 00:00:00.0,9610,9874,9610,9836,42,370
2012/12/13 00:00:00.0,9874,9874,9830,9850,14,370
2012/12/14 00:00:00.0,9898,9962,9868,9912,24,374
2012/12/17 00:00:00.0,9898,9952,9898,9952,8,374
2012/12/18 00:00:00.0,10018,10020,9874,9874,18,374
2012/12/19 00:00:00.0,9866,9900,9866,9900,12,382
2012/12/20 00:00:00.0,9890,9890,9788,9878,52,410
2012/12/21 00:00:00.0,9848,9898,9828,9896,86,432
2012/12/24 00:00:00.0,9970,9970,9894,9908,26,442
2012/12/25 00:00:00.0,9902,9960,9886,9922,20,448
2012/12/26 00:00:00.0,9954,9960,9912,9918,124,508
2012/12/27 00:00:00.0,9932,10014,9928,10010,196,604
2012/12/28 00:00:00.0,9988,10056,9894,9906,1322,1478
2012/12/31 00:00:00.0,9913,9964,9838,9860,472,1512
2013/01/04 00:00:00.0,9931,10016,9788,10000,456,1570
2013/01/07 00:00:00.0,9967,10154,9874,9884,1152,2160
2013/01/08 00:00:00.0,9818,9918,9818,9858,262,2154
2013/01/09 00:00:00.0,9879,9898,9856,9892,308,2198
2013/01/10 00:00:00.0,9902,10048,9902,9982,2006,2974
2013/01/11 00:00:00.0,9969,10030,9930,9944,1566,3460
2013/01/14 00:00:00.0,10028,10088,9976,10002,362,3496
2013/01/15 00:00:00.0,10014,10072,9990,9996,1586,4144
2013/01/16 00:00:00.0,10036,10036,9974,9988,980,4770
2013/01/17 00:00:00.0,10020,10028,9966,9976,576,5036
2013/01/18 00:00:00.0,10004,10004,9954,9992,980,5584
2013/01/21 00:00:00.0,10000,10022,9974,10022,1714,5704
2013/01/22 00:00:00.0,10017,10034,9996,10016,2126,6828
2013/01/23 00:00:00.0,10040,10040,9996,10006,1474,7420
2013/01/24 00:00:00.0,9967,9982,9864,9884,1446,7476
2013/01/25 00:00:00.0,9934,9946,9882,9932,1162,8060
2013/01/28 00:00:00.0,9936,9940,9898,9930,1182,8778
2013/01/29 00:00:00.0,9960,9964,9924,9938,420,8874
2013/01/30 00:00:00.0,9946,9986,9946,9980,1720,9370
2013/01/31 00:00:00.0,10028,10028,9972,9978,4480,11894
2013/02/01 00:00:00.0,9992,9994,9938,9964,3970,13620
2013/02/04 00:00:00.0,9980,10008,9960,9996,1416,13626
2013/02/05 00:00:00.0,9998,9998,9940,9948,1634,13428
2013/02/06 00:00:00.0,9948,9966,9932,9936,1022,13554
2013/02/07 00:00:00.0,9908,9930,9894,9922,2130,14416
2013/02/08 00:00:00.0,9904,9940,9894,9894,1626,15052
2013/02/18 00:00:00.0,9880,9888,9838,9848,4224,16632
2013/02/19 00:00:00.0,9886,9948,9864,9890,5372,19576
2013/02/20 00:00:00.0,9905,9912,9810,9844,12674,25296
2013/02/21 00:00:00.0,9818,9834,9756,9818,6640,23768
2013/02/22 00:00:00.0,9813,9864,9812,9828,3802,23842
2013/02/25 00:00:00.0,9755,9794,9652,9690,12166,27616
2013/02/26 00:00:00.0,9667,9708,9638,9638,5290,28430
2013/02/27 00:00:00.0,9642,9692,9618,9684,3562,29440
2013/02/28 00:00:00.0,10004,10004,9676,9698,6630,28988
2013/03/01 00:00:00.0,9678,9720,9634,9680,10120,35076
2013/03/04 00:00:00.0,9688,9704,9664,9676,2404,35066
2013/03/05 00:00:00.0,9679,9714,9672,9700,2450,35498
2013/03/06 00:00:00.0,9704,9724,9688,9710,2890,35912
2013/03/07 00:00:00.0,9711,9714,9686,9692,3224,36486
2013/03/08 00:00:00.0,9777,9886,9750,9820,16810,37910
2013/03/11 00:00:00.0,9817,9824,9784,9806,4196,39450
2013/03/12 00:00:00.0,9810,9810,9744,9772,9676,43776
2013/03/13 00:00:00.0,9787,9788,9710,9760,6826,44150
2013/03/14 00:00:00.0,9747,9776,9680,9692,7646,43540
2013/03/15 00:00:00.0,9690,9754,9680,9746,5220,43612
2013/03/18 00:00:00.0,9727,9740,9682,9692,4270,44664
2013/03/19 00:00:00.0,9703,9744,9694,9724,6882,46712
2013/03/20 00:00:00.0,9711,9734,9698,9712,3066,46704
2013/03/21 00:00:00.0,9733,9770,9700,9708,8274,48996
2013/03/22 00:00:00.0,9706,9724,9662,9684,8126,51800
2013/03/25 00:00:00.0,9689,9750,9688,9748,8496,54292
2013/03/26 00:00:00.0,9756,9804,9752,9764,9092,56808
2013/03/27 00:00:00.0,9786,9798,9760,9788,2844,57216
2013/03/28 00:00:00.0,9777,9788,9730,9740,4464,59138
2013/03/29 00:00:00.0,9707,9728,9678,9708,7462,60482
2013/04/01 00:00:00.0,9708,9718,9622,9634,11310,64858
2013/04/02 00:00:00.0,9628,9660,9602,9624,7910,67538
2013/04/03 00:00:00.0,9614,9634,9604,9608,8644,69842
2013/04/08 00:00:00.0,9592,9608,9576,9598,6124,71588
2013/04/09 00:00:00.0,9617,9656,9610,9628,7320,73180
2013/04/10 00:00:00.0,9647,9650,9602,9650,8840,73942
2013/04/11 00:00:00.0,9650,9650,9574,9608,19350,76592
2013/04/12 00:00:00.0,9583,9604,9580,9586,10492,77980
2013/04/15 00:00:00.0,9541,9574,9484,9506,13048,78468
2013/04/16 00:00:00.0,9383,9486,9316,9452,14522,80250
2013/04/17 00:00:00.0,9478,9516,9474,9512,10502,82058
2013/04/18 00:00:00.0,9484,9504,9440,9482,7492,82844
2013/04/19 00:00:00.0,9509,9562,9488,9508,7814,81342
2013/04/22 00:00:00.0,9549,9558,9446,9488,19718,86316
2013/04/23 00:00:00.0,9451,9644,9450,9628,41740,91718
2013/04/24 00:00:00.0,9632,9680,9588,9664,31752,94620
2013/04/25 00:00:00.0,9727,9844,9686,9778,66418,100984
2013/04/26 00:00:00.0,9862,9864,9734,9784,24394,99968
2013/05/02 00:00:00.0,9725,9746,9668,9670,19032,102608
2013/05/03 00:00:00.0,9684,9738,9672,9704,20214,104528
2013/05/06 00:00:00.0,9722,9788,9656,9762,27456,106858
2013/05/07 00:00:00.0,9737,9772,9704,9718,21882,108800
2013/05/08 00:00:00.0,9722,9788,9722,9786,16330,110814
2013/05/09 00:00:00.0,9777,9794,9750,9766,8296,111130
2013/05/10 00:00:00.0,9793,9800,9752,9798,15194,108524
2013/05/13 00:00:00.0,9773,9810,9758,9774,11746,107696
2013/05/14 00:00:00.0,9764,9808,9758,9782,11650,105790
2013/05/15 00:00:00.0,9800,9816,9726,9758,18148,105572
2013/05/16 00:00:00.0,9762,9796,9732,9792,14394,103712
2013/05/17 00:00:00.0,9796,9834,9782,9816,18958,104136
2013/05/20 00:00:00.0,9830,9832,9776,9798,13842,104342
2013/05/21 00:00:00.0,9786,9812,9780,9802,9388,101410
2013/05/22 00:00:00.0,9812,9814,9782,9806,12016,103074
2013/05/23 00:00:00.0,9819,9822,9750,9750,10616,103494
2013/05/24 00:00:00.0,9781,9788,9728,9748,15196,104298
2013/05/27 00:00:00.0,9743,9744,9716,9738,6940,103836
2013/05/28 00:00:00.0,9740,9764,9710,9726,6872,102102
2013/05/29 00:00:00.0,9761,9772,9704,9704,24256,99120
2013/05/30 00:00:00.0,9718,9718,9648,9676,19028,97922
2013/05/31 00:00:00.0,9675,9690,9650,9664,7188,96864
2013/06/03 00:00:00.0,9668,9676,9450,9490,46874,101876
2013/06/04 00:00:00.0,9471,9472,9228,9252,91644,112976
2013/06/05 00:00:00.0,9247,9256,8938,8960,216420,137832
2013/06/06 00:00:00.0,8930,8974,8854,8878,267138,133182
2013/06/07 00:00:00.0,8878,8930,8846,8884,111494,120166
2013/06/13 00:00:00.0,8864,8938,8846,8874,53898,118676
2013/06/14 00:00:00.0,8827,8902,8827,8854,71062,118292
2013/06/17 00:00:00.0,8821,8874,8820,8830,38296,121706
2013/06/18 00:00:00.0,8843,8874,8822,8836,45098,123014
2013/06/19 00:00:00.0,8826,8874,8810,8854,37606,121898
2013/06/20 00:00:00.0,8842,8876,8824,8830,26888,120966
2013/06/21 00:00:00.0,8774,8802,8734,8766,33720,116238
2013/06/24 00:00:00.0,8734,8766,8640,8648,27914,120992
2013/06/25 00:00:00.0,8659,8698,8624,8668,23274,118640
2013/06/26 00:00:00.0,8641,8664,8596,8616,27412,115338
2013/06/27 00:00:00.0,8573,8612,8340,8360,129330,127064
2013/06/28 00:00:00.0,8331,8350,8214,8216,122644,128026
2013/07/01 00:00:00.0,8203,8254,8178,8202,105468,131734
2013/07/02 00:00:00.0,8211,8382,8206,8350,151260,118664
2013/07/03 00:00:00.0,8348,8416,8328,8332,82434,131002
2013/07/04 00:00:00.0,8365,8368,8298,8316,66930,138972
2013/07/05 00:00:00.0,8316,8326,8238,8284,47168,141442
2013/07/08 00:00:00.0,8288,8348,8240,8284,55008,138254
2013/07/09 00:00:00.0,8292,8318,8276,8276,24264,141534
2013/07/10 00:00:00.0,8286,8310,8228,8264,43698,146482
2013/07/11 00:00:00.0,8290,8332,8272,8294,39260,150418
2013/07/12 00:00:00.0,8270,8286,8202,8230,60148,152894
2013/07/15 00:00:00.0,8214,8266,8168,8176,51742,150274
2013/07/16 00:00:00.0,8186,8196,8076,8122,104110,160702
2013/07/17 00:00:00.0,8130,8144,8072,8100,68632,164624
2013/07/18 00:00:00.0,8080,8136,8074,8130,36560,164472
2013/07/19 00:00:00.0,8134,8144,7928,8022,99704,179920
2013/07/22 00:00:00.0,8012,8038,7974,8016,73882,174554
2013/07/23 00:00:00.0,8018,8054,8004,8042,80222,170310
2013/07/24 00:00:00.0,7998,8006,7950,7980,66906,170066
2013/07/25 00:00:00.0,7944,7944,7844,7850,100968,184996
2013/07/26 00:00:00.0,7800,7812,7562,7570,188514,197860
2013/07/29 00:00:00.0,7556,7598,7492,7580,148612,198508
2013/07/30 00:00:00.0,7538,7590,7510,7574,137684,194012
2013/07/31 00:00:00.0,7546,7670,7546,7618,126570,190482
2013/08/01 00:00:00.0,7606,7634,7534,7578,122766,195106
2013/08/02 00:00:00.0,7588,7632,7568,7610,86658,188980
2013/08/05 00:00:00.0,7582,7616,7572,7596,51720,190408
2013/08/06 00:00:00.0,7618,7628,7580,7588,50962,192562
2013/08/07 00:00:00.0,7536,7542,7374,7382,221228,221034
2013/08/08 00:00:00.0,7370,7454,7370,7446,149326,213368
2013/08/09 00:00:00.0,7456,7642,7456,7534,271588,206228
2013/08/12 00:00:00.0,7550,7628,7496,7610,178554,211500
2013/08/13 00:00:00.0,7686,7796,7666,7780,245408,201818
2013/08/14 00:00:00.0,7758,7818,7664,7672,186588,216184
2013/08/15 00:00:00.0,7694,7792,7692,7738,155706,213492
2013/08/16 00:00:00.0,7830,7880,7770,7794,135926,205960
2013/08/19 00:00:00.0,7830,7854,7808,7814,94220,204786
2013/08/20 00:00:00.0,7856,7864,7714,7726,119822,208236
2013/08/21 00:00:00.0,7728,7758,7698,7712,97120,217626
2013/08/22 00:00:00.0,7704,7722,7596,7636,169040,238614
2013/08/23 00:00:00.0,7622,7638,7578,7598,137334,240946
2013/08/26 00:00:00.0,7712,7898,7712,7896,297778,226988
2013/08/27 00:00:00.0,7896,7908,7804,7840,174650,218446
2013/08/28 00:00:00.0,7814,7844,7764,7770,123524,224482
2013/08/29 00:00:00.0,7794,7798,7574,7680,164636,219244
2013/08/30 00:00:00.0,7654,7682,7626,7646,101416,218554
2013/09/02 00:00:00.0,7656,7728,7656,7728,81642,219026
2013/09/03 00:00:00.0,7762,7782,7668,7734,98908,219214
2013/09/04 00:00:00.0,7682,7698,7660,7676,61406,214826
2013/09/05 00:00:00.0,7672,7698,7616,7640,96598,225052
2013/09/06 00:00:00.0,7640,7716,7622,7716,103182,230660
2013/09/09 00:00:00.0,7716,7736,7668,7696,99982,247784
2013/09/10 00:00:00.0,7626,7640,7548,7596,129204,241336
2013/09/11 00:00:00.0,7608,7644,7606,7640,76906,236442
2013/09/12 00:00:00.0,7636,7652,7608,7610,74654,231506
2013/09/13 00:00:00.0,7674,7674,7570,7586,93316,235738
2013/09/16 00:00:00.0,7510,7546,7488,7492,79896,226192
2013/09/17 00:00:00.0,7498,7542,7480,7526,100586,213438
2013/09/18 00:00:00.0,7514,7546,7498,7508,58430,206282
2013/09/23 00:00:00.0,7446,7470,7408,7450,75142,206236
2013/09/24 00:00:00.0,7456,7506,7452,7494,51582,203270
2013/09/25 00:00:00.0,7482,7488,7372,7386,143126,233222
2013/09/26 00:00:00.0,7386,7406,7336,7346,124198,233812
2013/09/27 00:00:00.0,7340,7358,7180,7232,246602,232108
2013/09/30 00:00:00.0,7182,7348,7182,7240,169642,213058
2013/10/08 00:00:00.0,7236,7314,7172,7234,174272,222314
2013/10/09 00:00:00.0,7254,7318,7240,7290,147848,234078
2013/10/10 00:00:00.0,7300,7342,7294,7334,117984,231376
2013/10/11 00:00:00.0,7346,7380,7304,7322,108668,232202
2013/10/14 00:00:00.0,7290,7360,7264,7344,87334,224934
2013/10/15 00:00:00.0,7342,7396,7326,7396,97860,227138
2013/10/16 00:00:00.0,7408,7432,7372,7402,119086,228436
2013/10/17 00:00:00.0,7440,7560,7434,7468,297992,238332
2013/10/18 00:00:00.0,7446,7474,7424,7472,128338,240478
2013/10/21 00:00:00.0,7534,7568,7496,7512,191428,253814
2013/10/22 00:00:00.0,7496,7502,7404,7404,195116,265520
2013/10/23 00:00:00.0,7426,7460,7376,7424,195634,270718
2013/10/24 00:00:00.0,7428,7470,7382,7430,193818,274092
2013/10/25 00:00:00.0,7392,7432,7384,7398,101192,266368
2013/10/28 00:00:00.0,7376,7394,7328,7368,95580,270480
2013/10/29 00:00:00.0,7322,7354,7244,7276,211248,271252
2013/10/30 00:00:00.0,7320,7472,7314,7428,288176,276186
2013/10/31 00:00:00.0,7408,7454,7380,7432,169072,267688
2013/11/01 00:00:00.0,7424,7560,7418,7558,300138,293936
2013/11/04 00:00:00.0,7552,7652,7544,7616,444008,315502
2013/11/05 00:00:00.0,7588,7606,7522,7566,297624,336806
2013/11/06 00:00:00.0,7548,7582,7490,7490,229986,342268
2013/11/07 00:00:00.0,7468,7516,7462,7472,245932,340540
2013/11/08 00:00:00.0,7462,7510,7460,7470,230876,314480
2013/11/11 00:00:00.0,7486,7512,7436,7438,149736,305738
2013/11/12 00:00:00.0,7456,7558,7440,7556,306526,332590
2013/11/13 00:00:00.0,7568,7598,7546,7566,294612,334306
2013/11/14 00:00:00.0,7570,7660,7554,7644,394660,366152
2013/11/15 00:00:00.0,7626,7700,7614,7630,658768,388134
2013/11/18 00:00:00.0,7588,7598,7516,7518,352056,358868
2013/11/19 00:00:00.0,7498,7574,7476,7484,457764,359794
2013/11/20 00:00:00.0,7492,7570,7474,7568,348634,364704
2013/11/21 00:00:00.0,7578,7620,7544,7602,486630,366898
2013/11/22 00:00:00.0,7690,7696,7600,7600,384528,340704
2013/11/25 00:00:00.0,7590,7654,7568,7596,308666,336908
2013/11/26 00:00:00.0,7572,7602,7530,7532,301344,330606
2013/11/27 00:00:00.0,7526,7594,7522,7594,238644,321418
2013/11/28 00:00:00.0,7570,7628,7564,7580,316698,324176
2013/11/29 00:00:00.0,7584,7618,7562,7614,259688,323814
2013/12/02 00:00:00.0,7620,7654,7600,7628,299200,310544
2013/12/03 00:00:00.0,7614,7628,7568,7570,204460,306564
2013/12/04 00:00:00.0,7548,7588,7546,7566,165002,314438
2013/12/05 00:00:00.0,7594,7618,7516,7518,225304,311700
2013/12/06 00:00:00.0,7534,7546,7496,7532,173108,306654
2013/12/09 00:00:00.0,7512,7562,7512,7532,151432,307562
2013/12/10 00:00:00.0,7516,7550,7500,7546,138004,310404
2013/12/11 00:00:00.0,7534,7580,7504,7568,224904,320822
2013/12/12 00:00:00.0,7570,7580,7500,7506,161060,324308
2013/12/13 00:00:00.0,7476,7476,7322,7346,331432,316652
2013/12/16 00:00:00.0,7350,7368,7286,7290,210892,325672
2013/12/17 00:00:00.0,7310,7348,7298,7312,164024,319708
2013/12/18 00:00:00.0,7288,7316,7228,7314,212884,306644
2013/12/19 00:00:00.0,7286,7312,7256,7266,142752,303212
2013/12/20 00:00:00.0,7290,7310,7264,7266,124090,300848
2013/12/23 00:00:00.0,7282,7302,7220,7270,181358,303778
2013/12/24 00:00:00.0,7258,7266,7192,7212,151316,304792
2013/12/25 00:00:00.0,7220,7224,7118,7126,234250,323346
2013/12/26 00:00:00.0,7122,7146,7100,7104,185326,324696
2013/12/27 00:00:00.0,7108,7166,7090,7146,206640,317990
2013/12/30 00:00:00.0,7136,7198,7118,7130,197970,316322
2013/12/31 00:00:00.0,7106,7124,7040,7040,176874,323020
2014/01/02 00:00:00.0,7068,7106,7046,7074,205226,332378
2014/01/03 00:00:00.0,7044,7046,6974,6996,196934,323744
2014/01/06 00:00:00.0,6976,6978,6856,6890,271980,312764
2014/01/07 00:00:00.0,6888,6908,6810,6822,233676,316522
2014/01/08 00:00:00.0,6828,6894,6804,6858,313596,314666
2014/01/09 00:00:00.0,6846,6912,6846,6882,208624,315106
2014/01/10 00:00:00.0,6906,6952,6872,6880,194646,320060
2014/01/13 00:00:00.0,6918,6922,6852,6858,139370,316950
2014/01/14 00:00:00.0,6850,6904,6832,6900,146896,316056
2014/01/15 00:00:00.0,6892,6932,6874,6882,172228,312624
2014/01/16 00:00:00.0,6912,6924,6870,6894,139180,320982
2014/01/17 00:00:00.0,6924,6924,6854,6896,121636,320778
2014/01/20 00:00:00.0,6922,7114,6918,7074,548834,340492
2014/01/21 00:00:00.0,7070,7092,7034,7048,249250,354304
2014/01/22 00:00:00.0,7046,7046,6998,7022,163934,354494
2014/01/23 00:00:00.0,7008,7090,7002,7034,236224,359670
2014/01/24 00:00:00.0,7030,7066,7020,7024,140214,359236
2014/01/27 00:00:00.0,7024,7026,6952,6956,139564,351926
2014/01/28 00:00:00.0,6908,6938,6840,6842,128996,352072
2014/01/29 00:00:00.0,6880,6888,6848,6850,65792,344152
2014/01/30 00:00:00.0,6824,6826,6774,6794,72766,331734
2014/02/07 00:00:00.0,6910,7000,6910,6984,137046,294856
2014/02/10 00:00:00.0,6996,7066,6986,7052,136752,305998
2014/02/11 00:00:00.0,7044,7044,6928,6928,177758,319184
2014/02/12 00:00:00.0,6952,6968,6912,6940,164134,324804
2014/02/13 00:00:00.0,6954,6982,6930,6952,156810,333834
2014/02/14 00:00:00.0,6994,7020,6972,7006,132748,338336
2014/02/17 00:00:00.0,6966,7044,6960,7036,174934,340798
2014/02/18 00:00:00.0,7046,7090,6986,7010,210446,345214
2014/02/19 00:00:00.0,7120,7142,7082,7092,173240,328054
2014/02/20 00:00:00.0,7096,7096,7002,7090,129636,322272
2014/02/21 00:00:00.0,7110,7116,7064,7072,91944,318504
2014/02/24 00:00:00.0,7110,7114,7044,7098,122226,312532
2014/02/25 00:00:00.0,7078,7088,7030,7060,102206,305332
2014/02/26 00:00:00.0,7048,7062,6986,7058,134154,303212
2014/02/27 00:00:00.0,7102,7128,7078,7094,135824,302432
2014/02/28 00:00:00.0,7064,7064,7016,7060,98236,292668
2014/03/03 00:00:00.0,7090,7166,7088,7132,170726,295324
2014/03/04 00:00:00.0,7140,7168,7120,7138,127766,292806
2014/03/05 00:00:00.0,7234,7282,7200,7270,182174,300246
2014/03/06 00:00:00.0,7254,7302,7232,7294,171300,295184
2014/03/07 00:00:00.0,7362,7404,7348,7388,146736,288234
2014/03/10 00:00:00.0,7338,7348,7252,7338,149794,275106
2014/03/11 00:00:00.0,7270,7444,7246,7414,188628,269774
2014/03/12 00:00:00.0,7352,7402,7326,7376,159510,264098
2014/03/13 00:00:00.0,7342,7462,7320,7416,244530,273344
2014/03/14 00:00:00.0,7392,7418,7268,7296,207264,267894
2014/03/17 00:00:00.0,7294,7308,7174,7184,220804,284590
2014/03/18 00:00:00.0,7160,7210,7066,7072,387710,331914
2014/03/19 00:00:00.0,7100,7110,7024,7052,411928,366202
2014/03/20 00:00:00.0,7032,7032,6916,6936,365260,375572
2014/03/21 00:00:00.0,6900,7002,6880,6946,305780,363778
2014/03/24 00:00:00.0,6930,7006,6930,6972,153904,364750
2014/03/25 00:00:00.0,6942,7054,6938,6984,222684,350692
2014/03/26 00:00:00.0,6992,7058,6992,7026,130414,348702
2014/03/27 00:00:00.0,7010,7080,6998,7038,167760,349274
2014/03/28 00:00:00.0,7020,7056,7008,7040,116940,347054
2014/03/31 00:00:00.0,7040,7090,7028,7044,152978,342312
2014/04/01 00:00:00.0,7070,7082,7020,7068,128404,335288
2014/04/02 00:00:00.0,7126,7232,7126,7190,284712,323166
2014/04/03 00:00:00.0,7128,7152,7112,7130,109272,318782
2014/04/04 00:00:00.0,7188,7200,7152,7186,85626,319554
2014/04/08 00:00:00.0,7142,7166,7112,7160,73594,323776
2014/04/09 00:00:00.0,7216,7242,7152,7180,102828,317872
2014/04/10 00:00:00.0,7234,7254,7172,7178,94918,318992
2014/04/11 00:00:00.0,7172,7172,7092,7132,133992,312956
2014/04/14 00:00:00.0,7138,7154,7116,7140,71144,306996
2014/04/15 00:00:00.0,7140,7164,7110,7118,83396,302684
2014/04/16 00:00:00.0,7146,7200,7136,7196,118800,304760
2014/04/17 00:00:00.0,7248,7256,7202,7218,81526,302752
2014/04/18 00:00:00.0,7200,7204,7122,7186,163084,300298
2014/04/21 00:00:00.0,7202,7230,7134,7146,87884,294034
2014/04/22 00:00:00.0,7132,7194,7126,7186,82510,291734
2014/04/23 00:00:00.0,7162,7170,7134,7154,73146,285250
2014/04/24 00:00:00.0,7150,7172,7140,7168,48132,283496
2014/04/25 00:00:00.0,7192,7218,7178,7198,77936,283652
2014/04/28 00:00:00.0,7230,7332,7230,7296,168314,277102
2014/04/29 00:00:00.0,7260,7378,7252,7372,259262,313698
2014/04/30 00:00:00.0,7380,7428,7342,7368,203880,327384
2014/05/05 00:00:00.0,7302,7350,7302,7316,124478,315656
2014/05/06 00:00:00.0,7298,7348,7284,7302,163494,308856
2014/05/07 00:00:00.0,7312,7336,7294,7316,95992,310386
2014/05/08 00:00:00.0,7312,7334,7286,7302,118430,313480
2014/05/09 00:00:00.0,7326,7328,7302,7310,71040,309150
2014/05/12 00:00:00.0,7324,7366,7084,7224,309898,301754
2014/05/13 00:00:00.0,7218,7250,7210,7242,129134,273936
2014/05/14 00:00:00.0,7250,7270,7188,7228,99330,269730
2014/05/15 00:00:00.0,7216,7248,7212,7226,61576,273546
2014/05/16 00:00:00.0,7210,7216,7186,7208,81418,267962
2014/05/19 00:00:00.0,7204,7236,7192,7204,71712,273756
2014/05/20 00:00:00.0,7208,7222,7160,7166,68268,273652
2014/05/21 00:00:00.0,7154,7154,7072,7100,93816,277368
2014/05/22 00:00:00.0,7132,7228,7120,7166,119426,274814
2014/05/23 00:00:00.0,7168,7220,7168,7200,80364,282438
2014/05/26 00:00:00.0,7200,7200,7162,7168,36682,283894
2014/05/27 00:00:00.0,7174,7264,7162,7186,137972,274724
2014/05/28 00:00:00.0,7158,7192,7144,7192,91828,282346
2014/05/29 00:00:00.0,7170,7184,7152,7160,55142,277796
2014/05/30 00:00:00.0,7160,7160,7126,7138,52334,277538
2014/06/03 00:00:00.0,7104,7108,7072,7082,63302,275428
2014/06/04 00:00:00.0,7064,7102,7002,7014,117470,286368
2014/06/05 00:00:00.0,7050,7064,7014,7016,90552,294896
2014/06/06 00:00:00.0,6996,7000,6954,6976,90070,306018
2014/06/09 00:00:00.0,6978,7000,6966,6970,84018,305476
2014/06/10 00:00:00.0,6982,6990,6962,6982,76110,292572
2014/06/11 00:00:00.0,6978,7032,6954,6966,85204,289706
2014/06/12 00:00:00.0,6944,6962,6930,6942,49590,282008
2014/06/13 00:00:00.0,6960,6972,6940,6946,55280,297930
2014/06/16 00:00:00.0,6990,7012,6922,6930,106904,308192
2014/06/17 00:00:00.0,6908,6930,6874,6886,122190,322014
2014/06/18 00:00:00.0,6890,6942,6876,6886,125150,318742
2014/06/19 00:00:00.0,6908,6916,6888,6896,66886,308550
2014/06/20 00:00:00.0,6910,6946,6902,6940,72942,307394
2014/06/23 00:00:00.0,6958,7056,6944,7042,126282,299212
2014/06/24 00:00:00.0,7040,7082,7008,7056,121664,301488
2014/06/25 00:00:00.0,7084,7140,7044,7066,120744,307034
2014/06/26 00:00:00.0,7072,7088,7044,7080,56330,310056
2014/06/27 00:00:00.0,7062,7086,7032,7034,53602,306264
2014/06/30 00:00:00.0,7006,7010,6984,6988,53438,305708
2014/07/01 00:00:00.0,6896,6896,6810,6832,103870,305528
2014/07/02 00:00:00.0,6832,6860,6828,6850,60388,306364
2014/07/03 00:00:00.0,6834,6846,6824,6836,42782,302774
2014/07/04 00:00:00.0,6836,6850,6802,6818,46188,300694
2014/07/07 00:00:00.0,6808,6810,6736,6742,76658,294074
2014/07/08 00:00:00.0,6736,6768,6730,6730,61458,289744
2014/07/09 00:00:00.0,6696,6704,6638,6648,102000,293012
2014/07/10 00:00:00.0,6606,6690,6548,6622,231752,314764
2014/07/11 00:00:00.0,6622,6622,6562,6574,93840,321054
2014/07/14 00:00:00.0,6512,6554,6490,6520,96862,312364
2014/07/15 00:00:00.0,6528,6566,6522,6532,81014,298234
2014/07/16 00:00:00.0,6556,6562,6514,6560,66414,295968
2014/07/17 00:00:00.0,6550,6584,6540,6568,73688,292534
2014/07/18 00:00:00.0,6522,6570,6484,6552,58402,284586
2014/07/21 00:00:00.0,6542,6574,6502,6504,110326,303724
2014/07/22 00:00:00.0,6456,6492,6452,6470,92750,315472
2014/07/23 00:00:00.0,6448,6488,6432,6450,89472,305598
2014/07/24 00:00:00.0,6488,6498,6456,6470,75952,315318
2014/07/25 00:00:00.0,6466,6482,6456,6464,65998,306804
2014/07/28 00:00:00.0,6490,6518,6456,6474,71292,311346
2014/07/29 00:00:00.0,6508,6526,6500,6524,83310,315048
2014/07/30 00:00:00.0,6500,6504,6464,6498,53574,313570
2014/07/31 00:00:00.0,6470,6530,6470,6512,52144,310214
2014/08/01 00:00:00.0,6516,6524,6472,6482,44952,302942
2014/08/04 00:00:00.0,6466,6480,6448,6470,51936,295530
2014/08/05 00:00:00.0,6488,6520,6458,6466,59444,301216
2014/08/06 00:00:00.0,6448,6468,6436,6444,38198,304562
2014/08/07 00:00:00.0,6466,6498,6464,6472,53438,301974
2014/08/08 00:00:00.0,6468,6476,6450,6464,40218,303102
2014/08/11 00:00:00.0,6466,6484,6448,6456,72746,296752
2014/08/12 00:00:00.0,6404,6416,6384,6392,99852,287694
2014/08/13 00:00:00.0,6392,6414,6368,6368,46476,291854
2014/08/14 00:00:00.0,6302,6312,6144,6158,153558,296558
2014/08/15 00:00:00.0,6132,6168,6102,6114,99040,291932
2014/08/18 00:00:00.0,6078,6080,6034,6060,106006,297730
2014/08/19 00:00:00.0,6050,6096,6050,6070,62614,295908
2014/08/20 00:00:00.0,6042,6072,6030,6040,55680,297928
2014/08/21 00:00:00.0,6060,6118,6060,6096,70296,300478
2014/08/22 00:00:00.0,6116,6116,6084,6106,56650,302376
2014/08/25 00:00:00.0,6050,6084,5982,6080,193808,301120
2014/08/26 00:00:00.0,6072,6104,6056,6066,89432,301122
2014/08/27 00:00:00.0,6094,6184,6094,6162,145728,305180
2014/08/28 00:00:00.0,6140,6156,6120,6144,65184,301010
2014/08/29 00:00:00.0,6162,6174,6114,6136,76094,294984
2014/09/01 00:00:00.0,6088,6104,6068,6090,73522,289774
2014/09/02 00:00:00.0,6088,6168,6072,6148,108524,289658
2014/09/03 00:00:00.0,6146,6152,6116,6130,70392,285792
2014/09/04 00:00:00.0,6126,6142,6080,6098,68916,282912
2014/09/05 00:00:00.0,6126,6142,6088,6106,70514,281220
2014/09/09 00:00:00.0,6094,6116,6030,6034,82798,281454
2014/09/10 00:00:00.0,5988,6004,5942,5956,156364,286192
2014/09/11 00:00:00.0,5962,5988,5934,5972,90906,284870
2014/09/12 00:00:00.0,5980,6072,5974,6052,186700,282562
2014/09/15 00:00:00.0,6076,6142,6056,6138,131264,283964
2014/09/16 00:00:00.0,6184,6262,6166,6182,197096,277790
2014/09/17 00:00:00.0,6172,6204,6166,6204,69846,273160
2014/09/18 00:00:00.0,6254,6254,6200,6208,73848,266624
2014/09/19 00:00:00.0,6156,6156,6106,6126,89428,253302
2014/09/22 00:00:00.0,6098,6098,5964,5994,123380,241804
2014/09/23 00:00:00.0,5978,6050,5978,6012,83996,243824
2014/09/24 00:00:00.0,6022,6074,6022,6042,89800,248858
2014/09/25 00:00:00.0,6114,6156,6100,6132,107182,243836
2014/09/26 00:00:00.0,6096,6096,5952,6028,241940,243596
2014/09/29 00:00:00.0,5972,5978,5896,5944,132940,223206
2014/09/30 00:00:00.0,6026,6064,5982,5992,74096,217506
2014/10/08 00:00:00.0,6036,6052,5978,6000,73846,226668
2014/10/09 00:00:00.0,5986,6066,5986,6054,76414,236746
2014/10/10 00:00:00.0,6026,6042,5972,5990,88304,231810
2014/10/13 00:00:00.0,5956,6018,5954,5990,61828,232962
2014/10/14 00:00:00.0,6040,6070,6020,6060,86330,235860
2014/10/15 00:00:00.0,6030,6038,5992,6002,71622,234222
2014/10/16 00:00:00.0,5966,5986,5930,5940,93660,224908
2014/10/17 00:00:00.0,5978,5986,5922,5942,87476,217280
2014/10/20 00:00:00.0,5940,5940,5842,5852,127796,229014
2014/10/21 00:00:00.0,5840,5884,5840,5854,56028,226942
2014/10/22 00:00:00.0,5868,5914,5860,5884,72018,214102
2014/10/23 00:00:00.0,5896,5968,5884,5930,84558,215004
2014/10/24 00:00:00.0,5974,5998,5930,5938,69044,214570
2014/10/27 00:00:00.0,5914,5914,5866,5872,56650,217760
2014/10/28 00:00:00.0,5908,5914,5880,5894,39626,214022
2014/10/29 00:00:00.0,5946,6002,5926,6002,101564,210798
2014/10/30 00:00:00.0,6114,6164,6060,6118,154032,193558
2014/10/31 00:00:00.0,6110,6182,6086,6182,79800,192952
2014/11/03 00:00:00.0,6200,6212,6142,6160,101796,193402
2014/11/04 00:00:00.0,6114,6120,6036,6066,86190,192928
2014/11/05 00:00:00.0,6010,6032,5928,5932,86898,180898
2014/11/06 00:00:00.0,5964,6016,5934,6008,66564,177628
2014/11/07 00:00:00.0,5990,6116,5990,6064,158654,179122
2014/11/10 00:00:00.0,6064,6140,6050,6140,106372,182618
2014/11/11 00:00:00.0,6104,6112,6078,6100,88790,184870
2014/11/12 00:00:00.0,6170,6224,6154,6204,97778,191084
2014/11/13 00:00:00.0,6122,6154,6076,6146,89168,195942
2014/11/14 00:00:00.0,6112,6164,6102,6148,116756,206010
2014/11/17 00:00:00.0,6160,6196,6110,6122,144264,208956
2014/11/18 00:00:00.0,6152,6158,6046,6058,126318,197168
2014/11/19 00:00:00.0,6058,6098,6034,6064,97372,208496
2014/11/20 00:00:00.0,6046,6060,6024,6030,71374,205028
2014/11/21 00:00:00.0,6056,6070,6036,6058,51150,200322
2014/11/24 00:00:00.0,6076,6144,6058,6074,96566,198472
2014/11/25 00:00:00.0,6118,6142,6114,6122,62090,202806
2014/11/26 00:00:00.0,6140,6148,6094,6098,45302,203808
2014/11/27 00:00:00.0,6102,6124,6064,6118,74298,197540
2014/11/28 00:00:00.0,6038,6058,6004,6044,87004,187674
2014/12/01 00:00:00.0,5844,5866,5796,5796,111706,175322
2014/12/02 00:00:00.0,5898,5944,5890,5908,89376,163688
2014/12/03 00:00:00.0,5832,5906,5818,5906,99516,177250
2014/12/04 00:00:00.0,5928,5950,5890,5912,65446,177268
2014/12/05 00:00:00.0,5914,5984,5884,5968,68376,187896
2014/12/08 00:00:00.0,5990,6010,5958,5994,72596,192774
2014/12/09 00:00:00.0,5952,5970,5904,5958,68768,188472
2014/12/10 00:00:00.0,5996,6026,5962,5996,63588,186852
2014/12/11 00:00:00.0,5972,5972,5888,5904,101780,188676
2014/12/12 00:00:00.0,5922,5940,5884,5890,62754,184028
2014/12/15 00:00:00.0,5914,6006,5892,5932,76934,174016
2014/12/16 00:00:00.0,5920,5920,5848,5876,66482,171680
2014/12/17 00:00:00.0,5872,5900,5844,5884,39936,168906
2014/12/18 00:00:00.0,5892,5920,5872,5876,39782,166422
2014/12/19 00:00:00.0,5882,5888,5822,5830,40750,169950
2014/12/22 00:00:00.0,5848,5900,5848,5888,36384,166474
2014/12/23 00:00:00.0,5880,5930,5856,5906,47080,161180
2014/12/24 00:00:00.0,5910,5944,5872,5890,50840,160720
2014/12/25 00:00:00.0,5886,5918,5874,5884,33076,160384
2014/12/26 00:00:00.0,5894,5920,5882,5890,30564,157110
2014/12/29 00:00:00.0,5938,6068,5936,6052,93900,158204
2014/12/30 00:00:00.0,6052,6062,6024,6062,56514,157332
2014/12/31 00:00:00.0,6068,6126,6062,6082,57990,155674
2015/01/05 00:00:00.0,6006,6040,5962,6012,47124,155574
2015/01/06 00:00:00.0,6096,6096,6050,6074,34174,159532
2015/01/07 00:00:00.0,6074,6088,6020,6050,50450,157236
2015/01/08 00:00:00.0,6068,6182,6068,6126,145458,175626
2015/01/09 00:00:00.0,6158,6162,6082,6114,72776,178090
2015/01/12 00:00:00.0,6122,6162,6100,6116,40420,177840
2015/01/13 00:00:00.0,6026,6056,6020,6026,56722,180468
2015/01/14 00:00:00.0,6008,6052,5972,6008,69884,180492
2015/01/15 00:00:00.0,6010,6030,5950,5962,114684,195186
2015/01/16 00:00:00.0,5938,5968,5908,5952,96612,197970
2015/01/19 00:00:00.0,5974,6052,5866,5970,165962,192728
2015/01/20 00:00:00.0,5946,5994,5946,5990,55452,198964
2015/01/21 00:00:00.0,5984,6020,5944,5994,66686,195708
2015/01/22 00:00:00.0,5984,6018,5970,5980,47286,193790
2015/01/23 00:00:00.0,5964,5982,5952,5968,75362,189636
2015/01/26 00:00:00.0,5940,5956,5918,5940,51964,186476
2015/01/27 00:00:00.0,5934,5998,5928,5938,63450,189958
2015/01/28 00:00:00.0,5944,5966,5918,5950,70016,183670
2015/01/29 00:00:00.0,5906,5932,5876,5878,112832,178288
2015/01/30 00:00:00.0,5806,5816,5702,5768,171298,197482
2015/02/02 00:00:00.0,5796,5846,5760,5766,61882,192742
2015/02/03 00:00:00.0,5806,5820,5774,5778,69370,201782
2015/02/04 00:00:00.0,5824,5876,5772,5796,100388,190236
2015/02/05 00:00:00.0,5766,5824,5762,5780,62088,184530
2015/02/06 00:00:00.0,5838,5882,5806,5818,129914,186100
2015/02/09 00:00:00.0,5806,5824,5790,5808,40410,185318
2015/02/10 00:00:00.0,5808,5842,5806,5820,37536,182452
2015/02/11 00:00:00.0,5802,5820,5794,5814,24474,177940
2015/02/12 00:00:00.0,5814,5820,5786,5800,44944,171712
2015/02/13 00:00:00.0,5830,5884,5820,5866,53014,165804
2015/02/16 00:00:00.0,5894,5902,5838,5856,27146,162838
2015/02/17 00:00:00.0,5862,5872,5844,5856,13202,162120
2015/02/25 00:00:00.0,5832,5834,5772,5822,27312,160328
2015/02/26 00:00:00.0,5842,5880,5838,5866,35532,164040
2015/02/27 00:00:00.0,5864,6006,5854,5994,92102,151242
2015/03/02 00:00:00.0,6052,6096,6026,6088,66478,150322
2015/03/03 00:00:00.0,6056,6056,6000,6012,52700,155510
2015/03/04 00:00:00.0,6000,6048,5990,6020,41218,160546
2015/03/05 00:00:00.0,5938,5940,5912,5914,50322,150098
2015/03/06 00:00:00.0,5882,5886,5844,5858,41500,146202
2015/03/09 00:00:00.0,5856,5898,5842,5874,44734,148898
2015/03/10 00:00:00.0,5866,5878,5836,5836,41464,147770
2015/03/11 00:00:00.0,5848,5898,5834,5888,43948,153686
2015/03/12 00:00:00.0,5898,5916,5858,5864,39564,156712
2015/03/13 00:00:00.0,5854,5874,5840,5858,34324,154242
2015/03/16 00:00:00.0,5804,5848,5790,5808,63614,156018
2015/03/17 00:00:00.0,5816,5828,5808,5820,34134,155960
2015/03/18 00:00:00.0,5790,5824,5784,5820,40590,153534
2015/03/19 00:00:00.0,5876,5918,5858,5862,73714,155528
2015/03/20 00:00:00.0,5872,5876,5836,5844,35364,155066
2015/03/23 00:00:00.0,5870,5896,5862,5890,29656,154194
2015/03/24 00:00:00.0,5924,5942,5886,5914,38604,152788
2015/03/25 00:00:00.0,5898,5918,5880,5884,23098,151776
2015/03/26 00:00:00.0,5890,5924,5862,5906,29850,150482
2015/03/27 00:00:00.0,5900,5900,5870,5878,33456,152556
2015/03/30 00:00:00.0,5852,5860,5826,5842,38062,154176
2015/03/31 00:00:00.0,5834,5848,5826,5838,30276,153978
2015/04/01 00:00:00.0,5850,5886,5838,5842,37558,151300
2015/04/02 00:00:00.0,5866,5872,5856,5866,25738,150536
2015/04/03 00:00:00.0,5860,5876,5846,5870,22442,151028
2015/04/07 00:00:00.0,5898,5924,5878,5888,41394,150990
2015/04/08 00:00:00.0,5886,5886,5828,5852,35672,155002
2015/04/09 00:00:00.0,5838,5856,5830,5844,32432,157940
2015/04/10 00:00:00.0,5850,5882,5840,5842,21566,155974
2015/04/13 00:00:00.0,5882,5902,5874,5882,49128,156836
2015/04/14 00:00:00.0,5884,5884,5858,5864,19420,152620
2015/04/15 00:00:00.0,5888,5968,5888,5938,88240,155102
2015/04/16 00:00:00.0,6000,6022,5946,5954,58156,155304
2015/04/17 00:00:00.0,5968,5976,5946,5956,27200,155740
2015/04/20 00:00:00.0,5962,6008,5960,6008,76192,145704
2015/04/21 00:00:00.0,6022,6058,5994,6018,54682,150236
2015/04/22 00:00:00.0,6008,6024,5972,5996,40128,152510
2015/04/23 00:00:00.0,5992,6028,5976,5976,42914,157822
2015/04/24 00:00:00.0,6028,6038,5978,6000,74852,158112
2015/04/27 00:00:00.0,5982,6034,5960,6028,43928,158116
2015/04/28 00:00:00.0,6068,6068,5974,5990,56612,166854
2015/04/29 00:00:00.0,5976,5990,5962,5990,33414,167784
2015/04/30 00:00:00.0,6006,6040,6004,6030,40622,166446
2015/05/04 00:00:00.0,6022,6108,6016,6088,80598,174222
2015/05/05 00:00:00.0,6150,6212,6106,6134,110094,175522
2015/05/06 00:00:00.0,6174,6238,6166,6192,83542,168552
2015/05/07 00:00:00.0,6150,6160,6106,6118,42190,168786
2015/05/08 00:00:00.0,6078,6138,6068,6084,51752,171250
2015/05/11 00:00:00.0,6140,6164,6120,6162,41094,172276
2015/05/12 00:00:00.0,6166,6174,6102,6144,47354,174820
2015/05/13 00:00:00.0,6172,6214,6132,6140,65982,176524
2015/05/14 00:00:00.0,6142,6142,6096,6128,39926,174194
2015/05/15 00:00:00.0,6166,6172,6108,6144,43364,175972
2015/05/18 00:00:00.0,6122,6136,6106,6130,24178,175024
2015/05/19 00:00:00.0,6098,6098,6030,6036,56910,171834
2015/05/20 00:00:00.0,5930,5982,5908,5928,60890,164548
2015/05/21 00:00:00.0,5960,5968,5930,5934,29958,164982
2015/05/22 00:00:00.0,5954,5964,5918,5946,28754,164988
2015/05/25 00:00:00.0,5902,5922,5880,5914,38518,164278
2015/05/26 00:00:00.0,5964,6026,5948,5964,79306,170656
2015/05/27 00:00:00.0,5978,6012,5970,5984,32120,172532
2015/05/28 00:00:00.0,6002,6034,5960,5976,51614,172008
2015/05/29 00:00:00.0,5988,6016,5974,5998,33098,168532
2015/06/01 00:00:00.0,6148,6190,6112,6148,77556,167262
2015/06/02 00:00:00.0,6200,6230,6172,6198,56222,167142
2015/06/03 00:00:00.0,6164,6198,6114,6124,51244,170854
2015/06/04 00:00:00.0,6146,6164,6064,6114,55602,172270
2015/06/05 00:00:00.0,6074,6110,6030,6080,65300,177366
2015/06/08 00:00:00.0,6076,6090,6038,6056,43030,182774
2015/06/09 00:00:00.0,6022,6028,5980,6022,83610,199806
2015/06/10 00:00:00.0,6014,6044,6012,6026,47060,209860
2015/06/11 00:00:00.0,6016,6052,5998,6042,71756,213672
2015/06/12 00:00:00.0,6034,6036,5962,5980,98492,206126
2015/06/15 00:00:00.0,6002,6012,5972,5992,55306,208000
2015/06/16 00:00:00.0,5992,6038,5958,6030,60086,203110
2015/06/17 00:00:00.0,6030,6062,5996,6024,66224,202354
2015/06/18 00:00:00.0,6028,6056,5994,6014,62578,201954
2015/06/19 00:00:00.0,6012,6028,5978,6028,44680,200114
2015/06/23 00:00:00.0,6080,6102,6020,6048,36964,199250
2015/06/24 00:00:00.0,6030,6150,6018,6114,103074,202858
2015/06/25 00:00:00.0,6134,6160,6120,6152,72744,208616
2015/06/26 00:00:00.0,6164,6192,6058,6126,116050,202246
2015/06/29 00:00:00.0,6164,6182,6094,6112,84920,203692
2015/06/30 00:00:00.0,6130,6134,5998,6066,138876,221834
2015/07/01 00:00:00.0,6064,6232,6058,6150,69248,213676
2015/07/02 00:00:00.0,6142,6156,6088,6132,47568,216372
2015/07/03 00:00:00.0,6138,6154,6112,6134,58096,215838
2015/07/06 00:00:00.0,6126,6138,6042,6084,79528,214900
2015/07/07 00:00:00.0,6078,6138,6024,6052,62246,213708
2015/07/08 00:00:00.0,6038,6038,5826,5826,116180,195282
2015/07/09 00:00:00.0,5754,5974,5534,5906,169616,192304
2015/07/10 00:00:00.0,5934,6050,5930,6050,72046,191938
2015/07/13 00:00:00.0,6068,6086,5964,5994,59136,194242
2015/07/14 00:00:00.0,5982,6128,5978,6062,98564,190400
2015/07/15 00:00:00.0,6058,6100,6016,6046,45884,192092
2015/07/16 00:00:00.0,6034,6046,5948,6018,60064,195052
2015/07/17 00:00:00.0,6030,6056,5926,5966,63040,198674
2015/07/20 00:00:00.0,5946,5990,5910,5978,44092,198474
2015/07/21 00:00:00.0,5964,6010,5964,6008,43136,201412
2015/07/22 00:00:00.0,6012,6048,5970,6008,56670,203786
2015/07/23 00:00:00.0,5980,5998,5950,5952,50900,207212
2015/07/24 00:00:00.0,5954,5972,5922,5948,43478,209158
2015/07/27 00:00:00.0,5930,5964,5844,5848,56492,209072
2015/07/28 00:00:00.0,5832,5856,5808,5848,43564,214440
2015/07/29 00:00:00.0,5854,5898,5848,5868,35408,215176
2015/07/30 00:00:00.0,5864,5888,5836,5860,23580,214714
2015/07/31 00:00:00.0,5876,5936,5844,5844,28224,215072
2015/08/03 00:00:00.0,5834,5856,5754,5760,45126,220262
2015/08/04 00:00:00.0,5746,5798,5742,5794,36328,217726
2015/08/05 00:00:00.0,5814,5840,5790,5816,32404,213406
2015/08/06 00:00:00.0,5808,5814,5758,5764,28656,215532
2015/08/07 00:00:00.0,5758,5816,5708,5806,51950,214108
2015/08/10 00:00:00.0,5784,5832,5776,5828,39368,210742
2015/08/11 00:00:00.0,5828,5904,5816,5876,77702,204016
2015/08/12 00:00:00.0,5868,5904,5826,5898,50898,201636
2015/08/13 00:00:00.0,5902,5956,5776,5864,76314,195248
2015/08/14 00:00:00.0,5852,5878,5810,5820,36822,195116
2015/08/17 00:00:00.0,5816,5894,5796,5888,38476,194970
2015/08/18 00:00:00.0,5892,5916,5822,5836,54118,195342
2015/08/19 00:00:00.0,5832,5848,5776,5838,53878,188528
2015/08/20 00:00:00.0,5840,5862,5770,5792,52342,191254
2015/08/21 00:00:00.0,5800,5834,5798,5802,50482,196322
2015/08/24 00:00:00.0,5786,5814,5614,5644,108230,199264
2015/08/25 00:00:00.0,5580,5708,5536,5568,108240,199786
2015/08/26 00:00:00.0,5638,5684,5578,5588,55964,199338
2015/08/27 00:00:00.0,5596,5646,5568,5626,52258,208384
2015/08/28 00:00:00.0,5652,5766,5630,5716,112694,215030
2015/08/31 00:00:00.0,5726,5728,5650,5656,60072,214126
2015/09/01 00:00:00.0,5652,5696,5622,5688,46194,210502
2015/09/02 00:00:00.0,5674,5680,5602,5636,56432,212738
2015/09/07 00:00:00.0,5626,5646,5588,5642,39324,206564
2015/09/08 00:00:00.0,5670,5700,5644,5678,53134,208830
2015/09/09 00:00:00.0,5704,5710,5660,5662,70000,219568
2015/09/10 00:00:00.0,5666,5694,5622,5690,94152,225066
2015/09/11 00:00:00.0,5676,5712,5672,5678,79096,228264
2015/09/14 00:00:00.0,5664,5682,5618,5664,78828,227774
2015/09/15 00:00:00.0,5676,5702,5536,5610,103214,232778
2015/09/16 00:00:00.0,5602,5644,5588,5640,76034,236014
2015/09/17 00:00:00.0,5640,5640,5600,5622,51562,227238
2015/09/18 00:00:00.0,5604,5648,5600,5612,44586,226384
2015/09/21 00:00:00.0,5598,5626,5578,5608,57176,225230
2015/09/22 00:00:00.0,5622,5632,5556,5574,71818,228460
2015/09/23 00:00:00.0,5556,5608,5550,5580,67004,220230
2015/09/24 00:00:00.0,5594,5622,5576,5598,42634,220144
2015/09/25 00:00:00.0,5582,5654,5580,5636,140444,211842
2015/09/28 00:00:00.0,5692,5692,5646,5668,73016,205074
2015/09/29 00:00:00.0,5676,5680,5580,5602,72438,191740
2015/09/30 00:00:00.0,5624,5636,5602,5622,42570,189922
2015/10/08 00:00:00.0,5710,5740,5640,5656,40006,192958
2015/10/09 00:00:00.0,5656,5724,5650,5704,68032,204598
2015/10/12 00:00:00.0,5698,5800,5676,5770,91310,208940
2015/10/13 00:00:00.0,5762,5804,5712,5788,55202,216096
2015/10/14 00:00:00.0,5794,5794,5756,5780,51544,218028
2015/10/15 00:00:00.0,5804,5816,5750,5760,60804,220722
2015/10/16 00:00:00.0,5744,5772,5712,5748,51428,220480
2015/10/19 00:00:00.0,5736,5746,5696,5706,54322,222838
2015/10/20 00:00:00.0,5682,5708,5606,5640,84684,222450
2015/10/21 00:00:00.0,5654,5686,5644,5664,52076,218678
2015/10/22 00:00:00.0,5674,5728,5664,5726,66730,221760
2015/10/23 00:00:00.0,5726,5732,5648,5666,63402,214910
2015/10/26 00:00:00.0,5676,5676,5632,5644,56800,209546
2015/10/27 00:00:00.0,5636,5646,5584,5634,77828,216574
2015/10/28 00:00:00.0,5636,5652,5598,5618,55246,214618
2015/10/29 00:00:00.0,5626,5692,5620,5634,58830,212114
2015/10/30 00:00:00.0,5640,5652,5620,5626,38136,210426
2015/11/02 00:00:00.0,5624,5658,5602,5650,47588,215218
2015/11/03 00:00:00.0,5630,5650,5618,5626,66348,208504
2015/11/04 00:00:00.0,5632,5702,5620,5702,99016,219056
2015/11/05 00:00:00.0,5708,5740,5664,5708,101292,212544
2015/11/06 00:00:00.0,5710,5710,5642,5664,91664,210044
2015/11/09 00:00:00.0,5670,5698,5644,5674,59858,213602
2015/11/10 00:00:00.0,5692,5706,5644,5682,66642,214756
2015/11/11 00:00:00.0,5676,5676,5602,5610,92316,211688
2015/11/12 00:00:00.0,5600,5632,5578,5618,66432,199760
2015/11/13 00:00:00.0,5610,5640,5568,5610,54226,194612
2015/11/16 00:00:00.0,5596,5612,5526,5540,87810,204112
2015/11/17 00:00:00.0,5528,5574,5494,5564,114130,214250
2015/11/18 00:00:00.0,5556,5580,5538,5554,56262,209692
2015/11/19 00:00:00.0,5566,5574,5522,5538,61814,202742
2015/11/20 00:00:00.0,5530,5622,5506,5618,81244,199800
2015/11/23 00:00:00.0,5610,5670,5592,5604,83156,201666
2015/11/24 00:00:00.0,5612,5778,5592,5752,113990,207546
2015/11/25 00:00:00.0,5728,5760,5698,5730,69750,208172
2015/11/26 00:00:00.0,5716,5808,5692,5742,105744,211996
2015/11/27 00:00:00.0,5744,5802,5734,5788,63998,218100
2015/11/30 00:00:00.0,5786,5790,5718,5756,56628,210430
2015/12/01 00:00:00.0,5764,5858,5764,5786,80244,218506
2015/12/02 00:00:00.0,5794,5852,5768,5820,58202,220928
2015/12/03 00:00:00.0,5816,5846,5756,5794,65240,222906
2015/12/04 00:00:00.0,5792,5840,5790,5796,57342,224498
2015/12/07 00:00:00.0,5808,5932,5778,5874,81658,225970
2015/12/08 00:00:00.0,5878,5886,5744,5768,73144,220568
2015/12/09 00:00:00.0,5698,5724,5628,5638,165410,245412
2015/12/10 00:00:00.0,5644,5666,5610,5626,98126,250276
2015/12/11 00:00:00.0,5602,5662,5570,5652,154312,250664
2015/12/14 00:00:00.0,5648,5678,5594,5636,97256,242616
2015/12/15 00:00:00.0,5602,5680,5588,5622,88176,245446
2015/12/16 00:00:00.0,5612,5628,5590,5616,86300,232074
2015/12/17 00:00:00.0,5604,5644,5574,5588,95660,225388
2015/12/18 00:00:00.0,5582,5612,5570,5610,84310,220812
2015/12/21 00:00:00.0,5616,5666,5606,5662,112954,235422
2015/12/22 00:00:00.0,5654,5684,5640,5652,108900,252868
2015/12/23 00:00:00.0,5658,5668,5628,5650,62952,249752
2015/12/24 00:00:00.0,5660,5688,5636,5644,72194,250340
2015/12/25 00:00:00.0,5650,5674,5636,5660,40234,253998
2015/12/28 00:00:00.0,5662,5672,5610,5616,67874,246026
2015/12/29 00:00:00.0,5606,5682,5592,5678,84054,242590
2015/12/30 00:00:00.0,5672,5734,5666,5716,144298,248230
2015/12/31 00:00:00.0,5704,5714,5680,5704,86964,245100
2016/01/04 00:00:00.0,5700,5728,5632,5658,77608,234058
2016/01/05 00:00:00.0,5650,5702,5642,5698,67906,235826
2016/01/06 00:00:00.0,5694,5694,5628,5636,78236,230116
2016/01/07 00:00:00.0,5614,5654,5614,5626,74754,232096
2016/01/08 00:00:00.0,5618,5656,5612,5624,61454,233394
2016/01/11 00:00:00.0,5626,5630,5584,5592,121006,235292
2016/01/12 00:00:00.0,5586,5598,5536,5542,111194,230768
2016/01/13 00:00:00.0,5550,5568,5532,5546,66420,233964
2016/01/14 00:00:00.0,5560,5570,5526,5544,87502,238168
2016/01/15 00:00:00.0,5542,5564,5526,5542,64246,239620
2016/01/18 00:00:00.0,5528,5590,5522,5574,94556,234746
2016/01/19 00:00:00.0,5576,5610,5566,5590,76402,246316
2016/01/20 00:00:00.0,5600,5614,5544,5558,84726,249512
2016/01/21 00:00:00.0,5554,5576,5538,5544,128790,229660
2016/01/22 00:00:00.0,5548,5584,5542,5580,89608,231692
2016/01/25 00:00:00.0,5588,5604,5566,5582,69048,235500
2016/01/26 00:00:00.0,5572,5604,5568,5586,68856,236928
2016/01/27 00:00:00.0,5596,5600,5568,5594,71888,242740
2016/01/28 00:00:00.0,5600,5604,5574,5582,54326,244846
2016/01/29 00:00:00.0,5582,5596,5554,5560,90614,232056
2016/02/01 00:00:00.0,5562,5586,5556,5562,53766,223562
2016/02/02 00:00:00.0,5566,5598,5552,5594,54936,223560
2016/02/03 00:00:00.0,5600,5604,5560,5570,61452,224258
2016/02/04 00:00:00.0,5578,5604,5558,5596,69832,215454
2016/02/05 00:00:00.0,5592,5612,5580,5602,54938,210438
2016/02/15 00:00:00.0,5638,5712,5638,5674,87134,209230
2016/02/16 00:00:00.0,5668,5680,5636,5652,99654,230858
2016/02/17 00:00:00.0,5644,5650,5624,5642,58302,231014
2016/02/18 00:00:00.0,5648,5680,5642,5650,54682,234874
2016/02/19 00:00:00.0,5648,5650,5616,5632,114344,259210
2016/02/22 00:00:00.0,5616,5644,5604,5634,100456,265152
2016/02/23 00:00:00.0,5628,5634,5594,5602,77150,265260
2016/02/24 00:00:00.0,5606,5618,5558,5570,96738,265832
2016/02/25 00:00:00.0,5548,5580,5542,5560,51396,263030
2016/02/26 00:00:00.0,5568,5570,5528,5544,101112,269002
2016/02/29 00:00:00.0,5562,5564,5508,5542,85804,265716
2016/03/01 00:00:00.0,5544,5548,5504,5530,77844,272128
2016/03/02 00:00:00.0,5536,5564,5494,5516,145690,282294
2016/03/03 00:00:00.0,5504,5534,5498,5522,95986,268924
2016/03/04 00:00:00.0,5530,5568,5526,5558,123602,265090
2016/03/07 00:00:00.0,5562,5668,5556,5630,180124,262180
2016/03/08 00:00:00.0,5634,5662,5594,5610,184622,261356
2016/03/09 00:00:00.0,5626,5626,5560,5624,106644,250376
2016/03/10 00:00:00.0,5634,5660,5612,5614,123746,253292
2016/03/11 00:00:00.0,5618,5756,5604,5730,207650,259332
2016/03/14 00:00:00.0,5734,5790,5722,5736,164354,249198
2016/03/15 00:00:00.0,5744,5758,5702,5718,133626,243932
2016/03/16 00:00:00.0,5726,5762,5700,5714,117870,246044
2016/03/17 00:00:00.0,5714,5822,5714,5812,155540,257650
2016/03/18 00:00:00.0,5822,5878,5806,5848,158584,263778
2016/03/21 00:00:00.0,5856,5914,5808,5884,142452,268488
2016/03/22 00:00:00.0,5884,5944,5872,5926,114474,272950
2016/03/23 00:00:00.0,5930,5958,5876,5882,100734,274488
2016/03/24 00:00:00.0,5878,5878,5808,5816,123114,266084
2016/03/25 00:00:00.0,5812,5890,5790,5880,94982,267706
2016/03/28 00:00:00.0,5886,5920,5844,5866,101566,272904
2016/03/29 00:00:00.0,5882,5906,5836,5864,85494,270742
2016/03/30 00:00:00.0,5884,5898,5798,5832,114712,277330
2016/03/31 00:00:00.0,5826,5856,5804,5846,73426,275876
2016/04/01 00:00:00.0,5846,5960,5822,5950,137044,292406
2016/04/05 00:00:00.0,5932,5968,5906,5952,75154,301546
2016/04/06 00:00:00.0,5924,5932,5870,5890,90634,297246
2016/04/07 00:00:00.0,5880,5948,5868,5932,113670,309452
2016/04/08 00:00:00.0,5920,5920,5878,5896,84000,308842
2016/04/11 00:00:00.0,5892,6054,5888,5980,268710,338050
2016/04/12 00:00:00.0,5978,6036,5942,5988,201632,353964
2016/04/13 00:00:00.0,5984,6146,5964,6030,267772,362270
2016/04/14 00:00:00.0,6026,6082,6020,6080,155348,361906
2016/04/15 00:00:00.0,6084,6112,6010,6018,160036,369614
2016/04/18 00:00:00.0,6004,6030,5952,6018,204320,387676
2016/04/19 00:00:00.0,6040,6112,6034,6092,167960,373506
2016/04/20 00:00:00.0,6110,6250,6100,6190,264496,377744
2016/04/21 00:00:00.0,6174,6404,6130,6330,360278,398618
2016/04/22 00:00:00.0,6322,6360,6166,6264,361752,384144
2016/04/25 00:00:00.0,6218,6326,6156,6240,290804,406074
2016/04/26 00:00:00.0,6230,6310,6204,6238,253664,407168
2016/04/27 00:00:00.0,6256,6282,6208,6232,184430,413600
2016/04/28 00:00:00.0,6206,6226,6070,6116,257884,404134
2016/04/29 00:00:00.0,6130,6164,6050,6050,193006,398778
2016/05/03 00:00:00.0,6022,6096,6010,6090,124912,401704
2016/05/04 00:00:00.0,6068,6142,6034,6132,262378,419790
2016/05/05 00:00:00.0,6154,6178,6104,6122,187344,409800
2016/05/06 00:00:00.0,6152,6158,5968,6030,214996,405762
2016/05/09 00:00:00.0,6034,6200,6034,6166,254150,411710
2016/05/10 00:00:00.0,6148,6200,6074,6170,269294,391644
2016/05/11 00:00:00.0,6168,6370,6146,6336,321264,405108
2016/05/12 00:00:00.0,6322,6352,6226,6290,275518,413288
2016/05/13 00:00:00.0,6290,6340,6038,6042,503284,399734
2016/05/16 00:00:00.0,6028,6136,6020,6062,310846,373606
2016/05/17 00:00:00.0,6110,6200,6088,6194,168672,369570
2016/05/18 00:00:00.0,6180,6354,6096,6182,462802,377736
2016/05/19 00:00:00.0,6178,6264,6136,6138,352972,372638
2016/05/20 00:00:00.0,6088,6134,6066,6102,230440,376340
2016/05/23 00:00:00.0,6116,6132,5894,5920,383272,345786
2016/05/24 00:00:00.0,5936,5974,5874,5938,257774,343302
2016/05/25 00:00:00.0,5942,5980,5898,5920,168934,344988
2016/05/26 00:00:00.0,5962,6056,5954,6046,193566,350976
2016/05/27 00:00:00.0,6052,6072,5972,6018,146630,349228
2016/05/30 00:00:00.0,6022,6172,5994,6162,280468,316910
2016/05/31 00:00:00.0,6168,6262,6118,6120,302168,294804
2016/06/01 00:00:00.0,6152,6178,6112,6146,166924,304036
2016/06/02 00:00:00.0,6128,6206,6076,6182,212318,296004
2016/06/03 00:00:00.0,6204,6328,6194,6326,287664,296214
2016/06/06 00:00:00.0,6344,6400,6308,6366,223720,300434
2016/06/07 00:00:00.0,6376,6450,6308,6440,254560,311444
2016/06/08 00:00:00.0,6394,6420,6334,6376,172570,301606
2016/06/13 00:00:00.0,6448,6458,6318,6336,142226,302732
2016/06/14 00:00:00.0,6326,6368,6240,6276,186988,295268
2016/06/15 00:00:00.0,6278,6346,6222,6236,163344,294994
2016/06/16 00:00:00.0,6252,6266,6144,6160,177162,296864
2016/06/17 00:00:00.0,6166,6166,6058,6148,241216,290294
2016/06/20 00:00:00.0,6162,6194,6114,6162,167850,284406
2016/06/21 00:00:00.0,6154,6246,6130,6144,195600,291852
2016/06/22 00:00:00.0,6122,6218,6098,6200,155676,298982
2016/06/23 00:00:00.0,6192,6240,6162,6182,154106,300998
2016/06/24 00:00:00.0,6194,6224,6102,6104,203134,294318
2016/06/27 00:00:00.0,6098,6214,6086,6212,149220,292550
2016/06/28 00:00:00.0,6196,6290,6190,6266,221860,290632
2016/06/29 00:00:00.0,6282,6302,6212,6240,163978,296316
2016/06/30 00:00:00.0,6230,6320,6220,6314,232068,319836
2016/07/01 00:00:00.0,6318,6418,6274,6360,281108,326872
2016/07/04 00:00:00.0,6356,6608,6356,6602,337392,378778
2016/07/05 00:00:00.0,6622,6776,6344,6590,755460,407084
2016/07/06 00:00:00.0,6594,6650,6344,6346,465484,372330
2016/07/07 00:00:00.0,6300,6362,6212,6252,413132,357638
2016/07/08 00:00:00.0,6294,6354,6184,6258,331270,361920
2016/07/11 00:00:00.0,6292,6338,6234,6324,228684,359270
2016/07/12 00:00:00.0,6340,6374,6242,6276,224886,355128
2016/07/13 00:00:00.0,6276,6482,6254,6424,287394,374706
2016/07/14 00:00:00.0,6464,6474,6348,6456,273038,381488
2016/07/15 00:00:00.0,6468,6472,6358,6432,222112,383720
2016/07/18 00:00:00.0,6408,6532,6374,6422,435178,395234
2016/07/19 00:00:00.0,6414,6440,6320,6374,262778,402000
2016/07/20 00:00:00.0,6386,6434,6304,6432,256154,404074
2016/07/21 00:00:00.0,6428,6474,6404,6434,257022,410108
2016/07/22 00:00:00.0,6442,6462,6312,6342,218942,396390
2016/07/25 00:00:00.0,6328,6342,6228,6272,212454,377862
2016/07/26 00:00:00.0,6248,6262,6172,6218,165098,364036
2016/07/27 00:00:00.0,6214,6278,6188,6202,167836,354404
2016/07/28 00:00:00.0,6218,6244,6154,6160,185576,342904
2016/07/29 00:00:00.0,6150,6200,6110,6114,203504,329936
2016/08/01 00:00:00.0,6126,6240,6114,6216,178952,325726
2016/08/02 00:00:00.0,6212,6230,6174,6224,146990,318476
2016/08/03 00:00:00.0,6222,6266,6200,6234,114754,316686
2016/08/04 00:00:00.0,6286,6310,6208,6254,114850,310500
2016/08/05 00:00:00.0,6276,6280,6198,6214,126932,316534
2016/08/08 00:00:00.0,6218,6278,6192,6266,121132,311100
2016/08/09 00:00:00.0,6274,6318,6238,6294,152088,310980
2016/08/10 00:00:00.0,6284,6314,6250,6264,100022,313742
2016/08/11 00:00:00.0,6306,6306,6192,6196,137686,310282
2016/08/12 00:00:00.0,6198,6240,6192,6236,110462,315332
2016/08/15 00:00:00.0,6226,6404,6202,6384,213684,307288
2016/08/16 00:00:00.0,6392,6426,6356,6418,166864,306306
2016/08/17 00:00:00.0,6422,6474,6366,6442,181274,307574
2016/08/18 00:00:00.0,6470,6496,6434,6446,156708,309614
2016/08/19 00:00:00.0,6432,6516,6416,6516,155466,311932
2016/08/22 00:00:00.0,6498,6516,6410,6414,147866,310378
2016/08/23 00:00:00.0,6410,6428,6388,6402,112740,312516
2016/08/24 00:00:00.0,6426,6512,6420,6490,173398,311356
2016/08/25 00:00:00.0,6490,6494,6306,6366,205680,293206
2016/08/26 00:00:00.0,6362,6364,6294,6326,110920,286918
2016/08/29 00:00:00.0,6342,6370,6310,6322,94340,284850
2016/08/30 00:00:00.0,6314,6356,6296,6340,76914,284062
2016/08/31 00:00:00.0,6336,6384,6190,6208,209614,274770
2016/09/01 00:00:00.0,6204,6232,6178,6204,100430,269810
2016/09/02 00:00:00.0,6208,6248,6196,6216,103264,269430
2016/09/05 00:00:00.0,6240,6290,6232,6256,121266,274070
2016/09/06 00:00:00.0,6264,6300,6262,6272,118306,278082
2016/09/07 00:00:00.0,6260,6296,6240,6278,108382,273364
2016/09/08 00:00:00.0,6276,6304,6240,6282,111120,276276
2016/09/09 00:00:00.0,6290,6328,6278,6328,112154,276596
2016/09/12 00:00:00.0,6318,6324,6194,6198,138920,280194
2016/09/13 00:00:00.0,6202,6238,6176,6234,129212,283088
2016/09/14 00:00:00.0,6202,6202,6102,6108,141202,286190
2016/09/19 00:00:00.0,6168,6210,6156,6204,78914,263566
2016/09/20 00:00:00.0,6220,6422,6220,6408,238920,251580
2016/09/21 00:00:00.0,6388,6410,6358,6380,150644,252404
2016/09/22 00:00:00.0,6364,6452,6358,6394,167270,259658
2016/09/23 00:00:00.0,6426,6466,6396,6444,152870,264600
2016/09/26 00:00:00.0,6420,6508,6390,6480,159034,266088
2016/09/27 00:00:00.0,6470,6492,6386,6428,109026,260470
2016/09/28 00:00:00.0,6396,6406,6328,6350,125924,246098
2016/09/29 00:00:00.0,6352,6396,6322,6350,116324,241466
2016/09/30 00:00:00.0,6360,6378,6290,6336,118468,234830
2016/10/10 00:00:00.0,6280,6314,6262,6292,111044,251442
2016/10/11 00:00:00.0,6278,6426,6276,6414,180174,272468
2016/10/12 00:00:00.0,6410,6510,6388,6460,273038,294914
2016/10/13 00:00:00.0,6472,6570,6418,6428,298572,304668
2016/10/14 00:00:00.0,6438,6554,6368,6550,222248,308150
2016/10/17 00:00:00.0,6556,6722,6550,6722,135292,328064
2016/10/18 00:00:00.0,6816,6922,6804,6868,586700,362002
2016/10/19 00:00:00.0,6820,7020,6740,6988,552928,407970
2016/10/20 00:00:00.0,6986,7108,6942,6948,742528,441612
2016/10/21 00:00:00.0,6950,6962,6824,6884,599094,464788
2016/10/24 00:00:00.0,6902,7032,6862,7016,541026,490834
2016/10/25 00:00:00.0,7060,7186,6978,6994,735880,491050
2016/10/26 00:00:00.0,6996,7062,6920,7036,493574,484036
2016/10/27 00:00:00.0,7032,7054,6938,6942,383144,488844
2016/10/28 00:00:00.0,6930,6984,6886,6974,339442,486814
2016/10/31 00:00:00.0,6980,6994,6894,6930,345498,490994
2016/11/01 00:00:00.0,6912,7040,6856,6930,462642,490884
2016/11/02 00:00:00.0,6914,6974,6788,6854,448586,476248
2016/11/03 00:00:00.0,6892,6924,6854,6890,253036,479988
2016/11/04 00:00:00.0,6920,6954,6814,6816,394108,467268
2016/11/07 00:00:00.0,6788,6906,6772,6880,318074,470664
2016/11/08 00:00:00.0,6900,6992,6860,6950,409760,485102
2016/11/09 00:00:00.0,6966,6992,6856,6886,319674,488400
2016/11/10 00:00:00.0,6920,7032,6870,6990,539010,486262
2016/11/11 00:00:00.0,6994,7228,6962,7128,673798,477570
2016/11/14 00:00:00.0,7150,7314,6826,6850,741666,435254
2016/11/15 00:00:00.0,6848,6940,6806,6842,377184,428862
2016/11/16 00:00:00.0,6834,6936,6812,6934,320324,438038
2016/11/17 00:00:00.0,6924,6964,6876,6922,269264,438018
2016/11/18 00:00:00.0,6926,6946,6874,6908,222808,430740
2016/11/21 00:00:00.0,6922,7018,6906,6984,316484,432478
2016/11/22 00:00:00.0,6984,7066,6980,7022,313850,434282
2016/11/23 00:00:00.0,7010,7058,6994,7012,272546,443562
2016/11/24 00:00:00.0,7026,7318,6960,7276,645664,430798
2016/11/25 00:00:00.0,7276,7526,7272,7494,684452,489310
2016/11/28 00:00:00.0,7498,7594,7404,7548,589206,504410
2016/11/29 00:00:00.0,7554,7570,7420,7472,381030,488668
2016/11/30 00:00:00.0,7448,7678,7342,7638,989184,546678
2016/12/01 00:00:00.0,7690,7808,7610,7638,753492,538148
2016/12/02 00:00:00.0,7650,7696,7550,7658,443680,512200
2016/12/05 00:00:00.0,7644,7738,7590,7676,394908,513870
2016/12/06 00:00:00.0,7704,7744,7620,7640,241472,513930
2016/12/07 00:00:00.0,7718,7742,7624,7698,334688,502320
2016/12/08 00:00:00.0,7674,7682,7578,7604,260168,479254
2016/12/09 00:00:00.0,7614,7620,7418,7526,379618,440766
2016/12/12 00:00:00.0,7502,7660,7488,7604,267776,437922
2016/12/13 00:00:00.0,7586,7634,7554,7586,184408,432386
2016/12/14 00:00:00.0,7604,7664,7544,7564,266816,432106
2016/12/15 00:00:00.0,7560,7676,7514,7592,332704,420718
2016/12/16 00:00:00.0,7582,7692,7566,7580,287626,405392
2016/12/19 00:00:00.0,7580,7744,7560,7634,366430,407188
2016/12/20 00:00:00.0,7618,7618,7386,7448,346420,375844
2016/12/21 00:00:00.0,7458,7484,7416,7434,187252,371294
2016/12/22 00:00:00.0,7436,7492,7342,7346,214498,359454
2016/12/23 00:00:00.0,7326,7340,7158,7188,338272,330514
2016/12/26 00:00:00.0,7222,7240,7066,7138,269520,313050
2016/12/27 00:00:00.0,7148,7296,7132,7290,181078,308618
2016/12/28 00:00:00.0,7294,7364,7240,7256,228570,313404
2016/12/29 00:00:00.0,7248,7322,7138,7264,197644,313730
2016/12/30 00:00:00.0,7290,7320,7248,7262,140914,310288
2017/01/03 00:00:00.0,7256,7340,7210,7210,157108,318620
2017/01/04 00:00:00.0,7226,7262,7078,7162,243752,328192
2017/01/05 00:00:00.0,7180,7214,7134,7154,144510,325064
2017/01/06 00:00:00.0,7158,7206,7046,7046,184004,343138
2017/01/09 00:00:00.0,7062,7098,7022,7076,176274,344378
2017/01/10 00:00:00.0,7076,7146,7064,7128,177738,343512
2017/01/11 00:00:00.0,7108,7194,7102,7168,178076,348428
2017/01/12 00:00:00.0,7164,7198,7128,7152,150388,349230
2017/01/13 00:00:00.0,7160,7212,7128,7154,184318,351794
2017/01/16 00:00:00.0,7142,7278,7124,7272,245670,349136
2017/01/17 00:00:00.0,7296,7396,7282,7360,313944,334142
2017/01/18 00:00:00.0,7366,7372,7254,7290,208594,337848
2017/01/19 00:00:00.0,7280,7330,7270,7308,148470,339880
2017/01/20 00:00:00.0,7308,7322,7248,7260,153172,340388
2017/01/23 00:00:00.0,7254,7260,7192,7248,127618,336992
2017/01/24 00:00:00.0,7244,7332,7232,7320,144504,338550
2017/01/25 00:00:00.0,7322,7328,7204,7216,158106,350286
2017/01/26 00:00:00.0,7224,7262,7178,7188,102360,350556
2017/02/03 00:00:00.0,7206,7234,7112,7130,104194,355496
2017/02/06 00:00:00.0,7146,7236,7134,7190,216356,351046
2017/02/07 00:00:00.0,7200,7222,7150,7162,148956,360064
2017/02/08 00:00:00.0,7156,7246,7152,7236,192588,366314
2017/02/09 00:00:00.0,7238,7278,7212,7216,157026,365402
2017/02/10 00:00:00.0,7220,7312,7186,7312,230952,378076
2017/02/13 00:00:00.0,7288,7344,7248,7250,272730,383880
2017/02/14 00:00:00.0,7256,7292,7166,7172,234292,395416
2017/02/15 00:00:00.0,7186,7204,7136,7148,211082,405466
2017/02/16 00:00:00.0,7150,7204,7116,7122,252558,416862
2017/02/17 00:00:00.0,7092,7154,7016,7018,292232,424496
2017/02/20 00:00:00.0,7016,7052,7008,7052,157300,421698
2017/02/21 00:00:00.0,7046,7072,6990,7036,211454,425964
2017/02/22 00:00:00.0,7020,7040,6974,7016,186302,426366
2017/02/23 00:00:00.0,7022,7038,6920,6938,202446,430214
2017/02/24 00:00:00.0,6944,6958,6870,6948,205538,431264
2017/02/27 00:00:00.0,6966,6986,6912,6934,178250,428862
2017/02/28 00:00:00.0,6926,6976,6900,6946,193934,433712
2017/03/01 00:00:00.0,6972,7100,6968,7032,295960,423450
2017/03/02 00:00:00.0,7070,7088,7030,7064,164986,428950
2017/03/03 00:00:00.0,7070,7082,7022,7062,184566,427972
2017/03/06 00:00:00.0,7058,7102,7006,7050,179838,436230
2017/03/07 00:00:00.0,7046,7052,6918,6940,264674,449214
2017/03/08 00:00:00.0,6934,6948,6842,6858,230108,454534
2017/03/09 00:00:00.0,6872,6884,6770,6802,300636,468712
2017/03/10 00:00:00.0,6782,6796,6614,6634,393786,476048
2017/03/13 00:00:00.0,6674,6822,6666,6772,437640,438394
2017/03/14 00:00:00.0,6750,6778,6710,6734,255782,442858
2017/03/15 00:00:00.0,6758,6764,6652,6710,237704,448742
2017/03/16 00:00:00.0,6740,6758,6600,6656,337372,469932
2017/03/17 00:00:00.0,6668,6718,6648,6686,244676,466704
2017/03/20 00:00:00.0,6704,6708,6664,6690,231112,462572
2017/03/21 00:00:00.0,6684,6724,6660,6704,176274,462880
2017/03/22 00:00:00.0,6712,6744,6686,6704,208548,460176
2017/03/23 00:00:00.0,6706,6724,6594,6596,285550,491382
2017/03/24 00:00:00.0,6598,6636,6564,6570,232928,492274
2017/03/27 00:00:00.0,6576,6584,6392,6462,288594,487642
2017/03/28 00:00:00.0,6442,6520,6432,6478,197076,475180
2017/03/29 00:00:00.0,6478,6508,6462,6486,140134,476342
2017/03/30 00:00:00.0,6488,6500,6400,6412,206934,478868
2017/03/31 00:00:00.0,6386,6400,6288,6292,375968,478946
2017/04/05 00:00:00.0,6270,6364,6244,6338,189020,472296
2017/04/06 00:00:00.0,6352,6384,6302,6310,164448,483002
2017/04/07 00:00:00.0,6318,6342,6218,6246,238506,467880
2017/04/10 00:00:00.0,6262,6346,6258,6312,263472,466126
2017/04/11 00:00:00.0,6304,6392,6294,6344,278150,461550
2017/04/12 00:00:00.0,6348,6366,6196,6210,382776,475836
2017/04/13 00:00:00.0,6208,6294,6202,6282,202150,470566
2017/04/14 00:00:00.0,6260,6316,6246,6308,219436,459438
2017/04/17 00:00:00.0,6306,6406,6300,6348,269126,441098
2017/04/18 00:00:00.0,6342,6434,6306,6326,276742,442052
2017/04/19 00:00:00.0,6260,6280,6184,6240,225186,451596
2017/04/20 00:00:00.0,6230,6288,6210,6280,267304,453610
2017/04/21 00:00:00.0,6286,6320,6256,6294,217872,457678
2017/04/24 00:00:00.0,6296,6388,6288,6366,278524,461478
2017/04/25 00:00:00.0,6356,6384,6308,6328,260340,473000
2017/04/26 00:00:00.0,6340,6380,6294,6306,293038,478774
2017/04/27 00:00:00.0,6322,6410,6316,6364,291918,469286
2017/04/28 00:00:00.0,6360,6382,6310,6336,236852,462230
2017/05/02 00:00:00.0,6364,6474,6346,6456,225618,469182
2017/05/03 00:00:00.0,6454,6488,6434,6458,206384,459852
2017/05/04 00:00:00.0,6436,6492,6382,6456,363520,467182
2017/05/05 00:00:00.0,6450,6472,6368,6388,331302,462464
2017/05/08 00:00:00.0,6426,6530,6426,6488,337224,467666
2017/05/09 00:00:00.0,6484,6520,6432,6468,284476,469300
2017/05/10 00:00:00.0,6460,6490,6410,6420,247816,472446
2017/05/11 00:00:00.0,6412,6506,6352,6496,423340,452274
2017/05/12 00:00:00.0,6492,6492,6438,6468,215156,452488
2017/05/15 00:00:00.0,6454,6522,6424,6490,209098,448604
2017/05/16 00:00:00.0,6538,6596,6520,6562,296900,430482
2017/05/17 00:00:00.0,6568,6578,6508,6564,278700,423242
2017/05/18 00:00:00.0,6568,6588,6468,6516,275188,432516
2017/05/19 00:00:00.0,6460,6514,6428,6464,230604,424528
2017/05/22 00:00:00.0,6478,6558,6478,6538,189770,418274
2017/05/23 00:00:00.0,6536,6548,6466,6468,182028,422048
2017/05/24 00:00:00.0,6460,6490,6382,6400,245008,435644
2017/05/25 00:00:00.0,6398,6434,6382,6382,158416,440042
2017/05/26 00:00:00.0,6388,6412,6274,6280,302264,438128
2017/05/31 00:00:00.0,6232,6240,6088,6096,268298,442768
2017/06/01 00:00:00.0,6086,6128,6064,6096,253208,445394
2017/06/02 00:00:00.0,6110,6170,6106,6108,220318,443000
2017/06/05 00:00:00.0,6114,6188,6094,6148,255948,446772
2017/06/06 00:00:00.0,6144,6232,6124,6212,327814,430918
2017/06/07 00:00:00.0,6228,6256,6202,6224,190252,420866
2017/06/08 00:00:00.0,6234,6246,6184,6208,205692,427984
2017/06/09 00:00:00.0,6202,6298,6198,6284,258538,420204
2017/06/12 00:00:00.0,6294,6370,6284,6364,182044,410474
2017/06/13 00:00:00.0,6350,6358,6316,6322,168878,409210
2017/06/14 00:00:00.0,6312,6370,6302,6362,177512,403694
2017/06/15 00:00:00.0,6366,6422,6348,6382,196340,397346
2017/06/16 00:00:00.0,6388,6478,6366,6434,207044,391952
2017/06/19 00:00:00.0,6450,6516,6432,6496,224426,393508
2017/06/20 00:00:00.0,6490,6498,6406,6426,176110,388846
2017/06/21 00:00:00.0,6404,6414,6342,6374,199554,384912
2017/06/22 00:00:00.0,6382,6408,6310,6344,197210,395994
2017/06/23 00:00:00.0,6338,6362,6290,6328,150968,400622
2017/06/26 00:00:00.0,6326,6394,6318,6334,157664,405586
2017/06/27 00:00:00.0,6336,6420,6332,6402,239132,413400
2017/06/28 00:00:00.0,6420,6474,6394,6420,267096,418976
2017/06/29 00:00:00.0,6404,6498,6400,6458,248432,427256
2017/06/30 00:00:00.0,6456,6504,6420,6454,268760,420112
2017/07/03 00:00:00.0,6448,6560,6426,6526,247684,412786
2017/07/04 00:00:00.0,6544,6548,6416,6420,279772,408682
2017/07/05 00:00:00.0,6430,6462,6420,6456,171972,404486
2017/07/06 00:00:00.0,6466,6536,6450,6498,268066,391026
2017/07/07 00:00:00.0,6496,6550,6476,6542,202152,397030
2017/07/10 00:00:00.0,6532,6684,6532,6662,309798,388930
2017/07/11 00:00:00.0,6674,6720,6616,6670,304308,388292
2017/07/12 00:00:00.0,6656,6716,6634,6674,215864,390410
2017/07/13 00:00:00.0,6670,6708,6608,6620,264632,398186
2017/07/14 00:00:00.0,6608,6620,6522,6578,259826,405134
2017/07/17 00:00:00.0,6588,6644,6586,6628,199220,404458
2017/07/18 00:00:00.0,6634,6686,6598,6612,272120,403030
2017/07/19 00:00:00.0,6640,6656,6586,6656,198824,400624
2017/07/20 00:00:00.0,6662,6760,6638,6722,323706,408800
2017/07/21 00:00:00.0,6752,6792,6696,6740,290152,415776
2017/07/24 00:00:00.0,6742,6744,6604,6642,277008,411252
2017/07/25 00:00:00.0,6658,6770,6634,6768,205548,412970
2017/07/26 00:00:00.0,6766,6776,6648,6668,260454,406504
2017/07/27 00:00:00.0,6682,6742,6668,6730,167384,411810
2017/07/28 00:00:00.0,6746,6808,6616,6626,401070,412048
2017/07/31 00:00:00.0,6634,6754,6622,6736,279334,403632
2017/08/01 00:00:00.0,6726,6798,6708,6756,276456,405650
2017/08/02 00:00:00.0,6730,6748,6688,6728,191290,407450
2017/08/03 00:00:00.0,6734,6776,6644,6666,261190,409242
2017/08/04 00:00:00.0,6658,6706,6606,6666,315150,405872
2017/08/07 00:00:00.0,6668,6710,6654,6666,186576,407356
2017/08/08 00:00:00.0,6648,6786,6636,6774,261316,422794
2017/08/09 00:00:00.0,6770,6816,6748,6808,217098,428852
2017/08/10 00:00:00.0,6810,6856,6756,6852,279894,452752
2017/08/11 00:00:00.0,6864,7038,6832,6904,756576,500580
2017/08/14 00:00:00.0,6952,6974,6840,6878,336318,498666
2017/08/15 00:00:00.0,6860,6924,6844,6860,245366,494608
2017/08/16 00:00:00.0,6830,6846,6732,6762,317742,458078
2017/08/17 00:00:00.0,6780,6816,6760,6808,185266,459258
2017/08/18 00:00:00.0,6814,6866,6800,6862,203578,463098
2017/08/21 00:00:00.0,6852,6900,6832,6844,247758,462862
2017/08/22 00:00:00.0,6858,6984,6838,6966,301776,481022
2017/08/23 00:00:00.0,6952,7042,6920,7034,285122,485146
2017/08/24 00:00:00.0,7048,7066,6972,7040,237082,490196
2017/08/25 00:00:00.0,7072,7088,6996,7006,211276,494990
2017/08/28 00:00:00.0,6988,7076,6988,7024,180358,496228
2017/08/29 00:00:00.0,7018,7038,6944,6968,182342,491420
2017/08/30 00:00:00.0,6964,7024,6944,6950,206992,503420
2017/08/31 00:00:00.0,6950,6994,6936,6966,144866,502762
2017/09/01 00:00:00.0,6958,7032,6958,6994,207080,516814
2017/09/04 00:00:00.0,7000,7056,6952,7032,206476,522096
2017/09/05 00:00:00.0,7026,7064,6984,7056,199424,526186
2017/09/06 00:00:00.0,7070,7074,7012,7016,194836,523880
2017/09/07 00:00:00.0,7010,7026,6984,7016,149470,515210
2017/09/08 00:00:00.0,6998,7024,6916,6918,245220,506470
2017/09/11 00:00:00.0,6902,6988,6842,6958,265166,492382
2017/09/12 00:00:00.0,6912,6964,6908,6932,149256,488538
2017/09/13 00:00:00.0,6936,6992,6880,6888,219900,489004
2017/09/14 00:00:00.0,6912,6974,6890,6952,181826,490810
2017/09/15 00:00:00.0,6950,7024,6948,6988,232376,462834
2017/09/18 00:00:00.0,6980,6996,6876,6912,208162,457760
2017/09/19 00:00:00.0,6900,6938,6866,6882,132858,459660
2017/09/20 00:00:00.0,6876,6938,6842,6904,138342,458590
2017/09/21 00:00:00.0,6914,6928,6858,6876,133894,460250
2017/09/22 00:00:00.0,6878,6880,6820,6854,150364,449142
2017/09/25 00:00:00.0,6864,6876,6696,6732,240334,446912
2017/09/26 00:00:00.0,6730,6776,6712,6716,128534,444178
2017/09/27 00:00:00.0,6738,6754,6686,6712,150288,439014
2017/09/28 00:00:00.0,6704,6708,6558,6608,215758,434960
2017/09/29 00:00:00.0,6604,6668,6578,6648,142458,426750
2017/10/09 00:00:00.0,6664,6710,6648,6660,79738,426666
2017/10/10 00:00:00.0,6678,6680,6608,6622,118104,434884
2017/10/11 00:00:00.0,6626,6638,6582,6616,102642,440932
2017/10/12 00:00:00.0,6612,6688,6612,6686,125670,445104
2017/10/13 00:00:00.0,6686,6740,6612,6732,191420,452202
2017/10/16 00:00:00.0,6762,6764,6696,6760,148982,458382
2017/10/17 00:00:00.0,6746,6808,6732,6774,173522,457068
2017/10/18 00:00:00.0,6760,6794,6708,6736,141736,460612
2017/10/19 00:00:00.0,6736,6762,6632,6632,255472,471486
2017/10/20 00:00:00.0,6644,6720,6622,6708,179698,474000
2017/10/23 00:00:00.0,6726,6762,6706,6760,151782,468894
2017/10/24 00:00:00.0,6770,6804,6742,6782,131530,480866
2017/10/25 00:00:00.0,6776,6938,6758,6884,336936,476470
2017/10/26 00:00:00.0,6900,6932,6882,6928,291830,490892
2017/10/27 00:00:00.0,6928,6952,6902,6950,203610,498444
2017/10/30 00:00:00.0,6940,7014,6908,6968,193244,504732
2017/10/31 00:00:00.0,6960,6966,6894,6922,229546,493194
2017/11/01 00:00:00.0,6908,6954,6902,6918,163548,499674
2017/11/02 00:00:00.0,6932,6990,6910,6954,163814,502384
2017/11/03 00:00:00.0,6920,6942,6896,6926,142818,496654
2017/11/06 00:00:00.0,6924,6956,6866,6932,180430,491042
2017/11/07 00:00:00.0,6920,6994,6914,6970,163252,500966
2017/11/08 00:00:00.0,6954,7002,6938,6950,165936,494570
2017/11/09 00:00:00.0,6978,7000,6948,6988,159316,492008
2017/11/10 00:00:00.0,6972,6996,6886,6896,203280,475734
2017/11/13 00:00:00.0,6906,6920,6848,6872,156688,476348
2017/11/14 00:00:00.0,6874,6874,6812,6836,155632,467792
2017/11/15 00:00:00.0,6812,6852,6786,6798,165104,448684
2017/11/16 00:00:00.0,6804,6834,6762,6790,170080,449038
2017/11/17 00:00:00.0,6786,6824,6780,6786,137790,446922
2017/11/20 00:00:00.0,6790,6796,6738,6774,175036,447866
2017/11/21 00:00:00.0,6744,6778,6730,6754,131468,445342
2017/11/22 00:00:00.0,6780,6824,6766,6796,143330,446146
2017/11/23 00:00:00.0,6802,6818,6774,6780,117538,439792
2017/11/24 00:00:00.0,6776,6842,6772,6812,123482,438932
2017/11/27 00:00:00.0,6818,6860,6754,6768,206612,436216
2017/11/28 00:00:00.0,6768,6786,6736,6754,135684,425010
2017/11/29 00:00:00.0,6760,6766,6706,6710,144294,417498
2017/11/30 00:00:00.0,6700,6794,6694,6766,174338,411506
2017/12/01 00:00:00.0,6786,6812,6746,6758,136024,418340
2017/12/04 00:00:00.0,6758,6768,6726,6760,165784,419616
2017/12/05 00:00:00.0,6758,6774,6650,6658,212736,423038
2017/12/06 00:00:00.0,6658,6700,6634,6696,134496,412990
2017/12/07 00:00:00.0,6688,6694,6590,6612,171206,415680
2017/12/08 00:00:00.0,6616,6652,6608,6630,107232,403978
2017/12/11 00:00:00.0,6632,6674,6602,6656,134404,395724
2017/12/12 00:00:00.0,6648,6702,6644,6672,108384,389660
2017/12/13 00:00:00.0,6670,6678,6626,6672,136606,389932
2017/12/14 00:00:00.0,6670,6678,6564,6582,182744,390812
2017/12/15 00:00:00.0,6602,6614,6574,6604,103016,392296
2017/12/18 00:00:00.0,6638,6666,6628,6658,104400,385140
2017/12/19 00:00:00.0,6646,6650,6582,6592,119246,385054
2017/12/20 00:00:00.0,6582,6612,6582,6596,78796,381812
2017/12/21 00:00:00.0,6592,6610,6492,6500,176464,385500
2017/12/22 00:00:00.0,6496,6498,6394,6418,164568,375116
2017/12/25 00:00:00.0,6424,6490,6412,6480,112574,364478
2017/12/26 00:00:00.0,6484,6492,6464,6474,78808,359442
2017/12/27 00:00:00.0,6494,6514,6452,6492,118986,355910
2017/12/28 00:00:00.0,6492,6526,6440,6454,139062,357564
2017/12/29 00:00:00.0,6446,6478,6412,6444,121968,352096
2018/01/02 00:00:00.0,6468,6576,6468,6566,119072,344250
2018/01/03 00:00:00.0,6568,6604,6560,6588,95906,349952
2018/01/04 00:00:00.0,6624,6634,6594,6632,91922,348242
2018/01/05 00:00:00.0,6620,6680,6598,6662,145864,356080
2018/01/08 00:00:00.0,6648,6658,6594,6618,120168,362068
2018/01/09 00:00:00.0,6638,6638,6604,6632,94180,363374
2018/01/10 00:00:00.0,6608,6652,6604,6628,98100,364910
2018/01/11 00:00:00.0,6644,6648,6602,6618,87704,372630
2018/01/12 00:00:00.0,6604,6634,6534,6558,119576,378038
2018/01/15 00:00:00.0,6556,6592,6520,6540,118840,391006
2018/01/16 00:00:00.0,6552,6568,6482,6496,150864,388790
2018/01/17 00:00:00.0,6486,6524,6476,6516,121906,387650
2018/01/18 00:00:00.0,6508,6540,6488,6532,137866,399296
2018/01/19 00:00:00.0,6526,6532,6448,6452,202286,413438
2018/01/22 00:00:00.0,6458,6524,6448,6512,129794,419846
2018/01/23 00:00:00.0,6514,6536,6496,6530,111696,425410
2018/01/24 00:00:00.0,6536,6580,6536,6566,145276,425882
2018/01/25 00:00:00.0,6572,6580,6536,6560,99468,430438
2018/01/26 00:00:00.0,6548,6606,6540,6586,137244,434208
2018/01/29 00:00:00.0,6582,6606,6570,6590,105650,438044
2018/01/30 00:00:00.0,6592,6592,6496,6504,174860,443964
2018/01/31 00:00:00.0,6506,6542,6498,6538,97960,436834
2018/02/01 00:00:00.0,6526,6536,6484,6506,102246,436816
2018/02/02 00:00:00.0,6510,6516,6418,6428,157300,444622
2018/02/05 00:00:00.0,6426,6460,6388,6448,148210,448834
2018/02/06 00:00:00.0,6446,6466,6410,6424,127106,446658
2018/02/07 00:00:00.0,6422,6478,6406,6428,144742,455854
2018/02/08 00:00:00.0,6422,6446,6380,6430,132648,453762
2018/02/09 00:00:00.0,6428,6446,6392,6398,119668,458016
2018/02/12 00:00:00.0,6402,6414,6358,6398,120768,457850
2018/02/13 00:00:00.0,6386,6410,6376,6396,84846,450476
2018/02/14 00:00:00.0,6382,6402,6304,6344,144958,445114
2018/02/22 00:00:00.0,6372,6386,6336,6346,68918,441202
2018/02/23 00:00:00.0,6342,6466,6336,6466,163710,438130
2018/02/26 00:00:00.0,6456,6518,6434,6498,104968,434086
2018/02/27 00:00:00.0,6488,6510,6470,6476,80880,433164
2018/02/28 00:00:00.0,6472,6514,6450,6510,116108,439512
2018/03/01 00:00:00.0,6500,6528,6444,6508,174952,442880
2018/03/02 00:00:00.0,6488,6488,6452,6468,57118,445752
2018/03/05 00:00:00.0,6542,6566,6478,6502,220886,445972
2018/03/06 00:00:00.0,6510,6526,6466,6490,146818,450348
2018/03/07 00:00:00.0,6506,6518,6416,6430,186652,455984
2018/03/08 00:00:00.0,6422,6448,6394,6428,134024,455384
2018/03/09 00:00:00.0,6418,6452,6358,6364,192154,449914
2018/03/12 00:00:00.0,6368,6412,6360,6388,120188,455392
2018/03/13 00:00:00.0,6400,6488,6390,6480,279710,474382
2018/03/14 00:00:00.0,6478,6522,6456,6462,244934,480756
2018/03/15 00:00:00.0,6468,6482,6410,6438,173600,481494
2018/03/16 00:00:00.0,6452,6504,6438,6448,231156,484130
2018/03/19 00:00:00.0,6442,6522,6432,6512,253622,503430
2018/03/20 00:00:00.0,6506,6510,6438,6488,215284,505516
2018/03/21 00:00:00.0,6488,6498,6432,6444,228826,500522
2018/03/22 00:00:00.0,6466,6510,6446,6494,219824,501964
2018/03/23 00:00:00.0,6488,6536,6440,6466,300842,488030
2018/03/26 00:00:00.0,6454,6518,6384,6462,355148,472004
2018/03/27 00:00:00.0,6456,6486,6416,6428,210024,479532
2018/03/28 00:00:00.0,6426,6450,6410,6424,139368,479044
2018/03/29 00:00:00.0,6420,6432,6358,6364,217314,481640
2018/03/30 00:00:00.0,6376,6466,6336,6434,252650,474140
2018/04/02 00:00:00.0,6424,6546,6420,6528,243196,465152
2018/04/03 00:00:00.0,6526,6540,6482,6516,208412,456866
2018/04/04 00:00:00.0,6506,6566,6504,6548,230348,445584
2018/04/09 00:00:00.0,6818,6818,6568,6582,245416,440128
2018/04/10 00:00:00.0,6578,6598,6568,6590,111722,443290
2018/04/11 00:00:00.0,6596,6636,6556,6588,186958,423540
2018/04/12 00:00:00.0,6604,6622,6516,6520,184826,421940
2018/04/13 00:00:00.0,6532,6544,6510,6536,114370,420458
2018/04/16 00:00:00.0,6536,6560,6478,6480,150554,415620
2018/04/17 00:00:00.0,6482,6488,6420,6486,173432,414804
2018/04/18 00:00:00.0,6490,6498,6454,6480,114210,412964
2018/04/19 00:00:00.0,6500,6546,6490,6546,163990,414314
2018/04/20 00:00:00.0,6542,6606,6542,6566,201782,412894
2018/04/23 00:00:00.0,6572,6616,6552,6574,173778,419162
2018/04/24 00:00:00.0,6568,6570,6506,6510,196928,423024
2018/04/25 00:00:00.0,6516,6562,6502,6536,142946,423186
2018/04/26 00:00:00.0,6528,6548,6480,6500,161822,419428
2018/04/27 00:00:00.0,6506,6516,6468,6472,139650,408640
2018/05/02 00:00:00.0,6444,6508,6440,6496,99678,412076
2018/05/03 00:00:00.0,6486,6540,6484,6532,140366,419292
2018/05/04 00:00:00.0,6520,6526,6482,6516,147678,428224
2018/05/07 00:00:00.0,6508,6572,6504,6548,146744,438738
2018/05/08 00:00:00.0,6552,6580,6516,6548,124932,443280
2018/05/09 00:00:00.0,6544,6646,6544,6630,289888,483490
2018/05/10 00:00:00.0,6634,6658,6626,6642,172900,490582
2018/05/11 00:00:00.0,6646,6670,6608,6644,179606,489866
2018/05/14 00:00:00.0,6636,6658,6606,6642,167266,487842
2018/05/15 00:00:00.0,6644,6678,6620,6640,185422,485344
2018/05/16 00:00:00.0,6648,6656,6560,6574,297376,454078
2018/05/17 00:00:00.0,6572,6597,6541,6597,183332,449450
2018/05/18 00:00:00.0,6599,6701,6599,6687,377746,476520
2018/05/21 00:00:00.0,6687,6866,6676,6771,803796,539454
2018/05/22 00:00:00.0,6773,6890,6754,6835,656762,578906
2018/05/23 00:00:00.0,6866,6866,6761,6823,542692,588710
2018/05/24 00:00:00.0,6819,6908,6804,6905,708434,628992
2018/05/25 00:00:00.0,6912,6985,6821,6834,776796,632904
2018/05/28 00:00:00.0,6828,6853,6786,6802,535474,632862
2018/05/29 00:00:00.0,6809,6945,6791,6943,714654,682424
2018/05/30 00:00:00.0,6934,7145,6884,7024,1515914,755976
2018/05/31 00:00:00.0,7052,7208,6974,7020,1682944,821866
2018/06/01 00:00:00.0,7026,7065,6972,7022,1136802,833672
2018/06/04 00:00:00.0,7020,7098,6982,6999,956376,823848
2018/06/05 00:00:00.0,7003,7011,6765,6891,1298194,738244
2018/06/06 00:00:00.0,6896,6921,6852,6880,554122,736784
2018/06/07 00:00:00.0,6876,6910,6837,6874,574090,740362
2018/06/08 00:00:00.0,6875,6927,6782,6791,831270,710246
2018/06/11 00:00:00.0,6796,6813,6729,6783,593854,690772
2018/06/12 00:00:00.0,6782,6824,6763,6775,534584,688598
2018/06/13 00:00:00.0,6769,6776,6691,6740,749838,672296
2018/06/14 00:00:00.0,6748,6829,6736,6767,768688,668986
2018/06/15 00:00:00.0,6757,6846,6751,6838,592606,672610
2018/06/19 00:00:00.0,6889,6897,6485,6488,1267670,608118
2018/06/20 00:00:00.0,6493,6718,6490,6572,839752,599384
2018/06/21 00:00:00.0,6580,6618,6562,6585,490738,600994
2018/06/22 00:00:00.0,6586,6605,6528,6559,416680,587706
2018/06/25 00:00:00.0,6571,6609,6553,6567,391706,583334
2018/06/26 00:00:00.0,6577,6577,6473,6528,480368,573018
2018/06/27 00:00:00.0,6531,6614,6530,6585,411710,553074
2018/06/28 00:00:00.0,6595,6614,6563,6569,304312,557126
2018/06/29 00:00:00.0,6585,6632,6536,6580,474686,562534
2018/07/02 00:00:00.0,6581,6655,6571,6594,452748,556986
2018/07/03 00:00:00.0,6611,6624,6522,6586,403516,559810
2018/07/04 00:00:00.0,6595,6605,6551,6570,298250,558734
2018/07/05 00:00:00.0,6580,6616,6533,6588,317074,557816
2018/07/06 00:00:00.0,6591,6621,6527,6575,454516,559136
2018/07/09 00:00:00.0,6571,6629,6567,6588,316074,562680
2018/07/10 00:00:00.0,6587,6594,6532,6548,302144,567590
2018/07/11 00:00:00.0,6557,6567,6473,6498,419284,571292
2018/07/12 00:00:00.0,6485,6506,6436,6454,385652,575218
2018/07/13 00:00:00.0,6445,6458,6349,6361,505910,576792
2018/07/16 00:00:00.0,6352,6376,6318,6357,369040,577896
2018/07/17 00:00:00.0,6358,6400,6339,6358,302216,573870
2018/07/18 00:00:00.0,6365,6389,6351,6367,231766,574004
2018/07/19 00:00:00.0,6385,6427,6378,6388,249124,568546
2018/07/20 00:00:00.0,6391,6414,6364,6369,248140,567490
2018/07/23 00:00:00.0,6377,6438,6372,6404,232354,556956
2018/07/24 00:00:00.0,6409,6420,6349,6392,215942,560208
2018/07/25 00:00:00.0,6398,6415,6377,6391,176568,558158
2018/07/26 00:00:00.0,6406,6462,6392,6449,271810,567796
2018/07/27 00:00:00.0,6459,6464,6413,6450,277858,569254
2018/07/30 00:00:00.0,6451,6487,6440,6459,219782,579196
2018/07/31 00:00:00.0,6468,6481,6414,6439,309426,586004
2018/08/01 00:00:00.0,6448,6461,6404,6452,283348,571726
2018/08/02 00:00:00.0,6464,6511,6436,6450,316484,569270
2018/08/03 00:00:00.0,6445,6499,6427,6470,264110,570122
2018/08/06 00:00:00.0,6484,6493,6443,6485,267366,572898
2018/08/07 00:00:00.0,6484,6597,6478,6571,386726,588794
2018/08/08 00:00:00.0,6585,6602,6551,6602,239696,591198
2018/08/09 00:00:00.0,6619,6643,6605,6618,125462,597448
2018/08/10 00:00:00.0,6615,6642,6584,6617,222978,595798
2018/08/13 00:00:00.0,6611,6636,6463,6551,280322,567936
2018/08/14 00:00:00.0,6549,6591,6534,6564,179116,566054
2018/08/15 00:00:00.0,6569,6614,6561,6597,226022,583044
2018/08/16 00:00:00.0,6582,6593,6515,6561,290596,561816
2018/08/17 00:00:00.0,6570,6763,6558,6672,681708,587598
2018/08/20 00:00:00.0,6678,6777,6666,6747,436366,597134
2018/08/21 00:00:00.0,6758,6760,6687,6742,332656,583126
2018/08/22 00:00:00.0,6741,6836,6735,6793,480656,583252
2018/08/23 00:00:00.0,6794,6813,6717,6734,328726,572516
2018/08/24 00:00:00.0,6729,6782,6703,6721,330382,570636
2018/08/27 00:00:00.0,6724,6747,6623,6628,302968,566584
2018/08/28 00:00:00.0,6640,6666,6604,6652,250450,566144
2018/08/29 00:00:00.0,6655,6678,6590,6593,288506,555192
2018/08/30 00:00:00.0,6608,6638,6591,6637,219362,547374
2018/08/31 00:00:00.0,6628,6661,6607,6614,213640,540510
2018/09/03 00:00:00.0,6614,6690,6556,6667,379190,547482
2018/09/04 00:00:00.0,6670,6739,6667,6702,355046,552454
2018/09/05 00:00:00.0,6703,6735,6683,6705,266706,558986
2018/09/06 00:00:00.0,6696,6759,6686,6732,305712,566230
2018/09/07 00:00:00.0,6729,6760,6688,6722,301876,568804
2018/09/10 00:00:00.0,6718,6784,6696,6771,381216,578198
2018/09/11 00:00:00.0,6764,6782,6713,6749,258596,573322
2018/09/12 00:00:00.0,6747,6799,6736,6746,367508,577532
2018/09/13 00:00:00.0,6736,6771,6680,6724,336672,573946
2018/09/14 00:00:00.0,6735,6789,6715,6732,310810,574774
2018/09/17 00:00:00.0,6740,6792,6736,6782,230424,536992
2018/09/18 00:00:00.0,6790,6820,6719,6735,347822,538608
2018/09/19 00:00:00.0,6735,6744,6647,6666,305788,544120
2018/09/20 00:00:00.0,6658,6693,6634,6639,208010,538734
2018/09/21 00:00:00.0,6643,6677,6582,6587,294208,548934
2018/09/25 00:00:00.0,6628,6652,6602,6641,148080,546440
2018/09/26 00:00:00.0,6651,6738,6646,6726,249976,533038
2018/09/27 00:00:00.0,6721,6724,6661,6691,188668,534346
2018/09/28 00:00:00.0,6682,6685,6647,6675,206704,523872
2018/10/08 00:00:00.0,6727,6736,6679,6697,135544,524186
2018/10/09 00:00:00.0,6694,6831,6694,6829,365520,544558
2018/10/10 00:00:00.0,6833,6869,6801,6844,399338,552648
2018/10/11 00:00:00.0,6835,6856,6720,6744,419032,549438
2018/10/12 00:00:00.0,6754,6807,6753,6799,259518,536950
2018/10/15 00:00:00.0,6813,6843,6790,6805,279918,543546
2018/10/16 00:00:00.0,6813,6845,6768,6782,315984,551354
2018/10/17 00:00:00.0,6778,6813,6762,6802,224538,553264
2018/10/18 00:00:00.0,6802,6805,6737,6739,261930,535352
2018/10/19 00:00:00.0,6739,6756,6705,6711,209236,524090
2018/10/22 00:00:00.0,6725,6767,6710,6751,198704,516514
2018/10/23 00:00:00.0,6749,6784,6697,6700,266750,524042
2018/10/24 00:00:00.0,6685,6700,6638,6642,319328,511294
2018/10/25 00:00:00.0,6650,6667,6574,6598,276064,508330
2018/10/26 00:00:00.0,6609,6628,6586,6609,182542,512122
2018/10/29 00:00:00.0,6604,6652,6562,6638,302068,508912
2018/10/30 00:00:00.0,6642,6702,6590,6605,331268,512886
2018/10/31 00:00:00.0,6603,6634,6582,6600,207342,513428
2018/11/01 00:00:00.0,6605,6636,6583,6590,196818,511606
2018/11/02 00:00:00.0,6597,6608,6424,6482,464298,484666
2018/11/05 00:00:00.0,6490,6554,6490,6531,191782,476676
2018/11/06 00:00:00.0,6521,6539,6499,6522,113324,474166
2018/11/07 00:00:00.0,6524,6552,6499,6524,131634,470240
2018/11/08 00:00:00.0,6522,6557,6477,6498,175430,470940
2018/11/09 00:00:00.0,6494,6519,6430,6457,191762,466130
2018/11/12 00:00:00.0,6453,6466,6369,6454,290900,455666
2018/11/13 00:00:00.0,6454,6457,6426,6439,145638,449444
2018/11/14 00:00:00.0,6437,6455,6341,6359,217258,446168
2018/11/15 00:00:00.0,6365,6404,6365,6389,169122,442594
2018/11/16 00:00:00.0,6396,6445,6386,6395,148876,445388
2018/11/19 00:00:00.0,6364,6377,6346,6365,143166,443864
2018/11/20 00:00:00.0,6358,6435,6304,6405,263232,446162
2018/11/21 00:00:00.0,6409,6450,6345,6429,311216,439636
2018/11/22 00:00:00.0,6444,6490,6411,6469,210042,444882
2018/11/23 00:00:00.0,6486,6520,6459,6509,219556,446970
2018/11/26 00:00:00.0,6508,6547,6470,6514,285736,445584
2018/11/27 00:00:00.0,6488,6543,6454,6455,293098,435340
2018/11/28 00:00:00.0,6456,6496,6447,6479,184686,430964
2018/11/29 00:00:00.0,6480,6521,6467,6478,192898,426120
2018/11/30 00:00:00.0,6493,6528,6473,6524,163540,421966
2018/12/03 00:00:00.0,6521,6540,6471,6489,285074,420954
2018/12/04 00:00:00.0,6487,6521,6455,6513,253308,414224
2018/12/05 00:00:00.0,6527,6562,6501,6534,252202,420710
2018/12/06 00:00:00.0,6532,6629,6510,6610,357928,436492
2018/12/07 00:00:00.0,6606,6638,6581,6615,308088,431248
2018/12/10 00:00:00.0,6628,6659,6586,6602,244268,441010
2018/12/11 00:00:00.0,6614,6635,6553,6590,232140,432996
2018/12/12 00:00:00.0,6601,6653,6583,6651,195030,440064
2018/12/13 00:00:00.0,6668,6668,6626,6645,157814,438124
2018/12/14 00:00:00.0,6632,6640,6549,6565,238296,424192
2018/12/17 00:00:00.0,6569,6610,6531,6601,176548,415908
2018/12/18 00:00:00.0,6600,6610,6556,6598,174440,420966
2018/12/19 00:00:00.0,6606,6642,6570,6632,196028,417712
2018/12/20 00:00:00.0,6642,6660,6465,6533,380862,392648
2018/12/21 00:00:00.0,6547,6547,6502,6513,131158,391730
2018/12/24 00:00:00.0,6510,6542,6481,6500,145780,383458
2018/12/25 00:00:00.0,6494,6512,6442,6452,143160,369680
2018/12/26 00:00:00.0,6453,6476,6440,6456,111860,368562
2018/12/27 00:00:00.0,6465,6469,6410,6439,189298,378524
