2012/01/17 00:00:00.0,2219,2219,2219,2219,2,2
2012/01/20 00:00:00.0,2218,2218,2204,2204,6,6
2012/01/30 00:00:00.0,2220,2220,2200,2219,8,12
2012/01/31 00:00:00.0,2206,2210,2198,2200,48,46
2012/02/01 00:00:00.0,2207,2207,2200,2204,36,74
2012/02/02 00:00:00.0,2198,2202,2198,2202,4,74
2012/02/03 00:00:00.0,2200,2211,2200,2206,26,80
2012/02/06 00:00:00.0,2222,2225,2208,2220,96,124
2012/02/07 00:00:00.0,2223,2223,2204,2208,52,146
2012/02/08 00:00:00.0,2216,2216,2206,2215,48,176
2012/02/09 00:00:00.0,2213,2213,2205,2205,62,218
2012/02/10 00:00:00.0,2200,2207,2200,2200,28,226
2012/02/13 00:00:00.0,2206,2208,2206,2208,4,226
2012/02/14 00:00:00.0,2203,2208,2201,2206,26,244
2012/02/15 00:00:00.0,2201,2201,2191,2199,14,254
2012/02/16 00:00:00.0,2203,2203,2196,2200,6,250
2012/02/17 00:00:00.0,2201,2204,2200,2200,22,266
2012/02/20 00:00:00.0,2209,2209,2200,2203,36,286
2012/02/21 00:00:00.0,2204,2204,2201,2201,12,294
2012/02/22 00:00:00.0,2203,2206,2202,2204,18,304
2012/02/23 00:00:00.0,2203,2203,2201,2201,22,314
2012/02/24 00:00:00.0,2202,2202,2201,2201,4,316
2012/02/27 00:00:00.0,2200,2202,2200,2201,14,322
2012/02/28 00:00:00.0,2200,2203,2200,2201,134,402
2012/02/29 00:00:00.0,2202,2238,2202,2238,396,676
2012/03/01 00:00:00.0,2218,2229,2213,2223,120,702
2012/03/02 00:00:00.0,2228,2242,2221,2242,312,738
2012/03/05 00:00:00.0,2249,2252,2240,2240,112,742
2012/03/06 00:00:00.0,2241,2249,2236,2241,94,742
2012/03/07 00:00:00.0,2235,2235,2226,2229,44,744
2012/03/08 00:00:00.0,2236,2236,2213,2221,196,738
2012/03/09 00:00:00.0,2221,2238,2221,2238,72,738
2012/03/12 00:00:00.0,2237,2268,2140,2233,218,740
2012/03/13 00:00:00.0,2240,2252,2240,2252,98,742
2012/03/14 00:00:00.0,2248,2248,2233,2233,98,740
2012/03/15 00:00:00.0,2233,2240,2226,2240,80,740
2012/03/16 00:00:00.0,2249,2250,2244,2249,76,740
2012/03/19 00:00:00.0,2260,2296,2248,2264,228,768
2012/03/20 00:00:00.0,2257,2258,2250,2253,56,766
2012/03/21 00:00:00.0,2258,2258,2258,2258,6,766
2012/03/22 00:00:00.0,2260,2268,2255,2257,20,766
2012/03/23 00:00:00.0,2265,2280,2265,2274,132,782
2012/03/26 00:00:00.0,2278,2286,2278,2286,56,796
2012/03/27 00:00:00.0,2292,2292,2283,2285,36,810
2012/03/28 00:00:00.0,2280,2286,2276,2284,46,806
2012/03/29 00:00:00.0,2280,2287,2274,2275,28,804
2012/03/30 00:00:00.0,2265,2281,2265,2279,72,820
2012/04/05 00:00:00.0,2292,2294,2287,2294,64,820
2012/04/06 00:00:00.0,2293,2295,2292,2295,8,828
2012/04/09 00:00:00.0,2296,2300,2293,2296,38,828
2012/04/10 00:00:00.0,2300,2300,2291,2300,44,836
2012/04/11 00:00:00.0,2290,2291,2284,2285,70,828
2012/04/12 00:00:00.0,2287,2290,2280,2282,58,840
2012/04/13 00:00:00.0,2300,2300,2281,2281,34,838
2012/04/16 00:00:00.0,2280,2290,2280,2286,62,838
2012/04/17 00:00:00.0,2284,2290,2284,2286,22,834
2012/04/18 00:00:00.0,2284,2288,2282,2288,82,838
2012/04/19 00:00:00.0,2289,2295,2286,2287,92,840
2012/04/20 00:00:00.0,2291,2293,2288,2288,10,842
2012/04/23 00:00:00.0,2281,2281,2280,2281,12,844
2012/04/24 00:00:00.0,2373,2373,2280,2291,68,870
2012/04/25 00:00:00.0,2285,2289,2285,2289,4,870
2012/04/26 00:00:00.0,2281,2281,2281,2281,2,872
2012/04/27 00:00:00.0,2288,2288,2281,2281,34,854
2012/05/02 00:00:00.0,2282,2282,2281,2281,8,854
2012/05/04 00:00:00.0,2275,2275,2274,2275,44,850
2012/05/07 00:00:00.0,2271,2276,2265,2265,16,860
2012/05/08 00:00:00.0,2270,2270,2260,2260,32,882
2012/05/09 00:00:00.0,2255,2274,2252,2252,30,900
2012/05/10 00:00:00.0,2250,2257,2246,2255,56,904
2012/05/11 00:00:00.0,2257,2257,2240,2240,38,910
2012/05/14 00:00:00.0,2236,2236,2205,2205,222,836
2012/05/15 00:00:00.0,2202,2211,2201,2211,24,846
2012/05/16 00:00:00.0,2210,2220,2201,2203,96,820
2012/05/17 00:00:00.0,2200,2230,2200,2214,24,820
2012/05/18 00:00:00.0,2208,2208,2208,2208,2,820
2012/05/21 00:00:00.0,2233,2240,2215,2223,194,882
2012/05/22 00:00:00.0,2218,2218,2211,2211,6,882
2012/05/23 00:00:00.0,2205,2205,2205,2205,2,882
2012/05/24 00:00:00.0,2206,2207,2206,2206,12,872
2012/05/25 00:00:00.0,2205,2205,2200,2200,44,832
2012/05/28 00:00:00.0,2210,2210,2210,2210,2,834
2012/05/29 00:00:00.0,2218,2218,2207,2212,16,834
2012/05/30 00:00:00.0,2201,2205,2201,2205,24,850
2012/05/31 00:00:00.0,2219,2219,2210,2212,14,846
2012/06/01 00:00:00.0,2201,2213,2201,2210,96,810
2012/06/04 00:00:00.0,2213,2216,2208,2208,20,814
2012/06/05 00:00:00.0,2237,2250,2237,2249,38,814
2012/06/06 00:00:00.0,2248,2250,2241,2241,28,812
2012/06/07 00:00:00.0,2239,2239,2239,2239,2,812
2012/06/08 00:00:00.0,2248,2248,2219,2236,28,806
2012/06/11 00:00:00.0,2235,2249,2235,2249,12,808
2012/06/13 00:00:00.0,2252,2261,2240,2240,26,808
2012/06/14 00:00:00.0,2240,2240,2235,2240,22,812
2012/06/15 00:00:00.0,2228,2249,2228,2230,10,814
2012/06/18 00:00:00.0,2236,2246,2233,2233,14,822
2012/06/19 00:00:00.0,2241,2241,2237,2239,34,850
2012/06/20 00:00:00.0,2233,2241,2233,2241,60,890
2012/06/21 00:00:00.0,2240,2242,2232,2237,46,924
2012/06/25 00:00:00.0,2235,2243,2235,2238,82,1000
2012/06/26 00:00:00.0,2236,2241,2236,2241,4,1000
2012/06/27 00:00:00.0,2237,2237,2227,2227,96,1024
2012/06/28 00:00:00.0,2230,2230,2212,2217,58,1016
2012/06/29 00:00:00.0,2227,2228,2221,2222,142,976
2012/07/02 00:00:00.0,2226,2228,2220,2224,40,956
2012/07/03 00:00:00.0,2239,2239,2230,2239,26,956
2012/07/04 00:00:00.0,2244,2248,2238,2240,110,934
2012/07/05 00:00:00.0,2242,2246,2242,2246,16,934
2012/07/06 00:00:00.0,2235,2236,2235,2236,2,934
2012/07/09 00:00:00.0,2248,2292,2248,2281,396,1008
2012/07/10 00:00:00.0,2280,2290,2261,2281,144,1012
2012/07/11 00:00:00.0,2275,2280,2254,2261,44,1016
2012/07/12 00:00:00.0,2291,2297,2264,2281,602,1106
2012/07/13 00:00:00.0,2283,2283,2282,2282,12,1096
2012/07/16 00:00:00.0,2290,2291,2273,2280,92,1094
2012/07/17 00:00:00.0,2280,2281,2267,2279,146,1132
2012/07/18 00:00:00.0,2276,2285,2276,2283,84,1090
2012/07/19 00:00:00.0,2288,2301,2284,2294,414,1224
2012/07/20 00:00:00.0,2291,2291,2268,2277,328,1094
2012/07/23 00:00:00.0,2271,2272,2261,2268,268,1004
2012/07/24 00:00:00.0,2249,2282,2245,2268,334,966
2012/07/25 00:00:00.0,2271,2275,2253,2266,324,786
2012/07/26 00:00:00.0,2272,2279,2267,2272,42,774
2012/07/27 00:00:00.0,2272,2278,2268,2273,30,758
2012/07/30 00:00:00.0,2284,2289,2276,2281,58,760
2012/07/31 00:00:00.0,2273,2284,2273,2284,132,762
2012/08/01 00:00:00.0,2279,2284,2279,2279,38,764
2012/08/02 00:00:00.0,2275,2283,2275,2280,54,760
2012/08/03 00:00:00.0,2273,2282,2273,2277,40,744
2012/08/06 00:00:00.0,2290,2290,2275,2278,10,750
2012/08/07 00:00:00.0,2269,2289,2269,2289,66,760
2012/08/08 00:00:00.0,2282,2284,2279,2279,30,758
2012/08/09 00:00:00.0,2281,2307,2281,2286,138,760
2012/08/10 00:00:00.0,2286,2286,2286,2286,2,760
2012/08/13 00:00:00.0,2278,2285,2278,2285,8,760
2012/08/14 00:00:00.0,2288,2288,2285,2287,26,758
2012/08/15 00:00:00.0,2291,2299,2291,2299,16,754
2012/08/16 00:00:00.0,2292,2295,2292,2295,46,742
2012/08/17 00:00:00.0,2296,2297,2296,2297,2,742
2012/08/20 00:00:00.0,2313,2313,2230,2298,54,726
2012/08/21 00:00:00.0,2306,2306,2297,2297,10,722
2012/08/22 00:00:00.0,2305,2306,2295,2301,24,720
2012/08/23 00:00:00.0,2301,2306,2300,2306,14,710
2012/08/24 00:00:00.0,2300,2305,2300,2301,38,680
2012/08/27 00:00:00.0,2304,2313,2302,2312,38,664
2012/08/28 00:00:00.0,2309,2328,2309,2328,122,708
2012/08/29 00:00:00.0,2319,2327,2317,2320,178,642
2012/08/30 00:00:00.0,2321,2324,2321,2323,86,600
2012/08/31 00:00:00.0,2325,2326,2325,2326,4,602
2012/09/03 00:00:00.0,2333,2333,2333,2333,10,608
2012/09/05 00:00:00.0,2318,2362,2310,2331,18,614
2012/09/06 00:00:00.0,2349,2350,2275,2290,284,430
2012/09/07 00:00:00.0,2302,2309,2290,2301,80,398
2012/09/10 00:00:00.0,2307,2310,2307,2310,12,398
2012/09/11 00:00:00.0,2310,2311,2307,2309,12,390
2012/09/13 00:00:00.0,2314,2327,2314,2323,12,384
2012/09/14 00:00:00.0,2328,2335,2328,2332,40,388
2012/09/17 00:00:00.0,2332,2342,2323,2323,44,378
2012/09/18 00:00:00.0,2313,2331,2305,2305,68,322
2012/09/19 00:00:00.0,2325,2325,2306,2323,52,318
2012/09/20 00:00:00.0,2320,2320,2314,2314,10,308
2012/09/21 00:00:00.0,2313,2318,2313,2318,14,306
2012/09/24 00:00:00.0,2320,2320,2295,2302,44,296
2012/09/25 00:00:00.0,2297,2299,2294,2294,10,292
2012/09/26 00:00:00.0,2303,2303,2292,2292,16,286
2012/09/27 00:00:00.0,2294,2294,2282,2292,58,262
2012/09/28 00:00:00.0,2293,2303,2291,2303,60,252
2012/10/08 00:00:00.0,2302,2323,2299,2318,100,224
2012/10/09 00:00:00.0,2317,2338,2317,2335,86,202
2012/10/10 00:00:00.0,2319,2338,2319,2324,6,200
2012/10/11 00:00:00.0,2323,2323,2323,2323,2,200
2012/10/15 00:00:00.0,2328,2331,2324,2328,28,196
2012/10/16 00:00:00.0,2324,2334,2324,2334,6,194
2012/10/17 00:00:00.0,2341,2341,2327,2341,6,198
2012/10/18 00:00:00.0,2323,2340,2323,2337,50,200
2012/10/19 00:00:00.0,2319,2335,2319,2326,26,198
2012/10/23 00:00:00.0,2315,2330,2315,2321,26,200
2012/10/24 00:00:00.0,2308,2326,2308,2326,6,196
2012/10/25 00:00:00.0,2327,2329,2322,2329,10,196
2012/10/26 00:00:00.0,2321,2336,2321,2334,40,202
2012/10/29 00:00:00.0,2334,2370,2327,2367,58,222
2012/10/30 00:00:00.0,2360,2368,2344,2358,56,212
2012/10/31 00:00:00.0,2350,2359,2350,2359,8,208
2012/11/01 00:00:00.0,2349,2372,2349,2356,38,202
2012/11/02 00:00:00.0,2367,2371,2358,2366,22,198
2012/11/05 00:00:00.0,2360,2380,2360,2368,14,198
2012/11/06 00:00:00.0,2367,2386,2367,2381,70,160
2012/11/07 00:00:00.0,2396,2396,2373,2381,36,156
2012/11/08 00:00:00.0,2372,2378,2366,2378,6,154
2012/11/09 00:00:00.0,2362,2374,2362,2364,6,152
2012/11/12 00:00:00.0,2374,2374,2357,2357,12,150
2012/11/13 00:00:00.0,2353,2357,2350,2354,22,152
2012/11/14 00:00:00.0,2368,2383,2368,2368,12,150
2012/11/16 00:00:00.0,2370,2377,2370,2377,6,146
2012/11/19 00:00:00.0,2379,2379,2379,2379,6,140
2012/11/21 00:00:00.0,2371,2381,2371,2373,20,142
2012/11/22 00:00:00.0,2377,2377,2351,2354,76,158
2012/11/23 00:00:00.0,2352,2356,2352,2354,6,156
2012/11/26 00:00:00.0,2349,2353,2339,2353,24,148
2012/11/27 00:00:00.0,2354,2358,2349,2354,10,146
2012/11/28 00:00:00.0,2361,2361,2351,2356,10,144
2012/11/29 00:00:00.0,2380,2386,2380,2386,80,68
2012/11/30 00:00:00.0,2388,2393,2388,2393,10,60
2012/12/03 00:00:00.0,2389,2403,2387,2403,18,48
2012/12/04 00:00:00.0,2414,2414,2405,2405,6,46
2012/12/06 00:00:00.0,2410,2410,2410,2410,2,44
2012/12/14 00:00:00.0,2422,2439,2422,2433,64,72
2012/12/17 00:00:00.0,2437,2443,2409,2430,30,72
2012/12/18 00:00:00.0,2443,2443,2443,2443,4,72
2012/12/19 00:00:00.0,2441,2453,2441,2453,18,70
2012/12/20 00:00:00.0,2460,2469,2453,2460,26,72
2012/12/24 00:00:00.0,2525,2525,2525,2525,6,74
2012/12/31 00:00:00.0,2504,2505,2448,2448,12,78
2013/01/07 00:00:00.0,2464,2471,2450,2467,18,78
2013/01/09 00:00:00.0,2488,2489,2483,2486,20,82
2013/01/10 00:00:00.0,2474,2475,2474,2475,26,88
2013/01/14 00:00:00.0,2463,2499,2454,2454,74,114
2013/01/15 00:00:00.0,2447,2455,2447,2455,10,106
2013/01/16 00:00:00.0,2458,2458,2458,2458,2,108
2013/01/17 00:00:00.0,2460,2460,2453,2453,4,110
2013/01/18 00:00:00.0,2441,2463,2441,2452,18,110
2013/01/21 00:00:00.0,2460,2461,2442,2449,18,108
2013/01/22 00:00:00.0,2452,2452,2422,2434,80,104
2013/01/23 00:00:00.0,2437,2442,2428,2442,22,106
2013/01/24 00:00:00.0,2425,2437,2422,2422,64,104
2013/01/25 00:00:00.0,2437,2449,2433,2449,38,116
2013/01/28 00:00:00.0,2447,2449,2446,2446,20,118
2013/01/31 00:00:00.0,2446,2447,2446,2447,2,118
2013/02/01 00:00:00.0,2454,2460,2454,2460,6,118
2013/02/05 00:00:00.0,2487,2488,2462,2462,6,116
2013/02/06 00:00:00.0,2454,2455,2454,2455,2,116
2013/02/07 00:00:00.0,2448,2449,2448,2449,4,114
2013/02/18 00:00:00.0,2446,2446,2444,2445,22,100
2013/03/01 00:00:00.0,2416,2421,2413,2420,26,102
2013/03/11 00:00:00.0,2431,2431,2402,2422,46,104
2013/04/12 00:00:00.0,2421,2421,2414,2414,10,84
2013/04/15 00:00:00.0,2428,2428,2414,2414,54,90
2013/04/16 00:00:00.0,2416,2416,2411,2413,14,96
2013/04/17 00:00:00.0,2413,2414,2410,2410,6,94
2013/04/18 00:00:00.0,2413,2420,2410,2410,14,98
2013/04/24 00:00:00.0,2384,2404,2384,2404,24,88
2013/04/26 00:00:00.0,2360,2389,2359,2389,28,82
2013/05/02 00:00:00.0,2383,2403,2380,2397,32,82
2013/05/03 00:00:00.0,2382,2411,2382,2404,22,86
2013/05/06 00:00:00.0,2386,2387,2386,2387,2,86
2013/05/07 00:00:00.0,2396,2399,2391,2399,22,92
2013/05/08 00:00:00.0,2400,2400,2387,2392,38,114
2013/05/14 00:00:00.0,2383,2383,2383,2383,6,118
2013/05/21 00:00:00.0,2374,2387,2367,2386,32,114
2013/05/22 00:00:00.0,2384,2391,2384,2391,16,114
2013/05/24 00:00:00.0,2370,2370,2358,2362,22,132
2013/05/27 00:00:00.0,2371,2371,2369,2369,12,138
2013/05/29 00:00:00.0,2382,2388,2370,2381,84,180
2013/06/04 00:00:00.0,2376,2384,2376,2384,58,192
2013/06/14 00:00:00.0,2439,2443,2427,2442,68,186
2013/06/17 00:00:00.0,2405,2406,2390,2395,62,192
2013/06/18 00:00:00.0,2417,2417,2385,2396,36,192
2013/06/21 00:00:00.0,2407,2407,2401,2401,40,192
2013/06/25 00:00:00.0,2400,2401,2400,2401,8,194
2013/07/04 00:00:00.0,2437,2464,2433,2460,76,144
2013/07/05 00:00:00.0,2471,2472,2462,2471,48,174
2013/07/08 00:00:00.0,2469,2469,2466,2469,32,194
2013/07/10 00:00:00.0,2475,2475,2470,2470,50,198
2013/07/18 00:00:00.0,2488,2497,2488,2497,14,182
2013/07/19 00:00:00.0,2479,2492,2479,2492,8,188
2013/07/22 00:00:00.0,2486,2486,2486,2486,4,190
2013/07/26 00:00:00.0,2500,2503,2453,2503,46,202
2013/07/29 00:00:00.0,2483,2512,2483,2500,36,192
2013/07/31 00:00:00.0,2506,2516,2501,2516,22,188
2013/08/01 00:00:00.0,2511,2511,2510,2510,12,182
2013/08/16 00:00:00.0,2479,2479,2477,2478,22,178
2013/08/26 00:00:00.0,2437,2502,2437,2502,108,126
2013/08/28 00:00:00.0,2505,2505,2453,2465,8,132
2013/08/30 00:00:00.0,2453,2507,2453,2470,18,134
2013/09/05 00:00:00.0,2520,2520,2507,2508,62,120
2013/09/11 00:00:00.0,2519,2519,2518,2519,10,112
2013/09/16 00:00:00.0,2572,2572,2555,2570,16,70
2013/09/17 00:00:00.0,2591,2592,2586,2592,12,70
2013/09/18 00:00:00.0,2604,2604,2591,2591,4,70
2013/09/27 00:00:00.0,2580,2615,2580,2593,22,76
2013/09/30 00:00:00.0,2601,2625,2600,2625,14,70
2013/10/08 00:00:00.0,2585,2605,2585,2605,30,72
2013/10/09 00:00:00.0,2610,2610,2590,2594,20,80
2013/10/14 00:00:00.0,2592,2618,2592,2618,42,82
2013/10/15 00:00:00.0,2606,2607,2604,2604,8,84
2013/10/17 00:00:00.0,2602,2617,2602,2616,16,88
2013/10/18 00:00:00.0,2600,2620,2600,2620,18,86
2013/10/23 00:00:00.0,2602,2633,2602,2613,38,82
2013/10/24 00:00:00.0,2609,2614,2603,2608,54,78
2013/10/31 00:00:00.0,2582,2585,2582,2585,14,78
2013/11/01 00:00:00.0,2604,2612,2594,2612,18,78
2013/11/11 00:00:00.0,2620,2620,2620,2620,2,78
2013/11/18 00:00:00.0,2591,2596,2591,2595,14,76
2013/11/19 00:00:00.0,2601,2606,2601,2606,8,72
2013/11/25 00:00:00.0,2629,2629,2599,2620,24,72
2013/12/02 00:00:00.0,2649,2649,2621,2621,14,34
2013/12/11 00:00:00.0,2615,2615,2608,2610,10,70
2013/12/17 00:00:00.0,2601,2601,2601,2601,18,72
2013/12/20 00:00:00.0,2612,2612,2581,2581,18,72
2013/12/23 00:00:00.0,2612,2612,2612,2612,2,72
2013/12/26 00:00:00.0,2618,2618,2618,2618,2,72
2014/01/06 00:00:00.0,2587,2596,2587,2592,36,82
2014/01/07 00:00:00.0,2585,2588,2582,2583,24,84
2014/01/08 00:00:00.0,2571,2573,2571,2572,12,82
2014/01/15 00:00:00.0,2558,2569,2554,2563,34,84
2014/01/16 00:00:00.0,2523,2554,2523,2554,22,58
2014/01/17 00:00:00.0,2557,2570,2535,2535,32,50
2014/01/21 00:00:00.0,2525,2540,2525,2540,8,56
2014/01/22 00:00:00.0,2562,2562,2562,2562,2,56
2014/01/28 00:00:00.0,2547,2547,2547,2547,2,54
2014/01/29 00:00:00.0,2551,2557,2551,2557,12,42
2014/01/30 00:00:00.0,2564,2566,2564,2566,6,38
2014/02/07 00:00:00.0,2567,2567,2567,2567,2,38
2014/02/10 00:00:00.0,2566,2567,2564,2564,18,36
2014/02/11 00:00:00.0,2561,2566,2561,2566,4,36
2014/02/24 00:00:00.0,2517,2580,2517,2535,112,44
2014/02/25 00:00:00.0,2536,2554,2536,2552,60,36
2014/02/28 00:00:00.0,2552,2572,2522,2532,286,80
2014/03/03 00:00:00.0,2548,2563,2534,2549,176,46
2014/03/04 00:00:00.0,2552,2552,2549,2549,6,44
2014/03/05 00:00:00.0,2548,2548,2548,2548,2,44
2014/03/07 00:00:00.0,2546,2546,2531,2531,12,48
2014/03/10 00:00:00.0,2519,2519,2519,2519,4,52
2014/03/11 00:00:00.0,2526,2526,2526,2526,2,50
2014/03/12 00:00:00.0,2521,2530,2521,2530,6,46
2014/03/13 00:00:00.0,2535,2541,2535,2541,4,44
2014/03/19 00:00:00.0,2518,2518,2518,2518,2,42
2014/03/21 00:00:00.0,2507,2507,2507,2507,4,78
2014/03/27 00:00:00.0,2508,2508,2508,2508,10,74
2014/04/08 00:00:00.0,2464,2464,2440,2440,10,80
2014/04/09 00:00:00.0,2447,2447,2419,2441,12,78
2014/04/11 00:00:00.0,2448,2477,2393,2405,60,62
2014/04/16 00:00:00.0,2411,2427,2411,2426,12,52
2014/04/17 00:00:00.0,2426,2426,2426,2426,2,50
2014/04/18 00:00:00.0,2430,2432,2430,2432,6,50
2014/04/21 00:00:00.0,2437,2437,2428,2429,6,46
2014/05/08 00:00:00.0,2476,2476,2401,2438,6,38
2014/05/09 00:00:00.0,2451,2451,2451,2451,2,38
2014/05/12 00:00:00.0,2407,2459,2407,2455,16,38
2014/05/13 00:00:00.0,2456,2456,2456,2456,2,38
2014/05/14 00:00:00.0,2466,2466,2448,2466,6,38
2014/05/20 00:00:00.0,2503,2503,2503,2503,2,28
2014/05/26 00:00:00.0,2493,2493,2468,2470,10,22
2014/05/27 00:00:00.0,2470,2470,2435,2435,4,20
2014/06/24 00:00:00.0,2467,2467,2467,2467,2,20
2014/06/30 00:00:00.0,2390,2478,2390,2478,6,18
2014/07/17 00:00:00.0,2479,2479,2467,2467,6,12
2014/08/05 00:00:00.0,2367,2367,2367,2367,2,34
2014/08/07 00:00:00.0,2408,2408,2408,2408,2,32
2014/08/14 00:00:00.0,2392,2456,2392,2441,12,40
2014/08/21 00:00:00.0,2444,2444,2442,2442,20,24
2014/08/25 00:00:00.0,2477,2499,2477,2496,28,30
2014/08/26 00:00:00.0,2490,2490,2490,2490,4,26
2014/08/29 00:00:00.0,2484,2499,2484,2496,12,14
2014/09/11 00:00:00.0,2512,2521,2512,2521,4,22
2014/09/16 00:00:00.0,2640,2640,2640,2640,58,32
2014/09/17 00:00:00.0,2589,2612,2589,2610,6,28
2014/10/13 00:00:00.0,2598,2598,2598,2598,4,22
2014/12/04 00:00:00.0,2640,2652,2611,2611,146,50
2014/12/05 00:00:00.0,2619,2619,2619,2619,2,50
2014/12/15 00:00:00.0,2583,2583,2583,2583,6,46
2014/12/25 00:00:00.0,2560,2621,2560,2619,8,42
2014/12/29 00:00:00.0,2617,2617,2617,2617,16,42
2014/12/31 00:00:00.0,2588,2588,2588,2588,16,50
2015/01/06 00:00:00.0,2581,2581,2577,2577,18,32
2015/01/13 00:00:00.0,2565,2565,2562,2562,4,38
2015/01/23 00:00:00.0,2541,2585,2541,2578,14,36
2015/01/29 00:00:00.0,2513,2524,2513,2524,4,26
2015/02/13 00:00:00.0,2515,2516,2506,2516,6,22
2015/02/17 00:00:00.0,2518,2518,2518,2518,2,20
2015/04/08 00:00:00.0,2558,2558,2492,2527,10,20
2015/04/10 00:00:00.0,2523,2523,2455,2455,8,14
2015/04/14 00:00:00.0,2489,2489,2489,2489,2,14
2015/05/06 00:00:00.0,2475,2475,2475,2475,2,10
2015/05/11 00:00:00.0,2425,2425,2425,2425,2,10
2015/05/12 00:00:00.0,2441,2466,2390,2466,12,12
2015/05/13 00:00:00.0,2408,2459,2408,2440,14,12
2015/05/14 00:00:00.0,2413,2413,2413,2413,2,10
2015/05/15 00:00:00.0,2404,2404,2404,2404,2,10
2015/05/19 00:00:00.0,2385,2393,2370,2370,8,8
2015/05/28 00:00:00.0,2613,2613,2613,2613,10,20
2015/06/10 00:00:00.0,2633,2633,2633,2633,2,18
2015/06/12 00:00:00.0,2667,2719,2621,2621,20,18
2015/06/19 00:00:00.0,2570,2570,2435,2532,10,12
2015/06/23 00:00:00.0,2486,2587,2478,2532,30,14
2015/06/24 00:00:00.0,2538,2549,2538,2549,4,12
2015/06/25 00:00:00.0,2573,2573,2502,2502,4,12
2015/06/30 00:00:00.0,2579,2632,2579,2616,16,20
2015/07/01 00:00:00.0,2628,2640,2614,2614,6,20
2015/07/03 00:00:00.0,2657,2657,2581,2581,20,24
2015/07/06 00:00:00.0,2563,2563,2530,2538,12,32
2015/07/08 00:00:00.0,2478,2479,2426,2479,16,30
2015/07/09 00:00:00.0,2411,2469,2411,2469,14,34
2015/07/16 00:00:00.0,2505,2505,2462,2462,6,32
2015/08/13 00:00:00.0,2440,2458,2393,2393,8,34
2015/08/17 00:00:00.0,2388,2388,2388,2388,2,34
2015/10/21 00:00:00.0,2271,2335,2271,2335,8,44
2015/10/22 00:00:00.0,2344,2347,2344,2347,4,44
2015/10/26 00:00:00.0,2350,2374,2350,2374,4,46
2015/10/27 00:00:00.0,2409,2409,2409,2409,2,48
2015/10/28 00:00:00.0,2358,2358,2358,2358,2,50
2015/11/02 00:00:00.0,2373,2373,2372,2372,6,56
2015/11/03 00:00:00.0,2378,2383,2378,2383,16,64
2015/11/04 00:00:00.0,2389,2410,2375,2375,10,64
2015/11/05 00:00:00.0,2344,2344,2334,2334,6,68
2015/11/06 00:00:00.0,2373,2373,2367,2367,4,68
2015/11/09 00:00:00.0,2366,2366,2366,2366,2,66
2015/11/25 00:00:00.0,2369,2379,2369,2379,6,66
2015/11/26 00:00:00.0,2392,2392,2392,2392,2,66
2015/11/27 00:00:00.0,2408,2429,2408,2429,10,74
2015/12/01 00:00:00.0,2423,2423,2422,2422,8,82
2015/12/02 00:00:00.0,2423,2430,2421,2421,46,98
2015/12/03 00:00:00.0,2421,2421,2421,2421,4,102
2015/12/07 00:00:00.0,2421,2464,2356,2462,50,138
2015/12/08 00:00:00.0,2456,2456,2455,2455,34,170
2015/12/09 00:00:00.0,2456,2456,2456,2456,4,174
2015/12/10 00:00:00.0,2479,2484,2479,2484,12,184
2015/12/11 00:00:00.0,2523,2541,2523,2541,4,186
2015/12/14 00:00:00.0,2599,2600,2597,2597,24,198
2015/12/15 00:00:00.0,2650,2650,2600,2600,12,208
2015/12/16 00:00:00.0,2595,2627,2595,2627,12,220
2015/12/17 00:00:00.0,2613,2613,2613,2613,6,226
2015/12/18 00:00:00.0,2613,2613,2613,2613,6,232
2015/12/21 00:00:00.0,2613,2614,2613,2614,16,248
2015/12/22 00:00:00.0,2614,2717,2614,2716,450,636
2015/12/23 00:00:00.0,2689,2689,2580,2583,162,662
2015/12/24 00:00:00.0,2476,2477,2475,2475,80,600
2015/12/25 00:00:00.0,2249,2397,2249,2397,726,44
2015/12/28 00:00:00.0,2374,2374,2364,2374,8,38
2016/03/09 00:00:00.0,2514,2514,2514,2514,2,16
2016/04/12 00:00:00.0,2565,2565,2565,2565,2,14
2016/04/21 00:00:00.0,2369,2369,2369,2369,2,14
2016/04/26 00:00:00.0,2496,2509,2413,2509,28,22
2016/04/27 00:00:00.0,2459,2459,2457,2457,4,24
2016/04/28 00:00:00.0,2416,2416,2416,2416,2,24
2016/05/03 00:00:00.0,2343,2477,2343,2477,16,32
2016/05/04 00:00:00.0,2429,2429,2429,2429,2,32
2016/05/05 00:00:00.0,2443,2464,2443,2464,6,34
2016/05/09 00:00:00.0,2438,2465,2393,2402,14,30
2016/05/18 00:00:00.0,2376,2376,2376,2376,2,26
2016/05/20 00:00:00.0,2338,2351,2338,2351,16,26
2016/05/23 00:00:00.0,2286,2377,2286,2355,8,26
2016/05/24 00:00:00.0,2371,2389,2371,2389,4,26
2016/05/25 00:00:00.0,2352,2371,2352,2371,4,24
2016/05/31 00:00:00.0,2365,2365,2341,2351,6,24
2016/06/03 00:00:00.0,2357,2385,2357,2371,10,20
2016/06/07 00:00:00.0,2368,2368,2368,2368,2,20
2016/06/08 00:00:00.0,2384,2387,2383,2383,10,24
2016/07/25 00:00:00.0,2362,2362,2362,2362,2,14
2016/07/27 00:00:00.0,2297,2297,2297,2297,2,14
2016/07/29 00:00:00.0,2235,2371,2235,2304,6,14
2016/08/03 00:00:00.0,2297,2297,2297,2297,2,12
2016/09/05 00:00:00.0,2303,2303,2303,2303,6,6
2016/09/20 00:00:00.0,2248,2338,2248,2338,4,8
2016/09/28 00:00:00.0,2222,2408,2222,2344,10,8
2016/10/14 00:00:00.0,2256,2348,2245,2348,8,10
2016/10/17 00:00:00.0,2286,2354,2286,2354,4,10
2016/10/20 00:00:00.0,2398,2398,2398,2398,2,12
2016/11/04 00:00:00.0,2501,2501,2475,2489,6,10
2016/11/18 00:00:00.0,2498,2500,2375,2428,12,8
2016/12/02 00:00:00.0,2430,2430,2430,2430,2,8
2017/02/23 00:00:00.0,2565,2565,2457,2457,4,4
2017/02/24 00:00:00.0,2506,2506,2506,2506,2,4
2017/02/27 00:00:00.0,2524,2524,2524,2524,2,4
2017/03/02 00:00:00.0,2547,2587,2547,2587,4,6
2017/03/13 00:00:00.0,2487,2527,2438,2527,12,4
2017/03/14 00:00:00.0,2504,2504,2504,2504,2,4
2017/05/04 00:00:00.0,2432,2432,2432,2432,2,10
2017/05/22 00:00:00.0,2439,2439,2439,2439,2,8
2017/05/24 00:00:00.0,2365,2371,2365,2371,4,8
2017/06/09 00:00:00.0,2405,2405,2322,2322,6,8
2017/06/26 00:00:00.0,2400,2400,2304,2304,4,8
2017/07/05 00:00:00.0,2397,2397,2393,2393,4,4
2017/07/13 00:00:00.0,2430,2469,2430,2430,2,4
2017/07/31 00:00:00.0,2540,2540,2540,2540,2,2
2017/08/04 00:00:00.0,2472,2472,2472,2472,2,2
2017/08/29 00:00:00.0,2550,2550,2550,2550,2,2
2017/09/01 00:00:00.0,2555,2555,2555,2555,2,2
2018/02/22 00:00:00.0,2478,2624,2478,2624,4,2
2018/02/23 00:00:00.0,2654,2654,2578,2642,6,2
2018/03/05 00:00:00.0,2520,2520,2520,2520,6,6
2018/04/09 00:00:00.0,2500,2504,2500,2504,4,6
2018/04/18 00:00:00.0,2558,2558,2402,2402,4,6
2018/04/26 00:00:00.0,2480,2480,2480,2480,4,6
2018/05/02 00:00:00.0,2214,2214,2214,2214,4,2
2018/07/04 00:00:00.0,2444,2445,2444,2445,6,8
2018/07/23 00:00:00.0,2343,2343,2343,2343,2,8
2018/08/02 00:00:00.0,2434,2435,2270,2270,24,8
2018/08/03 00:00:00.0,2273,2353,2273,2353,4,8
2018/08/07 00:00:00.0,2347,2400,2326,2400,12,16
2018/08/10 00:00:00.0,2293,2293,2293,2293,4,8
2018/08/17 00:00:00.0,2379,2421,2379,2421,14,22
2018/08/20 00:00:00.0,2346,2370,2346,2370,6,18
2018/08/30 00:00:00.0,2311,2368,2311,2359,8,18
2018/09/03 00:00:00.0,2332,2353,2332,2351,6,18
2018/09/13 00:00:00.0,2333,2342,2333,2342,4,16
2018/10/09 00:00:00.0,2362,2362,2318,2338,30,8
2018/10/17 00:00:00.0,2407,2407,2407,2407,8,8
2018/10/24 00:00:00.0,2368,2512,2368,2420,12,14
2018/10/25 00:00:00.0,2430,2432,2405,2405,32,22
2018/10/30 00:00:00.0,2412,2412,2412,2412,2,22
2018/11/08 00:00:00.0,2398,2398,2398,2398,4,26
2018/11/22 00:00:00.0,2347,2347,2293,2293,4,58
2018/11/26 00:00:00.0,2333,2367,2333,2336,34,40
2018/12/05 00:00:00.0,2426,2426,2324,2324,18,38
