2014/02/28 00:00:00.0,10569,10603,10454,10522,191708,38538
2014/03/03 00:00:00.0,10558,10617,10431,10448,86752,40130
2014/03/04 00:00:00.0,10445,10494,10406,10480,64064,48000
2014/03/05 00:00:00.0,10516,10526,10472,10515,41474,52438
2014/03/06 00:00:00.0,10509,10510,10299,10369,109558,63544
2014/03/07 00:00:00.0,10378,10378,10316,10351,58268,69598
2014/03/10 00:00:00.0,10253,10323,10155,10223,105576,78834
2014/03/11 00:00:00.0,10237,10450,10195,10314,82962,69996
2014/03/12 00:00:00.0,10242,10343,10214,10343,56550,81570
2014/03/13 00:00:00.0,10341,10377,10316,10353,31240,80978
2014/03/14 00:00:00.0,10334,10358,10281,10322,59852,80264
2014/03/17 00:00:00.0,10301,10419,10277,10308,33668,78586
2014/03/18 00:00:00.0,10277,10419,10274,10417,67846,76776
2014/03/19 00:00:00.0,10434,10465,10347,10347,42368,73014
2014/03/20 00:00:00.0,10357,10393,10327,10381,28612,68204
2014/03/21 00:00:00.0,10350,10424,10347,10411,26596,68196
2014/03/24 00:00:00.0,10419,10438,10378,10423,27012,71252
2014/03/25 00:00:00.0,10421,10559,10405,10520,59586,67820
2014/03/26 00:00:00.0,10506,10634,10498,10599,127016,73914
2014/03/27 00:00:00.0,10592,10601,10553,10572,47956,72704
2014/03/28 00:00:00.0,10575,10678,10571,10674,79232,77842
2014/03/31 00:00:00.0,10661,10693,10623,10641,43252,76736
2014/04/01 00:00:00.0,10646,10747,10617,10728,106626,87132
2014/04/02 00:00:00.0,10666,10725,10662,10688,52674,91006
2014/04/03 00:00:00.0,10683,10729,10625,10707,73992,94526
2014/04/04 00:00:00.0,10703,10841,10703,10830,97030,101680
2014/04/08 00:00:00.0,10822,10848,10743,10766,73248,104164
2014/04/09 00:00:00.0,10793,10793,10676,10746,87124,106092
2014/04/10 00:00:00.0,10759,10813,10694,10694,76676,107588
2014/04/11 00:00:00.0,10689,10730,10638,10715,63636,108814
2014/04/14 00:00:00.0,10755,10783,10696,10768,74690,115006
2014/04/15 00:00:00.0,10773,10826,10740,10795,92340,119644
2014/04/16 00:00:00.0,10783,10804,10748,10773,55024,120434
2014/04/17 00:00:00.0,10771,10899,10764,10875,115848,124528
2014/04/18 00:00:00.0,10885,10885,10797,10874,82298,118842
2014/04/21 00:00:00.0,10875,10935,10833,10887,56768,120786
2014/04/22 00:00:00.0,10888,11034,10860,10971,148238,134208
2014/04/23 00:00:00.0,10981,10982,10865,10922,92772,134512
2014/04/24 00:00:00.0,10920,10945,10813,10888,128014,132912
2014/04/25 00:00:00.0,10894,10911,10684,10702,128374,134070
2014/04/28 00:00:00.0,10710,10725,10662,10703,69638,129432
2014/04/29 00:00:00.0,10699,10763,10654,10753,93386,130328
2014/04/30 00:00:00.0,10754,10769,10707,10739,81300,138830
2014/05/05 00:00:00.0,10742,10834,10670,10833,128048,138944
2014/05/06 00:00:00.0,10815,10875,10796,10836,134888,138130
2014/05/07 00:00:00.0,10836,10943,10810,10909,175206,126888
2014/05/08 00:00:00.0,10930,10930,10821,10849,93844,121286
2014/05/09 00:00:00.0,10861,10861,10728,10748,105880,124190
2014/05/12 00:00:00.0,10769,10804,10692,10725,127566,119884
2014/05/13 00:00:00.0,10747,10758,10701,10751,83646,116860
2014/05/14 00:00:00.0,10777,10784,10690,10723,93664,119536
2014/05/15 00:00:00.0,10713,10713,10639,10645,115064,127524
2014/05/16 00:00:00.0,10638,10658,10572,10657,116576,139082
2014/05/19 00:00:00.0,10639,10699,10593,10647,119174,145730
2014/05/20 00:00:00.0,10630,10655,10577,10643,99308,152770
2014/05/21 00:00:00.0,10629,10736,10606,10713,160408,155360
2014/05/22 00:00:00.0,10712,10867,10704,10863,170954,166674
2014/05/23 00:00:00.0,10858,10958,10817,10947,243122,168986
2014/05/26 00:00:00.0,10939,10978,10886,10953,177868,178126
2014/05/27 00:00:00.0,10939,10945,10719,10723,186206,157096
2014/05/28 00:00:00.0,10725,10756,10660,10756,96936,150394
2014/05/29 00:00:00.0,10726,10859,10726,10814,139892,151048
2014/05/30 00:00:00.0,10807,10868,10752,10862,130400,152554
2014/06/03 00:00:00.0,10886,10954,10849,10948,140004,161954
2014/06/04 00:00:00.0,10941,11029,10922,10946,183772,164092
2014/06/05 00:00:00.0,10948,11022,10904,10992,192824,172040
2014/06/06 00:00:00.0,10992,11017,10943,10971,155056,170818
2014/06/09 00:00:00.0,10955,10993,10899,10942,138218,176608
2014/06/10 00:00:00.0,10960,11205,10960,11199,339254,205176
2014/06/11 00:00:00.0,11194,11299,11144,11196,530670,199908
2014/06/12 00:00:00.0,11182,11243,11127,11202,271674,200140
2014/06/13 00:00:00.0,11240,11378,11220,11242,362106,194308
2014/06/16 00:00:00.0,11246,11293,11163,11270,267230,192656
2014/06/17 00:00:00.0,11253,11280,11069,11095,323870,176958
2014/06/18 00:00:00.0,11107,11131,10999,11024,333538,179652
2014/06/19 00:00:00.0,11047,11056,10963,10974,197558,177406
2014/06/20 00:00:00.0,10979,11039,10939,11025,174102,183172
2014/06/23 00:00:00.0,11022,11033,10712,10712,398010,209568
2014/06/24 00:00:00.0,10713,10740,10675,10686,254994,212526
2014/06/25 00:00:00.0,10674,10710,10614,10659,296258,209698
2014/06/26 00:00:00.0,10668,10719,10624,10658,244928,219178
2014/06/27 00:00:00.0,10637,10761,10637,10716,232048,220354
2014/06/30 00:00:00.0,10709,10789,10692,10752,214600,221448
2014/07/01 00:00:00.0,10765,10896,10718,10884,375224,233088
2014/07/02 00:00:00.0,10893,10927,10667,10843,358204,211132
2014/07/03 00:00:00.0,10845,10939,10824,10867,277106,211346
2014/07/04 00:00:00.0,10863,10994,10856,10956,286032,220536
2014/07/07 00:00:00.0,10938,11017,10895,10987,252700,222022
2014/07/08 00:00:00.0,10992,10992,10864,10948,258046,224202
2014/07/09 00:00:00.0,10938,10964,10726,10806,288490,225704
2014/07/10 00:00:00.0,10783,10827,10744,10780,157108,227136
2014/07/11 00:00:00.0,10830,10846,10756,10814,191038,226422
2014/07/14 00:00:00.0,10754,10832,10736,10804,160844,220192
2014/07/15 00:00:00.0,10829,10915,10819,10838,256094,220756
2014/07/16 00:00:00.0,10821,10887,10744,10884,259724,231508
2014/07/17 00:00:00.0,10893,10920,10777,10777,241754,228432
2014/07/18 00:00:00.0,10780,10787,10575,10617,353374,222402
2014/07/21 00:00:00.0,10558,10658,10558,10636,210194,226678
2014/07/22 00:00:00.0,10652,10702,10619,10636,193640,226758
2014/07/23 00:00:00.0,10630,10705,10630,10700,189518,229932
2014/07/24 00:00:00.0,10699,10738,10679,10682,149688,226724
2014/07/25 00:00:00.0,10690,10791,10655,10791,203430,227546
2014/07/28 00:00:00.0,10798,10875,10770,10865,222056,233336
2014/07/29 00:00:00.0,10847,10943,10831,10922,194304,228942
2014/07/30 00:00:00.0,10909,10932,10865,10887,140238,224200
2014/07/31 00:00:00.0,10881,10889,10817,10837,112696,216024
2014/08/01 00:00:00.0,10822,10885,10768,10774,206668,214452
2014/08/04 00:00:00.0,10766,10814,10732,10782,117180,212086
2014/08/05 00:00:00.0,10792,10813,10647,10690,218748,209658
2014/08/06 00:00:00.0,10683,10742,10665,10729,131936,209704
2014/08/07 00:00:00.0,10720,10732,10659,10693,119174,209764
2014/08/08 00:00:00.0,10700,10711,10588,10642,164064,206606
2014/08/11 00:00:00.0,10641,10711,10639,10648,148112,188348
2014/08/12 00:00:00.0,10671,10671,10554,10554,132212,184132
2014/08/13 00:00:00.0,10533,10535,10470,10504,135538,185332
2014/08/14 00:00:00.0,10504,10541,10438,10496,204072,184622
2014/08/15 00:00:00.0,10481,10565,10458,10563,158344,179226
2014/08/18 00:00:00.0,10571,10592,10529,10583,131176,179860
2014/08/19 00:00:00.0,10589,10606,10553,10586,114888,181612
2014/08/20 00:00:00.0,10565,10569,10479,10498,177882,183518
2014/08/21 00:00:00.0,10524,10628,10524,10626,161960,192134
2014/08/22 00:00:00.0,10626,10632,10577,10597,151922,191358
2014/08/25 00:00:00.0,10566,10599,10534,10597,117542,193168
2014/08/26 00:00:00.0,10589,10634,10537,10582,164428,195062
2014/08/27 00:00:00.0,10575,10597,10555,10563,140810,192734
2014/08/28 00:00:00.0,10553,10569,10500,10518,138976,190982
2014/08/29 00:00:00.0,10523,10536,10462,10474,168192,194872
2014/09/01 00:00:00.0,10482,10509,10421,10449,126290,204684
2014/09/02 00:00:00.0,10454,10549,10447,10547,144870,195818
2014/09/03 00:00:00.0,10535,10551,10499,10551,125770,208144
2014/09/04 00:00:00.0,10570,10697,10557,10619,409918,274636
2014/09/05 00:00:00.0,10627,10629,10489,10506,218130,262690
2014/09/09 00:00:00.0,10497,10509,10408,10427,221128,258034
2014/09/10 00:00:00.0,10426,10463,10353,10359,154852,259350
2014/09/11 00:00:00.0,10324,10355,10290,10342,175072,257284
2014/09/12 00:00:00.0,10356,10372,10220,10280,205488,260850
2014/09/15 00:00:00.0,10261,10331,10246,10310,128628,255892
2014/09/16 00:00:00.0,10295,10375,10274,10320,159070,248272
2014/09/17 00:00:00.0,10354,10384,10255,10258,153302,251244
2014/09/18 00:00:00.0,10224,10255,10176,10183,181256,260026
2014/09/19 00:00:00.0,10173,10200,10115,10142,160898,259078
2014/09/22 00:00:00.0,10107,10110,9923,9960,214798,250134
2014/09/23 00:00:00.0,9938,9998,9816,9905,256946,260532
2014/09/24 00:00:00.0,9908,10016,9881,10014,202238,265582
2014/09/25 00:00:00.0,10030,10093,9972,10066,220494,268436
2014/09/26 00:00:00.0,10050,10126,9992,10103,214062,257044
2014/09/29 00:00:00.0,10109,10212,10011,10212,188838,245200
2014/09/30 00:00:00.0,10225,10256,10167,10248,149340,236100
2014/10/08 00:00:00.0,10125,10125,9900,9926,240272,247392
2014/10/09 00:00:00.0,9936,9970,9880,9932,187854,254570
2014/10/10 00:00:00.0,9848,9848,9541,9561,342542,271898
2014/10/13 00:00:00.0,9563,9727,9552,9639,221520,260126
2014/10/14 00:00:00.0,9663,9759,9649,9731,201544,247920
2014/10/15 00:00:00.0,9553,9797,9485,9720,351522,243648
2014/10/16 00:00:00.0,9673,9679,9550,9626,282648,258802
2014/10/17 00:00:00.0,9694,9734,9336,9351,513122,293148
2014/10/20 00:00:00.0,9374,9412,9229,9236,445216,318900
2014/10/21 00:00:00.0,9234,9263,9165,9214,424712,317994
2014/10/22 00:00:00.0,9273,9289,9227,9253,229862,312662
2014/10/23 00:00:00.0,9144,9392,9144,9378,405728,295094
2014/10/24 00:00:00.0,9428,9630,9419,9590,508344,286872
2014/10/27 00:00:00.0,9580,9615,9511,9545,348018,292608
2014/10/28 00:00:00.0,9558,9731,9558,9689,475434,307110
2014/10/29 00:00:00.0,9697,9776,9672,9774,387052,308086
2014/10/30 00:00:00.0,9771,9821,9712,9752,384388,280998
2014/10/31 00:00:00.0,9715,9842,9635,9808,555700,265602
2014/11/03 00:00:00.0,9792,9823,9681,9718,353208,257984
2014/11/04 00:00:00.0,9635,9684,9530,9547,444206,269504
2014/11/05 00:00:00.0,9507,9507,9321,9328,348096,271204
2014/11/06 00:00:00.0,9409,9535,9403,9514,543198,292650
2014/11/07 00:00:00.0,9498,9608,9467,9571,484496,308012
2014/11/10 00:00:00.0,9594,9682,9564,9667,418452,326626
2014/11/11 00:00:00.0,9618,9635,9408,9439,566424,328624
2014/11/12 00:00:00.0,9428,9503,9412,9427,381610,319024
2014/11/13 00:00:00.0,9377,9491,9348,9471,473048,330546
2014/11/14 00:00:00.0,9357,9389,9261,9331,499552,342366
2014/11/17 00:00:00.0,9383,9417,9301,9313,334090,339552
2014/11/18 00:00:00.0,9314,9331,9215,9256,354218,341948
2014/11/19 00:00:00.0,9232,9364,9177,9282,428282,335752
2014/11/20 00:00:00.0,9246,9310,9188,9192,321454,336736
2014/11/21 00:00:00.0,9269,9285,9193,9253,305642,343218
2014/11/24 00:00:00.0,9280,9326,9148,9181,376062,329704
2014/11/25 00:00:00.0,9138,9204,9027,9187,458010,339826
2014/11/26 00:00:00.0,9103,9142,9060,9115,308612,337668
2014/11/27 00:00:00.0,9114,9155,9053,9134,297868,340180
2014/11/28 00:00:00.0,8874,8967,8733,8780,543480,338704
2014/12/01 00:00:00.0,8628,8634,8472,8478,335274,319490
2014/12/02 00:00:00.0,8705,8731,8533,8546,297714,310790
2014/12/03 00:00:00.0,8471,8503,8352,8417,352238,322878
2014/12/04 00:00:00.0,8414,8479,8395,8421,361500,309700
2014/12/05 00:00:00.0,8363,8399,8262,8314,294748,303264
2014/12/08 00:00:00.0,8270,8344,8143,8147,367600,315682
2014/12/09 00:00:00.0,8012,8048,7880,7904,315410,317860
2014/12/10 00:00:00.0,7919,7946,7815,7886,381840,313624
2014/12/11 00:00:00.0,7782,7806,7715,7789,399016,318562
2014/12/12 00:00:00.0,7712,7851,7687,7819,392354,318718
2014/12/15 00:00:00.0,7737,8003,7630,7952,871972,332348
2014/12/16 00:00:00.0,7827,7946,7820,7899,641166,339978
2014/12/17 00:00:00.0,7902,7963,7757,7865,744748,347322
2014/12/18 00:00:00.0,7916,8016,7859,7934,776104,382902
2014/12/19 00:00:00.0,7935,7947,7849,7890,520400,372070
2014/12/22 00:00:00.0,7970,8109,7932,7947,726172,370962
2014/12/23 00:00:00.0,7878,7931,7845,7885,436238,355282
2014/12/24 00:00:00.0,7961,7972,7828,7906,537866,365710
2014/12/25 00:00:00.0,7885,7951,7854,7866,379974,371328
2014/12/26 00:00:00.0,7877,7899,7809,7819,458618,372456
2014/12/29 00:00:00.0,7803,7879,7789,7813,373918,372774
2014/12/30 00:00:00.0,7787,7979,7768,7857,586138,354866
2014/12/31 00:00:00.0,7874,7986,7868,7983,447658,357308
2015/01/05 00:00:00.0,7896,7896,7544,7580,634706,370820
2015/01/06 00:00:00.0,7470,7539,7385,7477,803260,419976
2015/01/07 00:00:00.0,7441,7490,7335,7382,756748,464742
2015/01/08 00:00:00.0,7427,7444,7349,7350,592590,500584
2015/01/09 00:00:00.0,7357,7375,7113,7114,1258496,577854
2015/01/12 00:00:00.0,7077,7171,7052,7161,722698,535752
2015/01/13 00:00:00.0,7107,7210,7085,7132,839424,519670
2015/01/14 00:00:00.0,7188,7235,7090,7124,838940,538460
2015/01/15 00:00:00.0,7206,7261,7158,7229,753866,533398
2015/01/16 00:00:00.0,7171,7213,7123,7181,636454,555932
2015/01/19 00:00:00.0,7231,7359,7231,7342,719108,510038
2015/01/20 00:00:00.0,7301,7323,7174,7201,592616,533418
2015/01/21 00:00:00.0,7181,7319,7163,7274,537886,542640
2015/01/22 00:00:00.0,7329,7344,7198,7262,738738,568682
2015/01/23 00:00:00.0,7276,7276,7210,7266,525786,551350
2015/01/26 00:00:00.0,7205,7225,7069,7113,626260,586710
2015/01/27 00:00:00.0,7143,7154,7103,7137,363900,584884
2015/01/28 00:00:00.0,7144,7228,7101,7223,505604,597798
2015/01/29 00:00:00.0,7189,7245,7170,7208,492978,596722
2015/01/30 00:00:00.0,7208,7220,7118,7139,447528,616298
2015/02/02 00:00:00.0,7268,7320,7239,7279,525450,601976
2015/02/03 00:00:00.0,7361,7519,7361,7511,787854,560856
2015/02/04 00:00:00.0,7566,7718,7566,7635,859290,512900
2015/02/05 00:00:00.0,7519,7545,7473,7536,504470,482566
2015/02/06 00:00:00.0,7656,7782,7611,7777,883198,513214
2015/02/09 00:00:00.0,7762,7768,7657,7711,632464,514874
2015/02/10 00:00:00.0,7705,7737,7667,7727,473762,513360
2015/02/11 00:00:00.0,7683,7771,7665,7753,488674,517642
2015/02/12 00:00:00.0,7742,7777,7684,7769,496374,499700
2015/02/13 00:00:00.0,7825,8038,7823,8036,911088,487900
2015/02/16 00:00:00.0,8069,8105,7968,8088,562698,436866
2015/02/17 00:00:00.0,8074,8124,7992,8063,418706,417608
2015/02/25 00:00:00.0,7963,8112,7918,8079,451268,407954
2015/02/26 00:00:00.0,8136,8269,8121,8266,608948,403600
2015/02/27 00:00:00.0,8200,8238,8089,8181,968470,438250
2015/03/02 00:00:00.0,8211,8472,8211,8394,1026190,467268
2015/03/03 00:00:00.0,8432,8445,8269,8273,725348,456998
2015/03/04 00:00:00.0,8279,8309,8184,8284,800810,479218
2015/03/05 00:00:00.0,8212,8244,8050,8118,972610,475230
2015/03/06 00:00:00.0,8114,8119,8027,8045,603080,471748
2015/03/09 00:00:00.0,7963,7997,7852,7965,735344,469528
2015/03/10 00:00:00.0,7960,8027,7910,7914,608674,482612
2015/03/11 00:00:00.0,7862,7922,7821,7822,707178,498628
2015/03/12 00:00:00.0,7831,8183,7826,8142,1162784,482820
2015/03/13 00:00:00.0,8095,8217,8072,8181,1223832,490120
2015/03/16 00:00:00.0,8065,8257,7958,8204,1624960,537872
2015/03/17 00:00:00.0,8215,8281,8140,8192,1512230,542672
2015/03/18 00:00:00.0,8132,8168,7954,7955,1317996,555800
2015/03/19 00:00:00.0,8058,8195,8058,8109,1243362,598978
2015/03/20 00:00:00.0,8157,8197,8088,8128,909052,580482
2015/03/23 00:00:00.0,8200,8398,8200,8376,1275632,574986
2015/03/24 00:00:00.0,8474,8523,8324,8406,1284820,571936
2015/03/25 00:00:00.0,8378,8420,8333,8346,961924,601808
2015/03/26 00:00:00.0,8468,8484,8330,8426,1210494,629578
2015/03/27 00:00:00.0,8383,8490,8338,8427,1295486,632916
2015/03/30 00:00:00.0,8350,8407,8285,8370,880388,625104
2015/03/31 00:00:00.0,8388,8445,8356,8381,739244,612202
2015/04/01 00:00:00.0,8334,8548,8319,8540,1147428,635160
2015/04/02 00:00:00.0,8654,8661,8559,8599,990178,632444
2015/04/03 00:00:00.0,8571,8619,8311,8370,1793292,696658
2015/04/07 00:00:00.0,8487,8502,8407,8447,773450,684322
2015/04/08 00:00:00.0,8471,8722,8449,8642,1527546,607480
2015/04/09 00:00:00.0,8556,8592,8428,8507,964414,592272
2015/04/10 00:00:00.0,8470,8584,8441,8513,941868,601006
2015/04/13 00:00:00.0,8546,8653,8497,8525,941434,611650
2015/04/14 00:00:00.0,8537,8564,8388,8442,1114438,617292
2015/04/15 00:00:00.0,8483,8483,8360,8411,749192,595060
2015/04/16 00:00:00.0,8489,8707,8480,8633,1220588,602196
2015/04/17 00:00:00.0,8638,8837,8612,8732,1000116,627664
2015/04/20 00:00:00.0,8792,8853,8718,8730,770054,636456
2015/04/21 00:00:00.0,8764,8780,8666,8705,777678,654918
2015/04/22 00:00:00.0,8675,8675,8551,8615,785174,636242
2015/04/23 00:00:00.0,8644,8735,8623,8675,725796,630462
2015/04/24 00:00:00.0,8762,8789,8664,8702,714510,645966
2015/04/27 00:00:00.0,8721,8960,8686,8899,924050,637572
2015/04/28 00:00:00.0,8898,8956,8861,8897,679566,618164
2015/04/29 00:00:00.0,8906,8964,8758,8814,982722,591066
2015/04/30 00:00:00.0,8912,8938,8876,8913,607086,597196
2015/05/04 00:00:00.0,8919,8998,8840,8885,691492,605396
2015/05/05 00:00:00.0,8896,8896,8810,8858,561942,592272
2015/05/06 00:00:00.0,8965,8986,8829,8863,821748,633818
2015/05/07 00:00:00.0,8782,8786,8678,8684,649608,643600
2015/05/08 00:00:00.0,8632,8632,8536,8594,626430,615126
2015/05/11 00:00:00.0,8652,8656,8514,8530,544782,648962
2015/05/12 00:00:00.0,8514,8527,8395,8411,694498,695862
2015/05/13 00:00:00.0,8460,8499,8402,8416,544796,709142
2015/05/14 00:00:00.0,8348,8435,8318,8428,572878,711026
2015/05/15 00:00:00.0,8397,8491,8394,8468,607250,731188
2015/05/18 00:00:00.0,8444,8444,8304,8326,533490,710360
2015/05/19 00:00:00.0,8313,8313,8209,8210,531872,689580
2015/05/20 00:00:00.0,8085,8261,8042,8208,887786,599132
2015/05/21 00:00:00.0,8225,8391,8184,8356,776058,616144
2015/05/22 00:00:00.0,8413,8418,8294,8358,552262,631816
2015/05/25 00:00:00.0,8301,8354,8275,8332,429326,626958
2015/05/26 00:00:00.0,8404,8495,8255,8256,919846,634918
2015/05/27 00:00:00.0,8235,8290,8212,8266,538680,616450
2015/05/28 00:00:00.0,8284,8287,8157,8214,489240,623808
2015/05/29 00:00:00.0,8241,8277,8221,8237,355994,624276
2015/06/01 00:00:00.0,8340,8379,8226,8239,380378,633048
2015/06/02 00:00:00.0,8244,8285,8186,8283,457580,648540
2015/06/03 00:00:00.0,8314,8356,8256,8323,543590,639020
2015/06/04 00:00:00.0,8284,8407,8252,8372,543528,622754
2015/06/05 00:00:00.0,8336,8408,8317,8398,524718,613526
2015/06/08 00:00:00.0,8413,8424,8302,8315,355542,619460
2015/06/09 00:00:00.0,8306,8335,8285,8311,247918,622228
2015/06/10 00:00:00.0,8361,8499,8348,8495,549870,617250
2015/06/11 00:00:00.0,8454,8608,8443,8590,746576,660616
2015/06/12 00:00:00.0,8522,8567,8476,8491,571292,646472
2015/06/15 00:00:00.0,8483,8549,8428,8545,391574,649412
2015/06/16 00:00:00.0,8557,8708,8473,8507,759344,661454
2015/06/17 00:00:00.0,8476,8542,8361,8362,517572,623794
2015/06/18 00:00:00.0,8353,8416,8294,8367,372608,592078
2015/06/19 00:00:00.0,8397,8472,8387,8437,478652,580414
2015/06/23 00:00:00.0,8401,8485,8353,8444,415532,555524
2015/06/24 00:00:00.0,8493,8542,8432,8527,443762,572136
2015/06/25 00:00:00.0,8498,8520,8471,8509,322926,573618
2015/06/26 00:00:00.0,8509,8634,8502,8610,543986,583220
2015/06/29 00:00:00.0,8608,8614,8391,8515,526754,564568
2015/06/30 00:00:00.0,8485,8549,8434,8516,426156,565750
2015/07/01 00:00:00.0,8527,8592,8493,8513,381722,559698
2015/07/02 00:00:00.0,8450,8552,8441,8540,324694,549846
2015/07/03 00:00:00.0,8536,8536,8468,8492,402394,541878
2015/07/06 00:00:00.0,8458,8458,8194,8251,660052,520848
2015/07/07 00:00:00.0,8148,8262,8000,8045,700112,513290
2015/07/08 00:00:00.0,7813,7906,7793,7793,209766,467734
2015/07/09 00:00:00.0,7899,8272,7899,8212,626016,408266
2015/07/10 00:00:00.0,8228,8348,8146,8202,564442,442258
2015/07/13 00:00:00.0,8168,8189,8018,8098,384316,440302
2015/07/14 00:00:00.0,8122,8204,8048,8048,423116,454078
2015/07/15 00:00:00.0,8148,8167,8051,8079,370758,457548
2015/07/16 00:00:00.0,8021,8021,7908,7975,421034,468488
2015/07/17 00:00:00.0,7936,8006,7916,7982,286454,472882
2015/07/20 00:00:00.0,7964,8031,7945,8023,315900,456436
2015/07/21 00:00:00.0,8001,8008,7916,7988,327878,460628
2015/07/22 00:00:00.0,7973,8095,7968,8080,417818,436020
2015/07/23 00:00:00.0,8047,8081,8017,8046,310672,415058
2015/07/24 00:00:00.0,8010,8013,7832,7833,487238,412612
2015/07/27 00:00:00.0,7859,7859,7583,7617,690328,430394
2015/07/28 00:00:00.0,7553,7770,7508,7722,571400,407568
2015/07/29 00:00:00.0,7798,7856,7740,7775,373054,393236
2015/07/30 00:00:00.0,7826,7852,7715,7719,315496,400762
2015/07/31 00:00:00.0,7691,7752,7670,7702,290510,402018
2015/08/03 00:00:00.0,7630,7655,7420,7517,507540,423488
2015/08/04 00:00:00.0,7461,7621,7411,7615,527560,407144
2015/08/05 00:00:00.0,7638,7719,7569,7712,539166,406748
2015/08/06 00:00:00.0,7647,7742,7607,7670,647694,414788
2015/08/07 00:00:00.0,7665,7783,7602,7768,669228,405118
2015/08/10 00:00:00.0,7720,7821,7684,7813,495982,399350
2015/08/11 00:00:00.0,7867,8044,7867,7994,754388,373194
2015/08/12 00:00:00.0,7954,8015,7910,7983,510566,347388
2015/08/13 00:00:00.0,8043,8043,7879,7983,438310,342890
2015/08/14 00:00:00.0,7924,8058,7919,7965,719994,357040
2015/08/17 00:00:00.0,7941,7967,7787,7801,569848,327492
2015/08/18 00:00:00.0,7784,7823,7640,7683,588612,315220
2015/08/19 00:00:00.0,7702,7779,7667,7738,647036,310156
2015/08/20 00:00:00.0,7658,7706,7573,7683,622464,309148
2015/08/21 00:00:00.0,7692,7763,7634,7642,520482,310298
2015/08/24 00:00:00.0,7549,7549,7353,7355,550024,328948
2015/08/25 00:00:00.0,7270,7449,7204,7351,548314,312320
2015/08/26 00:00:00.0,7419,7423,7303,7347,443566,321188
2015/08/27 00:00:00.0,7374,7442,7331,7434,541338,316338
2015/08/28 00:00:00.0,7671,7682,7562,7588,521032,298894
2015/08/31 00:00:00.0,7617,7617,7491,7505,419030,301358
2015/09/01 00:00:00.0,7650,7666,7586,7625,506424,295764
2015/09/02 00:00:00.0,7505,7597,7493,7577,460450,291038
2015/09/07 00:00:00.0,7594,7740,7553,7590,563236,313456
2015/09/08 00:00:00.0,7560,7593,7442,7524,718664,321070
2015/09/09 00:00:00.0,7620,7669,7569,7571,776484,317318
2015/09/10 00:00:00.0,7503,7562,7418,7561,985780,364842
2015/09/11 00:00:00.0,7583,7618,7522,7538,885682,386476
2015/09/14 00:00:00.0,7540,7598,7453,7459,736454,402982
2015/09/15 00:00:00.0,7451,7475,7345,7379,860124,448914
2015/09/16 00:00:00.0,7435,7436,7330,7388,1034200,464726
2015/09/17 00:00:00.0,7454,7463,7293,7300,1112024,523062
2015/09/18 00:00:00.0,7315,7359,7261,7292,1218904,509038
2015/09/21 00:00:00.0,7253,7374,7245,7371,1010642,485080
2015/09/22 00:00:00.0,7374,7374,7294,7311,806028,480222
2015/09/23 00:00:00.0,7321,7342,7244,7325,1071332,478456
2015/09/24 00:00:00.0,7257,7295,7225,7260,949210,508002
2015/09/25 00:00:00.0,7282,7282,7164,7164,1085688,531862
2015/09/28 00:00:00.0,7155,7190,7111,7120,905362,493386
2015/09/29 00:00:00.0,7104,7104,6942,7019,926828,473258
2015/09/30 00:00:00.0,7000,7034,6972,7026,605722,466032
2015/10/08 00:00:00.0,7148,7185,7091,7128,539970,451130
2015/10/09 00:00:00.0,7158,7401,7151,7355,997024,441214
2015/10/12 00:00:00.0,7329,7345,7284,7316,628152,444996
2015/10/13 00:00:00.0,7232,7244,7176,7215,649624,438706
2015/10/14 00:00:00.0,7183,7257,7160,7172,765648,452182
2015/10/15 00:00:00.0,7168,7202,7142,7143,772508,466504
2015/10/16 00:00:00.0,7165,7167,7068,7070,809552,497802
2015/10/19 00:00:00.0,7077,7096,7000,7028,769696,523856
2015/10/20 00:00:00.0,7004,7068,6984,7066,814746,507572
2015/10/21 00:00:00.0,7048,7060,6998,7035,859864,541522
2015/10/22 00:00:00.0,7042,7147,7042,7089,971500,537714
2015/10/23 00:00:00.0,7077,7102,6966,7019,981614,554054
2015/10/26 00:00:00.0,6994,6997,6916,6930,1058366,583292
2015/10/27 00:00:00.0,6903,6939,6860,6910,839574,579920
2015/10/28 00:00:00.0,6914,6926,6872,6904,728956,572406
2015/10/29 00:00:00.0,6979,6992,6886,6888,686550,590684
2015/10/30 00:00:00.0,6884,6884,6769,6798,957616,635000
2015/11/02 00:00:00.0,6805,6877,6787,6819,837112,625046
2015/11/03 00:00:00.0,6811,6819,6724,6740,969576,649842
2015/11/04 00:00:00.0,6768,6826,6736,6782,1192736,635978
2015/11/05 00:00:00.0,6720,6733,6598,6609,1244142,671442
2015/11/06 00:00:00.0,6588,6650,6575,6615,1129362,637944
2015/11/09 00:00:00.0,6570,6641,6561,6581,910732,644140
2015/11/10 00:00:00.0,6572,6572,6426,6460,1076738,659012
2015/11/11 00:00:00.0,6457,6476,6394,6418,1052254,632744
2015/11/12 00:00:00.0,6399,6421,6366,6379,1006934,628226
2015/11/13 00:00:00.0,6351,6365,6205,6234,1467204,667420
2015/11/16 00:00:00.0,6222,6242,6101,6102,1377718,704560
2015/11/17 00:00:00.0,6127,6127,6008,6091,1942408,709230
2015/11/18 00:00:00.0,6084,6091,5981,6055,1712058,667358
2015/11/19 00:00:00.0,6062,6118,5992,6007,1742378,671492
2015/11/20 00:00:00.0,6021,6052,5792,5792,2097868,716296
2015/11/23 00:00:00.0,5770,5770,5505,5533,2258944,734270
2015/11/24 00:00:00.0,5523,5774,5523,5739,2796214,705190
2015/11/25 00:00:00.0,5785,5818,5623,5709,2780566,724284
2015/11/26 00:00:00.0,5710,5921,5688,5908,2295048,649090
2015/11/27 00:00:00.0,5930,5989,5807,5877,2466202,590630
2015/11/30 00:00:00.0,5839,5843,5687,5803,1943764,586216
2015/12/01 00:00:00.0,5783,5970,5747,5934,2275580,605846
2015/12/02 00:00:00.0,5952,6006,5857,5880,1682056,646058
2015/12/03 00:00:00.0,5802,5891,5751,5875,1667378,648350
2015/12/04 00:00:00.0,5915,5929,5781,5793,1646182,633384
2015/12/07 00:00:00.0,5725,5795,5651,5772,1426608,636978
2015/12/08 00:00:00.0,5654,5673,5446,5446,1700864,699036
2015/12/09 00:00:00.0,5481,5513,5416,5477,1528068,705244
2015/12/10 00:00:00.0,5451,5515,5391,5488,1741484,722534
2015/12/11 00:00:00.0,5467,5510,5430,5493,1541684,763462
2015/12/14 00:00:00.0,5429,5537,5370,5517,1915864,787584
2015/12/15 00:00:00.0,5557,5594,5498,5520,1379224,768720
2015/12/16 00:00:00.0,5520,5565,5503,5539,1288282,746468
2015/12/17 00:00:00.0,5516,5619,5509,5527,1523980,725960
2015/12/18 00:00:00.0,5510,5562,5465,5558,1610158,729898
2015/12/21 00:00:00.0,5568,5705,5539,5702,1690384,724784
2015/12/22 00:00:00.0,5697,5775,5678,5774,1602482,732050
2015/12/23 00:00:00.0,5768,5782,5664,5750,1663846,746128
2015/12/24 00:00:00.0,5785,5931,5783,5866,2780252,806694
2015/12/25 00:00:00.0,5877,5893,5818,5846,1542152,794108
2015/12/28 00:00:00.0,5838,5892,5706,5711,1676488,800080
2015/12/29 00:00:00.0,5696,5807,5661,5792,1759898,749832
2015/12/30 00:00:00.0,5831,5863,5746,5779,1948326,776008
2015/12/31 00:00:00.0,5769,5888,5752,5788,2084844,761674
2016/01/04 00:00:00.0,5841,5852,5706,5750,1756956,756096
2016/01/05 00:00:00.0,5729,5802,5704,5770,1786938,746216
2016/01/06 00:00:00.0,5718,5780,5681,5683,1854482,815582
2016/01/07 00:00:00.0,5651,5677,5514,5575,1946908,768476
2016/01/08 00:00:00.0,5604,5638,5582,5632,1383164,739184
2016/01/11 00:00:00.0,5576,5626,5526,5578,1893396,726266
2016/01/12 00:00:00.0,5527,5545,5477,5529,1802948,755692
2016/01/13 00:00:00.0,5525,5559,5498,5531,1547614,787140
2016/01/14 00:00:00.0,5521,5628,5509,5624,1674670,826784
2016/01/15 00:00:00.0,5645,5675,5613,5619,1488194,765018
2016/01/18 00:00:00.0,5585,5761,5568,5751,1655006,795662
2016/01/19 00:00:00.0,5743,5927,5726,5899,1961868,821722
2016/01/20 00:00:00.0,5851,5871,5799,5840,1537074,787810
2016/01/21 00:00:00.0,5837,5945,5792,5862,2032754,820996
2016/01/22 00:00:00.0,5957,6022,5885,5915,1821852,834282
2016/01/25 00:00:00.0,5939,5975,5894,5937,1260150,837342
2016/01/26 00:00:00.0,5905,6009,5901,6004,1509772,876398
2016/01/27 00:00:00.0,6036,6134,6022,6131,1859622,887456
2016/01/28 00:00:00.0,6135,6151,6098,6114,1279664,890528
2016/01/29 00:00:00.0,6112,6117,6002,6045,1526866,840532
2016/02/01 00:00:00.0,6057,6095,6023,6038,1156540,842048
2016/02/02 00:00:00.0,6022,6118,6019,6108,1390246,838004
2016/02/03 00:00:00.0,6086,6184,6070,6164,1284358,810928
2016/02/04 00:00:00.0,6205,6314,6191,6303,1102926,772418
2016/02/05 00:00:00.0,6282,6344,6235,6329,1047108,777870
2016/02/15 00:00:00.0,6288,6312,6183,6223,1201932,823160
2016/02/16 00:00:00.0,6247,6253,6165,6187,1264276,882356
2016/02/17 00:00:00.0,6170,6207,6058,6073,1305600,881348
2016/02/18 00:00:00.0,6094,6165,6094,6117,1166326,875638
2016/02/19 00:00:00.0,6106,6284,6049,6272,2057002,881176
2016/02/22 00:00:00.0,6286,6376,6236,6254,1761134,875362
2016/02/23 00:00:00.0,6279,6310,6214,6297,1552954,882758
2016/02/24 00:00:00.0,6256,6346,6253,6315,1983958,909838
2016/02/25 00:00:00.0,6345,6472,6341,6408,2056404,887302
2016/02/26 00:00:00.0,6365,6494,6323,6460,2243488,938696
2016/02/29 00:00:00.0,6459,6485,6362,6418,1967450,896948
2016/03/01 00:00:00.0,6473,6532,6431,6515,2007808,921710
2016/03/02 00:00:00.0,6498,6660,6488,6631,1925654,961114
2016/03/03 00:00:00.0,6644,6733,6639,6722,1958858,933348
2016/03/04 00:00:00.0,6744,6984,6744,6872,2670552,860166
2016/03/07 00:00:00.0,7174,7193,6871,6914,2819500,820710
2016/03/08 00:00:00.0,6956,7020,6716,6904,2498342,780154
2016/03/09 00:00:00.0,6751,7062,6691,6994,2634786,759092
2016/03/10 00:00:00.0,7032,7126,6887,6912,2706198,757832
2016/03/11 00:00:00.0,6923,6987,6757,6759,2395232,765130
2016/03/14 00:00:00.0,6778,6865,6684,6691,2440774,776030
2016/03/15 00:00:00.0,6698,6811,6662,6689,2212802,774196
2016/03/16 00:00:00.0,6707,6890,6707,6878,2406554,796184
2016/03/17 00:00:00.0,6944,7099,6944,7099,2070374,834982
2016/03/18 00:00:00.0,7154,7269,7095,7190,2647176,795368
2016/03/21 00:00:00.0,7157,7323,7116,7199,2125620,819842
2016/03/22 00:00:00.0,7225,7254,6976,6986,2494428,885482
2016/03/23 00:00:00.0,7018,7111,6990,7012,2096014,852248
2016/03/24 00:00:00.0,6922,7139,6881,7029,2695718,873792
2016/03/25 00:00:00.0,7065,7200,7037,7138,2505678,857448
2016/03/28 00:00:00.0,7179,7206,7037,7068,2132164,888812
2016/03/29 00:00:00.0,7105,7110,6974,7064,2456260,893040
2016/03/30 00:00:00.0,7073,7113,7007,7085,2120330,889460
2016/03/31 00:00:00.0,7041,7051,6895,6960,2363174,923502
2016/04/01 00:00:00.0,6998,7273,6996,7252,2393008,957380
2016/04/05 00:00:00.0,7157,7197,7030,7080,1933990,932662
2016/04/06 00:00:00.0,7145,7145,6972,7005,1901968,934050
2016/04/07 00:00:00.0,7066,7072,6893,6893,2198512,998980
2016/04/08 00:00:00.0,6895,6895,6672,6775,2496194,961518
2016/04/11 00:00:00.0,6867,6933,6755,6873,2703388,890014
2016/04/12 00:00:00.0,6897,6947,6770,6876,2287252,864404
2016/04/13 00:00:00.0,6974,7133,6823,6825,3245078,799642
2016/04/14 00:00:00.0,6820,6898,6775,6857,2257500,787824
2016/04/15 00:00:00.0,6853,6936,6793,6818,2265972,830340
2016/04/18 00:00:00.0,6742,6856,6692,6788,2220636,803516
2016/04/19 00:00:00.0,6852,6925,6635,6687,2498516,872208
2016/04/20 00:00:00.0,6744,6763,6529,6572,2862796,889994
2016/04/21 00:00:00.0,6621,6894,6605,6821,3854516,835278
2016/04/22 00:00:00.0,6723,6863,6668,6774,2483372,743534
2016/04/25 00:00:00.0,6729,6952,6707,6921,2126474,760160
2016/04/26 00:00:00.0,6915,7142,6883,7064,1846414,765282
2016/04/27 00:00:00.0,7115,7223,6979,7074,1432758,744356
2016/04/28 00:00:00.0,7071,7102,6863,6870,1189642,729066
2016/04/29 00:00:00.0,6920,6968,6883,6922,843172,714000
2016/05/03 00:00:00.0,6912,6912,6738,6807,726280,721678
2016/05/04 00:00:00.0,6772,6848,6725,6789,736970,750336
2016/05/05 00:00:00.0,6811,6837,6748,6787,680902,760228
2016/05/06 00:00:00.0,6712,6770,6620,6711,774830,717140
2016/05/09 00:00:00.0,6759,6765,6519,6597,799874,727458
2016/05/10 00:00:00.0,6524,6651,6460,6645,811380,683516
2016/05/11 00:00:00.0,6684,6763,6659,6720,640048,669476
2016/05/12 00:00:00.0,6739,6820,6689,6775,540078,652108
2016/05/13 00:00:00.0,6671,6780,6610,6766,890430,665946
2016/05/16 00:00:00.0,6761,6801,6635,6645,711738,671834
2016/05/17 00:00:00.0,6676,6721,6603,6645,711172,678334
2016/05/18 00:00:00.0,6686,6758,6555,6556,775408,734162
2016/05/19 00:00:00.0,6535,6597,6465,6505,688382,771218
2016/05/20 00:00:00.0,6552,6561,6450,6454,539590,809540
2016/05/23 00:00:00.0,6382,6422,6258,6310,854890,835062
2016/05/24 00:00:00.0,6327,6347,6224,6252,644800,873718
2016/05/25 00:00:00.0,6299,6391,6267,6340,680816,843682
2016/05/26 00:00:00.0,6358,6436,6318,6435,636654,818792
2016/05/27 00:00:00.0,6390,6406,6287,6360,618350,841932
2016/05/30 00:00:00.0,6332,6522,6320,6515,656750,829424
2016/05/31 00:00:00.0,6516,6666,6481,6633,813920,823542
2016/06/01 00:00:00.0,6599,6628,6533,6577,514904,801386
2016/06/02 00:00:00.0,6619,6642,6526,6544,490578,803238
2016/06/03 00:00:00.0,6557,6697,6557,6692,558874,797920
2016/06/06 00:00:00.0,6715,6721,6622,6681,549284,788652
2016/06/07 00:00:00.0,6706,6706,6630,6676,320520,792322
2016/06/08 00:00:00.0,6663,6796,6663,6735,546626,790126
2016/06/13 00:00:00.0,6685,6831,6672,6826,489122,796750
2016/06/14 00:00:00.0,6827,6847,6704,6738,487380,795848
2016/06/15 00:00:00.0,6712,6730,6628,6711,522002,809000
2016/06/16 00:00:00.0,6698,6828,6678,6809,498390,842020
2016/06/17 00:00:00.0,6782,6957,6735,6944,647876,891426
2016/06/20 00:00:00.0,7000,7103,6969,7090,546262,896594
2016/06/21 00:00:00.0,7087,7221,7087,7175,759636,906946
2016/06/22 00:00:00.0,7206,7277,7125,7249,540278,920176
2016/06/23 00:00:00.0,7248,7257,7161,7229,493462,908222
2016/06/24 00:00:00.0,7219,7363,7165,7328,885154,975730
2016/06/27 00:00:00.0,7326,7614,7326,7611,938020,1031028
2016/06/28 00:00:00.0,7624,7871,7561,7860,1015164,1035854
2016/06/29 00:00:00.0,7869,7869,7577,7713,1121596,1008804
2016/06/30 00:00:00.0,7719,7971,7710,7837,1139278,1041754
2016/07/01 00:00:00.0,7855,7855,7668,7776,723832,1006318
2016/07/04 00:00:00.0,7933,8151,7850,8146,704792,1023734
2016/07/05 00:00:00.0,8074,8166,7878,8133,1002314,1027856
2016/07/06 00:00:00.0,7900,8115,7797,8091,1247862,1153470
2016/07/07 00:00:00.0,8171,8251,8009,8046,917330,1117548
2016/07/08 00:00:00.0,7931,7940,7717,7812,1153908,1161500
2016/07/11 00:00:00.0,7818,7867,7736,7821,652620,1138840
2016/07/12 00:00:00.0,7811,8027,7780,8010,802888,1184738
2016/07/13 00:00:00.0,8071,8105,7824,7858,900756,1163572
2016/07/14 00:00:00.0,7837,7989,7760,7936,799694,1145900
2016/07/15 00:00:00.0,7878,7957,7853,7929,613806,1140584
2016/07/18 00:00:00.0,7871,7966,7789,7847,677078,1101258
2016/07/19 00:00:00.0,7862,7870,7694,7796,888252,1200030
2016/07/20 00:00:00.0,7796,8024,7713,7777,720332,1172006
2016/07/21 00:00:00.0,7818,7918,7746,7912,643838,1185558
2016/07/22 00:00:00.0,7851,7933,7836,7880,522822,1164996
2016/07/25 00:00:00.0,7845,7846,7722,7767,544132,1160394
2016/07/26 00:00:00.0,7737,7743,7640,7680,652764,1207782
2016/07/27 00:00:00.0,7723,7789,7644,7689,571942,1178202
2016/07/28 00:00:00.0,7662,7985,7654,7965,974782,1158540
2016/07/29 00:00:00.0,7963,7971,7811,7848,536668,1074812
2016/08/01 00:00:00.0,7889,8017,7889,7931,571440,1089796
2016/08/02 00:00:00.0,7880,8008,7836,7943,549094,1080012
2016/08/03 00:00:00.0,7943,7984,7892,7952,474304,1089168
2016/08/04 00:00:00.0,7983,8045,7850,7910,508250,1074450
2016/08/05 00:00:00.0,7971,7982,7916,7969,513680,1066788
2016/08/08 00:00:00.0,7973,8086,7897,7985,701098,1107152
2016/08/09 00:00:00.0,8028,8028,7922,7990,440900,1087926
2016/08/10 00:00:00.0,7998,8006,7706,7763,751956,1039790
2016/08/11 00:00:00.0,7714,7789,7690,7740,508346,1010614
2016/08/12 00:00:00.0,7797,7803,7728,7767,308814,991758
2016/08/15 00:00:00.0,7763,7848,7753,7827,524134,981688
2016/08/16 00:00:00.0,7810,7839,7711,7749,420558,937222
2016/08/17 00:00:00.0,7735,7755,7605,7618,436134,937834
2016/08/18 00:00:00.0,7596,7772,7577,7718,532792,868576
2016/08/19 00:00:00.0,7741,7779,7694,7743,339674,836962
2016/08/22 00:00:00.0,7744,7761,7618,7657,339564,822392
2016/08/23 00:00:00.0,7650,7774,7650,7737,408676,818328
2016/08/24 00:00:00.0,7754,7812,7635,7667,598118,848928
2016/08/25 00:00:00.0,7631,7661,7552,7625,363938,769406
2016/08/26 00:00:00.0,7626,7636,7549,7558,358290,783214
2016/08/29 00:00:00.0,7525,7547,7272,7369,557338,844486
2016/08/30 00:00:00.0,7368,7436,7359,7361,313438,793116
2016/08/31 00:00:00.0,7390,7443,7284,7326,449858,780808
2016/09/01 00:00:00.0,7301,7331,7248,7259,318660,774314
2016/09/02 00:00:00.0,7279,7305,7179,7194,497086,814196
2016/09/05 00:00:00.0,7222,7248,7144,7159,309886,813466
2016/09/06 00:00:00.0,7162,7350,7162,7314,573100,836598
2016/09/07 00:00:00.0,7320,7329,7253,7315,249402,796946
2016/09/08 00:00:00.0,7316,7342,7280,7284,363128,808336
2016/09/09 00:00:00.0,7289,7317,7187,7201,444926,849590
2016/09/12 00:00:00.0,7170,7170,7029,7096,470312,932926
2016/09/13 00:00:00.0,7130,7156,7047,7081,335154,920850
2016/09/14 00:00:00.0,7050,7133,7028,7099,265284,899762
2016/09/19 00:00:00.0,7042,7097,7019,7037,255522,892366
2016/09/20 00:00:00.0,7043,7092,6904,7066,441872,933418
2016/09/21 00:00:00.0,7103,7258,7066,7097,351434,879878
2016/09/22 00:00:00.0,7121,7171,7045,7047,368744,893092
2016/09/23 00:00:00.0,7054,7066,6951,7005,296114,906592
2016/09/26 00:00:00.0,7022,7038,6955,6992,221260,909738
2016/09/27 00:00:00.0,7029,7105,6955,7091,364308,900580
2016/09/28 00:00:00.0,7091,7137,7053,7094,268234,869588
2016/09/29 00:00:00.0,7168,7303,7128,7228,463318,892382
2016/09/30 00:00:00.0,7235,7246,7186,7214,207660,843174
2016/10/10 00:00:00.0,7339,7480,7311,7478,438818,905992
2016/10/11 00:00:00.0,7555,7595,7502,7558,400092,906952
2016/10/12 00:00:00.0,7529,7594,7498,7574,298832,923006
2016/10/13 00:00:00.0,7583,7583,7406,7428,401594,912720
2016/10/14 00:00:00.0,7440,7473,7358,7417,343916,948026
2016/10/17 00:00:00.0,7429,7553,7402,7502,437832,965314
2016/10/18 00:00:00.0,7492,7726,7421,7721,469938,999804
2016/10/19 00:00:00.0,7745,7846,7683,7776,514542,1011344
2016/10/20 00:00:00.0,7806,7839,7706,7717,348332,983864
2016/10/21 00:00:00.0,7669,7807,7617,7775,392970,1009984
2016/10/24 00:00:00.0,7788,7907,7777,7893,341332,1000310
2016/10/25 00:00:00.0,7920,8235,7904,8138,606056,961692
2016/10/26 00:00:00.0,8074,8087,7970,8064,368464,914508
2016/10/27 00:00:00.0,8071,8089,7915,7989,309252,900218
2016/10/28 00:00:00.0,7989,8318,7989,8297,519612,934592
2016/10/31 00:00:00.0,8264,8615,8251,8605,666488,896372
2016/11/01 00:00:00.0,8544,8630,8432,8553,398042,853414
2016/11/02 00:00:00.0,8545,8651,8262,8310,595224,843364
2016/11/03 00:00:00.0,8325,8413,8273,8379,326730,822322
2016/11/04 00:00:00.0,8415,8546,8142,8156,625830,870272
2016/11/07 00:00:00.0,8203,8341,8120,8156,482776,826282
2016/11/08 00:00:00.0,8207,8463,8159,8409,522614,838430
2016/11/09 00:00:00.0,8435,8715,8435,8673,614534,854952
2016/11/10 00:00:00.0,8659,8790,8537,8770,506642,749664
2016/11/11 00:00:00.0,8830,9117,8818,8956,583282,776842
2016/11/14 00:00:00.0,8611,8686,8528,8528,352784,700654
2016/11/15 00:00:00.0,8536,8705,8271,8423,591164,675844
2016/11/16 00:00:00.0,8506,8604,8300,8415,361458,634260
2016/11/17 00:00:00.0,8433,8454,8314,8378,289808,642440
2016/11/18 00:00:00.0,8370,8378,8129,8176,410518,669716
2016/11/21 00:00:00.0,8149,8436,8145,8377,423946,667136
2016/11/22 00:00:00.0,8451,8644,8451,8620,416686,679486
2016/11/23 00:00:00.0,8630,8667,8352,8447,484124,649402
2016/11/24 00:00:00.0,8537,8734,8374,8409,540208,626148
2016/11/25 00:00:00.0,8443,8505,8263,8335,359910,602550
2016/11/28 00:00:00.0,8296,8553,8274,8503,403098,626352
2016/11/29 00:00:00.0,8491,8516,8213,8320,531996,572778
2016/11/30 00:00:00.0,8191,8327,8073,8139,440508,559178
2016/12/01 00:00:00.0,8301,8407,8228,8333,402768,552348
2016/12/02 00:00:00.0,8377,8524,8329,8467,508216,574380
2016/12/05 00:00:00.0,8491,8843,8480,8825,594904,599634
2016/12/06 00:00:00.0,8844,8923,8760,8893,425638,598682
2016/12/07 00:00:00.0,8949,9278,8924,9270,581254,616520
2016/12/08 00:00:00.0,9167,9312,9121,9222,427368,579812
2016/12/09 00:00:00.0,9128,9467,9085,9409,543742,631024
2016/12/12 00:00:00.0,9582,9740,9484,9547,437166,554606
2016/12/13 00:00:00.0,9507,9706,9432,9636,388470,576708
2016/12/14 00:00:00.0,9554,9830,9544,9765,563148,612140
2016/12/15 00:00:00.0,9663,9803,9570,9694,483646,581294
2016/12/16 00:00:00.0,9724,9806,9536,9615,457002,569610
2016/12/19 00:00:00.0,9615,9645,9231,9232,531986,552344
2016/12/20 00:00:00.0,9205,9211,8967,9032,513992,502382
2016/12/21 00:00:00.0,9097,9225,8947,9099,480974,489672
2016/12/22 00:00:00.0,9071,9172,8972,8976,432256,499860
2016/12/23 00:00:00.0,9013,9041,8795,8862,502162,483542
2016/12/26 00:00:00.0,8847,9047,8694,9036,456850,463708
2016/12/27 00:00:00.0,8983,9163,8950,9159,420648,468932
2016/12/28 00:00:00.0,9281,9429,9136,9181,511342,490284
2016/12/29 00:00:00.0,9185,9343,9104,9160,413590,451970
2016/12/30 00:00:00.0,9021,9069,8789,8789,497916,459508
2017/01/03 00:00:00.0,8784,8833,8541,8557,419610,468544
2017/01/04 00:00:00.0,8522,8685,8467,8520,448730,498634
2017/01/05 00:00:00.0,8577,8623,8497,8540,315588,468846
2017/01/06 00:00:00.0,8573,8719,8411,8427,530990,543344
2017/01/09 00:00:00.0,8446,8633,8422,8630,380902,486540
2017/01/10 00:00:00.0,8609,8629,8435,8576,452068,513072
2017/01/11 00:00:00.0,8612,8674,8529,8577,439112,505348
2017/01/12 00:00:00.0,8635,8830,8605,8728,585870,519384
2017/01/13 00:00:00.0,8795,8866,8678,8866,422248,498986
2017/01/16 00:00:00.0,9028,9192,8903,9181,481184,513318
2017/01/17 00:00:00.0,9177,9221,8941,9009,389782,465714
2017/01/18 00:00:00.0,8998,9116,8944,9077,322706,488440
2017/01/19 00:00:00.0,9008,9016,8810,8934,376508,453276
2017/01/20 00:00:00.0,8942,9137,8896,9018,408570,493936
2017/01/23 00:00:00.0,9088,9249,9063,9178,392424,476288
2017/01/24 00:00:00.0,9195,9237,9044,9118,296950,467520
2017/01/25 00:00:00.0,9116,9443,9097,9406,375094,512724
2017/01/26 00:00:00.0,9377,9437,9231,9310,261902,473344
2017/02/03 00:00:00.0,9429,9429,9107,9241,269452,485234
2017/02/06 00:00:00.0,9243,9375,9191,9339,272764,511214
2017/02/07 00:00:00.0,9325,9388,9245,9259,325286,541892
2017/02/08 00:00:00.0,9201,9346,9139,9215,405248,531732
2017/02/09 00:00:00.0,9226,9373,9208,9215,455420,592330
2017/02/10 00:00:00.0,9265,9293,9110,9236,422268,567620
2017/02/13 00:00:00.0,9336,9553,9336,9551,468560,636032
2017/02/14 00:00:00.0,9505,9591,9456,9579,290502,614090
2017/02/15 00:00:00.0,9472,9488,9225,9225,502798,608682
2017/02/16 00:00:00.0,9219,9247,8987,8999,540634,516278
2017/02/17 00:00:00.0,9017,9113,8864,8938,459458,532666
2017/02/20 00:00:00.0,8929,9061,8908,8953,285694,487052
2017/02/21 00:00:00.0,8999,9034,8774,8796,424106,564992
2017/02/22 00:00:00.0,8775,8892,8751,8792,309500,501800
2017/02/23 00:00:00.0,8797,8829,8598,8655,428000,584506
2017/02/24 00:00:00.0,8617,8744,8563,8675,357576,518954
2017/02/27 00:00:00.0,8725,8869,8693,8709,411300,563216
2017/02/28 00:00:00.0,8695,8770,8513,8603,412610,547138
2017/03/01 00:00:00.0,8656,8715,8544,8584,380756,577064
2017/03/02 00:00:00.0,8615,8639,8494,8610,421252,590038
2017/03/03 00:00:00.0,8553,8664,8507,8640,418058,593574
2017/03/06 00:00:00.0,8642,8783,8642,8744,384282,555970
2017/03/07 00:00:00.0,8762,8777,8630,8662,321436,568200
2017/03/08 00:00:00.0,8577,8577,8337,8338,492266,606068
2017/03/09 00:00:00.0,8221,8325,8181,8293,369940,549716
2017/03/10 00:00:00.0,8298,8332,8102,8143,345858,585246
2017/03/13 00:00:00.0,8050,8264,8024,8261,413964,557878
2017/03/14 00:00:00.0,8239,8300,8124,8164,361876,572550
2017/03/15 00:00:00.0,8241,8361,8212,8263,381024,575392
2017/03/16 00:00:00.0,8324,8407,8270,8371,366896,569588
2017/03/17 00:00:00.0,8366,8442,8328,8381,302338,540092
2017/03/20 00:00:00.0,8377,8411,8201,8324,462780,574546
2017/03/21 00:00:00.0,8308,8397,8289,8299,419636,525018
2017/03/22 00:00:00.0,8230,8240,8112,8128,424370,581190
2017/03/23 00:00:00.0,8187,8264,8176,8186,332692,523548
2017/03/24 00:00:00.0,8198,8276,8129,8141,397814,547440
2017/03/27 00:00:00.0,8066,8087,7823,7900,486832,580812
2017/03/28 00:00:00.0,7981,8010,7915,7941,307114,541398
2017/03/29 00:00:00.0,8062,8252,8055,8239,429902,541682
2017/03/30 00:00:00.0,8282,8320,8117,8146,381328,513700
2017/03/31 00:00:00.0,8224,8260,8026,8070,421878,556278
2017/04/05 00:00:00.0,8021,8354,8021,8315,480088,537234
2017/04/06 00:00:00.0,8283,8348,8246,8339,306072,515754
2017/04/07 00:00:00.0,8222,8476,8198,8267,628434,596114
2017/04/10 00:00:00.0,8261,8303,8039,8040,582028,577878
2017/04/11 00:00:00.0,8086,8129,8015,8031,426728,586114
2017/04/12 00:00:00.0,8033,8085,7943,7958,409584,592236
2017/04/13 00:00:00.0,7915,8027,7890,7949,378890,562098
2017/04/14 00:00:00.0,7968,8008,7745,7766,554382,650648
2017/04/17 00:00:00.0,7815,7875,7683,7695,393786,638424
2017/04/18 00:00:00.0,7704,7750,7592,7691,420722,652484
2017/04/19 00:00:00.0,7671,7735,7547,7674,495208,624800
2017/04/20 00:00:00.0,7627,7761,7522,7727,518302,638050
2017/04/21 00:00:00.0,7741,7803,7645,7645,414396,606772
2017/04/24 00:00:00.0,7632,7632,7476,7567,468358,646908
2017/04/25 00:00:00.0,7542,7633,7524,7555,332074,603304
2017/04/26 00:00:00.0,7563,7742,7495,7667,494948,640134
2017/04/27 00:00:00.0,7689,7780,7681,7780,333842,586254
2017/04/28 00:00:00.0,7803,7890,7786,7850,408902,593310
2017/05/02 00:00:00.0,7862,7862,7722,7835,307422,559604
2017/05/03 00:00:00.0,7829,7851,7753,7796,302312,592522
2017/05/04 00:00:00.0,7617,7675,7501,7592,543216,625108
2017/05/05 00:00:00.0,7547,7597,7456,7521,368810,594384
2017/05/08 00:00:00.0,7645,7749,7556,7570,406480,619532
2017/05/09 00:00:00.0,7602,7609,7516,7565,235284,596396
2017/05/10 00:00:00.0,7581,7594,7362,7446,608910,693362
2017/05/11 00:00:00.0,7459,7565,7404,7520,443078,629300
2017/05/12 00:00:00.0,7483,7551,7465,7491,336728,649600
2017/05/15 00:00:00.0,7575,7719,7539,7714,545608,676402
2017/05/16 00:00:00.0,7718,7797,7672,7795,420182,662698
2017/05/17 00:00:00.0,7793,7827,7705,7767,371254,653282
2017/05/18 00:00:00.0,7735,7847,7657,7839,469174,687696
2017/05/19 00:00:00.0,7932,8112,7897,8098,635320,716484
2017/05/22 00:00:00.0,8139,8176,8016,8095,439430,717014
2017/05/23 00:00:00.0,8102,8168,8043,8083,421670,729086
2017/05/24 00:00:00.0,8104,8138,7904,8015,531918,737492
2017/05/25 00:00:00.0,8016,8199,8002,8086,569710,762658
2017/05/26 00:00:00.0,7972,8044,7943,8028,467042,730654
2017/05/31 00:00:00.0,8150,8150,7837,7850,645464,753534
2017/06/01 00:00:00.0,7862,7961,7845,7905,461092,735776
2017/06/02 00:00:00.0,7816,7899,7665,7677,685698,750446
2017/06/05 00:00:00.0,7702,7750,7632,7664,426874,678318
2017/06/06 00:00:00.0,7703,7722,7604,7679,437370,711820
2017/06/07 00:00:00.0,7657,7758,7654,7698,395196,690664
2017/06/08 00:00:00.0,7631,7791,7583,7731,523250,736110
2017/06/09 00:00:00.0,7749,7801,7692,7720,339248,673802
2017/06/12 00:00:00.0,7760,7945,7760,7926,519492,748166
2017/06/13 00:00:00.0,7920,7926,7682,7690,557076,690374
2017/06/14 00:00:00.0,7703,7768,7644,7723,470504,726048
2017/06/15 00:00:00.0,7674,7717,7595,7635,473740,692338
2017/06/16 00:00:00.0,7645,7742,7645,7686,352310,689368
2017/06/19 00:00:00.0,7677,7835,7677,7713,573546,758206
2017/06/20 00:00:00.0,7706,7739,7607,7670,518424,743262
2017/06/21 00:00:00.0,7613,7706,7579,7645,451564,751062
2017/06/22 00:00:00.0,7654,7683,7544,7556,454266,747732
2017/06/23 00:00:00.0,7586,7635,7570,7630,335578,700354
2017/06/26 00:00:00.0,7647,7781,7640,7728,493868,746892
2017/06/27 00:00:00.0,7733,7795,7689,7783,388566,699470
2017/06/28 00:00:00.0,7840,7865,7680,7719,433158,731528
2017/06/29 00:00:00.0,7779,7936,7761,7878,621048,766656
2017/06/30 00:00:00.0,7886,7944,7810,7910,394006,746712
2017/07/03 00:00:00.0,7975,8026,7917,7989,418824,803532
2017/07/04 00:00:00.0,7970,7970,7790,7809,452652,765962
2017/07/05 00:00:00.0,7857,7934,7811,7859,380492,779412
2017/07/06 00:00:00.0,7835,8065,7818,8022,555086,864662
2017/07/07 00:00:00.0,7997,8121,7974,8109,500194,880658
2017/07/10 00:00:00.0,8110,8144,7971,7999,486350,838378
2017/07/11 00:00:00.0,8085,8160,8003,8076,539396,869032
2017/07/12 00:00:00.0,8133,8194,8040,8066,509524,850528
2017/07/13 00:00:00.0,8062,8107,7959,8028,521944,851680
2017/07/14 00:00:00.0,8054,8115,8011,8071,372924,812064
2017/07/17 00:00:00.0,8144,8259,8098,8124,643386,933138
2017/07/18 00:00:00.0,8137,8257,8137,8191,427168,843948
2017/07/19 00:00:00.0,8222,8286,8202,8253,370050,891958
2017/07/20 00:00:00.0,8282,8644,8282,8511,966098,908230
2017/07/21 00:00:00.0,8403,8542,8383,8524,564798,810574
2017/07/24 00:00:00.0,8434,8558,8434,8492,473902,846502
2017/07/25 00:00:00.0,8527,8579,8478,8532,414374,794218
2017/07/26 00:00:00.0,8623,8653,8408,8440,585186,830900
2017/07/27 00:00:00.0,8481,8481,8353,8397,390908,774272
2017/07/28 00:00:00.0,8395,8420,8217,8225,526918,771144
2017/07/31 00:00:00.0,8262,8317,8162,8291,581734,712092
2017/08/01 00:00:00.0,8315,8488,8266,8402,636010,735310
2017/08/02 00:00:00.0,8391,8502,8363,8448,497084,698962
2017/08/03 00:00:00.0,8468,8508,8320,8330,534310,699226
2017/08/04 00:00:00.0,8386,8580,8363,8492,565042,679524
2017/08/07 00:00:00.0,8587,8636,8374,8412,607972,664288
2017/08/08 00:00:00.0,8444,8644,8433,8624,638916,678900
2017/08/09 00:00:00.0,8660,8762,8612,8696,617398,684676
2017/08/10 00:00:00.0,8689,8811,8654,8752,492476,673662
2017/08/11 00:00:00.0,8699,8758,8559,8656,593162,583184
2017/08/14 00:00:00.0,8657,8698,8600,8624,346822,550558
2017/08/15 00:00:00.0,8561,8584,8457,8505,524948,526070
2017/08/16 00:00:00.0,8501,8543,8424,8506,321906,493138
2017/08/17 00:00:00.0,8603,8786,8603,8775,511160,525118
2017/08/18 00:00:00.0,8749,8821,8733,8807,314484,513546
2017/08/21 00:00:00.0,8862,8960,8852,8934,373362,534196
2017/08/22 00:00:00.0,8920,9132,8820,9114,579470,550966
2017/08/23 00:00:00.0,9061,9120,9010,9073,389242,547300
2017/08/24 00:00:00.0,9110,9176,9056,9069,365522,531204
2017/08/25 00:00:00.0,9099,9229,9099,9142,360684,537556
2017/08/28 00:00:00.0,9083,9125,8942,9110,331104,509664
2017/08/29 00:00:00.0,9111,9281,9093,9275,503780,564648
2017/08/30 00:00:00.0,9248,9293,9220,9265,297412,545134
2017/08/31 00:00:00.0,9222,9387,9211,9349,379592,586138
2017/09/01 00:00:00.0,9389,9575,9358,9556,457318,592618
2017/09/04 00:00:00.0,9758,9806,9586,9605,436656,568854
2017/09/05 00:00:00.0,9592,9666,9497,9602,376180,547428
2017/09/06 00:00:00.0,9500,9576,9418,9421,443140,532670
2017/09/07 00:00:00.0,9452,9487,9266,9303,442054,517274
2017/09/08 00:00:00.0,9324,9367,9195,9237,381524,498658
2017/09/11 00:00:00.0,9109,9197,9108,9161,330338,475066
2017/09/12 00:00:00.0,9277,9393,9190,9373,489262,491394
2017/09/13 00:00:00.0,9395,9416,9054,9075,550804,479060
2017/09/14 00:00:00.0,9101,9144,8897,8913,460990,476764
2017/09/15 00:00:00.0,8909,8957,8823,8888,417898,459816
2017/09/18 00:00:00.0,8881,8963,8734,8917,506936,440184
2017/09/19 00:00:00.0,8935,8978,8758,8760,425098,456396
2017/09/20 00:00:00.0,8808,8884,8745,8847,480260,461190
2017/09/21 00:00:00.0,8829,8829,8600,8610,488420,462316
2017/09/22 00:00:00.0,8609,8704,8530,8661,391630,428788
2017/09/25 00:00:00.0,8659,8807,8551,8778,570260,445892
2017/09/26 00:00:00.0,8805,8858,8741,8837,427100,417414
2017/09/27 00:00:00.0,8857,8916,8842,8899,350148,419024
2017/09/28 00:00:00.0,8792,8792,8496,8657,668796,407610
2017/09/29 00:00:00.0,8719,8850,8672,8850,338998,385832
2017/10/09 00:00:00.0,8884,8992,8684,8777,515814,421010
2017/10/10 00:00:00.0,8723,8901,8703,8724,536490,427314
2017/10/11 00:00:00.0,8759,8769,8624,8655,473222,445704
2017/10/12 00:00:00.0,8672,8721,8557,8679,589388,458430
2017/10/13 00:00:00.0,8710,8949,8701,8948,590754,456710
2017/10/16 00:00:00.0,8989,9113,8904,9102,673616,495242
2017/10/17 00:00:00.0,9000,9166,8965,9096,730364,529348
2017/10/18 00:00:00.0,9111,9184,9042,9098,508176,528576
2017/10/19 00:00:00.0,8990,9021,8792,8850,759156,515414
2017/10/20 00:00:00.0,8886,9139,8840,9139,639526,510586
2017/10/23 00:00:00.0,9077,9158,9029,9072,530390,531204
2017/10/24 00:00:00.0,9100,9166,8998,9064,575646,523188
2017/10/25 00:00:00.0,9098,9171,8968,9016,649402,530346
2017/10/26 00:00:00.0,9016,9070,8871,8873,601116,510226
2017/10/27 00:00:00.0,8910,8928,8742,8773,603746,524192
2017/10/30 00:00:00.0,8795,8834,8762,8777,386612,497430
2017/10/31 00:00:00.0,8792,8792,8639,8691,466104,502208
2017/11/01 00:00:00.0,8677,8903,8671,8695,489608,512450
2017/11/02 00:00:00.0,8801,8848,8718,8834,584452,497380
2017/11/03 00:00:00.0,8853,8986,8826,8977,617328,506880
2017/11/06 00:00:00.0,9059,9126,9025,9119,453344,478134
2017/11/07 00:00:00.0,9147,9203,9086,9170,427450,516484
2017/11/08 00:00:00.0,9128,9255,9099,9204,576268,534178
2017/11/09 00:00:00.0,9251,9353,9146,9222,566168,534802
2017/11/10 00:00:00.0,9240,9271,9056,9098,527732,528694
2017/11/13 00:00:00.0,9079,9212,9043,9193,514218,544404
2017/11/14 00:00:00.0,9211,9231,9067,9118,464930,516804
2017/11/15 00:00:00.0,8937,9001,8821,8940,592496,486748
2017/11/16 00:00:00.0,8946,8992,8864,8890,471042,475586
2017/11/17 00:00:00.0,8878,9092,8851,9075,625174,517334
2017/11/20 00:00:00.0,9079,9184,9010,9174,503716,533868
2017/11/21 00:00:00.0,9198,9241,9163,9207,385488,544972
2017/11/22 00:00:00.0,9280,9284,9115,9234,487734,555030
2017/11/23 00:00:00.0,9257,9319,9149,9163,477614,537104
2017/11/24 00:00:00.0,9185,9265,9171,9215,347668,551216
2017/11/27 00:00:00.0,9240,9359,8924,8928,802294,521428
2017/11/28 00:00:00.0,8927,8960,8871,8875,436468,504026
2017/11/29 00:00:00.0,8871,8978,8859,8903,443318,502070
2017/11/30 00:00:00.0,8974,8996,8765,8821,734992,526920
2017/12/01 00:00:00.0,8827,9017,8797,8955,654272,498602
2017/12/04 00:00:00.0,9055,9185,9004,9166,671548,458668
2017/12/05 00:00:00.0,9168,9246,9103,9136,527208,471886
2017/12/06 00:00:00.0,9111,9205,9078,9136,465894,457442
2017/12/07 00:00:00.0,9061,9087,8816,8835,636588,450490
2017/12/08 00:00:00.0,8842,9049,8837,9017,471270,429816
2017/12/11 00:00:00.0,9032,9145,9002,9083,534998,423076
2017/12/12 00:00:00.0,9141,9172,9077,9170,416126,437920
2017/12/13 00:00:00.0,9153,9187,8965,9074,563368,441080
2017/12/14 00:00:00.0,9069,9144,8979,8997,501606,437032
2017/12/15 00:00:00.0,9006,9018,8884,8932,422454,452312
2017/12/18 00:00:00.0,9021,9111,8973,9063,524406,427506
2017/12/19 00:00:00.0,9058,9234,9030,9224,619610,517302
2017/12/20 00:00:00.0,9243,9268,9179,9234,308174,509776
2017/12/21 00:00:00.0,9181,9293,9153,9221,424580,518740
2017/12/22 00:00:00.0,9258,9274,9110,9204,404598,489704
2017/12/25 00:00:00.0,9181,9290,9092,9131,475376,467964
2017/12/26 00:00:00.0,9148,9355,9129,9320,577980,566536
2017/12/27 00:00:00.0,9324,9375,9201,9235,440494,504926
2017/12/28 00:00:00.0,9240,9298,9197,9254,324490,502932
2017/12/29 00:00:00.0,9289,9329,9211,9275,371506,472904
2018/01/02 00:00:00.0,9326,9544,9299,9481,699338,605236
2018/01/03 00:00:00.0,9501,9501,9443,9479,286510,572384
2018/01/04 00:00:00.0,9509,9552,9420,9513,397998,571900
2018/01/05 00:00:00.0,9497,9542,9432,9496,404912,569310
2018/01/08 00:00:00.0,9457,9590,9457,9518,392656,575656
2018/01/09 00:00:00.0,9554,9563,9445,9488,314072,562634
2018/01/10 00:00:00.0,9477,9633,9472,9578,477692,597582
2018/01/11 00:00:00.0,9592,9628,9552,9620,294078,605536
2018/01/12 00:00:00.0,9599,9672,9582,9669,365846,644376
2018/01/15 00:00:00.0,9668,9684,9597,9653,332616,623458
2018/01/16 00:00:00.0,9663,9672,9378,9413,624184,584838
2018/01/17 00:00:00.0,9420,9444,9347,9376,286810,531746
2018/01/18 00:00:00.0,9389,9463,9379,9396,273834,538540
2018/01/19 00:00:00.0,9353,9500,9312,9462,392742,549222
2018/01/22 00:00:00.0,9472,9510,9438,9450,258296,542454
2018/01/23 00:00:00.0,9462,9544,9381,9531,441182,589350
2018/01/24 00:00:00.0,9535,9555,9474,9491,332410,569336
2018/01/25 00:00:00.0,9548,9619,9523,9536,422146,596406
2018/01/26 00:00:00.0,9499,9642,9486,9594,421892,612238
2018/01/29 00:00:00.0,9582,9666,9544,9563,332256,616712
2018/01/30 00:00:00.0,9529,9597,9468,9488,464124,602884
2018/01/31 00:00:00.0,9454,9516,9440,9509,328344,601464
2018/02/01 00:00:00.0,9514,9525,9401,9407,358946,598650
2018/02/02 00:00:00.0,9450,9458,9358,9371,266100,583084
2018/02/05 00:00:00.0,9332,9495,9332,9495,351606,603906
2018/02/06 00:00:00.0,9452,9484,9386,9411,364512,570280
2018/02/07 00:00:00.0,9444,9466,9286,9304,467690,609056
2018/02/08 00:00:00.0,9259,9286,9188,9237,410550,607810
2018/02/09 00:00:00.0,9218,9263,9202,9235,246064,591936
2018/02/12 00:00:00.0,9232,9253,9159,9200,328330,598482
2018/02/13 00:00:00.0,9214,9214,9149,9201,190386,565256
2018/02/14 00:00:00.0,9209,9369,9209,9322,323112,541994
2018/02/22 00:00:00.0,9361,9372,9263,9280,222746,543878
2018/02/23 00:00:00.0,9324,9333,9278,9304,251880,564258
2018/02/26 00:00:00.0,9326,9393,9211,9213,476574,616810
2018/02/27 00:00:00.0,9210,9240,9117,9175,403464,609290
2018/02/28 00:00:00.0,9173,9196,9144,9151,254976,600400
2018/03/01 00:00:00.0,9131,9300,9099,9271,534190,607504
2018/03/05 00:00:00.0,9267,9294,9173,9186,351444,585992
2018/03/06 00:00:00.0,9212,9262,9173,9242,360012,561328
2018/03/07 00:00:00.0,9218,9243,9134,9177,422404,584748
2018/03/08 00:00:00.0,9184,9184,8983,8998,538034,593574
2018/03/09 00:00:00.0,9001,9041,8968,9007,324482,575192
2018/03/12 00:00:00.0,9050,9071,8885,8920,464782,603464
2018/03/13 00:00:00.0,8918,8945,8893,8912,221440,572524
2018/03/14 00:00:00.0,8937,9013,8872,8962,408580,557046
2018/03/15 00:00:00.0,8938,9000,8901,8919,321872,565972
2018/03/16 00:00:00.0,8924,8928,8782,8793,486432,624402
2018/03/19 00:00:00.0,8794,8846,8770,8794,395958,619894
2018/03/20 00:00:00.0,8785,8795,8648,8748,487378,640718
2018/03/21 00:00:00.0,8766,8792,8705,8734,285960,620626
2018/03/22 00:00:00.0,8786,8854,8779,8792,332092,615506
2018/03/23 00:00:00.0,8732,8732,8486,8574,582388,605026
2018/03/26 00:00:00.0,8629,8643,8547,8554,300336,604268
2018/03/27 00:00:00.0,8564,8677,8559,8651,328080,586054
2018/03/28 00:00:00.0,8623,8688,8559,8587,355068,592940
2018/03/29 00:00:00.0,8584,8754,8577,8731,379942,584990
2018/03/30 00:00:00.0,8733,8790,8719,8766,318032,583506
2018/04/02 00:00:00.0,8814,8892,8749,8876,491894,535434
2018/04/03 00:00:00.0,8846,8860,8806,8848,287782,540342
2018/04/04 00:00:00.0,8836,8929,8747,8850,473198,522272
2018/04/09 00:00:00.0,8922,9022,8879,9011,433204,523816
2018/04/10 00:00:00.0,9022,9085,8988,9065,363274,509664
2018/04/11 00:00:00.0,9099,9118,8999,9021,363692,500480
2018/04/12 00:00:00.0,9042,9062,8946,9015,420372,489700
2018/04/13 00:00:00.0,9024,9037,8929,8985,381512,470886
2018/04/16 00:00:00.0,8983,9070,8900,8924,601294,474154
2018/04/17 00:00:00.0,8925,8952,8882,8920,283978,457298
2018/04/18 00:00:00.0,8976,9025,8916,8938,356210,451258
2018/04/19 00:00:00.0,9021,9038,8935,9007,408228,449216
2018/04/20 00:00:00.0,8989,9013,8794,8794,514878,456858
2018/04/23 00:00:00.0,8810,8857,8772,8830,330452,433712
2018/04/24 00:00:00.0,8843,8876,8814,8845,280936,433666
2018/04/25 00:00:00.0,8814,8943,8783,8932,445968,417418
2018/04/26 00:00:00.0,8928,8986,8911,8921,265110,388854
2018/04/27 00:00:00.0,8933,8991,8920,8963,238414,382416
2018/05/02 00:00:00.0,8963,9181,8960,9180,453284,428286
2018/05/03 00:00:00.0,9181,9215,9161,9196,274456,426254
2018/05/04 00:00:00.0,9204,9285,9184,9281,277002,446282
2018/05/07 00:00:00.0,9296,9319,9233,9275,241696,445498
2018/05/08 00:00:00.0,9270,9278,9184,9251,225212,441684
2018/05/09 00:00:00.0,9232,9343,9199,9220,329946,445318
2018/05/10 00:00:00.0,9258,9292,9214,9274,267698,448878
2018/05/11 00:00:00.0,9275,9304,9209,9261,294526,445470
2018/05/14 00:00:00.0,9282,9377,9167,9186,464302,459258
2018/05/15 00:00:00.0,9226,9238,9159,9219,233664,434832
2018/05/16 00:00:00.0,9248,9339,9219,9273,408538,470946
2018/05/17 00:00:00.0,9295,9314,9204,9234,348070,463502
2018/05/18 00:00:00.0,9255,9279,9125,9233,316842,441758
2018/05/21 00:00:00.0,9236,9413,9210,9307,490152,484546
2018/05/22 00:00:00.0,9321,9356,9269,9307,218470,468076
2018/05/23 00:00:00.0,9307,9307,9187,9226,252286,453218
2018/05/24 00:00:00.0,9221,9238,9161,9195,207792,457102
2018/05/25 00:00:00.0,9213,9252,9090,9119,405532,451410
2018/05/28 00:00:00.0,9049,9117,9027,9064,300730,441600
2018/05/29 00:00:00.0,9079,9218,9069,9182,314542,463470
2018/05/30 00:00:00.0,9155,9216,9129,9178,236488,468666
2018/05/31 00:00:00.0,9248,9259,9140,9177,283068,474174
2018/06/01 00:00:00.0,9160,9301,9158,9287,321146,489510
2018/06/04 00:00:00.0,9296,9323,9253,9280,204010,494362
2018/06/05 00:00:00.0,9288,9305,9217,9289,252918,499996
2018/06/06 00:00:00.0,9303,9336,9182,9191,360172,474072
2018/06/07 00:00:00.0,9201,9290,9197,9289,274384,486144
2018/06/08 00:00:00.0,9294,9348,9261,9306,303886,501692
2018/06/11 00:00:00.0,9304,9423,9233,9421,490050,599742
2018/06/12 00:00:00.0,9427,9465,9355,9378,308806,568678
2018/06/13 00:00:00.0,9326,9395,9304,9336,265658,547918
2018/06/14 00:00:00.0,9365,9389,9262,9285,295690,535752
2018/06/15 00:00:00.0,9276,9295,9222,9289,208008,510322
2018/06/19 00:00:00.0,9289,9321,9116,9121,375788,468558
2018/06/20 00:00:00.0,9131,9170,9112,9130,173758,454872
2018/06/21 00:00:00.0,9147,9160,9051,9061,234476,463082
2018/06/22 00:00:00.0,9076,9076,8965,8981,326044,463372
2018/06/25 00:00:00.0,9046,9061,8970,9012,252414,460704
2018/06/26 00:00:00.0,8979,9094,8936,9057,302992,483092
2018/06/27 00:00:00.0,9087,9118,9034,9075,216374,460854
2018/06/28 00:00:00.0,9121,9145,9080,9098,205686,455010
2018/06/29 00:00:00.0,9102,9282,9099,9281,365588,452236
2018/07/02 00:00:00.0,9267,9275,9216,9237,214210,441872
2018/07/03 00:00:00.0,9234,9279,9208,9226,231136,444890
2018/07/04 00:00:00.0,9213,9293,9184,9255,219534,432884
2018/07/05 00:00:00.0,9224,9232,9101,9103,311726,438556
2018/07/06 00:00:00.0,9084,9141,9075,9095,210948,426316
2018/07/09 00:00:00.0,9120,9148,9067,9136,190260,427772
2018/07/10 00:00:00.0,9142,9240,9140,9226,235562,425368
2018/07/11 00:00:00.0,9192,9253,9149,9221,257228,418806
2018/07/12 00:00:00.0,9181,9308,9168,9306,381042,485630
2018/07/13 00:00:00.0,9316,9336,9285,9334,181990,491050
2018/07/16 00:00:00.0,9340,9366,9304,9319,199842,507190
2018/07/17 00:00:00.0,9280,9334,9245,9328,233568,506502
2018/07/18 00:00:00.0,9329,9348,9286,9319,168408,501644
2018/07/19 00:00:00.0,9351,9408,9268,9294,289198,486540
2018/07/20 00:00:00.0,9285,9377,9275,9373,231950,508528
2018/07/23 00:00:00.0,9375,9435,9343,9415,214178,526742
2018/07/24 00:00:00.0,9433,9552,9433,9496,327912,567908
2018/07/25 00:00:00.0,9514,9544,9473,9482,208014,558992
2018/07/26 00:00:00.0,9495,9502,9448,9469,211756,547236
2018/07/27 00:00:00.0,9490,9514,9427,9490,226424,521990
2018/07/30 00:00:00.0,9516,9636,9498,9594,354422,575158
2018/07/31 00:00:00.0,9608,9619,9574,9595,178190,558698
2018/08/01 00:00:00.0,9598,9666,9528,9596,320810,546872
2018/08/02 00:00:00.0,9588,9740,9575,9718,456256,609230
2018/08/03 00:00:00.0,9730,9980,9730,9849,646272,597976
2018/08/06 00:00:00.0,9929,10082,9900,10058,680212,632530
2018/08/07 00:00:00.0,10058,10185,10058,10121,521682,622034
2018/08/08 00:00:00.0,10054,10144,9992,10093,409792,610604
2018/08/10 00:00:00.0,10090,10244,10001,10077,567582,611468
2018/08/13 00:00:00.0,10086,10137,9978,10092,365064,599626
2018/08/14 00:00:00.0,10230,10294,10118,10177,471210,625866
2018/08/15 00:00:00.0,10163,10187,10092,10165,283438,613300
2018/08/16 00:00:00.0,9981,10162,9936,10103,424944,584140
2018/08/17 00:00:00.0,10078,10101,9923,9946,408008,551910
2018/08/20 00:00:00.0,9944,10050,9848,10001,463194,564736
2018/08/21 00:00:00.0,10024,10040,9877,9918,362736,531288
2018/08/22 00:00:00.0,9946,10104,9907,9907,620996,542922
2018/08/23 00:00:00.0,9935,9977,9754,9767,538484,477202
2018/08/24 00:00:00.0,9758,9815,9679,9718,375288,465718
2018/08/27 00:00:00.0,9729,9782,9681,9768,274930,453990
2018/08/28 00:00:00.0,9795,9861,9669,9748,430618,491024
2018/08/29 00:00:00.0,9751,9847,9741,9774,309938,463124
2018/08/30 00:00:00.0,9793,9805,9718,9777,287510,465420
2018/08/31 00:00:00.0,9764,9845,9728,9735,410778,475544
2018/09/03 00:00:00.0,9711,9801,9607,9706,543250,485378
2018/09/04 00:00:00.0,9716,9813,9716,9752,360738,497756
2018/09/05 00:00:00.0,9761,9805,9717,9788,294742,499906
2018/09/06 00:00:00.0,9794,9834,9710,9750,302348,501134
2018/09/07 00:00:00.0,9767,9893,9738,9831,455476,509562
2018/09/10 00:00:00.0,9852,9979,9845,9949,391500,552592
2018/09/11 00:00:00.0,9925,9959,9778,9783,420430,529698
2018/09/12 00:00:00.0,9804,9826,9672,9757,454126,492652
2018/09/13 00:00:00.0,9759,9788,9731,9758,261804,498334
2018/09/14 00:00:00.0,9751,9851,9707,9803,355250,515276
2018/09/17 00:00:00.0,9805,9939,9790,9931,506210,561156
2018/09/18 00:00:00.0,9924,10051,9912,10029,532018,589650
2018/09/19 00:00:00.0,10050,10081,10012,10051,349894,600832
2018/09/20 00:00:00.0,10075,10143,10035,10065,377512,611678
2018/09/21 00:00:00.0,10086,10086,9987,10037,357214,597372
2018/09/25 00:00:00.0,10054,10078,9972,10014,337962,591908
2018/09/26 00:00:00.0,10023,10037,9836,9890,518212,536986
2018/09/27 00:00:00.0,9898,9967,9878,9936,274914,518620
2018/09/28 00:00:00.0,9891,9985,9860,9947,275548,517706
2018/10/08 00:00:00.0,10054,10353,10022,10335,554796,620374
2018/10/09 00:00:00.0,10385,10584,10376,10546,627394,654440
2018/10/10 00:00:00.0,10515,10594,10434,10544,531262,633794
2018/10/11 00:00:00.0,10434,10448,10260,10390,569060,596282
2018/10/12 00:00:00.0,10367,10427,10265,10371,502150,581450
2018/10/15 00:00:00.0,10392,10440,10217,10219,420810,564414
2018/10/16 00:00:00.0,10210,10237,10021,10095,531218,543576
2018/10/17 00:00:00.0,10119,10178,10085,10109,324340,539082
2018/10/18 00:00:00.0,10042,10182,10013,10159,532280,566998
2018/10/19 00:00:00.0,10144,10179,10049,10050,393088,561596
2018/10/22 00:00:00.0,10053,10090,9960,9968,525754,553198
2018/10/23 00:00:00.0,9974,10006,9941,9961,344122,541248
2018/10/24 00:00:00.0,9914,9972,9890,9926,350172,540812
2018/10/25 00:00:00.0,9896,9916,9721,9739,596802,539424
2018/10/26 00:00:00.0,9749,9856,9739,9821,406666,517684
2018/10/29 00:00:00.0,9845,9872,9610,9655,506652,522104
2018/10/30 00:00:00.0,9668,9720,9592,9645,367456,514954
2018/10/31 00:00:00.0,9646,9791,9637,9762,505502,557612
2018/11/01 00:00:00.0,9727,9755,9582,9617,529676,534932
2018/11/02 00:00:00.0,9590,9765,9529,9755,573212,558362
2018/11/05 00:00:00.0,9749,9796,9690,9739,431380,568762
2018/11/06 00:00:00.0,9735,9814,9645,9733,406090,563474
2018/11/07 00:00:00.0,9685,9707,9586,9689,517298,568928
2018/11/08 00:00:00.0,9672,9779,9642,9706,560892,586650
2018/11/09 00:00:00.0,9672,9732,9480,9481,708586,605112
2018/11/12 00:00:00.0,9462,9513,9341,9353,668358,602598
2018/11/13 00:00:00.0,9344,9388,9296,9351,445100,594040
2018/11/14 00:00:00.0,9243,9278,9130,9276,707432,588750
2018/11/15 00:00:00.0,9230,9325,9230,9299,425336,581634
2018/11/16 00:00:00.0,9312,9387,9225,9314,523812,576108
2018/11/19 00:00:00.0,9305,9332,9204,9225,439246,582204
2018/11/20 00:00:00.0,9222,9258,9036,9044,554958,574110
2018/11/21 00:00:00.0,8878,8896,8727,8781,832588,577674
2018/11/22 00:00:00.0,8762,8829,8762,8775,504244,570776
2018/11/23 00:00:00.0,8747,8767,8411,8412,698276,587738
2018/11/26 00:00:00.0,8258,8385,8233,8301,830874,607426
2018/11/27 00:00:00.0,8379,8409,8271,8304,494954,609634
2018/11/28 00:00:00.0,8336,8625,8326,8613,836320,619454
2018/11/29 00:00:00.0,8604,8605,8441,8498,600820,613474
2018/11/30 00:00:00.0,8527,8601,8499,8593,612658,599072
2018/12/03 00:00:00.0,8733,8857,8622,8759,770820,596020
2018/12/04 00:00:00.0,8730,8962,8685,8941,783568,611178
2018/12/05 00:00:00.0,8867,8978,8791,8975,742810,579626
2018/12/06 00:00:00.0,8929,8959,8752,8769,804900,555460
2018/12/07 00:00:00.0,8815,8905,8738,8802,817654,527594
2018/12/10 00:00:00.0,8800,8843,8678,8710,598700,524004
2018/12/11 00:00:00.0,8678,8678,8394,8461,768076,526822
2018/12/12 00:00:00.0,8498,8533,8418,8419,606116,547300
2018/12/13 00:00:00.0,8409,8561,8403,8530,504852,534460
2018/12/14 00:00:00.0,8608,8620,8532,8602,493532,520006
2018/12/17 00:00:00.0,8596,8690,8584,8664,501940,513086
2018/12/18 00:00:00.0,8599,8659,8563,8656,528318,489926
2018/12/19 00:00:00.0,8560,8720,8529,8694,735574,508312
2018/12/20 00:00:00.0,8703,8740,8513,8569,739084,475200
2018/12/21 00:00:00.0,8551,8593,8435,8489,760944,481142
2018/12/24 00:00:00.0,8473,8497,8392,8419,533320,477712
2018/12/25 00:00:00.0,8300,8385,8261,8334,667860,516102
2018/12/26 00:00:00.0,8352,8464,8337,8454,603242,522382
2018/12/27 00:00:00.0,8650,8650,8514,8543,570280,501926
