2012/07/27 00:00:00.0,2765,2765,2765,2765,2,2
2012/08/06 00:00:00.0,2815,2815,2815,2815,2,2
2012/08/20 00:00:00.0,2865,2865,2865,2865,2,2
2012/09/24 00:00:00.0,2772,2785,2772,2783,10,34
2012/09/25 00:00:00.0,2759,2768,2744,2762,26,52
2012/09/26 00:00:00.0,2743,2769,2743,2745,10,58
2012/09/27 00:00:00.0,2771,2772,2766,2766,6,56
2012/09/28 00:00:00.0,2771,2772,2771,2772,6,56
2012/10/08 00:00:00.0,2678,2753,2678,2752,20,76
2012/10/09 00:00:00.0,2755,2755,2755,2755,6,82
2012/10/10 00:00:00.0,2757,2757,2743,2755,16,96
2012/10/11 00:00:00.0,2758,2758,2748,2750,14,104
2012/10/12 00:00:00.0,2751,2754,2743,2743,20,120
2012/10/15 00:00:00.0,2749,2750,2749,2749,16,130
2012/10/16 00:00:00.0,2751,2751,2751,2751,2,132
2012/10/17 00:00:00.0,2751,2751,2751,2751,2,134
2012/10/18 00:00:00.0,2755,2755,2755,2755,2,136
2012/10/24 00:00:00.0,2742,2742,2742,2742,2,136
2012/10/29 00:00:00.0,2766,2766,2737,2737,4,136
2012/10/30 00:00:00.0,2737,2761,2732,2732,8,134
2012/11/02 00:00:00.0,2732,2751,2727,2751,14,128
2012/11/05 00:00:00.0,2739,2739,2734,2734,12,128
2012/11/06 00:00:00.0,2752,2752,2752,2752,2,128
2012/11/08 00:00:00.0,2662,2849,2662,2742,8,128
2012/11/09 00:00:00.0,2761,2766,2756,2766,30,138
2012/11/12 00:00:00.0,2752,2752,2743,2752,12,140
2012/11/13 00:00:00.0,2752,2755,2737,2737,48,136
2012/11/14 00:00:00.0,2741,2760,2733,2742,56,154
2012/11/15 00:00:00.0,2761,2766,2753,2753,10,160
2012/11/16 00:00:00.0,2750,2780,2750,2777,58,190
2012/11/19 00:00:00.0,2781,2810,2780,2803,48,222
2012/11/20 00:00:00.0,2801,2806,2797,2803,38,228
2012/11/21 00:00:00.0,2805,2805,2805,2805,4,232
2012/11/22 00:00:00.0,2802,2829,2802,2829,90,268
2012/11/23 00:00:00.0,2819,2847,2816,2821,68,284
2012/11/26 00:00:00.0,2816,2818,2816,2818,22,296
2012/11/27 00:00:00.0,2816,2818,2816,2818,8,302
2012/11/28 00:00:00.0,2818,2818,2791,2791,82,268
2012/11/29 00:00:00.0,2791,2791,2772,2781,76,274
2012/11/30 00:00:00.0,2776,2784,2765,2777,456,604
2012/12/03 00:00:00.0,2778,2780,2772,2780,68,638
2012/12/04 00:00:00.0,2775,2790,2775,2790,170,796
2012/12/05 00:00:00.0,2785,2788,2785,2786,164,944
2012/12/06 00:00:00.0,2789,2800,2789,2797,116,1046
2012/12/07 00:00:00.0,2783,2789,2781,2789,186,1214
2012/12/10 00:00:00.0,2798,2798,2774,2774,40,1210
2012/12/11 00:00:00.0,2788,2788,2770,2770,16,1202
2012/12/12 00:00:00.0,2772,2784,2768,2777,18,1200
2012/12/13 00:00:00.0,2766,2770,2763,2766,38,1200
2012/12/14 00:00:00.0,2785,2785,2765,2765,16,1198
2012/12/17 00:00:00.0,2785,2785,2785,2785,2,1196
2012/12/18 00:00:00.0,2774,2774,2774,2774,6,1196
2012/12/19 00:00:00.0,2773,2780,2773,2780,10,1204
2012/12/20 00:00:00.0,2767,2780,2765,2780,38,1234
2012/12/21 00:00:00.0,2784,2784,2776,2776,14,1228
2012/12/24 00:00:00.0,2780,2787,2778,2780,20,1230
2012/12/25 00:00:00.0,2786,2786,2780,2782,30,1222
2012/12/26 00:00:00.0,2787,2787,2781,2784,102,1314
2012/12/27 00:00:00.0,2785,2790,2785,2790,78,1348
2012/12/28 00:00:00.0,2789,2793,2789,2793,48,1370
2012/12/31 00:00:00.0,2795,2795,2760,2760,40,1350
2013/01/04 00:00:00.0,2774,2775,2766,2768,78,1348
2013/01/07 00:00:00.0,2778,2778,2772,2772,16,1348
2013/01/08 00:00:00.0,2774,2782,2773,2782,58,1338
2013/01/09 00:00:00.0,2784,2784,2760,2760,156,1422
2013/01/10 00:00:00.0,2781,2785,2757,2770,194,1504
2013/01/11 00:00:00.0,2762,2765,2756,2761,16,1504
2013/01/14 00:00:00.0,2755,2763,2746,2756,114,1472
2013/01/15 00:00:00.0,2755,2755,2741,2746,46,1488
2013/01/16 00:00:00.0,2755,2755,2742,2754,32,1484
2013/01/17 00:00:00.0,2743,2755,2743,2743,36,1486
2013/01/18 00:00:00.0,2749,2800,2749,2778,598,1532
2013/01/21 00:00:00.0,2766,2783,2747,2763,594,1518
2013/01/22 00:00:00.0,2772,2772,2764,2766,66,1524
2013/01/23 00:00:00.0,2774,2775,2765,2774,108,1526
2013/01/24 00:00:00.0,2773,2773,2759,2762,166,1564
2013/01/25 00:00:00.0,2784,2784,2763,2767,70,1594
2013/01/28 00:00:00.0,2765,2767,2755,2763,150,1592
2013/01/29 00:00:00.0,2758,2781,2756,2774,848,1994
2013/01/30 00:00:00.0,2766,2796,2766,2795,886,1922
2013/01/31 00:00:00.0,2795,2799,2789,2796,152,1958
2013/02/01 00:00:00.0,2798,2806,2785,2806,376,2090
2013/02/04 00:00:00.0,2804,2810,2802,2809,296,2084
2013/02/05 00:00:00.0,2803,2809,2803,2809,110,2138
2013/02/06 00:00:00.0,2807,2811,2800,2800,116,2148
2013/02/07 00:00:00.0,2793,2799,2785,2788,362,2158
2013/02/08 00:00:00.0,2806,2815,2790,2812,582,2454
2013/02/18 00:00:00.0,2807,2811,2798,2808,306,2560
2013/02/19 00:00:00.0,2810,2813,2797,2806,242,2640
2013/02/20 00:00:00.0,2809,2809,2797,2805,220,2716
2013/02/21 00:00:00.0,2796,2815,2796,2813,1520,3370
2013/02/22 00:00:00.0,2807,2811,2794,2804,648,3564
2013/02/25 00:00:00.0,2793,2802,2786,2796,628,3794
2013/02/26 00:00:00.0,2793,2807,2789,2804,1898,4956
2013/02/27 00:00:00.0,2801,2802,2787,2792,1148,5320
2013/02/28 00:00:00.0,2794,2806,2792,2801,548,5574
2013/03/01 00:00:00.0,2797,2803,2787,2802,1112,6056
2013/03/04 00:00:00.0,2800,2804,2789,2793,538,6302
2013/03/05 00:00:00.0,2796,2803,2791,2803,1866,7320
2013/03/06 00:00:00.0,2798,2802,2792,2793,638,7498
2013/03/07 00:00:00.0,2788,2808,2788,2805,3486,9194
2013/03/08 00:00:00.0,2807,2808,2790,2794,1136,9404
2013/03/11 00:00:00.0,2795,2796,2766,2769,2242,8754
2013/03/12 00:00:00.0,2769,2782,2751,2757,4146,7664
2013/03/13 00:00:00.0,2758,2771,2758,2766,764,7596
2013/03/14 00:00:00.0,2762,2766,2736,2747,2380,7992
2013/03/15 00:00:00.0,2751,2772,2747,2764,2848,8640
2013/03/18 00:00:00.0,2769,2770,2749,2749,842,8732
2013/03/19 00:00:00.0,2755,2757,2743,2749,1844,8614
2013/03/20 00:00:00.0,2751,2755,2725,2727,7346,8596
2013/03/21 00:00:00.0,2731,2739,2729,2736,1974,8700
2013/03/22 00:00:00.0,2733,2738,2733,2736,1014,8368
2013/03/25 00:00:00.0,2737,2743,2734,2738,526,8202
2013/03/26 00:00:00.0,2736,2741,2734,2738,478,8094
2013/03/27 00:00:00.0,2735,2737,2731,2735,392,7982
2013/03/28 00:00:00.0,2735,2739,2727,2734,1064,8298
2013/03/29 00:00:00.0,2730,2746,2726,2737,3894,7074
2013/04/01 00:00:00.0,2734,2740,2720,2722,2050,8520
2013/04/02 00:00:00.0,2724,2731,2709,2713,1942,8806
2013/04/03 00:00:00.0,2714,2716,2697,2698,2586,9324
2013/04/08 00:00:00.0,2694,2702,2687,2701,2264,9330
2013/04/09 00:00:00.0,2704,2704,2693,2697,1642,9914
2013/04/10 00:00:00.0,2699,2705,2697,2702,1282,9430
2013/04/11 00:00:00.0,2698,2704,2684,2691,2950,10632
2013/04/12 00:00:00.0,2694,2696,2682,2684,1302,11016
2013/04/15 00:00:00.0,2700,2700,2669,2674,2018,10626
2013/04/16 00:00:00.0,2669,2671,2659,2669,2244,10932
2013/04/17 00:00:00.0,2667,2668,2655,2657,2380,11094
2013/04/18 00:00:00.0,2654,2662,2654,2662,1560,10822
2013/04/19 00:00:00.0,2663,2665,2635,2638,3976,10000
2013/04/22 00:00:00.0,2640,2641,2623,2625,3514,9754
2013/04/23 00:00:00.0,2624,2629,2618,2622,1596,10088
2013/04/24 00:00:00.0,2620,2630,2620,2626,1536,9742
2013/04/25 00:00:00.0,2625,2630,2615,2623,1766,10260
2013/04/26 00:00:00.0,2624,2646,2618,2622,2182,9634
2013/05/02 00:00:00.0,2616,2627,2616,2624,1000,9724
2013/05/03 00:00:00.0,2621,2634,2621,2631,1386,9676
2013/05/06 00:00:00.0,2629,2659,2629,2643,2054,9408
2013/05/07 00:00:00.0,2643,2657,2637,2647,1818,9438
2013/05/08 00:00:00.0,2640,2649,2640,2645,786,9524
2013/05/09 00:00:00.0,2643,2648,2635,2638,972,9676
2013/05/10 00:00:00.0,2638,2643,2617,2636,4390,9936
2013/05/13 00:00:00.0,2634,2645,2634,2642,1204,9992
2013/05/14 00:00:00.0,2646,2646,2631,2634,1476,9676
2013/05/15 00:00:00.0,2632,2634,2627,2627,610,9586
2013/05/16 00:00:00.0,2626,2641,2625,2638,974,9472
2013/05/17 00:00:00.0,2634,2645,2634,2642,1836,9470
2013/05/20 00:00:00.0,2641,2643,2631,2631,976,9424
2013/05/21 00:00:00.0,2630,2637,2629,2636,602,9434
2013/05/22 00:00:00.0,2633,2634,2625,2628,778,9434
2013/05/23 00:00:00.0,2630,2630,2615,2616,1322,9734
2013/05/24 00:00:00.0,2618,2628,2618,2621,946,9762
2013/05/27 00:00:00.0,2620,2636,2620,2635,1380,9558
2013/05/28 00:00:00.0,2637,2638,2630,2630,840,9650
2013/05/29 00:00:00.0,2634,2636,2621,2624,856,9652
2013/05/30 00:00:00.0,2623,2627,2621,2626,518,9778
2013/05/31 00:00:00.0,2625,2629,2618,2619,764,9848
2013/06/03 00:00:00.0,2625,2667,2623,2657,9982,11048
2013/06/04 00:00:00.0,2655,2655,2635,2636,5398,9476
2013/06/05 00:00:00.0,2637,2649,2636,2638,1258,9626
2013/06/06 00:00:00.0,2636,2645,2625,2641,1322,9592
2013/06/07 00:00:00.0,2640,2649,2628,2630,2426,9550
2013/06/13 00:00:00.0,2632,2638,2626,2631,1364,9606
2013/06/14 00:00:00.0,2628,2630,2619,2621,2504,10500
2013/06/17 00:00:00.0,2619,2623,2615,2615,1948,10942
2013/06/18 00:00:00.0,2616,2620,2612,2618,2298,11836
2013/06/19 00:00:00.0,2617,2629,2617,2628,1658,11718
2013/06/20 00:00:00.0,2623,2632,2623,2626,2144,11778
2013/06/21 00:00:00.0,2619,2630,2618,2621,1284,11792
2013/06/24 00:00:00.0,2620,2641,2619,2631,2020,11880
2013/06/25 00:00:00.0,2637,2638,2629,2635,2232,13232
2013/06/26 00:00:00.0,2633,2637,2629,2631,574,13340
2013/06/27 00:00:00.0,2630,2631,2625,2629,380,13216
2013/06/28 00:00:00.0,2632,2632,2624,2626,748,13280
2013/07/01 00:00:00.0,2623,2629,2620,2624,2310,13672
2013/07/02 00:00:00.0,2622,2632,2621,2627,1482,13384
2013/07/03 00:00:00.0,2633,2634,2619,2625,1640,13752
2013/07/04 00:00:00.0,2621,2627,2621,2625,952,13318
2013/07/05 00:00:00.0,2627,2637,2623,2632,2628,12836
2013/07/08 00:00:00.0,2631,2638,2625,2627,1482,12718
2013/07/09 00:00:00.0,2632,2633,2627,2627,632,12704
2013/07/10 00:00:00.0,2628,2631,2623,2626,1438,12472
2013/07/11 00:00:00.0,2623,2629,2623,2625,1850,12236
2013/07/12 00:00:00.0,2626,2626,2593,2612,7556,14242
2013/07/15 00:00:00.0,2610,2612,2589,2591,3188,14844
2013/07/16 00:00:00.0,2589,2594,2520,2534,10020,15384
2013/07/17 00:00:00.0,2524,2543,2520,2532,6622,15614
2013/07/18 00:00:00.0,2525,2537,2523,2536,3900,15492
2013/07/19 00:00:00.0,2531,2542,2530,2531,2834,15304
2013/07/22 00:00:00.0,2530,2530,2516,2521,5870,15970
2013/07/23 00:00:00.0,2522,2555,2521,2553,8160,14770
2013/07/24 00:00:00.0,2550,2570,2548,2567,4402,14538
2013/07/25 00:00:00.0,2563,2563,2546,2546,3504,15526
2013/07/26 00:00:00.0,2546,2546,2528,2534,4160,15270
2013/07/29 00:00:00.0,2535,2569,2534,2553,8602,15766
2013/07/30 00:00:00.0,2555,2558,2535,2536,5268,15534
2013/07/31 00:00:00.0,2538,2552,2538,2547,4078,15842
2013/08/01 00:00:00.0,2548,2552,2534,2538,3214,16372
2013/08/02 00:00:00.0,2542,2542,2478,2480,22728,23680
2013/08/05 00:00:00.0,2480,2493,2472,2486,12592,22598
2013/08/06 00:00:00.0,2488,2491,2480,2481,6314,22544
2013/08/07 00:00:00.0,2479,2483,2464,2464,5590,22454
2013/08/08 00:00:00.0,2467,2471,2449,2463,9668,22294
2013/08/09 00:00:00.0,2464,2485,2464,2476,9160,22190
2013/08/12 00:00:00.0,2483,2489,2477,2486,8372,21996
2013/08/13 00:00:00.0,2484,2509,2484,2507,10228,21886
2013/08/14 00:00:00.0,2500,2520,2499,2502,9682,21828
2013/08/15 00:00:00.0,2508,2510,2500,2505,4458,22122
2013/08/16 00:00:00.0,2515,2515,2502,2504,6470,22210
2013/08/19 00:00:00.0,2512,2512,2502,2504,6874,22206
2013/08/20 00:00:00.0,2507,2507,2480,2485,10268,23760
2013/08/21 00:00:00.0,2488,2491,2473,2475,7012,25560
2013/08/22 00:00:00.0,2474,2495,2474,2485,14090,25656
2013/08/23 00:00:00.0,2485,2486,2474,2477,6360,25036
2013/08/26 00:00:00.0,2485,2510,2484,2509,19720,26590
2013/08/27 00:00:00.0,2512,2513,2496,2502,10036,26646
2013/08/28 00:00:00.0,2502,2542,2471,2492,27812,23550
2013/08/29 00:00:00.0,2496,2502,2478,2488,9598,23614
2013/08/30 00:00:00.0,2490,2490,2476,2481,4356,24174
2013/09/02 00:00:00.0,2481,2496,2481,2493,6186,23982
2013/09/03 00:00:00.0,2496,2503,2494,2501,5812,23370
2013/09/04 00:00:00.0,2499,2501,2489,2501,4568,23488
2013/09/05 00:00:00.0,2501,2503,2490,2492,3750,23972
2013/09/06 00:00:00.0,2496,2498,2492,2497,2680,23932
2013/09/09 00:00:00.0,2498,2514,2498,2512,6078,23684
2013/09/10 00:00:00.0,2509,2540,2507,2522,20796,25016
2013/09/11 00:00:00.0,2524,2525,2511,2518,6790,24702
2013/09/12 00:00:00.0,2521,2538,2520,2528,10014,23540
2013/09/13 00:00:00.0,2530,2536,2519,2520,6494,24306
2013/09/16 00:00:00.0,2523,2523,2488,2490,10320,22648
2013/09/17 00:00:00.0,2480,2495,2478,2484,11968,26112
2013/09/18 00:00:00.0,2485,2493,2476,2482,13672,24198
2013/09/23 00:00:00.0,2481,2483,2472,2475,5910,25488
2013/09/24 00:00:00.0,2476,2479,2465,2466,5138,26906
2013/09/25 00:00:00.0,2467,2471,2460,2463,6364,28920
2013/09/26 00:00:00.0,2464,2471,2463,2464,4522,28626
2013/09/27 00:00:00.0,2461,2462,2449,2459,8668,28616
2013/09/30 00:00:00.0,2453,2460,2446,2459,4926,29010
2013/10/08 00:00:00.0,2458,2476,2457,2471,8522,27522
2013/10/09 00:00:00.0,2471,2485,2467,2473,11102,29624
2013/10/10 00:00:00.0,2473,2482,2471,2473,8922,27318
2013/10/11 00:00:00.0,2473,2478,2471,2473,4396,27686
2013/10/14 00:00:00.0,2475,2479,2470,2471,3974,27552
2013/10/15 00:00:00.0,2474,2474,2461,2461,3804,28676
2013/10/16 00:00:00.0,2461,2465,2457,2459,4184,29908
2013/10/17 00:00:00.0,2464,2469,2462,2465,3924,29956
2013/10/18 00:00:00.0,2467,2471,2462,2464,4416,30256
2013/10/21 00:00:00.0,2468,2485,2468,2485,7188,28936
2013/10/22 00:00:00.0,2487,2488,2480,2482,5392,28590
2013/10/23 00:00:00.0,2481,2503,2480,2495,10782,28320
2013/10/24 00:00:00.0,2493,2504,2488,2491,6840,28288
2013/10/25 00:00:00.0,2496,2496,2481,2483,4520,28076
2013/10/28 00:00:00.0,2482,2486,2460,2462,4724,27710
2013/10/29 00:00:00.0,2462,2468,2452,2455,4888,27588
2013/10/30 00:00:00.0,2455,2470,2455,2469,3060,27120
2013/10/31 00:00:00.0,2466,2470,2454,2462,2510,27124
2013/11/01 00:00:00.0,2463,2475,2452,2458,8940,29110
2013/11/04 00:00:00.0,2461,2474,2458,2471,3634,28098
2013/11/05 00:00:00.0,2473,2480,2467,2479,4440,27472
2013/11/06 00:00:00.0,2477,2485,2467,2470,4746,27368
2013/11/07 00:00:00.0,2471,2475,2466,2473,3586,26804
2013/11/08 00:00:00.0,2481,2481,2474,2476,3090,26542
2013/11/11 00:00:00.0,2476,2478,2468,2473,3344,26100
2013/11/12 00:00:00.0,2468,2483,2468,2482,3516,25756
2013/11/13 00:00:00.0,2480,2487,2475,2484,3170,25160
2013/11/14 00:00:00.0,2483,2526,2482,2515,18622,24116
2013/11/15 00:00:00.0,2520,2524,2489,2503,10476,23840
2013/11/18 00:00:00.0,2504,2514,2497,2512,8218,23522
2013/11/19 00:00:00.0,2515,2516,2503,2507,7068,23384
2013/11/20 00:00:00.0,2505,2513,2504,2507,2912,23652
2013/11/21 00:00:00.0,2507,2511,2500,2502,1940,23310
2013/11/22 00:00:00.0,2503,2512,2502,2504,3942,23042
2013/11/25 00:00:00.0,2505,2508,2477,2478,5136,22046
2013/11/26 00:00:00.0,2480,2488,2473,2475,4296,21644
2013/11/27 00:00:00.0,2477,2483,2476,2477,2576,21866
2013/11/28 00:00:00.0,2478,2485,2475,2478,1786,21582
2013/11/29 00:00:00.0,2475,2479,2468,2472,2944,21724
2013/12/02 00:00:00.0,2473,2475,2466,2472,2138,21716
2013/12/03 00:00:00.0,2471,2479,2469,2470,2208,21464
2013/12/04 00:00:00.0,2471,2477,2471,2476,1430,21482
2013/12/05 00:00:00.0,2476,2483,2475,2477,3438,22972
2013/12/06 00:00:00.0,2480,2498,2480,2493,5496,22898
2013/12/09 00:00:00.0,2493,2497,2486,2491,3078,22660
2013/12/10 00:00:00.0,2494,2496,2467,2469,3846,21778
2013/12/11 00:00:00.0,2467,2471,2389,2391,31808,28092
2013/12/12 00:00:00.0,2366,2405,2366,2391,44118,28242
2013/12/13 00:00:00.0,2391,2400,2383,2386,10814,27096
2013/12/16 00:00:00.0,2387,2392,2358,2362,17042,31426
2013/12/17 00:00:00.0,2364,2380,2361,2366,12726,30166
2013/12/18 00:00:00.0,2367,2368,2349,2357,6004,30674
2013/12/19 00:00:00.0,2356,2368,2356,2361,5394,31316
2013/12/20 00:00:00.0,2361,2368,2351,2357,6316,31394
2013/12/23 00:00:00.0,2357,2367,2337,2351,6810,31894
2013/12/24 00:00:00.0,2351,2351,2329,2333,7878,32612
2013/12/25 00:00:00.0,2334,2340,2329,2336,4794,32382
2013/12/26 00:00:00.0,2338,2344,2327,2335,4652,32182
2013/12/27 00:00:00.0,2335,2339,2332,2336,2768,31906
2013/12/30 00:00:00.0,2336,2341,2328,2330,4818,31554
2013/12/31 00:00:00.0,2332,2332,2296,2302,10260,32506
2014/01/02 00:00:00.0,2305,2306,2296,2301,3460,32340
2014/01/03 00:00:00.0,2302,2302,2254,2278,13978,31904
2014/01/06 00:00:00.0,2276,2283,2261,2276,5774,30210
2014/01/07 00:00:00.0,2274,2277,2249,2258,4898,29924
2014/01/08 00:00:00.0,2257,2259,2239,2240,5572,29822
2014/01/09 00:00:00.0,2236,2257,2230,2239,6440,29206
2014/01/10 00:00:00.0,2242,2252,2239,2247,3320,29162
2014/01/13 00:00:00.0,2248,2258,2240,2251,3636,29434
2014/01/14 00:00:00.0,2251,2259,2246,2256,4232,29470
2014/01/15 00:00:00.0,2255,2271,2251,2271,10836,30736
2014/01/16 00:00:00.0,2277,2280,2262,2265,4110,29514
2014/01/17 00:00:00.0,2264,2270,2252,2268,5802,28286
2014/01/20 00:00:00.0,2269,2280,2267,2277,3598,28200
2014/01/21 00:00:00.0,2277,2296,2275,2284,9282,27532
2014/01/22 00:00:00.0,2277,2301,2266,2289,8008,26348
2014/01/23 00:00:00.0,2289,2293,2281,2284,2242,26506
2014/01/24 00:00:00.0,2286,2288,2274,2279,3126,26230
2014/01/27 00:00:00.0,2278,2282,2255,2258,6080,26808
2014/01/28 00:00:00.0,2256,2294,2215,2293,22738,31988
2014/01/29 00:00:00.0,2299,2299,2274,2293,7200,30266
2014/01/30 00:00:00.0,2291,2303,2285,2295,5858,30582
2014/02/07 00:00:00.0,2304,2314,2293,2312,6666,30774
2014/02/10 00:00:00.0,2312,2318,2306,2313,17036,28384
2014/02/11 00:00:00.0,2322,2322,2301,2319,6844,30792
2014/02/12 00:00:00.0,2323,2355,2320,2351,32208,42474
2014/02/13 00:00:00.0,2349,2368,2347,2348,23042,39124
2014/02/14 00:00:00.0,2351,2352,2340,2346,10064,35884
2014/02/17 00:00:00.0,2346,2351,2332,2345,7186,34534
2014/02/18 00:00:00.0,2342,2348,2337,2344,4814,34858
2014/02/19 00:00:00.0,2344,2344,2312,2320,16646,34432
2014/02/20 00:00:00.0,2324,2342,2318,2342,6040,34802
2014/02/21 00:00:00.0,2343,2350,2334,2347,8068,33456
2014/02/24 00:00:00.0,2346,2364,2340,2350,10870,32116
2014/02/25 00:00:00.0,2341,2377,2337,2365,16396,31340
2014/02/26 00:00:00.0,2364,2364,2349,2359,5834,32214
2014/02/27 00:00:00.0,2358,2363,2341,2349,7738,33754
2014/02/28 00:00:00.0,2342,2348,2333,2347,6336,34230
2014/03/03 00:00:00.0,2350,2355,2345,2350,2240,34128
2014/03/04 00:00:00.0,2349,2356,2343,2353,1900,34032
2014/03/05 00:00:00.0,2355,2356,2348,2354,1764,33508
2014/03/06 00:00:00.0,2356,2357,2345,2352,1816,33398
2014/03/07 00:00:00.0,2357,2367,2351,2352,5930,33092
2014/03/10 00:00:00.0,2351,2354,2346,2351,3152,32250
2014/03/11 00:00:00.0,2342,2362,2268,2360,5472,30010
2014/03/12 00:00:00.0,2358,2361,2351,2361,1710,29770
2014/03/13 00:00:00.0,2360,2364,2354,2358,2344,29198
2014/03/14 00:00:00.0,2354,2362,2354,2361,1834,28458
2014/03/17 00:00:00.0,2361,2363,2353,2359,2320,28020
2014/03/18 00:00:00.0,2358,2360,2293,2305,31508,17968
2014/03/19 00:00:00.0,2304,2357,2287,2306,31890,17060
2014/03/20 00:00:00.0,2308,2315,2295,2304,5130,16538
2014/03/21 00:00:00.0,2295,2307,2295,2304,1348,16034
2014/03/24 00:00:00.0,2308,2311,2300,2308,2854,15716
2014/03/25 00:00:00.0,2308,2317,2302,2312,2054,15482
2014/03/26 00:00:00.0,2307,2314,2298,2301,2528,15032
2014/03/27 00:00:00.0,2298,2319,2285,2307,2484,14658
2014/03/28 00:00:00.0,2308,2314,2303,2305,1022,14352
2014/03/31 00:00:00.0,2311,2313,2300,2309,1298,14094
2014/04/01 00:00:00.0,2306,2319,2306,2313,1524,13690
2014/04/02 00:00:00.0,2309,2318,2307,2317,1134,13920
2014/04/03 00:00:00.0,2310,2315,2304,2306,1212,13852
2014/04/04 00:00:00.0,2305,2320,2299,2319,1744,14030
2014/04/08 00:00:00.0,2316,2328,2316,2325,1718,13572
2014/04/09 00:00:00.0,2321,2339,2312,2312,4104,12846
2014/04/10 00:00:00.0,2314,2320,2290,2297,4112,12904
2014/04/11 00:00:00.0,2292,2294,2272,2285,4798,12328
2014/04/14 00:00:00.0,2302,2304,2279,2297,2136,11530
2014/04/15 00:00:00.0,2302,2324,2293,2324,2164,10782
2014/04/16 00:00:00.0,2318,2330,2311,2313,1474,10930
2014/04/17 00:00:00.0,2306,2323,2303,2320,686,10710
2014/04/18 00:00:00.0,2328,2329,2312,2315,1682,10452
2014/04/21 00:00:00.0,2318,2319,2303,2307,1472,9940
2014/04/22 00:00:00.0,2301,2322,2301,2315,1006,9600
2014/04/23 00:00:00.0,2324,2324,2312,2322,1198,9392
2014/04/24 00:00:00.0,2335,2354,2324,2352,2952,9912
2014/04/25 00:00:00.0,2356,2360,2342,2352,2002,9518
2014/04/28 00:00:00.0,2357,2364,2341,2345,2242,8572
2014/04/29 00:00:00.0,2349,2353,2332,2334,2280,7922
2014/04/30 00:00:00.0,2315,2345,2315,2338,3564,7014
2014/05/05 00:00:00.0,2350,2359,2341,2344,932,7096
2014/05/06 00:00:00.0,2355,2359,2338,2359,1442,7402
2014/05/07 00:00:00.0,2357,2367,2354,2358,1062,7452
2014/05/08 00:00:00.0,2362,2441,2349,2371,5976,7626
2014/05/09 00:00:00.0,2370,2378,2343,2347,3002,7264
2014/05/12 00:00:00.0,2349,2353,2332,2345,2068,7630
2014/05/13 00:00:00.0,2338,2347,2335,2340,2108,7798
2014/05/14 00:00:00.0,2342,2347,2334,2339,2110,8296
2014/05/15 00:00:00.0,2336,2341,2329,2332,1576,8318
2014/05/16 00:00:00.0,2325,2337,2319,2324,1148,8602
2014/05/19 00:00:00.0,2332,2347,2330,2346,1700,7522
2014/05/20 00:00:00.0,2336,2348,2324,2324,1852,7930
2014/05/21 00:00:00.0,2323,2335,2308,2313,2632,7648
2014/05/22 00:00:00.0,2312,2325,2304,2320,1050,7600
2014/05/23 00:00:00.0,2327,2331,2289,2300,2888,7948
2014/05/26 00:00:00.0,2304,2310,2279,2281,3056,9132
2014/05/27 00:00:00.0,2282,2293,2268,2292,5668,9648
2014/05/28 00:00:00.0,2288,2330,2288,2330,4452,9886
2014/05/29 00:00:00.0,2331,2354,2322,2330,1694,9838
2014/05/30 00:00:00.0,2339,2339,2322,2325,1036,9822
2014/06/03 00:00:00.0,2322,2330,2314,2320,890,9922
2014/06/04 00:00:00.0,2321,2321,2299,2312,1300,10134
2014/06/05 00:00:00.0,2307,2346,2307,2346,1606,10402
2014/06/06 00:00:00.0,2349,2349,2327,2337,1840,10056
2014/06/09 00:00:00.0,2338,2344,2332,2338,922,10070
2014/06/10 00:00:00.0,2335,2359,2334,2354,1106,10144
2014/06/11 00:00:00.0,2357,2393,2357,2386,3410,10110
2014/06/12 00:00:00.0,2386,2390,2361,2380,2724,10122
2014/06/13 00:00:00.0,2347,2378,2347,2372,2042,10288
2014/06/16 00:00:00.0,2376,2376,2334,2363,1368,10200
2014/06/17 00:00:00.0,2370,2373,2360,2363,914,10028
2014/06/18 00:00:00.0,2367,2379,2357,2376,1174,10092
2014/06/19 00:00:00.0,2380,2392,2375,2383,1832,10208
2014/06/20 00:00:00.0,2384,2387,2374,2375,1048,9934
2014/06/23 00:00:00.0,2382,2383,2361,2368,1348,9996
2014/06/24 00:00:00.0,2370,2370,2358,2364,1874,10128
2014/06/25 00:00:00.0,2363,2368,2348,2365,4026,9966
2014/06/26 00:00:00.0,2367,2374,2354,2364,1138,10008
2014/06/27 00:00:00.0,2370,2371,2336,2337,2912,9540
2014/06/30 00:00:00.0,2333,2344,2332,2340,910,9390
2014/07/01 00:00:00.0,2341,2354,2337,2354,1462,9030
2014/07/02 00:00:00.0,2349,2356,2347,2350,572,9114
2014/07/03 00:00:00.0,2346,2349,2324,2348,2584,9310
2014/07/04 00:00:00.0,2346,2362,2346,2362,1320,9188
2014/07/07 00:00:00.0,2363,2393,2363,2386,3054,9490
2014/07/08 00:00:00.0,2382,2386,2348,2365,2988,9176
2014/07/09 00:00:00.0,2370,2370,2339,2353,1496,8688
2014/07/10 00:00:00.0,2349,2353,2343,2347,854,8678
2014/07/11 00:00:00.0,2339,2347,2337,2339,1018,8480
2014/07/14 00:00:00.0,2348,2348,2331,2337,684,8598
2014/07/15 00:00:00.0,2371,2376,2370,2373,588,7176
2014/07/16 00:00:00.0,2370,2375,2367,2371,396,7264
2014/07/17 00:00:00.0,2374,2382,2374,2376,660,7434
2014/07/18 00:00:00.0,2378,2378,2364,2367,650,7276
2014/07/21 00:00:00.0,2358,2364,2339,2347,1334,7016
2014/07/22 00:00:00.0,2337,2357,2337,2351,636,7034
2014/07/23 00:00:00.0,2349,2355,2334,2339,840,6846
2014/07/24 00:00:00.0,2340,2345,2329,2329,556,6762
2014/07/25 00:00:00.0,2328,2329,2310,2311,780,6938
2014/07/28 00:00:00.0,2314,2344,2265,2336,2640,6750
2014/07/29 00:00:00.0,2333,2376,2326,2353,1724,6474
2014/07/30 00:00:00.0,2345,2356,2340,2348,892,6522
2014/07/31 00:00:00.0,2345,2345,2308,2328,2276,6892
2014/08/01 00:00:00.0,2318,2318,2280,2280,2034,7260
2014/08/04 00:00:00.0,2281,2301,2272,2293,1288,7182
2014/08/05 00:00:00.0,2280,2294,2279,2283,1380,7236
2014/08/06 00:00:00.0,2278,2285,2269,2277,1126,7326
2014/08/07 00:00:00.0,2272,2290,2272,2290,636,7346
2014/08/08 00:00:00.0,2285,2288,2273,2277,1168,7330
2014/08/11 00:00:00.0,2280,2280,2242,2251,1942,7042
2014/08/12 00:00:00.0,2248,2251,2233,2245,2074,6486
2014/08/13 00:00:00.0,2242,2252,2242,2246,956,6226
2014/08/14 00:00:00.0,2243,2245,2199,2209,1770,5806
2014/08/15 00:00:00.0,2219,2234,2207,2232,1746,5774
2014/08/18 00:00:00.0,2227,2236,2226,2230,506,5616
2014/08/19 00:00:00.0,2221,2225,2213,2216,1062,5488
2014/08/20 00:00:00.0,2217,2220,2206,2213,1354,5264
2014/08/21 00:00:00.0,2217,2219,2190,2191,1556,5224
2014/08/22 00:00:00.0,2196,2207,2188,2207,818,5076
2014/08/25 00:00:00.0,2198,2245,2196,2244,2798,4896
2014/08/26 00:00:00.0,2243,2262,2237,2240,1358,5004
2014/08/27 00:00:00.0,2235,2243,2235,2242,716,4948
2014/08/28 00:00:00.0,2243,2258,2243,2254,1716,4822
2014/08/29 00:00:00.0,2253,2266,2252,2266,932,4490
2014/09/01 00:00:00.0,2265,2286,2259,2277,1046,4716
2014/09/02 00:00:00.0,2277,2328,2276,2326,2020,4524
2014/09/03 00:00:00.0,2327,2343,2316,2320,2238,4740
2014/09/04 00:00:00.0,2327,2327,2318,2326,862,4872
2014/09/05 00:00:00.0,2322,2323,2262,2263,2132,4836
2014/09/09 00:00:00.0,2259,2267,2225,2266,2292,4188
2014/09/10 00:00:00.0,2255,2278,2250,2259,1516,3948
2014/09/11 00:00:00.0,2264,2266,2257,2265,372,3986
2014/09/12 00:00:00.0,2270,2302,2270,2295,992,4084
2014/09/15 00:00:00.0,2300,2305,2285,2286,486,4112
2014/09/16 00:00:00.0,2301,2316,2291,2313,748,3734
2014/09/17 00:00:00.0,2318,2319,2306,2314,522,3770
2014/09/18 00:00:00.0,2317,2323,2304,2306,456,3776
2014/09/19 00:00:00.0,2303,2320,2302,2316,456,3778
2014/09/22 00:00:00.0,2315,2318,2282,2290,1660,3676
2014/09/23 00:00:00.0,2277,2299,2277,2295,504,3624
2014/09/24 00:00:00.0,2300,2301,2294,2297,246,3552
2014/09/25 00:00:00.0,2301,2319,2301,2310,884,3576
2014/09/26 00:00:00.0,2310,2316,2309,2310,328,3538
2014/09/29 00:00:00.0,2307,2318,2279,2318,672,3262
2014/09/30 00:00:00.0,2318,2337,2312,2315,642,3088
2014/10/08 00:00:00.0,2324,2333,2318,2324,146,3082
2014/10/09 00:00:00.0,2328,2328,2317,2323,164,3058
2014/10/10 00:00:00.0,2321,2321,2286,2286,630,3150
2014/10/13 00:00:00.0,2285,2295,2264,2271,1430,3238
2014/10/14 00:00:00.0,2272,2299,2270,2293,716,3102
2014/10/15 00:00:00.0,2288,2302,2288,2300,202,3048
2014/10/16 00:00:00.0,2293,2299,2274,2278,364,3110
2014/10/17 00:00:00.0,2278,2287,2278,2281,218,3132
2014/10/20 00:00:00.0,2279,2286,2279,2284,88,3116
2014/10/21 00:00:00.0,2270,2297,2264,2292,264,3086
2014/10/22 00:00:00.0,2292,2298,2289,2289,84,3080
2014/10/23 00:00:00.0,2288,2297,2288,2296,126,3082
2014/10/24 00:00:00.0,2295,2304,2295,2302,374,3028
2014/10/27 00:00:00.0,2308,2317,2283,2291,308,3048
2014/10/28 00:00:00.0,2285,2297,2285,2290,174,3046
2014/10/29 00:00:00.0,2287,2292,2283,2290,154,3046
2014/10/30 00:00:00.0,2293,2307,2289,2307,492,3096
2014/10/31 00:00:00.0,2309,2314,2303,2307,504,3144
2014/11/03 00:00:00.0,2313,2313,2301,2302,250,3180
2014/11/04 00:00:00.0,2300,2309,2297,2302,286,3178
2014/11/05 00:00:00.0,2301,2301,2269,2270,816,3022
2014/11/06 00:00:00.0,2267,2282,2267,2271,206,3018
2014/11/07 00:00:00.0,2266,2293,2266,2281,716,2836
2014/11/10 00:00:00.0,2278,2284,2271,2273,414,2960
2014/11/11 00:00:00.0,2274,2274,2241,2242,1234,3156
2014/11/12 00:00:00.0,2241,2258,2238,2248,622,3244
2014/11/13 00:00:00.0,2245,2255,2242,2250,232,3176
2014/11/14 00:00:00.0,2248,2248,2232,2233,458,3226
2014/11/17 00:00:00.0,2232,2238,2214,2226,522,3200
2014/11/18 00:00:00.0,2232,2235,2222,2222,266,3118
2014/11/19 00:00:00.0,2218,2225,2215,2223,192,3104
2014/11/20 00:00:00.0,2224,2231,2220,2228,274,3024
2014/11/21 00:00:00.0,2239,2282,2239,2254,496,2870
2014/11/24 00:00:00.0,2255,2256,2243,2243,186,2792
2014/11/25 00:00:00.0,2241,2259,2241,2255,322,2764
2014/11/26 00:00:00.0,2234,2259,2234,2246,222,2774
2014/11/27 00:00:00.0,2251,2254,2234,2237,360,2700
2014/11/28 00:00:00.0,2233,2243,2233,2242,138,2670
2014/12/01 00:00:00.0,2237,2237,2229,2229,180,2632
2014/12/02 00:00:00.0,2232,2237,2229,2231,116,2616
2014/12/03 00:00:00.0,2247,2247,2231,2234,202,2516
2014/12/04 00:00:00.0,2233,2236,2232,2234,68,2486
2014/12/05 00:00:00.0,2238,2241,2234,2238,82,2448
2014/12/08 00:00:00.0,2240,2241,2232,2235,180,2338
2014/12/09 00:00:00.0,2227,2233,2217,2226,270,2324
2014/12/10 00:00:00.0,2221,2223,2209,2223,582,2244
2014/12/11 00:00:00.0,2221,2221,2209,2210,340,2170
2014/12/12 00:00:00.0,2204,2218,2204,2217,192,2130
2014/12/15 00:00:00.0,2233,2236,2216,2229,340,1942
2014/12/16 00:00:00.0,2231,2234,2224,2231,136,1854
2014/12/17 00:00:00.0,2228,2236,2228,2231,206,1766
2014/12/18 00:00:00.0,2231,2234,2230,2231,74,1720
2014/12/19 00:00:00.0,2229,2234,2229,2230,82,1702
2014/12/22 00:00:00.0,2238,2238,2230,2230,64,1680
2014/12/23 00:00:00.0,2232,2241,2232,2237,38,1666
2014/12/24 00:00:00.0,2244,2249,2236,2246,100,1602
2014/12/25 00:00:00.0,2239,2245,2239,2245,62,1560
2014/12/26 00:00:00.0,2258,2263,2246,2251,146,1504
2014/12/29 00:00:00.0,2246,2255,2246,2255,208,1428
2014/12/30 00:00:00.0,2254,2261,2254,2261,438,1300
2014/12/31 00:00:00.0,2256,2279,2213,2260,450,1072
2015/01/05 00:00:00.0,2260,2261,2257,2260,84,1074
2015/01/06 00:00:00.0,2289,2289,2264,2266,102,1062
2015/01/07 00:00:00.0,2267,2267,2250,2250,68,1060
2015/01/08 00:00:00.0,2262,2264,2260,2260,22,1056
2015/01/09 00:00:00.0,2267,2269,2263,2266,20,1004
2015/01/12 00:00:00.0,2257,2276,2257,2272,48,996
2015/01/13 00:00:00.0,2267,2270,2265,2267,34,1014
2015/01/14 00:00:00.0,2270,2270,2254,2264,48,1014
2015/01/15 00:00:00.0,2261,2263,2261,2261,14,1028
2015/01/16 00:00:00.0,2262,2262,2259,2259,12,1030
2015/01/19 00:00:00.0,2289,2315,2289,2306,94,690
2015/01/20 00:00:00.0,2301,2317,2285,2317,88,712
2015/01/21 00:00:00.0,2312,2312,2296,2307,24,712
2015/01/22 00:00:00.0,2324,2325,2315,2315,62,706
2015/01/23 00:00:00.0,2318,2322,2312,2317,54,666
2015/01/26 00:00:00.0,2317,2325,2312,2325,90,606
2015/01/27 00:00:00.0,2331,2341,2326,2334,96,542
2015/01/28 00:00:00.0,2331,2331,2322,2330,42,534
2015/01/29 00:00:00.0,2313,2329,2313,2328,42,524
2015/01/30 00:00:00.0,2321,2328,2316,2328,42,524
2015/02/02 00:00:00.0,2316,2333,2316,2327,34,508
2015/02/03 00:00:00.0,2324,2332,2324,2327,20,496
2015/02/04 00:00:00.0,2325,2334,2325,2333,38,486
2015/02/05 00:00:00.0,2350,2350,2322,2335,42,476
2015/02/06 00:00:00.0,2320,2348,2320,2339,46,450
2015/02/09 00:00:00.0,2340,2348,2330,2337,82,426
2015/02/10 00:00:00.0,2334,2349,2334,2348,20,426
2015/02/11 00:00:00.0,2332,2345,2332,2340,28,408
2015/02/12 00:00:00.0,2338,2353,2338,2352,42,406
2015/02/13 00:00:00.0,2344,2352,2343,2346,56,378
2015/02/16 00:00:00.0,2348,2356,2348,2354,68,334
2015/02/17 00:00:00.0,2355,2359,2353,2355,52,300
2015/02/25 00:00:00.0,2353,2382,2353,2381,26,300
2015/02/26 00:00:00.0,2358,2372,2358,2372,40,310
2015/02/27 00:00:00.0,2368,2386,2363,2386,58,338
2015/03/02 00:00:00.0,2382,2449,2382,2398,126,356
2015/03/03 00:00:00.0,2396,2398,2382,2393,50,376
2015/03/04 00:00:00.0,2394,2394,2385,2394,58,370
2015/03/05 00:00:00.0,2384,2388,2383,2387,20,372
2015/03/06 00:00:00.0,2390,2396,2386,2389,26,368
2015/03/09 00:00:00.0,2380,2388,2376,2387,42,370
2015/03/10 00:00:00.0,2374,2400,2374,2400,36,368
2015/03/11 00:00:00.0,2401,2401,2399,2401,18,362
2015/03/13 00:00:00.0,2387,2407,2387,2404,36,350
2015/03/16 00:00:00.0,2386,2399,2379,2397,68,340
2015/03/17 00:00:00.0,2393,2393,2393,2393,4,340
2015/03/18 00:00:00.0,2382,2404,2382,2402,46,342
2015/03/19 00:00:00.0,2393,2407,2393,2407,32,336
2015/03/23 00:00:00.0,2398,2416,2398,2412,26,324
2015/03/24 00:00:00.0,2401,2416,2401,2413,16,322
2015/03/25 00:00:00.0,2413,2437,2408,2413,34,326
2015/03/26 00:00:00.0,2407,2423,2407,2423,20,322
2015/03/27 00:00:00.0,2411,2414,2403,2405,48,312
2015/03/30 00:00:00.0,2389,2405,2389,2401,40,320
2015/03/31 00:00:00.0,2396,2401,2396,2400,30,298
2015/04/01 00:00:00.0,2414,2423,2410,2412,38,300
2015/04/02 00:00:00.0,2410,2419,2410,2419,40,278
2015/04/03 00:00:00.0,2431,2431,2411,2411,28,258
2015/04/07 00:00:00.0,2427,2428,2420,2421,24,252
2015/04/08 00:00:00.0,2428,2428,2416,2420,64,246
2015/04/09 00:00:00.0,2429,2429,2420,2426,22,248
2015/04/10 00:00:00.0,2444,2444,2432,2432,10,252
2015/04/13 00:00:00.0,2453,2453,2433,2444,32,252
2015/04/14 00:00:00.0,2415,2436,2415,2436,26,250
2015/04/15 00:00:00.0,2434,2445,2434,2445,46,240
2015/04/17 00:00:00.0,2463,2469,2459,2459,22,242
2015/04/20 00:00:00.0,2453,2489,2453,2476,80,236
2015/04/21 00:00:00.0,2492,2492,2468,2488,88,228
2015/04/22 00:00:00.0,2478,2510,2478,2506,88,202
2015/04/23 00:00:00.0,2514,2515,2503,2504,30,200
2015/04/24 00:00:00.0,2491,2507,2491,2507,16,192
2015/04/27 00:00:00.0,2516,2516,2499,2507,14,182
2015/04/28 00:00:00.0,2513,2513,2499,2507,10,182
2015/04/29 00:00:00.0,2505,2519,2504,2508,14,182
2015/04/30 00:00:00.0,2503,2516,2503,2516,12,182
2015/05/04 00:00:00.0,2578,2578,2516,2516,12,182
2015/05/05 00:00:00.0,2526,2526,2526,2526,6,186
2015/05/11 00:00:00.0,2521,2529,2513,2513,20,182
2015/05/15 00:00:00.0,2503,2543,2503,2543,14,176
2015/05/19 00:00:00.0,2515,2515,2515,2515,2,166
2015/05/20 00:00:00.0,2539,2539,2539,2539,2,166
2015/05/21 00:00:00.0,2540,2550,2540,2550,8,162
2015/05/27 00:00:00.0,2557,2557,2544,2544,16,162
2015/05/28 00:00:00.0,2564,2569,2551,2551,22,172
2015/06/01 00:00:00.0,2567,2567,2545,2555,48,174
2015/06/03 00:00:00.0,2573,2573,2564,2564,8,164
2015/06/04 00:00:00.0,2573,2573,2554,2564,6,164
2015/06/05 00:00:00.0,2568,2584,2568,2570,12,162
2015/06/08 00:00:00.0,2560,2565,2557,2565,16,166
2015/06/09 00:00:00.0,2557,2557,2557,2557,6,164
2015/06/10 00:00:00.0,2581,2587,2573,2587,20,168
2015/06/12 00:00:00.0,2596,2607,2568,2607,40,170
2015/06/15 00:00:00.0,2585,2585,2585,2585,4,166
2015/06/19 00:00:00.0,2580,2580,2577,2577,6,160
2015/06/23 00:00:00.0,2601,2601,2577,2597,34,160
2015/06/24 00:00:00.0,2581,2599,2569,2594,18,162
2015/06/25 00:00:00.0,2592,2592,2574,2582,18,156
2015/06/30 00:00:00.0,2611,2618,2599,2613,32,170
2015/07/01 00:00:00.0,2615,2615,2615,2615,4,172
2015/07/02 00:00:00.0,2603,2617,2603,2617,16,172
2015/07/03 00:00:00.0,2585,2619,2584,2600,20,170
2015/07/06 00:00:00.0,2611,2611,2584,2584,6,170
2015/07/07 00:00:00.0,2589,2613,2585,2610,18,164
2015/07/08 00:00:00.0,2560,2602,2524,2549,184,138
2015/07/09 00:00:00.0,2535,2608,2535,2585,84,144
2015/07/10 00:00:00.0,2665,2666,2603,2612,76,142
2015/07/13 00:00:00.0,2633,2636,2605,2616,20,146
2015/07/14 00:00:00.0,2634,2634,2587,2626,40,146
2015/07/15 00:00:00.0,2617,2617,2602,2607,12,150
2015/07/16 00:00:00.0,2618,2619,2570,2618,36,140
2015/07/17 00:00:00.0,2598,2621,2598,2621,18,138
2015/07/20 00:00:00.0,2627,2630,2609,2623,24,142
2015/07/22 00:00:00.0,2621,2629,2602,2615,52,142
2015/07/23 00:00:00.0,2617,2643,2610,2610,20,146
2015/07/24 00:00:00.0,2616,2640,2615,2619,34,152
2015/07/27 00:00:00.0,2617,2621,2604,2605,36,156
2015/07/28 00:00:00.0,2621,2621,2573,2584,98,184
2015/07/29 00:00:00.0,2609,2609,2587,2590,30,182
2015/07/30 00:00:00.0,2600,2600,2583,2587,20,182
2015/07/31 00:00:00.0,2581,2583,2566,2569,50,182
2015/08/03 00:00:00.0,2573,2573,2516,2520,100,184
2015/08/04 00:00:00.0,2545,2545,2493,2539,60,178
2015/08/05 00:00:00.0,2557,2557,2522,2537,56,174
2015/08/06 00:00:00.0,2530,2535,2515,2530,14,170
2015/08/07 00:00:00.0,2516,2540,2516,2526,16,174
2015/08/10 00:00:00.0,2524,2552,2520,2552,40,178
2015/08/11 00:00:00.0,2560,2575,2541,2546,52,166
2015/08/12 00:00:00.0,2545,2545,2544,2545,6,168
2015/08/13 00:00:00.0,2584,2584,2546,2558,18,164
2015/08/14 00:00:00.0,2570,2583,2561,2579,24,166
2015/08/17 00:00:00.0,2600,2600,2581,2586,28,166
2015/08/18 00:00:00.0,2573,2586,2532,2576,62,162
2015/08/19 00:00:00.0,2575,2575,2550,2575,14,162
2015/08/20 00:00:00.0,2569,2580,2557,2561,16,160
2015/08/21 00:00:00.0,2587,2591,2546,2561,42,166
2015/08/24 00:00:00.0,2541,2560,2514,2537,44,162
2015/08/25 00:00:00.0,2536,2551,2532,2544,50,164
2015/08/26 00:00:00.0,2524,2529,2516,2527,26,166
2015/08/27 00:00:00.0,2543,2543,2505,2520,32,160
2015/08/28 00:00:00.0,2582,2582,2527,2559,64,158
2015/08/31 00:00:00.0,2566,2566,2526,2543,42,170
2015/09/01 00:00:00.0,2538,2538,2515,2515,114,178
2015/09/02 00:00:00.0,2520,2539,2510,2521,42,182
2015/09/07 00:00:00.0,2497,2499,2453,2498,36,194
2015/09/08 00:00:00.0,2493,2507,2456,2505,72,194
2015/09/09 00:00:00.0,2514,2514,2491,2491,22,196
2015/09/10 00:00:00.0,2485,2495,2475,2475,12,200
2015/09/11 00:00:00.0,2474,2487,2474,2487,6,200
2015/09/14 00:00:00.0,2459,2519,2459,2480,16,202
2015/09/15 00:00:00.0,2492,2492,2469,2475,30,214
2015/09/16 00:00:00.0,2469,2483,2427,2474,56,208
2015/09/18 00:00:00.0,2481,2484,2456,2457,56,200
2015/09/21 00:00:00.0,2456,2456,2402,2425,72,246
2015/09/22 00:00:00.0,2408,2429,2400,2408,36,258
2015/09/23 00:00:00.0,2427,2431,2409,2429,28,234
2015/09/24 00:00:00.0,2442,2445,2416,2438,38,214
2015/09/25 00:00:00.0,2420,2448,2420,2448,30,204
2015/09/28 00:00:00.0,2480,2481,2453,2470,54,212
2015/09/29 00:00:00.0,2453,2453,2412,2453,58,188
2015/09/30 00:00:00.0,2437,2472,2437,2466,10,182
2015/10/08 00:00:00.0,2464,2464,2425,2444,20,182
2015/10/09 00:00:00.0,2502,2503,2452,2468,16,184
2015/10/12 00:00:00.0,2493,2493,2461,2476,48,184
2015/10/13 00:00:00.0,2473,2479,2467,2474,22,182
2015/10/14 00:00:00.0,2495,2496,2479,2496,28,176
2015/10/15 00:00:00.0,2495,2497,2490,2490,8,176
2015/10/16 00:00:00.0,2480,2494,2480,2494,16,180
2015/10/19 00:00:00.0,2484,2489,2476,2476,26,172
2015/10/20 00:00:00.0,2485,2491,2484,2491,18,166
2015/10/22 00:00:00.0,2506,2518,2497,2497,18,168
2015/10/26 00:00:00.0,2492,2507,2492,2507,10,166
2015/10/27 00:00:00.0,2484,2488,2484,2488,4,166
2015/10/28 00:00:00.0,2515,2515,2482,2487,16,166
2015/10/30 00:00:00.0,2487,2512,2487,2512,6,168
2015/11/03 00:00:00.0,2513,2513,2513,2513,2,170
2015/11/04 00:00:00.0,2513,2513,2513,2513,2,172
2015/11/05 00:00:00.0,2510,2512,2510,2512,6,170
2015/11/09 00:00:00.0,2516,2519,2488,2488,14,164
2015/11/10 00:00:00.0,2470,2491,2470,2491,4,164
2015/11/11 00:00:00.0,2511,2511,2492,2492,10,164
2015/11/13 00:00:00.0,2482,2510,2482,2510,6,164
2015/11/16 00:00:00.0,2496,2510,2496,2510,4,162
2015/11/17 00:00:00.0,2509,2509,2496,2496,4,160
2015/11/19 00:00:00.0,2513,2513,2513,2513,8,160
2015/11/20 00:00:00.0,2489,2517,2489,2517,10,158
2015/11/23 00:00:00.0,2515,2515,2499,2499,12,154
2015/11/25 00:00:00.0,2510,2525,2501,2522,26,158
2015/11/26 00:00:00.0,2531,2536,2524,2524,14,158
2015/11/27 00:00:00.0,2514,2524,2511,2512,12,156
2015/11/30 00:00:00.0,2536,2550,2503,2532,58,152
2015/12/01 00:00:00.0,2526,2526,2526,2526,2,152
2015/12/03 00:00:00.0,2525,2554,2517,2518,4,148
2015/12/04 00:00:00.0,2522,2541,2522,2533,12,148
2015/12/07 00:00:00.0,2479,2540,2477,2540,18,140
2015/12/08 00:00:00.0,2540,2542,2519,2539,96,122
2015/12/10 00:00:00.0,2539,2539,2539,2539,2,120
2015/12/15 00:00:00.0,2539,2541,2539,2541,8,116
2015/12/16 00:00:00.0,2525,2557,2525,2557,32,98
2015/12/17 00:00:00.0,2569,2573,2557,2565,22,94
2015/12/21 00:00:00.0,2579,2652,2560,2623,38,74
2015/12/22 00:00:00.0,2593,2626,2593,2624,6,72
2015/12/23 00:00:00.0,2530,2625,2530,2588,8,72
2015/12/25 00:00:00.0,2598,2598,2598,2598,2,70
2015/12/28 00:00:00.0,2610,2618,2610,2618,4,68
2015/12/30 00:00:00.0,2630,2640,2629,2640,14,58
2015/12/31 00:00:00.0,2652,2722,2652,2670,58,12
2016/01/21 00:00:00.0,2603,2646,2603,2645,8,16
2016/01/22 00:00:00.0,2640,2640,2640,2640,2,16
2016/01/27 00:00:00.0,2603,2695,2562,2695,26,12
2016/02/19 00:00:00.0,2694,2694,2694,2694,2,12
2016/02/23 00:00:00.0,2678,2678,2645,2664,18,14
2016/02/26 00:00:00.0,2686,2686,2650,2650,10,16
2016/02/29 00:00:00.0,2637,2637,2637,2637,2,16
2016/03/01 00:00:00.0,2638,2666,2617,2619,20,22
2016/03/02 00:00:00.0,2615,2615,2564,2583,22,22
2016/03/07 00:00:00.0,2640,2640,2544,2562,8,22
2016/03/08 00:00:00.0,2547,2605,2547,2582,12,22
2016/03/14 00:00:00.0,2564,2564,2564,2564,2,22
2016/03/16 00:00:00.0,2567,2570,2486,2532,16,18
2016/03/17 00:00:00.0,2506,2519,2506,2519,8,16
2016/03/18 00:00:00.0,2555,2555,2555,2555,2,18
2016/03/21 00:00:00.0,2544,2544,2544,2544,2,16
2016/03/22 00:00:00.0,2504,2504,2504,2504,2,16
2016/04/05 00:00:00.0,2499,2504,2488,2497,12,10
2016/04/06 00:00:00.0,2505,2552,2505,2525,12,12
2016/04/18 00:00:00.0,2656,2663,2656,2656,12,22
2016/04/19 00:00:00.0,2699,2753,2646,2735,72,22
2016/04/20 00:00:00.0,2786,2805,2712,2752,80,20
2016/04/21 00:00:00.0,2846,2846,2827,2827,12,20
2016/04/22 00:00:00.0,2943,2964,2826,2863,124,26
2016/04/25 00:00:00.0,3008,3008,2891,2940,22,26
2016/04/26 00:00:00.0,2971,2983,2961,2983,6,26
2016/04/27 00:00:00.0,2863,2999,2863,2929,14,22
2016/04/28 00:00:00.0,3008,3020,2922,3020,10,22
2016/04/29 00:00:00.0,2966,3022,2810,2810,14,10
2016/05/03 00:00:00.0,2809,2809,2809,2809,2,8
2016/05/06 00:00:00.0,2925,2925,2925,2925,2,8
2016/05/11 00:00:00.0,2784,2892,2752,2826,22,16
2016/05/12 00:00:00.0,2854,2854,2839,2839,6,14
2016/05/16 00:00:00.0,2801,2915,2801,2862,6,12
2016/05/17 00:00:00.0,2807,2807,2807,2807,2,8
2016/05/19 00:00:00.0,2878,2878,2866,2866,4,6
2016/06/14 00:00:00.0,2675,2774,2645,2721,162,38
2016/06/15 00:00:00.0,2640,2752,2640,2722,100,44
2016/06/16 00:00:00.0,2746,2746,2739,2739,4,46
2016/06/17 00:00:00.0,2777,2777,2675,2713,14,44
2016/06/20 00:00:00.0,2742,2742,2720,2720,4,44
2016/06/21 00:00:00.0,2772,2772,2688,2732,6,46
2016/06/22 00:00:00.0,2631,2744,2631,2726,64,46
2016/06/23 00:00:00.0,2708,2734,2706,2719,16,48
2016/06/24 00:00:00.0,2687,2740,2686,2687,12,52
2016/06/27 00:00:00.0,2686,2795,2596,2752,214,60
2016/06/28 00:00:00.0,2756,2812,2756,2767,24,64
2016/06/29 00:00:00.0,2787,2833,2787,2804,12,66
2016/06/30 00:00:00.0,2783,2858,2783,2841,42,48
2016/07/01 00:00:00.0,2833,2858,2833,2853,32,48
2016/07/04 00:00:00.0,2877,2946,2877,2923,86,76
2016/07/05 00:00:00.0,2912,2912,2866,2882,52,84
2016/07/06 00:00:00.0,2811,2837,2811,2837,20,70
2016/07/07 00:00:00.0,2876,2876,2800,2819,30,78
2016/07/08 00:00:00.0,2792,2799,2767,2799,18,72
2016/07/11 00:00:00.0,2797,2852,2797,2821,14,76
2016/07/12 00:00:00.0,2788,2788,2788,2788,2,76
2016/07/13 00:00:00.0,2826,2826,2785,2794,10,76
2016/07/18 00:00:00.0,2841,2841,2778,2783,12,72
2016/07/21 00:00:00.0,2787,2848,2787,2848,10,70
2016/07/25 00:00:00.0,2785,2796,2785,2796,6,66
2016/07/29 00:00:00.0,2870,2871,2811,2811,30,76
2016/08/01 00:00:00.0,2839,2839,2839,2839,6,72
2016/08/03 00:00:00.0,2841,2888,2806,2825,40,82
2016/08/04 00:00:00.0,2907,2908,2774,2800,66,90
2016/08/05 00:00:00.0,2788,2799,2788,2794,34,102
2016/08/08 00:00:00.0,2809,2809,2809,2809,2,102
2016/08/09 00:00:00.0,2747,2779,2747,2756,16,102
2016/08/11 00:00:00.0,2744,2744,2740,2740,4,102
2016/08/12 00:00:00.0,2753,2761,2753,2760,8,98
2016/08/15 00:00:00.0,2735,2735,2735,2735,2,100
2016/08/16 00:00:00.0,2736,2750,2736,2750,6,100
2016/08/18 00:00:00.0,2723,2741,2713,2722,62,62
2016/08/19 00:00:00.0,2732,2754,2714,2720,18,56
2016/08/22 00:00:00.0,2723,2723,2723,2723,12,50
2016/08/24 00:00:00.0,2718,2721,2704,2704,38,56
2016/08/25 00:00:00.0,2700,2700,2700,2700,2,56
2016/08/26 00:00:00.0,2699,2699,2688,2694,12,60
2016/08/29 00:00:00.0,2695,2697,2695,2697,6,56
2016/08/30 00:00:00.0,2735,2735,2688,2702,10,56
2016/09/01 00:00:00.0,2687,2687,2667,2667,14,52
2016/09/05 00:00:00.0,2654,2678,2650,2676,30,40
2016/09/06 00:00:00.0,2655,2661,2655,2661,4,42
2016/09/07 00:00:00.0,2645,2665,2643,2660,20,40
2016/09/08 00:00:00.0,2630,2630,2630,2630,2,42
2016/09/12 00:00:00.0,2655,2692,2655,2692,14,50
2016/09/13 00:00:00.0,2734,2734,2628,2683,54,42
2016/09/14 00:00:00.0,2673,2673,2673,2673,2,40
2016/09/21 00:00:00.0,2621,2621,2602,2602,16,58
2016/09/23 00:00:00.0,2585,2605,2585,2601,18,60
2016/09/26 00:00:00.0,2611,2611,2601,2601,4,60
2016/09/28 00:00:00.0,2613,2628,2600,2600,22,60
2016/09/29 00:00:00.0,2593,2593,2590,2590,6,62
2016/10/11 00:00:00.0,2650,2650,2617,2631,48,70
2016/10/12 00:00:00.0,2652,2652,2652,2652,14,72
2016/10/17 00:00:00.0,2629,2645,2618,2631,40,66
2016/10/18 00:00:00.0,2595,2595,2595,2595,6,64
2016/10/20 00:00:00.0,2608,2608,2574,2574,10,64
2016/10/21 00:00:00.0,2638,2638,2576,2587,8,66
2016/10/24 00:00:00.0,2574,2653,2568,2625,96,52
2016/10/25 00:00:00.0,2644,2651,2644,2651,14,46
2016/10/26 00:00:00.0,2680,2680,2638,2676,12,46
2016/10/27 00:00:00.0,2676,2721,2676,2710,40,46
2016/10/28 00:00:00.0,2724,2735,2708,2735,26,46
2016/11/01 00:00:00.0,2728,2729,2692,2712,36,44
2016/11/02 00:00:00.0,2724,2741,2697,2734,64,44
2016/11/03 00:00:00.0,2714,2720,2714,2720,6,40
2016/11/04 00:00:00.0,2722,2722,2720,2720,4,38
2016/11/07 00:00:00.0,2725,2727,2677,2710,14,36
2016/11/08 00:00:00.0,2707,2796,2706,2796,16,46
2016/11/09 00:00:00.0,2743,2782,2743,2779,52,42
2016/11/10 00:00:00.0,2763,2798,2763,2793,20,40
2016/11/11 00:00:00.0,2802,2802,2769,2791,22,40
2016/11/14 00:00:00.0,2810,2817,2744,2753,22,38
2016/11/15 00:00:00.0,2771,2777,2748,2754,36,36
2016/11/16 00:00:00.0,2764,2764,2747,2757,12,36
2016/11/17 00:00:00.0,2755,2755,2755,2755,2,36
2016/11/21 00:00:00.0,2784,2791,2772,2772,26,44
2016/11/22 00:00:00.0,2806,2806,2785,2788,28,48
2016/11/23 00:00:00.0,2778,2778,2766,2776,12,46
2016/11/24 00:00:00.0,2776,2860,2754,2765,130,70
2016/11/25 00:00:00.0,2775,2775,2723,2754,22,66
2016/11/28 00:00:00.0,2712,2737,2712,2737,42,72
2016/11/29 00:00:00.0,2749,2749,2722,2722,14,66
2016/12/01 00:00:00.0,2740,2740,2719,2732,6,64
2016/12/06 00:00:00.0,2706,2738,2696,2729,24,62
2016/12/07 00:00:00.0,2711,2726,2708,2726,24,76
2016/12/08 00:00:00.0,2715,2727,2715,2720,10,78
2016/12/14 00:00:00.0,2636,2667,2636,2655,62,126
2016/12/15 00:00:00.0,2645,2700,2644,2658,82,128
2016/12/16 00:00:00.0,2665,2712,2662,2663,78,96
2016/12/19 00:00:00.0,2668,2668,2653,2662,22,96
2016/12/20 00:00:00.0,2639,2659,2638,2659,70,82
2016/12/23 00:00:00.0,2658,2682,2658,2681,32,66
2016/12/29 00:00:00.0,2668,2668,2655,2655,12,58
2017/01/06 00:00:00.0,2672,2672,2672,2672,2,52
2017/01/09 00:00:00.0,2644,2672,2644,2665,14,52
2017/01/10 00:00:00.0,2650,2673,2650,2668,8,50
2017/01/17 00:00:00.0,2688,2688,2665,2665,6,46
2017/01/19 00:00:00.0,2690,2690,2690,2690,2,46
2017/01/20 00:00:00.0,2682,2696,2682,2688,22,36
2017/01/23 00:00:00.0,2685,2685,2685,2685,4,34
2017/01/24 00:00:00.0,2666,2671,2664,2670,16,38
2017/01/25 00:00:00.0,2664,2664,2636,2636,6,38
2017/02/03 00:00:00.0,2680,2681,2649,2649,18,22
2017/02/06 00:00:00.0,2680,2689,2680,2689,8,30
2017/02/07 00:00:00.0,2677,2683,2677,2683,8,36
2017/02/09 00:00:00.0,2679,2699,2679,2681,8,38
2017/02/10 00:00:00.0,2694,2704,2680,2694,24,38
2017/02/13 00:00:00.0,2702,2721,2694,2694,18,34
2017/02/14 00:00:00.0,2694,2694,2693,2693,4,34
2017/02/15 00:00:00.0,2687,2698,2686,2688,22,26
2017/02/17 00:00:00.0,2677,2685,2677,2685,4,24
2017/02/21 00:00:00.0,2693,2694,2675,2694,10,26
2017/02/22 00:00:00.0,2721,2721,2691,2701,10,30
2017/02/23 00:00:00.0,2703,2706,2677,2694,30,32
2017/02/24 00:00:00.0,2685,2688,2652,2680,14,36
2017/02/27 00:00:00.0,2688,2701,2676,2690,26,32
2017/02/28 00:00:00.0,2702,2711,2701,2711,14,32
2017/03/02 00:00:00.0,2735,2735,2735,2735,8,30
2017/03/03 00:00:00.0,2725,2727,2725,2725,6,28
2017/03/06 00:00:00.0,2735,2757,2727,2737,18,32
2017/03/07 00:00:00.0,2734,2742,2734,2742,4,28
2017/03/08 00:00:00.0,2724,2724,2710,2722,20,26
2017/03/13 00:00:00.0,2726,2728,2715,2724,12,26
2017/03/14 00:00:00.0,2722,2731,2722,2731,8,28
2017/03/16 00:00:00.0,2743,2743,2731,2731,4,26
2017/03/17 00:00:00.0,2733,2733,2733,2733,2,24
2017/03/24 00:00:00.0,2691,2691,2673,2683,8,26
2017/03/27 00:00:00.0,2741,2741,2718,2718,6,26
2017/03/28 00:00:00.0,2707,2726,2707,2726,4,24
2017/04/05 00:00:00.0,2727,2727,2702,2702,10,22
2017/04/06 00:00:00.0,2705,2705,2705,2705,4,24
2017/04/07 00:00:00.0,2707,2707,2697,2697,4,28
2017/04/10 00:00:00.0,2700,2700,2684,2684,16,32
2017/04/11 00:00:00.0,2679,2682,2666,2682,10,32
2017/04/12 00:00:00.0,2685,2716,2681,2681,16,28
2017/04/13 00:00:00.0,2691,2691,2691,2691,2,26
2017/04/20 00:00:00.0,2719,2719,2679,2703,8,26
2017/04/21 00:00:00.0,2690,2703,2690,2701,8,24
2017/04/28 00:00:00.0,2693,2717,2691,2710,12,22
2017/05/02 00:00:00.0,2724,2724,2691,2719,12,22
2017/05/03 00:00:00.0,2719,2721,2688,2694,12,24
2017/05/08 00:00:00.0,2674,2674,2667,2668,8,30
2017/05/09 00:00:00.0,2717,2717,2692,2695,20,36
2017/05/10 00:00:00.0,2680,2697,2677,2687,14,34
2017/05/11 00:00:00.0,2685,2688,2676,2680,16,30
2017/05/15 00:00:00.0,2686,2696,2685,2696,10,24
2017/05/19 00:00:00.0,2715,2716,2715,2716,4,20
2017/05/22 00:00:00.0,2716,2719,2712,2713,14,22
2017/05/23 00:00:00.0,2712,2733,2706,2714,28,24
2017/05/24 00:00:00.0,2706,2713,2706,2708,6,28
2017/05/25 00:00:00.0,2707,2714,2707,2714,4,28
2017/05/26 00:00:00.0,2737,2737,2702,2710,14,30
2017/05/31 00:00:00.0,2700,2706,2695,2695,6,32
2017/06/01 00:00:00.0,2704,2732,2704,2704,28,32
2017/06/02 00:00:00.0,2700,2738,2647,2718,32,20
2017/06/06 00:00:00.0,2722,2726,2708,2710,34,20
2017/06/07 00:00:00.0,2714,2730,2714,2730,22,32
2017/06/08 00:00:00.0,2732,2791,2720,2741,36,38
2017/06/09 00:00:00.0,2730,2750,2721,2736,40,36
2017/06/12 00:00:00.0,2730,2739,2706,2706,10,40
2017/06/13 00:00:00.0,2718,2746,2705,2717,22,42
2017/06/14 00:00:00.0,2731,2731,2731,2731,6,36
2017/06/16 00:00:00.0,2729,2729,2722,2725,24,36
2017/06/19 00:00:00.0,2726,2742,2716,2716,24,38
2017/06/20 00:00:00.0,2719,2741,2712,2712,14,38
2017/06/21 00:00:00.0,2706,2711,2704,2711,6,38
2017/06/22 00:00:00.0,2703,2710,2703,2710,4,38
2017/06/26 00:00:00.0,2702,2707,2702,2707,4,36
2017/06/28 00:00:00.0,2751,2751,2711,2711,12,38
2017/06/30 00:00:00.0,2712,2718,2712,2718,4,36
2017/07/03 00:00:00.0,2708,2766,2708,2737,32,44
2017/07/04 00:00:00.0,2738,2738,2728,2728,16,42
2017/07/05 00:00:00.0,2734,2734,2715,2730,50,46
2017/07/06 00:00:00.0,2706,2738,2706,2726,28,44
2017/07/07 00:00:00.0,2725,2725,2725,2725,2,46
2017/07/10 00:00:00.0,2737,2737,2726,2728,28,50
2017/07/11 00:00:00.0,2731,2734,2729,2730,22,54
2017/07/12 00:00:00.0,2730,2730,2730,2730,2,52
2017/07/13 00:00:00.0,2727,2744,2727,2739,12,50
2017/07/14 00:00:00.0,2733,2741,2733,2738,26,66
2017/07/17 00:00:00.0,2733,2739,2733,2739,8,66
2017/07/18 00:00:00.0,2744,2744,2726,2733,14,66
2017/07/19 00:00:00.0,2732,2737,2732,2734,14,62
2017/07/20 00:00:00.0,2732,2746,2732,2746,30,52
2017/07/21 00:00:00.0,2741,2752,2736,2736,22,44
2017/07/24 00:00:00.0,2738,2738,2738,2738,2,42
2017/07/25 00:00:00.0,2740,2740,2740,2740,2,40
2017/07/26 00:00:00.0,2739,2745,2733,2745,18,44
2017/07/27 00:00:00.0,2738,2738,2734,2735,16,44
2017/07/28 00:00:00.0,2737,2737,2737,2737,4,40
2017/08/01 00:00:00.0,2736,2739,2735,2736,10,42
2017/08/02 00:00:00.0,2738,2750,2738,2744,22,40
2017/08/03 00:00:00.0,2747,2757,2742,2757,18,44
2017/08/04 00:00:00.0,2757,2774,2757,2770,14,50
2017/08/07 00:00:00.0,2761,2761,2761,2761,2,50
2017/08/08 00:00:00.0,2771,2771,2732,2732,30,48
2017/08/09 00:00:00.0,2727,2743,2727,2743,10,48
2017/08/18 00:00:00.0,2732,2732,2732,2732,4,44
2017/08/22 00:00:00.0,2708,2739,2708,2733,10,42
2017/08/23 00:00:00.0,2707,2717,2707,2711,14,40
2017/08/24 00:00:00.0,2710,2710,2710,2710,2,40
2017/08/30 00:00:00.0,2672,2672,2672,2672,2,40
2017/08/31 00:00:00.0,2672,2693,2583,2669,36,32
2017/09/01 00:00:00.0,2704,2705,2704,2705,6,28
2017/09/15 00:00:00.0,2768,2768,2727,2727,4,6
2017/09/18 00:00:00.0,2793,2801,2699,2747,22,10
2017/09/19 00:00:00.0,2754,2801,2718,2801,12,14
2017/09/20 00:00:00.0,2731,2773,2731,2748,10,12
2017/09/21 00:00:00.0,2810,2811,2757,2762,22,12
2017/09/22 00:00:00.0,2787,2796,2786,2796,10,18
2017/09/25 00:00:00.0,2783,2817,2783,2788,10,16
2017/09/26 00:00:00.0,2774,2817,2762,2768,78,18
2017/09/27 00:00:00.0,2805,2805,2788,2788,6,14
2017/09/28 00:00:00.0,2736,2771,2736,2771,6,12
2017/09/29 00:00:00.0,2869,2869,2752,2772,8,12
2017/10/09 00:00:00.0,2664,2827,2662,2775,6,12
2017/10/13 00:00:00.0,2785,2785,2696,2766,10,10
2017/10/18 00:00:00.0,2725,2748,2723,2730,10,10
2017/10/19 00:00:00.0,2721,2721,2721,2721,2,10
2017/10/23 00:00:00.0,2678,2710,2678,2710,8,10
2017/10/26 00:00:00.0,2707,2707,2707,2707,2,8
2017/10/27 00:00:00.0,2729,2741,2729,2741,4,6
2017/11/01 00:00:00.0,2773,2773,2771,2771,4,6
2017/11/09 00:00:00.0,2862,2862,2862,2862,2,8
2017/11/10 00:00:00.0,2811,2822,2802,2822,8,6
2017/11/14 00:00:00.0,2804,2804,2749,2766,10,6
2017/11/30 00:00:00.0,2794,2794,2794,2794,2,6
2017/12/13 00:00:00.0,2834,2834,2771,2771,4,6
2018/03/29 00:00:00.0,2821,2821,2722,2760,20,16
2018/04/02 00:00:00.0,2745,2745,2742,2742,6,12
2018/04/03 00:00:00.0,2757,2769,2756,2769,10,10
2018/04/11 00:00:00.0,2724,2724,2724,2724,2,8
2018/05/16 00:00:00.0,2684,2690,2621,2674,36,32
2018/05/17 00:00:00.0,2635,2661,2611,2657,12,36
2018/05/22 00:00:00.0,2631,2631,2631,2631,4,32
2018/05/23 00:00:00.0,2703,2703,2601,2660,40,30
2018/05/24 00:00:00.0,2628,2635,2620,2620,10,32
2018/05/25 00:00:00.0,2622,2627,2622,2627,18,26
2018/05/28 00:00:00.0,2572,2586,2572,2586,6,26
2018/05/29 00:00:00.0,2541,2562,2541,2550,8,26
2018/05/31 00:00:00.0,2464,2464,2464,2464,2,26
2018/06/01 00:00:00.0,2423,2423,2423,2423,2,26
2018/06/04 00:00:00.0,2498,2500,2423,2423,22,34
2018/06/06 00:00:00.0,2443,2513,2443,2513,6,34
2018/06/07 00:00:00.0,2495,2524,2473,2488,38,70
2018/06/08 00:00:00.0,2468,2472,2422,2472,26,60
2018/06/11 00:00:00.0,2448,2449,2396,2447,14,64
2018/06/12 00:00:00.0,2463,2508,2440,2508,8,68
2018/06/15 00:00:00.0,2462,2548,2432,2548,22,72
2018/06/19 00:00:00.0,2514,2539,2460,2539,26,72
2018/06/20 00:00:00.0,2427,2514,2427,2512,14,80
2018/06/21 00:00:00.0,2457,2523,2457,2523,8,84
2018/06/22 00:00:00.0,2471,2521,2471,2518,14,80
2018/06/25 00:00:00.0,2516,2516,2471,2499,48,100
2018/06/26 00:00:00.0,2508,2508,2508,2508,2,102
2018/06/27 00:00:00.0,2517,2527,2517,2527,4,106
2018/06/28 00:00:00.0,2533,2533,2462,2479,34,110
2018/07/02 00:00:00.0,2474,2476,2474,2476,4,108
2018/07/03 00:00:00.0,2465,2465,2465,2465,2,106
2018/07/04 00:00:00.0,2458,2510,2458,2510,10,104
2018/07/05 00:00:00.0,2482,2482,2482,2482,2,102
2018/07/06 00:00:00.0,2479,2509,2479,2506,8,104
2018/07/09 00:00:00.0,2527,2527,2479,2517,14,110
2018/07/10 00:00:00.0,2488,2490,2480,2480,14,108
2018/07/11 00:00:00.0,2502,2502,2490,2494,10,110
2018/07/12 00:00:00.0,2487,2491,2487,2491,4,108
2018/07/13 00:00:00.0,2500,2500,2500,2500,2,110
2018/07/16 00:00:00.0,2513,2513,2484,2512,16,106
2018/07/17 00:00:00.0,2513,2526,2501,2520,44,128
2018/07/18 00:00:00.0,2505,2614,2491,2591,636,318
2018/07/19 00:00:00.0,2612,2612,2560,2581,840,398
2018/07/20 00:00:00.0,2590,2688,2565,2688,3824,1648
2018/07/23 00:00:00.0,2701,2738,2611,2611,7872,1750
2018/07/24 00:00:00.0,2619,2645,2575,2575,6136,2118
2018/07/25 00:00:00.0,2579,2593,2550,2586,5150,1350
2018/07/26 00:00:00.0,2589,2606,2568,2575,3112,1548
2018/07/27 00:00:00.0,2582,2583,2540,2542,3480,1458
2018/07/30 00:00:00.0,2546,2556,2461,2486,2110,1386
2018/07/31 00:00:00.0,2482,2512,2452,2489,2702,1458
2018/08/01 00:00:00.0,2498,2519,2488,2508,2074,1344
2018/08/02 00:00:00.0,2497,2526,2497,2512,1544,1228
2018/08/03 00:00:00.0,2501,2549,2501,2525,1862,1210
2018/08/06 00:00:00.0,2525,2629,2427,2594,8656,2236
2018/08/07 00:00:00.0,2600,2617,2563,2568,5092,1720
2018/08/08 00:00:00.0,2560,2586,2555,2566,2064,1686
2018/08/10 00:00:00.0,2575,2584,2554,2555,1318,1660
2018/08/13 00:00:00.0,2539,2556,2530,2533,838,1576
2018/08/14 00:00:00.0,2552,2552,2507,2509,870,1340
2018/08/15 00:00:00.0,2515,2552,2506,2508,956,1276
2018/08/16 00:00:00.0,2500,2515,2483,2503,730,1090
2018/08/17 00:00:00.0,2505,2515,2491,2509,364,1004
2018/08/20 00:00:00.0,2502,2513,2497,2512,374,996
2018/08/21 00:00:00.0,2510,2510,2498,2498,392,984
2018/08/22 00:00:00.0,2498,2559,2498,2516,1952,1162
2018/08/23 00:00:00.0,2518,2526,2499,2506,548,1118
2018/08/24 00:00:00.0,2515,2527,2502,2512,310,1090
2018/08/27 00:00:00.0,2517,2525,2503,2523,466,1014
2018/08/28 00:00:00.0,2525,2536,2516,2521,368,1000
2018/08/29 00:00:00.0,2515,2526,2503,2524,232,904
2018/08/30 00:00:00.0,2526,2529,2512,2512,146,868
2018/08/31 00:00:00.0,2517,2529,2508,2516,206,758
2018/09/03 00:00:00.0,2514,2520,2514,2516,118,716
2018/09/04 00:00:00.0,2514,2517,2510,2512,56,680
2018/09/05 00:00:00.0,2511,2515,2505,2506,64,652
2018/09/06 00:00:00.0,2506,2509,2467,2486,256,568
2018/09/07 00:00:00.0,2497,2528,2497,2506,80,554
2018/09/10 00:00:00.0,2524,2524,2499,2499,36,554
2018/09/11 00:00:00.0,2491,2511,2482,2510,62,512
2018/09/12 00:00:00.0,2539,2539,2504,2513,212,560
2018/09/13 00:00:00.0,2500,2503,2471,2471,128,606
2018/09/14 00:00:00.0,2493,2493,2464,2464,144,548
2018/09/17 00:00:00.0,2451,2468,2408,2413,614,692
2018/09/18 00:00:00.0,2411,2417,2400,2405,274,728
2018/09/19 00:00:00.0,2392,2408,2370,2370,182,692
2018/09/20 00:00:00.0,2380,2382,2354,2369,166,664
2018/09/21 00:00:00.0,2358,2374,2346,2349,252,720
2018/09/25 00:00:00.0,2349,2358,2346,2352,212,714
2018/09/26 00:00:00.0,2349,2377,2348,2376,186,658
2018/09/27 00:00:00.0,2368,2381,2352,2360,162,608
2018/09/28 00:00:00.0,2371,2371,2359,2359,148,512
2018/10/08 00:00:00.0,2379,2379,2350,2359,78,494
2018/10/09 00:00:00.0,2369,2381,2359,2368,140,476
2018/10/10 00:00:00.0,2376,2383,2370,2370,88,482
2018/10/11 00:00:00.0,2348,2373,2348,2366,124,426
2018/10/12 00:00:00.0,2377,2388,2363,2372,186,416
2018/10/15 00:00:00.0,2370,2386,2369,2371,80,392
2018/10/16 00:00:00.0,2367,2367,2324,2333,244,328
2018/10/17 00:00:00.0,2315,2390,2314,2366,102,298
2018/10/18 00:00:00.0,2355,2359,2347,2347,26,294
2018/10/19 00:00:00.0,2343,2364,2343,2351,50,294
2018/10/22 00:00:00.0,2343,2343,2326,2330,36,284
2018/10/23 00:00:00.0,2335,2353,2318,2318,54,268
2018/10/24 00:00:00.0,2309,2318,2263,2263,76,260
2018/10/25 00:00:00.0,2254,2264,2203,2215,140,252
2018/10/26 00:00:00.0,2186,2314,2185,2314,344,280
2018/10/29 00:00:00.0,2368,2402,2336,2379,440,284
2018/10/30 00:00:00.0,2355,2380,2322,2346,304,246
2018/10/31 00:00:00.0,2323,2343,2255,2300,106,212
2018/11/01 00:00:00.0,2285,2385,2285,2384,18,214
2018/11/02 00:00:00.0,2250,2250,2250,2250,2,216
