2014/08/08 00:00:00.0,6572,6694,6468,6484,124000,26994
2014/08/11 00:00:00.0,6450,6520,6416,6452,85460,28100
2014/08/12 00:00:00.0,6428,6500,6406,6416,94142,34310
2014/08/13 00:00:00.0,6414,6456,6392,6426,43114,30718
2014/08/14 00:00:00.0,6418,6466,6356,6398,84526,30484
2014/08/15 00:00:00.0,6402,6426,6390,6412,28878,25008
2014/08/18 00:00:00.0,6418,6476,6400,6406,38546,21580
2014/08/19 00:00:00.0,6400,6410,6366,6388,22580,20890
2014/08/20 00:00:00.0,6380,6410,6358,6388,15940,21186
2014/08/21 00:00:00.0,6398,6404,6364,6372,6266,19958
2014/08/22 00:00:00.0,6368,6398,6368,6392,12854,13778
2014/08/25 00:00:00.0,6396,6444,6382,6430,24550,13566
2014/08/26 00:00:00.0,6424,6440,6406,6432,7486,12344
2014/08/27 00:00:00.0,6470,6470,6390,6390,10268,10038
2014/08/28 00:00:00.0,6390,6400,6362,6372,9022,10206
2014/08/29 00:00:00.0,6370,6384,6360,6364,3994,9046
2014/09/01 00:00:00.0,6364,6380,6362,6372,5310,10480
2014/09/02 00:00:00.0,6364,6364,6326,6338,5962,11948
2014/09/03 00:00:00.0,6322,6344,6320,6332,4740,13754
2014/09/04 00:00:00.0,6332,6350,6312,6332,3942,13618
2014/09/05 00:00:00.0,6322,6342,6322,6326,2214,14462
2014/09/09 00:00:00.0,6320,6322,6272,6292,6732,16906
2014/09/10 00:00:00.0,6278,6302,6166,6294,4494,16660
2014/09/11 00:00:00.0,6294,6294,6260,6260,1696,16712
2014/09/12 00:00:00.0,6266,6282,6250,6282,1312,16876
2014/09/15 00:00:00.0,6258,6340,6258,6340,2730,16016
2014/09/16 00:00:00.0,6340,6346,6302,6302,1338,16060
2014/09/17 00:00:00.0,6310,6322,6288,6290,788,16128
2014/09/18 00:00:00.0,6294,6294,6244,6248,2030,16432
2014/09/19 00:00:00.0,6246,6246,6110,6120,2208,16820
2014/09/22 00:00:00.0,6068,6090,6002,6026,5446,16920
2014/09/23 00:00:00.0,6018,6116,6018,6036,1182,16880
2014/09/24 00:00:00.0,6040,6102,6030,6094,1262,16810
2014/09/25 00:00:00.0,6094,6128,5980,6010,4284,17974
2014/09/26 00:00:00.0,5994,6054,5944,6042,1984,17576
2014/09/29 00:00:00.0,6078,6078,6014,6068,1082,17278
2014/09/30 00:00:00.0,6110,6116,6050,6080,492,17050
2014/10/08 00:00:00.0,6118,6164,6072,6078,606,16976
2014/10/09 00:00:00.0,6074,6168,6074,6164,1738,16850
2014/10/10 00:00:00.0,6146,6166,6120,6142,934,16678
2014/10/13 00:00:00.0,6166,6312,6148,6236,2908,16488
2014/10/14 00:00:00.0,6278,6278,6166,6198,1116,16096
2014/10/15 00:00:00.0,6196,6208,6156,6174,968,16116
2014/10/16 00:00:00.0,6148,6180,6120,6156,938,16022
2014/10/17 00:00:00.0,6178,6294,6174,6206,1656,15930
2014/10/20 00:00:00.0,6158,6214,6158,6176,1040,15792
2014/10/21 00:00:00.0,6164,6196,6164,6186,580,15696
2014/10/22 00:00:00.0,6166,6204,6132,6134,1048,15630
2014/10/23 00:00:00.0,6118,6186,6116,6186,730,15574
2014/10/24 00:00:00.0,6236,6236,6178,6208,970,15324
2014/10/27 00:00:00.0,6204,6216,6180,6188,512,15220
2014/10/28 00:00:00.0,6200,6204,6182,6190,402,15110
2014/10/29 00:00:00.0,6168,6210,6168,6200,496,14874
2014/10/30 00:00:00.0,6206,6208,6172,6172,602,14788
2014/10/31 00:00:00.0,6186,6188,6122,6144,588,14822
2014/11/03 00:00:00.0,6076,6168,6076,6166,1412,14962
2014/11/04 00:00:00.0,6140,6234,6140,6188,1536,14936
2014/11/05 00:00:00.0,6214,6214,6168,6168,688,14888
2014/11/06 00:00:00.0,6168,6208,6154,6196,454,14906
2014/11/07 00:00:00.0,6216,6220,6184,6200,284,14826
2014/11/10 00:00:00.0,6202,6210,6126,6180,656,14740
2014/11/11 00:00:00.0,6192,6194,6164,6186,202,14708
2014/11/12 00:00:00.0,6196,6212,6184,6200,614,14598
2014/11/13 00:00:00.0,6194,6204,6168,6198,360,14556
2014/11/14 00:00:00.0,6204,6204,6162,6194,270,14508
2014/11/17 00:00:00.0,6188,6198,6180,6186,80,14448
2014/11/18 00:00:00.0,6178,6188,6174,6178,532,14298
2014/11/19 00:00:00.0,6188,6204,6176,6204,1548,13304
2014/11/20 00:00:00.0,6202,6210,6182,6192,3452,10288
2014/11/21 00:00:00.0,6202,6202,6186,6192,2782,7698
2014/11/24 00:00:00.0,6206,6208,6180,6182,2120,6028
2014/11/25 00:00:00.0,6168,6196,6160,6196,278,6000
2014/11/26 00:00:00.0,6222,6222,6190,6202,424,5890
2014/11/27 00:00:00.0,6188,6240,6144,6224,1078,5920
2014/11/28 00:00:00.0,6194,6212,6158,6188,1066,5856
2014/12/01 00:00:00.0,6092,6214,6088,6184,1238,6012
2014/12/02 00:00:00.0,6168,6206,6166,6188,418,5992
2014/12/03 00:00:00.0,6158,6186,6154,6164,2944,7122
2014/12/04 00:00:00.0,6148,6206,6146,6178,1836,7698
2014/12/05 00:00:00.0,6168,6178,6150,6158,464,7880
2014/12/08 00:00:00.0,6158,6180,6144,6144,356,7882
2014/12/09 00:00:00.0,6152,6188,6120,6150,350,7876
2014/12/10 00:00:00.0,6134,6232,6134,6162,214,7850
2014/12/11 00:00:00.0,6190,6190,6146,6172,170,7808
2014/12/12 00:00:00.0,6172,6172,6120,6142,168,7800
2014/12/15 00:00:00.0,6172,6172,6120,6166,94,7796
2014/12/16 00:00:00.0,6176,6176,6138,6140,36,7798
2014/12/17 00:00:00.0,6004,6192,6004,6170,328,7886
2014/12/18 00:00:00.0,6162,6202,6096,6120,252,7876
2014/12/19 00:00:00.0,6116,6158,6116,6118,30,7856
2014/12/22 00:00:00.0,6158,6158,6116,6116,106,7816
2014/12/23 00:00:00.0,6146,6146,6118,6126,104,7792
2014/12/24 00:00:00.0,6122,6122,6116,6122,46,7750
2014/12/25 00:00:00.0,6028,6138,6028,6116,84,7720
2014/12/26 00:00:00.0,6136,6154,6100,6104,66,7720
2014/12/29 00:00:00.0,6106,6156,6096,6100,184,7638
2014/12/30 00:00:00.0,6112,6150,6098,6144,36,7628
2014/12/31 00:00:00.0,6046,6164,6046,6124,2804,7626
2015/01/05 00:00:00.0,6046,6046,6046,6046,4,7622
2015/01/06 00:00:00.0,5998,6094,5998,6094,148,7622
2015/01/07 00:00:00.0,6144,6144,5978,5978,426,7622
2015/01/12 00:00:00.0,6154,6154,6154,6154,386,7622
2015/01/19 00:00:00.0,5834,5854,5808,5826,24,260
2015/01/20 00:00:00.0,5790,5922,5790,5802,6,260
2015/01/21 00:00:00.0,5762,5774,5762,5774,4,260
2015/01/23 00:00:00.0,5754,5754,5754,5754,2,258
2015/01/27 00:00:00.0,5644,5808,5644,5644,8,258
2015/01/28 00:00:00.0,5600,5620,5458,5610,4070,4256
2015/01/29 00:00:00.0,5602,5618,5570,5592,72,4278
2015/01/30 00:00:00.0,5678,5678,5598,5598,44,4278
2015/02/02 00:00:00.0,5800,5800,5650,5726,1098,5308
2015/02/03 00:00:00.0,5748,5768,5620,5680,858,5298
2015/02/04 00:00:00.0,5518,5674,5518,5632,24,5292
2015/02/05 00:00:00.0,5568,5588,5568,5588,4,5290
2015/02/06 00:00:00.0,5632,5632,5622,5622,4,5290
2015/02/09 00:00:00.0,5618,5618,5560,5560,112,5184
2015/02/10 00:00:00.0,5564,5614,5550,5614,1050,4768
2015/02/11 00:00:00.0,5626,5626,5626,5626,2,4766
2015/02/12 00:00:00.0,5612,5650,5612,5650,18,4756
2015/02/16 00:00:00.0,5648,5648,5648,5648,2,4756
2015/02/17 00:00:00.0,5588,5588,5588,5588,6,4750
2015/03/02 00:00:00.0,5510,5558,5510,5558,2306,4556
2015/03/03 00:00:00.0,5646,5652,5520,5652,34,4556
2015/03/05 00:00:00.0,5602,5602,5602,5602,4,4552
2015/03/06 00:00:00.0,5642,5642,5520,5640,8,4554
2015/03/09 00:00:00.0,5650,5650,5604,5648,1038,4932
2015/03/10 00:00:00.0,5648,5654,5530,5598,2420,6632
2015/03/11 00:00:00.0,5520,5580,5520,5580,3206,4332
2015/03/12 00:00:00.0,5648,5648,5522,5618,10,4328
2015/03/13 00:00:00.0,5646,5646,5572,5582,6,4324
2015/03/17 00:00:00.0,5648,5660,5610,5610,30,4336
2015/03/18 00:00:00.0,5560,5560,5560,5560,2,4334
2015/03/19 00:00:00.0,5636,5636,5600,5600,30,4312
2015/03/20 00:00:00.0,5582,5602,5582,5602,6,4310
2015/03/23 00:00:00.0,5430,5580,5430,5580,16,4298
2015/03/24 00:00:00.0,5598,5598,5598,5598,2,4296
2015/03/25 00:00:00.0,5596,5596,5596,5596,2,4294
2015/03/26 00:00:00.0,5574,5622,5572,5580,92,4218
2015/03/27 00:00:00.0,5446,5494,5404,5494,16,4224
2015/03/30 00:00:00.0,5498,5648,5422,5490,16,4216
2015/03/31 00:00:00.0,5416,5450,5412,5450,614,3614
2015/04/02 00:00:00.0,5342,5342,5342,5342,2,3616
2015/04/03 00:00:00.0,5170,5430,5170,5420,18,3616
2015/04/07 00:00:00.0,5426,5438,5398,5398,184,3612
2015/04/08 00:00:00.0,5374,5440,5264,5352,2022,1602
2015/04/09 00:00:00.0,5380,5380,5380,5380,80,1522
2015/04/10 00:00:00.0,5256,5356,5188,5262,20,1518
2015/04/13 00:00:00.0,5076,5436,5076,5436,24,1516
2015/04/14 00:00:00.0,5380,5410,5380,5410,4,1512
2015/04/15 00:00:00.0,5420,5420,5420,5420,2,1512
2015/04/16 00:00:00.0,5500,5500,5252,5448,10,1506
2015/04/17 00:00:00.0,5386,5388,5226,5226,6,1502
2015/04/20 00:00:00.0,5458,5458,5200,5300,36,1494
2015/04/21 00:00:00.0,5386,5386,5356,5356,20,1478
2015/04/22 00:00:00.0,5380,5432,5352,5398,12,1474
2015/04/23 00:00:00.0,5398,5398,5380,5380,12,1462
2015/04/24 00:00:00.0,5356,5462,5356,5380,408,1058
2015/04/27 00:00:00.0,5488,5596,5488,5566,78,1072
2015/04/28 00:00:00.0,5590,5590,5328,5396,90,1014
2015/04/29 00:00:00.0,5320,5436,5300,5368,1016,20
2015/04/30 00:00:00.0,5530,5530,5328,5332,26,4
2015/05/06 00:00:00.0,5766,5766,5678,5678,8,8
2015/05/12 00:00:00.0,5596,5714,5596,5714,4,8
2015/05/13 00:00:00.0,5752,5752,5632,5632,4,8
2015/05/19 00:00:00.0,5468,5524,5376,5508,16,8
2015/05/29 00:00:00.0,5424,5456,5412,5456,8,8
2015/06/02 00:00:00.0,5492,5508,5492,5508,6,6
2015/06/04 00:00:00.0,5592,5592,5432,5432,6,8
2015/07/01 00:00:00.0,5040,5150,5040,5070,24,14
2015/07/02 00:00:00.0,5040,5248,4994,5246,26,18
2015/07/03 00:00:00.0,5140,5142,5140,5142,4,18
2015/07/06 00:00:00.0,5092,5218,5082,5218,12,18
2015/07/14 00:00:00.0,5354,5354,5238,5308,12,10
2015/08/07 00:00:00.0,5308,5308,5306,5306,4,18
2015/08/10 00:00:00.0,5234,5234,5206,5224,10,14
2015/08/12 00:00:00.0,5260,5260,5250,5250,4,12
2015/08/19 00:00:00.0,5068,5068,5068,5068,2,10
2015/10/21 00:00:00.0,4092,4130,4022,4030,102,180
2015/10/22 00:00:00.0,4142,4142,3996,4034,82,170
2015/10/23 00:00:00.0,3996,4062,3980,4062,28,162
2015/10/26 00:00:00.0,3996,3996,3964,3992,38,172
2015/10/27 00:00:00.0,3994,3994,3882,3890,62,206
2015/10/28 00:00:00.0,3892,3892,3798,3800,128,248
2015/10/29 00:00:00.0,3802,3814,3656,3658,536,476
2015/10/30 00:00:00.0,3644,3786,3452,3760,2286,660
2015/11/02 00:00:00.0,3764,3826,3764,3826,326,560
2015/11/03 00:00:00.0,3896,4078,3896,4078,4382,1260
2015/11/04 00:00:00.0,4086,4118,3988,4046,6146,1648
2015/11/05 00:00:00.0,4034,4090,3988,4026,4274,1738
2015/11/06 00:00:00.0,4010,4048,3974,3996,3318,1440
2015/11/09 00:00:00.0,3996,4072,3996,4024,1936,1194
2015/11/10 00:00:00.0,4028,4038,4000,4022,862,1020
2015/11/11 00:00:00.0,3970,4022,3858,3858,3392,1696
2015/11/12 00:00:00.0,3836,3836,3658,3716,8198,1934
2015/11/13 00:00:00.0,3716,3826,3686,3746,3470,1896
2015/11/16 00:00:00.0,3778,3874,3764,3836,2930,1790
2015/11/17 00:00:00.0,3816,3844,3718,3814,3788,1888
2015/11/18 00:00:00.0,3824,3838,3774,3810,1870,1860
2015/11/19 00:00:00.0,3798,3802,3682,3728,3440,2262
2015/11/20 00:00:00.0,3742,3818,3702,3786,2336,2186
2015/11/23 00:00:00.0,3788,3802,3660,3744,3184,2524
2015/11/24 00:00:00.0,3788,3810,3706,3776,2896,1880
2015/11/25 00:00:00.0,3820,3924,3768,3792,2220,1434
2015/11/26 00:00:00.0,3780,3886,3768,3768,2072,1562
2015/11/27 00:00:00.0,3748,3776,3690,3750,2156,1486
2015/11/30 00:00:00.0,3748,3778,3662,3744,800,1464
2015/12/01 00:00:00.0,3744,3778,3710,3760,648,1414
2015/12/02 00:00:00.0,3758,3760,3692,3718,1998,1308
2015/12/03 00:00:00.0,3690,3722,3634,3656,816,1346
2015/12/04 00:00:00.0,3654,3794,3630,3684,922,1148
2015/12/07 00:00:00.0,3726,3760,3684,3710,734,1136
2015/12/08 00:00:00.0,3664,3712,3650,3680,628,926
2015/12/09 00:00:00.0,3680,3714,3652,3656,486,862
2015/12/10 00:00:00.0,3636,3658,3636,3646,172,814
2015/12/11 00:00:00.0,3648,3690,3634,3664,324,732
2015/12/14 00:00:00.0,3670,3720,3662,3690,626,656
2015/12/15 00:00:00.0,3680,3748,3678,3740,358,598
2015/12/16 00:00:00.0,3740,3740,3702,3712,122,568
2015/12/17 00:00:00.0,3726,3744,3702,3712,100,544
2015/12/18 00:00:00.0,3662,3760,3662,3718,176,470
2015/12/21 00:00:00.0,3768,3874,3730,3874,312,414
2015/12/22 00:00:00.0,3842,3952,3810,3934,268,416
2015/12/23 00:00:00.0,3930,3980,3912,3942,324,450
2015/12/24 00:00:00.0,3918,3938,3866,3894,478,310
2015/12/25 00:00:00.0,3876,3904,3862,3884,104,298
2015/12/28 00:00:00.0,3860,3862,3836,3852,60,302
2015/12/29 00:00:00.0,3860,3918,3832,3832,164,222
2015/12/30 00:00:00.0,3818,3904,3818,3896,106,222
2015/12/31 00:00:00.0,3942,3956,3800,3826,328,228
2016/01/04 00:00:00.0,3750,3836,3750,3830,164,282
2016/01/05 00:00:00.0,3792,3824,3760,3796,110,304
2016/01/06 00:00:00.0,3756,3846,3756,3824,88,276
2016/01/07 00:00:00.0,3838,3842,3790,3796,52,272
2016/01/08 00:00:00.0,3822,3958,3822,3954,624,344
2016/01/11 00:00:00.0,3928,4096,3928,4068,306,362
2016/01/12 00:00:00.0,4052,4110,3998,4084,328,372
2016/01/13 00:00:00.0,4082,4114,4070,4106,288,468
2016/01/14 00:00:00.0,4116,4268,4110,4268,1226,642
2016/01/15 00:00:00.0,4268,4390,4200,4242,3670,842
2016/01/18 00:00:00.0,4300,4322,4186,4246,1718,706
2016/01/19 00:00:00.0,4272,4290,4208,4258,706,690
2016/01/20 00:00:00.0,4220,4236,4170,4216,566,698
2016/01/21 00:00:00.0,4202,4302,4202,4260,876,710
2016/01/22 00:00:00.0,4292,4352,4258,4298,1370,774
2016/01/25 00:00:00.0,4296,4328,4264,4282,310,748
2016/01/26 00:00:00.0,4264,4340,4264,4316,552,746
2016/01/27 00:00:00.0,4332,4362,4310,4316,460,716
2016/01/28 00:00:00.0,4308,4364,4232,4272,290,642
2016/01/29 00:00:00.0,4276,4340,4248,4336,740,670
2016/02/01 00:00:00.0,4364,4366,4312,4336,326,676
2016/02/02 00:00:00.0,4354,4358,4306,4324,222,648
2016/02/03 00:00:00.0,4304,4352,4302,4344,252,632
2016/02/04 00:00:00.0,4380,4440,4362,4376,534,608
2016/02/05 00:00:00.0,4396,4436,4374,4436,204,574
2016/02/15 00:00:00.0,4404,4442,4398,4440,70,582
2016/02/16 00:00:00.0,4444,4506,4408,4434,120,570
2016/02/17 00:00:00.0,4412,4434,4412,4416,90,558
2016/02/18 00:00:00.0,4416,4452,4410,4410,48,552
2016/02/19 00:00:00.0,4438,4502,4436,4502,200,618
2016/02/22 00:00:00.0,4536,4608,4536,4608,306,670
2016/02/23 00:00:00.0,4584,4592,4522,4540,180,628
2016/02/24 00:00:00.0,4534,4576,4532,4568,72,610
2016/02/25 00:00:00.0,4606,4620,4522,4542,274,544
2016/02/26 00:00:00.0,4544,4582,4492,4576,222,578
2016/02/29 00:00:00.0,4620,4682,4598,4656,156,648
2016/03/01 00:00:00.0,4694,4820,4666,4820,730,708
2016/03/02 00:00:00.0,4818,4968,4798,4968,1572,1662
2016/03/03 00:00:00.0,5154,5170,5038,5062,3134,1420
2016/03/04 00:00:00.0,5072,5184,4994,5110,2232,1232
2016/03/07 00:00:00.0,5290,5292,5290,5292,178,1152
2016/03/08 00:00:00.0,5660,5660,5348,5542,1796,1276
2016/03/09 00:00:00.0,5340,5416,5314,5314,1774,1388
2016/03/10 00:00:00.0,5532,5532,5158,5176,1086,1380
2016/03/11 00:00:00.0,5218,5312,5136,5232,702,1408
2016/03/14 00:00:00.0,5250,5378,5198,5214,750,1378
2016/03/15 00:00:00.0,5196,5344,5196,5294,1704,1170
2016/03/16 00:00:00.0,5338,5454,5302,5454,1152,1304
2016/03/17 00:00:00.0,5464,5566,5436,5532,2216,1294
2016/03/18 00:00:00.0,5634,5654,5536,5562,1238,1220
2016/03/21 00:00:00.0,5524,5588,5356,5356,2250,954
2016/03/22 00:00:00.0,5326,5496,5304,5452,1390,1270
2016/03/23 00:00:00.0,5504,5526,5372,5372,1122,1098
2016/03/24 00:00:00.0,5276,5436,5250,5410,1684,1448
2016/03/25 00:00:00.0,5402,5480,5402,5460,714,1374
2016/03/28 00:00:00.0,5472,5508,5238,5288,2240,1726
2016/03/29 00:00:00.0,5342,5408,5280,5316,1218,1444
2016/03/30 00:00:00.0,5316,5362,5268,5320,674,1344
2016/03/31 00:00:00.0,5312,5338,5250,5282,864,1236
2016/04/01 00:00:00.0,5330,5494,5312,5386,872,1118
2016/04/05 00:00:00.0,5334,5414,5286,5334,312,1096
2016/04/06 00:00:00.0,5376,5378,5286,5336,324,1004
2016/04/07 00:00:00.0,5318,5350,5288,5312,664,952
2016/04/08 00:00:00.0,5304,5346,5228,5288,1210,820
2016/04/11 00:00:00.0,5326,5366,5280,5312,694,792
2016/04/12 00:00:00.0,5316,5350,5284,5324,688,692
2016/04/13 00:00:00.0,5348,5516,5348,5412,876,768
2016/04/14 00:00:00.0,5432,5554,5398,5440,568,822
2016/04/15 00:00:00.0,5474,5474,5272,5274,650,772
2016/04/18 00:00:00.0,5204,5390,5198,5316,590,622
2016/04/19 00:00:00.0,5302,5352,5214,5290,238,590
2016/04/20 00:00:00.0,5310,5456,5310,5398,428,516
2016/04/21 00:00:00.0,5528,5578,5398,5466,714,368
2016/04/22 00:00:00.0,5410,5440,5336,5378,192,332
2016/04/25 00:00:00.0,5250,5450,5250,5450,158,296
2016/04/26 00:00:00.0,5400,5478,5374,5474,168,284
2016/04/27 00:00:00.0,5504,5514,5386,5404,166,276
2016/04/28 00:00:00.0,5368,5430,5342,5356,110,264
2016/04/29 00:00:00.0,5390,5508,5164,5254,306,168
2016/05/03 00:00:00.0,5274,5278,5106,5140,96,186
2016/05/04 00:00:00.0,5138,5138,5010,5060,176,212
2016/05/05 00:00:00.0,5066,5066,5024,5034,66,220
2016/05/06 00:00:00.0,4996,4996,4886,4902,112,252
2016/05/09 00:00:00.0,4864,4864,4724,4730,148,284
2016/05/10 00:00:00.0,4670,4814,4662,4764,226,276
2016/05/11 00:00:00.0,4818,4832,4594,4816,312,252
2016/05/12 00:00:00.0,4778,4806,4774,4790,78,228
2016/05/13 00:00:00.0,4732,4848,4664,4848,198,210
2016/05/16 00:00:00.0,4822,4886,4822,4886,72,188
2016/05/17 00:00:00.0,4650,4704,4638,4676,82,130
2016/05/18 00:00:00.0,4732,4732,4554,4584,102,122
2016/05/19 00:00:00.0,4584,4638,4582,4598,26,126
2016/05/20 00:00:00.0,4564,4596,4520,4552,24,122
2016/05/23 00:00:00.0,4532,4554,4482,4534,52,126
2016/05/24 00:00:00.0,4554,4580,4542,4564,46,106
2016/05/25 00:00:00.0,4546,4602,4546,4574,44,98
2016/05/26 00:00:00.0,4600,4600,4562,4598,8,96
2016/05/27 00:00:00.0,4602,4602,4564,4576,36,100
2016/05/30 00:00:00.0,4598,4606,4574,4604,26,94
2016/05/31 00:00:00.0,4606,4622,4588,4598,12,86
2016/06/02 00:00:00.0,4660,4782,4618,4776,118,124
2016/06/03 00:00:00.0,4830,4858,4748,4750,166,150
2016/06/06 00:00:00.0,4748,4780,4714,4714,22,142
2016/06/07 00:00:00.0,4730,4730,4646,4664,110,126
2016/06/08 00:00:00.0,4668,4668,4630,4630,24,118
2016/06/13 00:00:00.0,4666,4698,4636,4652,104,138
2016/06/14 00:00:00.0,4626,4658,4626,4628,14,136
2016/06/15 00:00:00.0,4626,4656,4626,4646,46,122
2016/06/16 00:00:00.0,4650,4668,4642,4666,20,126
2016/06/17 00:00:00.0,4638,4666,4638,4638,22,126
2016/06/20 00:00:00.0,4668,4678,4654,4660,8,126
2016/06/21 00:00:00.0,4658,4712,4658,4692,66,162
2016/06/22 00:00:00.0,4680,4710,4634,4638,12,154
2016/06/23 00:00:00.0,4662,4684,4630,4658,14,156
2016/06/24 00:00:00.0,4634,4676,4630,4666,20,152
2016/06/27 00:00:00.0,4664,4750,4634,4712,128,170
2016/06/28 00:00:00.0,4762,4770,4718,4770,20,170
2016/06/29 00:00:00.0,4722,4750,4700,4714,38,170
2016/06/30 00:00:00.0,4692,4740,4690,4690,76,148
2016/07/01 00:00:00.0,4676,4744,4676,4740,28,144
2016/07/04 00:00:00.0,4836,4890,4726,4858,218,200
2016/07/05 00:00:00.0,4754,4754,4656,4672,188,178
2016/07/06 00:00:00.0,4648,4668,4538,4668,54,158
2016/07/07 00:00:00.0,4626,4702,4626,4636,54,148
2016/07/08 00:00:00.0,4656,4702,4620,4656,78,118
2016/07/11 00:00:00.0,4726,4810,4644,4776,110,120
2016/07/12 00:00:00.0,4770,4824,4768,4802,30,116
2016/07/13 00:00:00.0,4850,4890,4770,4770,84,122
2016/07/14 00:00:00.0,4770,4794,4768,4794,12,118
2016/07/15 00:00:00.0,4748,4804,4748,4804,4,114
2016/07/18 00:00:00.0,4812,4878,4742,4840,176,174
2016/07/19 00:00:00.0,4888,5042,4888,5040,562,444
2016/07/20 00:00:00.0,5048,5194,5048,5192,1334,1152
2016/07/21 00:00:00.0,5260,5550,5002,5550,3524,2290
2016/07/22 00:00:00.0,5696,5696,5500,5648,6084,3862
2016/07/25 00:00:00.0,5668,5832,5590,5832,7614,6522
2016/07/26 00:00:00.0,5870,6084,5798,5930,25922,8928
2016/07/27 00:00:00.0,5974,5990,5866,5958,23092,11490
2016/07/28 00:00:00.0,5974,6070,5928,6026,18670,11960
2016/07/29 00:00:00.0,6090,6090,5866,5896,21502,11788
2016/08/01 00:00:00.0,5986,5990,5766,5942,27102,12252
2016/08/02 00:00:00.0,5938,6106,5892,6104,19792,14430
2016/08/03 00:00:00.0,6248,6434,6168,6318,73658,19952
2016/08/04 00:00:00.0,6330,6418,6192,6226,86926,27132
2016/08/05 00:00:00.0,6306,6504,6280,6404,74694,28032
2016/08/08 00:00:00.0,6408,6452,6312,6354,30330,27128
2016/08/09 00:00:00.0,6378,6490,6234,6290,54610,26954
2016/08/10 00:00:00.0,6312,6356,6220,6294,33270,24618
2016/08/11 00:00:00.0,6238,6306,6228,6278,14488,24382
2016/08/12 00:00:00.0,6282,6304,6234,6274,10456,22866
2016/08/15 00:00:00.0,6170,6172,5994,6050,18426,22314
2016/08/16 00:00:00.0,6114,6192,5984,6152,12576,19924
2016/08/17 00:00:00.0,6172,6360,6106,6128,12506,17462
2016/08/18 00:00:00.0,6136,6136,6058,6102,8596,13268
2016/08/19 00:00:00.0,6134,6134,6044,6064,4966,11720
2016/08/22 00:00:00.0,6048,6092,6004,6006,3424,10114
2016/08/23 00:00:00.0,6004,6022,5972,6014,3652,8478
2016/08/24 00:00:00.0,5992,6046,5974,5974,3816,6818
2016/08/25 00:00:00.0,5974,6090,5954,6060,5142,5792
2016/08/26 00:00:00.0,6074,6144,6040,6074,4868,4812
2016/08/29 00:00:00.0,6076,6092,5910,5924,3152,4508
2016/08/30 00:00:00.0,5904,5938,5698,5702,5654,4134
2016/08/31 00:00:00.0,5678,5854,5678,5686,6390,3248
2016/09/01 00:00:00.0,5682,5782,5634,5690,2550,3400
2016/09/02 00:00:00.0,5722,5772,5698,5704,1906,3256
2016/09/05 00:00:00.0,5744,5834,5742,5784,2150,3292
2016/09/06 00:00:00.0,5828,5830,5736,5782,1442,3116
2016/09/07 00:00:00.0,5774,5778,5678,5734,2396,2874
2016/09/08 00:00:00.0,5714,5900,5714,5886,7786,3918
2016/09/09 00:00:00.0,5882,5930,5838,5888,8234,3990
2016/09/12 00:00:00.0,5886,5886,5762,5836,5938,3360
2016/09/13 00:00:00.0,5856,5954,5822,5944,10796,3800
2016/09/14 00:00:00.0,5944,5952,5820,5936,10482,4180
2016/09/19 00:00:00.0,5904,5962,5852,5900,7910,3798
2016/09/20 00:00:00.0,5922,6274,5922,6274,25534,7636
2016/09/21 00:00:00.0,6290,6428,6278,6380,31672,10472
2016/09/22 00:00:00.0,6388,6522,6362,6416,26892,10764
2016/09/23 00:00:00.0,6428,6526,6392,6504,32030,14418
2016/09/26 00:00:00.0,6522,6826,6522,6824,43970,20640
2016/09/27 00:00:00.0,6840,6916,6700,6760,52656,18682
2016/09/28 00:00:00.0,6768,6930,6744,6926,51570,22154
2016/09/29 00:00:00.0,6998,7036,6790,6856,39992,18612
2016/09/30 00:00:00.0,6866,6948,6794,6876,24992,17856
2016/10/10 00:00:00.0,6882,6914,6774,6886,18180,19202
2016/10/11 00:00:00.0,6928,7106,6858,7102,44320,24764
2016/10/12 00:00:00.0,7098,7220,6954,7078,94550,31946
2016/10/13 00:00:00.0,7082,7150,7066,7110,29804,33064
2016/10/14 00:00:00.0,7128,7158,7064,7132,21440,33426
2016/10/17 00:00:00.0,7160,7544,7160,7544,58628,37146
2016/10/18 00:00:00.0,7546,7650,7488,7574,50998,37100
2016/10/19 00:00:00.0,7636,7736,7492,7614,41302,36838
2016/10/20 00:00:00.0,7620,7670,7580,7626,21790,37808
2016/10/21 00:00:00.0,7580,7580,7380,7442,39168,36588
2016/10/24 00:00:00.0,7450,7640,7394,7638,34136,38802
2016/10/25 00:00:00.0,7700,7976,7670,7976,41764,37240
2016/10/26 00:00:00.0,7828,8036,7822,7912,52266,37078
2016/10/27 00:00:00.0,7958,7988,7664,7700,53848,32976
2016/10/28 00:00:00.0,7748,7904,7748,7834,33256,34016
2016/10/31 00:00:00.0,7832,7886,7750,7866,20552,34570
2016/11/01 00:00:00.0,7870,7912,7804,7810,25318,33522
2016/11/02 00:00:00.0,7822,8062,7822,7926,52932,33186
2016/11/03 00:00:00.0,7942,8036,7878,7974,37004,31450
2016/11/04 00:00:00.0,8066,8088,7906,7942,23380,29582
2016/11/07 00:00:00.0,7978,8364,7948,8076,37262,28126
2016/11/08 00:00:00.0,8114,8194,8006,8088,24820,27388
2016/11/09 00:00:00.0,8138,8366,8092,8254,22298,26020
2016/11/10 00:00:00.0,8280,8328,8078,8276,29270,25260
2016/11/11 00:00:00.0,8280,8498,8250,8412,18658,26532
2016/11/14 00:00:00.0,8284,8574,8202,8486,52814,25164
2016/11/15 00:00:00.0,8506,8544,8180,8296,44264,24858
2016/11/16 00:00:00.0,8330,8434,8170,8430,33306,24730
2016/11/17 00:00:00.0,8288,8364,8278,8350,24338,24802
2016/11/18 00:00:00.0,8346,8346,8072,8214,65392,24946
2016/11/21 00:00:00.0,8132,8322,8082,8230,35154,24790
2016/11/22 00:00:00.0,8272,8524,8272,8454,33896,18682
2016/11/23 00:00:00.0,8492,8512,8390,8506,22262,17378
2016/11/24 00:00:00.0,8562,8664,8536,8590,23908,17492
2016/11/25 00:00:00.0,8600,8642,8562,8620,13208,17406
2016/11/28 00:00:00.0,8646,8706,8594,8640,13258,17318
2016/11/29 00:00:00.0,8638,8638,8518,8598,20108,16760
2016/11/30 00:00:00.0,8560,8560,8400,8508,42220,19880
2016/12/01 00:00:00.0,8544,8632,8520,8610,16328,18696
2016/12/02 00:00:00.0,8568,8584,8444,8514,21118,18314
2016/12/05 00:00:00.0,8514,8560,8432,8546,14140,18326
2016/12/06 00:00:00.0,8562,8580,8452,8526,13184,18394
2016/12/07 00:00:00.0,8556,8594,8418,8420,12338,18654
2016/12/08 00:00:00.0,8404,8404,8152,8178,28510,20972
2016/12/09 00:00:00.0,8130,8386,8042,8164,19986,21346
2016/12/12 00:00:00.0,8242,8258,7946,7950,18366,22960
2016/12/13 00:00:00.0,7934,8054,7844,7976,9636,23592
2016/12/14 00:00:00.0,7898,7970,7810,7912,7092,23508
2016/12/15 00:00:00.0,7878,8028,7878,7934,7838,22766
2016/12/16 00:00:00.0,7900,7974,7884,7898,4678,21278
2016/12/19 00:00:00.0,7840,7930,7838,7894,7256,20196
2016/12/20 00:00:00.0,7872,7880,7772,7784,8352,19072
2016/12/21 00:00:00.0,7736,7802,7736,7746,5398,17966
2016/12/22 00:00:00.0,7718,7736,7620,7622,7286,18246
2016/12/23 00:00:00.0,7594,7678,7594,7618,6376,18750
2016/12/26 00:00:00.0,7606,7612,7212,7214,15490,19402
2016/12/27 00:00:00.0,7168,7324,7096,7322,22450,20232
2016/12/28 00:00:00.0,7374,7482,7242,7286,16194,19276
2016/12/29 00:00:00.0,7240,7296,7050,7054,21294,20368
2016/12/30 00:00:00.0,6986,7074,6924,6964,12802,20276
2017/01/03 00:00:00.0,6930,6986,6540,6546,26584,24236
2017/01/04 00:00:00.0,6530,6596,6412,6520,28668,24022
2017/01/05 00:00:00.0,6582,6620,6474,6480,19020,24320
2017/01/06 00:00:00.0,6482,6562,6336,6382,27322,27806
2017/01/09 00:00:00.0,6392,6450,6276,6342,28948,28906
2017/01/10 00:00:00.0,6374,6504,6272,6376,53050,37260
2017/01/11 00:00:00.0,6404,6536,6402,6458,50800,38264
2017/01/12 00:00:00.0,6512,6838,6462,6710,86842,42856
2017/01/13 00:00:00.0,6758,6806,6612,6624,36738,43578
2017/01/16 00:00:00.0,6758,6884,6758,6808,48378,44654
2017/01/17 00:00:00.0,6762,6788,6468,6566,42668,45220
2017/01/18 00:00:00.0,6564,6686,6540,6658,38290,46720
2017/01/19 00:00:00.0,6618,6642,6552,6582,24304,46008
2017/01/20 00:00:00.0,6522,6622,6476,6544,20600,44012
2017/01/23 00:00:00.0,6498,6618,6418,6452,23918,47686
2017/01/24 00:00:00.0,6482,6606,6482,6518,32998,49916
2017/01/25 00:00:00.0,6500,6578,6454,6468,24814,48264
2017/01/26 00:00:00.0,6498,6510,6368,6396,21844,47514
2017/02/03 00:00:00.0,6398,6478,6300,6320,20912,48122
2017/02/06 00:00:00.0,6282,6404,6282,6380,21346,50960
2017/02/07 00:00:00.0,6372,6466,6348,6418,32578,56216
2017/02/08 00:00:00.0,6426,6546,6420,6492,35576,59148
2017/02/09 00:00:00.0,6498,6538,6430,6466,39218,60810
2017/02/10 00:00:00.0,6494,6576,6454,6498,64380,65426
2017/02/13 00:00:00.0,6560,6670,6560,6620,72348,69910
2017/02/14 00:00:00.0,6610,6638,6374,6436,57490,72654
2017/02/15 00:00:00.0,6378,6380,6102,6102,91414,69894
2017/02/16 00:00:00.0,6082,6132,6006,6016,77602,66518
2017/02/17 00:00:00.0,6056,6116,5982,6022,66912,69126
2017/02/20 00:00:00.0,6044,6168,6036,6078,42772,69652
2017/02/21 00:00:00.0,6130,6130,5712,5988,80236,71724
2017/02/22 00:00:00.0,5980,5980,5908,5924,39744,74298
2017/02/23 00:00:00.0,5944,5998,5854,5884,53676,77648
2017/02/24 00:00:00.0,5806,5852,5776,5826,43732,79114
2017/02/27 00:00:00.0,5830,5930,5760,5844,99156,96660
2017/02/28 00:00:00.0,5836,5872,5808,5844,61308,95754
2017/03/01 00:00:00.0,5858,5882,5794,5798,71618,103082
2017/03/02 00:00:00.0,5800,5902,5800,5844,87858,102018
2017/03/03 00:00:00.0,5820,5944,5766,5910,102158,103574
2017/03/06 00:00:00.0,5940,6170,5940,6056,119608,100972
2017/03/07 00:00:00.0,6072,6118,6044,6088,62682,98490
2017/03/08 00:00:00.0,6058,6136,6048,6064,87818,93556
2017/03/09 00:00:00.0,6060,6332,6060,6332,162536,102406
2017/03/10 00:00:00.0,6332,6542,6304,6332,298170,94414
2017/03/13 00:00:00.0,6314,6452,6234,6400,121640,97314
2017/03/14 00:00:00.0,6434,6664,6434,6638,176720,102338
2017/03/15 00:00:00.0,6690,6982,6666,6982,248700,116014
2017/03/16 00:00:00.0,7042,7062,6894,6904,263278,109390
2017/03/17 00:00:00.0,6864,7188,6842,7166,347708,120338
2017/03/20 00:00:00.0,7204,7310,7116,7224,342934,124414
2017/03/21 00:00:00.0,7204,7228,6804,6816,431126,96470
2017/03/22 00:00:00.0,6782,6884,6636,6730,470424,95764
2017/03/23 00:00:00.0,6772,6912,6640,6666,363420,91692
2017/03/24 00:00:00.0,6746,6784,6636,6692,210752,89398
2017/03/27 00:00:00.0,6614,6822,6560,6812,348138,101056
2017/03/28 00:00:00.0,6878,7066,6852,7064,413382,111926
2017/03/29 00:00:00.0,7214,7214,7040,7068,373956,109840
2017/03/30 00:00:00.0,7112,7124,6932,6962,299960,102100
2017/03/31 00:00:00.0,7010,7076,6790,6794,320158,88650
2017/04/05 00:00:00.0,6792,6946,6730,6940,189878,89342
2017/04/06 00:00:00.0,6938,7028,6890,6894,194212,94380
2017/04/07 00:00:00.0,6748,6798,6578,6588,252544,79522
2017/04/10 00:00:00.0,6618,6634,6324,6330,195348,75522
2017/04/11 00:00:00.0,6336,6398,6252,6262,121174,72638
2017/04/12 00:00:00.0,6258,6258,5946,5946,196584,79020
2017/04/13 00:00:00.0,5942,6158,5914,6066,206554,72824
2017/04/14 00:00:00.0,6132,6162,5774,5814,310574,86456
2017/04/17 00:00:00.0,5870,5912,5728,5754,225864,86252
2017/04/18 00:00:00.0,5736,5766,5612,5670,226528,84170
2017/04/19 00:00:00.0,5654,5818,5598,5772,290634,78622
2017/04/20 00:00:00.0,5766,5872,5678,5844,340054,73796
2017/04/21 00:00:00.0,5884,6002,5868,5956,276072,72282
2017/04/24 00:00:00.0,5954,5954,5800,5904,238618,68434
2017/04/25 00:00:00.0,5862,6084,5816,6072,330058,79448
2017/04/26 00:00:00.0,6092,6318,6092,6282,348934,86374
2017/04/27 00:00:00.0,6312,6442,6220,6428,398532,92746
2017/04/28 00:00:00.0,6452,6466,6320,6372,451782,83974
2017/05/02 00:00:00.0,6406,6480,6244,6284,367204,88308
2017/05/03 00:00:00.0,6298,6422,6164,6420,523306,95866
2017/05/04 00:00:00.0,6274,6396,6044,6216,994356,97170
2017/05/05 00:00:00.0,6200,6358,6126,6314,919028,101066
2017/05/08 00:00:00.0,6396,6506,6344,6422,666500,103610
2017/05/09 00:00:00.0,6440,6470,6230,6358,689676,106438
2017/05/10 00:00:00.0,6394,6412,6258,6366,726420,108554
2017/05/11 00:00:00.0,6290,6378,6192,6342,803354,110280
2017/05/12 00:00:00.0,6288,6380,6268,6360,514528,110622
2017/05/15 00:00:00.0,6416,6482,6400,6428,274254,119322
2017/05/16 00:00:00.0,6442,6448,6326,6388,261150,107486
2017/05/17 00:00:00.0,6408,6736,6342,6710,712320,137080
2017/05/18 00:00:00.0,6678,6744,6606,6680,458160,132852
2017/05/19 00:00:00.0,6812,6902,6746,6804,403048,119488
2017/05/22 00:00:00.0,6840,6882,6744,6782,386614,117356
2017/05/23 00:00:00.0,6796,7004,6768,6866,603658,117492
2017/05/24 00:00:00.0,6892,6938,6722,6804,442158,112672
2017/05/25 00:00:00.0,6800,6880,6728,6758,370044,108864
2017/05/26 00:00:00.0,6732,6788,6676,6768,217852,105958
2017/05/31 00:00:00.0,6782,6834,6536,6562,270432,112684
2017/06/01 00:00:00.0,6586,6604,6346,6482,285368,112716
2017/06/02 00:00:00.0,6454,6506,6428,6470,145166,108166
2017/06/05 00:00:00.0,6486,6562,6366,6466,207296,112980
2017/06/06 00:00:00.0,6482,6494,6386,6456,148332,103866
2017/06/07 00:00:00.0,6454,6592,6420,6522,181860,108736
2017/06/08 00:00:00.0,6496,6572,6476,6496,196954,108314
2017/06/09 00:00:00.0,6502,6546,6264,6272,165374,105972
2017/06/12 00:00:00.0,6328,6346,6168,6224,271202,121096
2017/06/13 00:00:00.0,6234,6254,6152,6162,147736,111996
2017/06/14 00:00:00.0,6178,6274,6154,6250,155914,108154
2017/06/15 00:00:00.0,6214,6276,6208,6234,129254,98170
2017/06/16 00:00:00.0,6262,6412,6240,6268,177326,102200
2017/06/19 00:00:00.0,6282,6354,6206,6206,141890,99358
2017/06/20 00:00:00.0,6184,6188,6038,6078,234872,130178
2017/06/21 00:00:00.0,6032,6134,6022,6072,121074,115750
2017/06/22 00:00:00.0,6120,6164,6066,6104,124612,112038
2017/06/23 00:00:00.0,6128,6178,6094,6124,115392,101366
2017/06/26 00:00:00.0,6144,6152,6068,6094,98764,107908
2017/06/27 00:00:00.0,6090,6294,6088,6286,145572,99708
2017/06/28 00:00:00.0,6320,6350,6228,6236,98218,93202
2017/06/29 00:00:00.0,6262,6394,6248,6262,161930,103510
2017/06/30 00:00:00.0,6286,6366,6258,6354,140044,104428
2017/07/03 00:00:00.0,6404,6524,6378,6502,146136,116126
2017/07/04 00:00:00.0,6492,6506,6332,6380,126800,94982
2017/07/05 00:00:00.0,6460,6546,6404,6474,152914,110586
2017/07/06 00:00:00.0,6476,6522,6416,6468,99218,102508
2017/07/07 00:00:00.0,6438,6596,6420,6560,142662,114804
2017/07/10 00:00:00.0,6542,6612,6496,6540,96454,107426
2017/07/11 00:00:00.0,6594,6658,6566,6592,105828,109828
2017/07/12 00:00:00.0,6624,6652,6480,6522,108640,105486
2017/07/13 00:00:00.0,6532,6628,6508,6572,69272,106082
2017/07/14 00:00:00.0,6566,6614,6528,6586,79428,103616
2017/07/17 00:00:00.0,6652,6966,6640,6964,239286,140232
2017/07/18 00:00:00.0,6992,7214,6992,7034,309068,128652
2017/07/19 00:00:00.0,7110,7172,7060,7096,130614,125366
2017/07/20 00:00:00.0,7052,7192,6816,6864,240756,122260
2017/07/21 00:00:00.0,6808,6946,6806,6898,114462,107474
2017/07/24 00:00:00.0,6912,7168,6848,7114,305758,157792
2017/07/25 00:00:00.0,7178,7236,7092,7124,170104,137262
2017/07/26 00:00:00.0,7206,7334,7072,7124,254000,140604
2017/07/27 00:00:00.0,7154,7190,7060,7146,127982,127322
2017/07/28 00:00:00.0,7160,7176,7034,7088,139300,129230
2017/07/31 00:00:00.0,7130,7210,7046,7116,171600,125814
2017/08/01 00:00:00.0,7134,7172,6996,7066,153612,123414
2017/08/02 00:00:00.0,7104,7118,7016,7062,93884,120918
2017/08/03 00:00:00.0,7068,7160,6944,7010,222214,126346
2017/08/04 00:00:00.0,7062,7124,6990,7030,138130,110582
2017/08/07 00:00:00.0,7108,7158,7004,7048,179692,114404
2017/08/08 00:00:00.0,7074,7102,7008,7030,116334,98562
2017/08/09 00:00:00.0,7084,7178,7022,7118,280324,142688
2017/08/10 00:00:00.0,7088,7288,7088,7228,292008,145360
2017/08/11 00:00:00.0,7208,7268,6890,6908,250020,115526
2017/08/14 00:00:00.0,6928,6982,6870,6896,107192,112220
2017/08/15 00:00:00.0,6886,7132,6886,7100,193206,112958
2017/08/16 00:00:00.0,7104,7270,7052,7246,261702,130764
2017/08/17 00:00:00.0,7400,7560,7300,7354,211406,136128
2017/08/18 00:00:00.0,7288,7384,7220,7380,162164,132232
2017/08/21 00:00:00.0,7448,7538,7392,7458,226390,145956
2017/08/22 00:00:00.0,7446,7654,7388,7464,330986,163922
2017/08/23 00:00:00.0,7324,7356,7092,7224,325326,130174
2017/08/24 00:00:00.0,7294,7414,7266,7312,172394,127580
2017/08/25 00:00:00.0,7442,7448,7340,7358,107208,119204
2017/08/28 00:00:00.0,7216,7536,7182,7480,251888,146102
2017/08/29 00:00:00.0,7524,7524,7248,7296,256110,121652
2017/08/30 00:00:00.0,7260,7428,7210,7388,169686,121794
2017/08/31 00:00:00.0,7336,7372,7252,7300,117506,116486
2017/09/01 00:00:00.0,7340,7406,7258,7316,121310,115940
2017/09/04 00:00:00.0,7424,7484,7140,7194,162024,116582
2017/09/05 00:00:00.0,7234,7248,7146,7184,114056,103250
2017/09/06 00:00:00.0,7038,7196,7012,7162,81086,100842
2017/09/07 00:00:00.0,7170,7254,7056,7208,125508,103572
2017/09/08 00:00:00.0,7244,7426,7222,7234,227258,101598
2017/09/11 00:00:00.0,7178,7388,7130,7306,145100,96232
2017/09/12 00:00:00.0,7344,7452,7318,7438,117150,99760
2017/09/13 00:00:00.0,7494,7494,7360,7416,133908,106886
2017/09/14 00:00:00.0,7404,7464,7220,7270,197360,111396
2017/09/15 00:00:00.0,7268,7314,7180,7290,133582,103628
2017/09/18 00:00:00.0,7270,7510,7186,7506,281172,148766
2017/09/19 00:00:00.0,7530,7610,7420,7462,327664,151742
2017/09/20 00:00:00.0,7502,7528,7388,7392,218226,144010
2017/09/21 00:00:00.0,7374,7418,6996,6996,327430,159630
2017/09/22 00:00:00.0,6824,6848,6650,6674,313208,151154
2017/09/25 00:00:00.0,6690,6722,6460,6596,268696,157556
2017/09/26 00:00:00.0,6612,6756,6600,6662,228758,153166
2017/09/27 00:00:00.0,6698,6716,6626,6678,128696,139146
2017/09/28 00:00:00.0,6598,6650,6502,6614,161802,137702
2017/09/29 00:00:00.0,6606,6692,6600,6640,85584,119876
2017/10/09 00:00:00.0,6674,6748,6434,6496,160090,137802
2017/10/10 00:00:00.0,6476,6546,6410,6498,105162,130534
2017/10/11 00:00:00.0,6538,6566,6462,6498,96640,136276
2017/10/12 00:00:00.0,6520,6542,6452,6512,94176,130430
2017/10/13 00:00:00.0,6524,6670,6504,6600,150132,140610
2017/10/16 00:00:00.0,6648,6648,6542,6576,81290,133922
2017/10/17 00:00:00.0,6542,6638,6524,6576,91058,135774
2017/10/18 00:00:00.0,6568,6694,6568,6608,121894,132164
2017/10/19 00:00:00.0,6552,6606,6500,6542,89970,126406
2017/10/20 00:00:00.0,6558,6714,6558,6702,143810,129516
2017/10/23 00:00:00.0,6652,6804,6570,6638,159972,127530
2017/10/24 00:00:00.0,6670,6740,6630,6642,108354,127434
2017/10/25 00:00:00.0,6640,6656,6536,6640,98032,118934
2017/10/26 00:00:00.0,6648,6786,6600,6650,217866,134814
2017/10/27 00:00:00.0,6648,6696,6388,6440,198330,133568
2017/10/30 00:00:00.0,6400,6486,6314,6370,138230,146504
2017/10/31 00:00:00.0,6354,6402,6256,6312,148930,146348
2017/11/01 00:00:00.0,6316,6430,6306,6328,93944,147216
2017/11/02 00:00:00.0,6436,6454,6332,6356,95496,146102
2017/11/03 00:00:00.0,6366,6422,6338,6380,78324,141024
2017/11/06 00:00:00.0,6398,6624,6388,6608,195980,140110
2017/11/07 00:00:00.0,6642,6664,6516,6536,108094,126420
2017/11/08 00:00:00.0,6530,6576,6478,6544,100936,132616
2017/11/09 00:00:00.0,6586,6606,6418,6442,157040,150114
2017/11/10 00:00:00.0,6416,6538,6410,6490,126614,147512
2017/11/13 00:00:00.0,6508,6520,6452,6490,74462,149548
2017/11/14 00:00:00.0,6510,6584,6490,6550,93532,149966
2017/11/15 00:00:00.0,6474,6712,6392,6644,249158,160174
2017/11/16 00:00:00.0,6662,6734,6600,6730,119658,139188
2017/11/17 00:00:00.0,6750,6896,6698,6820,303532,155260
2017/11/20 00:00:00.0,6838,6938,6820,6896,130734,142990
2017/11/21 00:00:00.0,6916,6916,6816,6858,104508,133332
2017/11/22 00:00:00.0,6898,6898,6730,6796,153224,136888
2017/11/23 00:00:00.0,6818,6942,6818,6896,178396,128616
2017/11/24 00:00:00.0,6918,6936,6868,6892,107998,123488
2017/11/27 00:00:00.0,6902,7074,6880,7038,206702,138108
2017/11/28 00:00:00.0,7070,7138,7038,7122,170462,129916
2017/11/29 00:00:00.0,7110,7268,7110,7260,163628,149552
2017/11/30 00:00:00.0,7296,7310,7186,7240,133626,138384
2017/12/01 00:00:00.0,7242,7270,7198,7260,88664,125250
2017/12/04 00:00:00.0,7538,7668,7530,7648,62606,132218
2017/12/05 00:00:00.0,8076,8244,7450,7630,650646,123188
2017/12/06 00:00:00.0,7612,8150,7466,8134,519510,131300
2017/12/07 00:00:00.0,8148,8148,7730,7856,430184,134448
2017/12/08 00:00:00.0,7924,8332,7806,8316,428396,166862
2017/12/11 00:00:00.0,8610,8742,8322,8500,466342,158790
2017/12/12 00:00:00.0,8458,8606,8384,8498,367556,161782
2017/12/13 00:00:00.0,8518,8546,8420,8524,195792,156800
2017/12/14 00:00:00.0,8464,8586,8188,8280,449110,167244
2017/12/15 00:00:00.0,8304,8326,7878,7990,375532,140798
2017/12/18 00:00:00.0,8088,8256,7900,8066,335644,136236
2017/12/19 00:00:00.0,8008,8142,7950,8078,241920,127118
2017/12/20 00:00:00.0,8104,8118,8006,8006,140038,127296
2017/12/21 00:00:00.0,8020,8442,7984,8196,492418,147730
2017/12/22 00:00:00.0,8218,8218,7980,8018,199316,115942
2017/12/25 00:00:00.0,7910,7994,7618,7620,213484,116658
2017/12/26 00:00:00.0,7606,7702,7606,7646,110588,96986
2017/12/27 00:00:00.0,7646,7762,7630,7642,151092,102122
2017/12/28 00:00:00.0,7630,7646,7360,7426,216516,107366
2017/12/29 00:00:00.0,7518,7578,7436,7472,154150,91570
2018/01/02 00:00:00.0,7388,7524,7332,7434,121670,93886
2018/01/03 00:00:00.0,7462,7530,7276,7298,175528,97872
2018/01/04 00:00:00.0,7288,7368,7166,7306,190342,95044
2018/01/05 00:00:00.0,7316,7342,7186,7256,142970,89700
2018/01/08 00:00:00.0,7268,7308,7224,7290,101258,89038
2018/01/09 00:00:00.0,7312,7414,7292,7340,112460,85318
2018/01/10 00:00:00.0,7318,7406,7276,7368,104042,80572
2018/01/11 00:00:00.0,7364,7384,7236,7290,130724,89584
2018/01/12 00:00:00.0,7258,7518,7244,7496,193618,102330
2018/01/15 00:00:00.0,7476,7550,7404,7506,171028,106714
2018/01/16 00:00:00.0,7386,7498,7356,7428,182812,97210
2018/01/17 00:00:00.0,7436,7476,7380,7446,127956,90902
2018/01/18 00:00:00.0,7440,7628,7430,7620,185528,114652
2018/01/19 00:00:00.0,7618,7766,7588,7764,192352,119442
2018/01/22 00:00:00.0,7846,7872,7604,7664,202542,116712
2018/01/23 00:00:00.0,7638,7736,7448,7704,273066,119704
2018/01/24 00:00:00.0,7698,7744,7624,7676,176018,108854
2018/01/25 00:00:00.0,7732,7776,7640,7680,161456,104578
2018/01/26 00:00:00.0,7648,7670,7526,7544,155116,98104
2018/01/29 00:00:00.0,7536,7726,7510,7664,158250,99836
2018/01/30 00:00:00.0,7654,7746,7576,7620,163150,99760
2018/01/31 00:00:00.0,7608,7638,7546,7618,120644,90410
2018/02/01 00:00:00.0,7624,7686,7574,7622,126868,96326
2018/02/02 00:00:00.0,7684,7710,7592,7606,112462,88368
2018/02/05 00:00:00.0,7570,7812,7538,7778,186994,114812
2018/02/06 00:00:00.0,7746,7814,7676,7738,165338,97158
2018/02/07 00:00:00.0,7776,7896,7746,7774,194654,113698
2018/02/08 00:00:00.0,7742,7760,7628,7682,153920,92896
2018/02/09 00:00:00.0,7688,7738,7628,7694,114932,89254
2018/02/12 00:00:00.0,7708,7802,7692,7772,115416,94020
2018/02/13 00:00:00.0,7760,7846,7756,7812,87018,88496
2018/02/14 00:00:00.0,7850,8014,7832,7914,192044,104370
2018/02/22 00:00:00.0,7912,7962,7864,7920,61796,94834
2018/02/23 00:00:00.0,7932,8040,7910,8000,135356,121622
2018/02/26 00:00:00.0,8044,8130,7926,7980,124282,114790
2018/02/27 00:00:00.0,7980,8042,7944,8040,84738,120726
2018/02/28 00:00:00.0,8022,8164,8016,8144,165504,153252
2018/03/01 00:00:00.0,8148,8192,8112,8182,144142,157880
2018/03/05 00:00:00.0,8046,8062,7930,7964,166782,134628
2018/03/06 00:00:00.0,7990,8140,7976,8080,140598,142610
2018/03/07 00:00:00.0,8070,8090,7836,7844,263362,144114
2018/03/08 00:00:00.0,7840,7868,7744,7804,165744,139036
2018/03/09 00:00:00.0,7794,7802,7470,7664,303646,149674
2018/03/12 00:00:00.0,7712,7846,7678,7742,234128,153562
2018/03/13 00:00:00.0,7744,7800,7684,7758,157974,151756
2018/03/14 00:00:00.0,7742,7790,7606,7736,270142,154386
2018/03/15 00:00:00.0,7710,7710,7594,7628,184462,147886
2018/03/16 00:00:00.0,7588,7714,7588,7668,131612,147046
2018/03/19 00:00:00.0,7622,7690,7572,7628,176946,152412
2018/03/20 00:00:00.0,7620,7670,7402,7564,317392,170630
2018/03/21 00:00:00.0,7586,7632,7464,7496,139526,151262
2018/03/22 00:00:00.0,7518,7570,7482,7518,109304,154334
2018/03/23 00:00:00.0,7362,7428,7104,7360,315972,177506
2018/03/26 00:00:00.0,7364,7408,7288,7342,129714,173222
2018/03/27 00:00:00.0,7356,7406,7304,7376,192926,187030
2018/03/28 00:00:00.0,7330,7434,7316,7392,151822,184234
2018/03/29 00:00:00.0,7388,7388,7316,7368,144366,178446
2018/03/30 00:00:00.0,7380,7586,7380,7552,196716,177756
2018/04/02 00:00:00.0,7602,7630,7462,7506,139486,160800
2018/04/03 00:00:00.0,7512,7514,7432,7470,99358,155202
2018/04/04 00:00:00.0,7464,7464,7338,7444,141672,163404
2018/04/09 00:00:00.0,7422,7496,7374,7486,82646,154616
2018/04/10 00:00:00.0,7496,7556,7484,7554,110162,144354
2018/04/11 00:00:00.0,7580,7602,7410,7420,127582,142404
2018/04/12 00:00:00.0,7436,7492,7390,7462,92020,133948
2018/04/13 00:00:00.0,7444,7774,7430,7742,330586,144832
2018/04/16 00:00:00.0,7706,7706,7592,7602,107804,113034
2018/04/17 00:00:00.0,7586,7852,7558,7736,208346,120444
2018/04/18 00:00:00.0,7738,7798,7688,7728,120102,110516
2018/04/19 00:00:00.0,7784,7784,7680,7702,101208,110790
2018/04/20 00:00:00.0,7682,7682,7504,7546,136078,98186
2018/04/23 00:00:00.0,7544,7626,7544,7590,85884,92764
2018/04/24 00:00:00.0,7576,7706,7540,7542,180010,98718
2018/04/25 00:00:00.0,7538,7562,7498,7518,102430,87358
2018/04/26 00:00:00.0,7514,7658,7462,7544,198142,99870
2018/04/27 00:00:00.0,7546,7584,7350,7372,167186,85604
2018/05/02 00:00:00.0,7384,7408,7276,7350,88142,85116
2018/05/03 00:00:00.0,7354,7424,7306,7326,98590,83126
2018/05/04 00:00:00.0,7306,7368,7284,7332,72424,83894
2018/05/07 00:00:00.0,7336,7388,7214,7252,160922,103428
2018/05/08 00:00:00.0,7278,7278,7146,7162,95666,91926
2018/05/09 00:00:00.0,7132,7214,7104,7114,110482,96904
2018/05/10 00:00:00.0,7124,7142,7058,7086,90294,96660
2018/05/11 00:00:00.0,7100,7182,7084,7106,114286,102328
2018/05/14 00:00:00.0,7122,7272,7118,7252,139648,113206
2018/05/15 00:00:00.0,7272,7372,7234,7318,135130,103138
2018/05/16 00:00:00.0,7316,7720,7284,7584,271756,119964
2018/05/17 00:00:00.0,7578,7594,7446,7514,122346,101326
2018/05/18 00:00:00.0,7540,7634,7468,7560,119144,110714
2018/05/21 00:00:00.0,7560,7690,7438,7520,122768,111672
2018/05/22 00:00:00.0,7552,7640,7504,7606,129826,119326
2018/05/23 00:00:00.0,7552,7632,7394,7432,176942,119218
2018/05/24 00:00:00.0,7432,7474,7296,7338,128334,107586
2018/05/25 00:00:00.0,7394,7446,7298,7320,112820,113746
2018/05/28 00:00:00.0,7346,7424,7346,7398,74534,101452
2018/05/29 00:00:00.0,7402,7596,7370,7536,151052,115990
2018/05/30 00:00:00.0,7522,7590,7460,7540,112864,107864
2018/05/31 00:00:00.0,7586,7644,7490,7522,110308,113942
2018/06/01 00:00:00.0,7560,7718,7548,7616,150846,126696
2018/06/04 00:00:00.0,7646,7708,7586,7614,86840,119606
2018/06/05 00:00:00.0,7578,7624,7498,7540,82652,116626
2018/06/06 00:00:00.0,7576,7650,7566,7580,89364,111854
2018/06/07 00:00:00.0,7612,7630,7526,7570,79288,115232
2018/06/08 00:00:00.0,7554,7802,7550,7738,287116,162342
2018/06/11 00:00:00.0,7796,7896,7770,7850,175842,159408
2018/06/12 00:00:00.0,7850,7880,7782,7866,102590,159576
2018/06/13 00:00:00.0,7842,7958,7792,7846,128982,157566
2018/06/14 00:00:00.0,7846,8038,7804,7938,208748,177118
2018/06/15 00:00:00.0,7944,7958,7858,7958,97394,164222
2018/06/19 00:00:00.0,7930,8162,7816,7884,197980,171886
2018/06/20 00:00:00.0,7934,8024,7844,8022,132960,179226
2018/06/21 00:00:00.0,8032,8144,8004,8074,228714,201870
2018/06/22 00:00:00.0,8084,8108,8022,8060,185792,182908
2018/06/25 00:00:00.0,8114,8152,8026,8120,161084,202176
2018/06/26 00:00:00.0,8106,8222,7968,8030,373666,226338
2018/06/27 00:00:00.0,8084,8112,8026,8058,127078,212842
2018/06/28 00:00:00.0,8136,8166,8036,8114,156434,213120
2018/06/29 00:00:00.0,8134,8190,8094,8170,177272,210272
2018/07/02 00:00:00.0,8158,8164,8044,8068,140734,197398
2018/07/03 00:00:00.0,8052,8068,7870,7926,204866,190340
2018/07/04 00:00:00.0,7922,7932,7794,7812,182206,179418
2018/07/05 00:00:00.0,7780,7830,7722,7812,115448,168438
2018/07/06 00:00:00.0,7818,7836,7720,7808,133928,172654
2018/07/09 00:00:00.0,7824,7856,7770,7838,82462,162104
2018/07/10 00:00:00.0,7858,7862,7754,7758,125202,164546
2018/07/11 00:00:00.0,7712,7834,7660,7724,123794,148890
2018/07/12 00:00:00.0,7770,8000,7754,7984,211658,175710
2018/07/13 00:00:00.0,7978,7994,7908,7928,111450,155760
2018/07/16 00:00:00.0,7928,7964,7872,7876,107966,150046
2018/07/17 00:00:00.0,7856,7858,7734,7752,139622,153710
2018/07/18 00:00:00.0,7760,7806,7752,7788,68116,147812
2018/07/19 00:00:00.0,7842,7844,7742,7764,95858,149762
2018/07/20 00:00:00.0,7766,7892,7766,7874,128332,146054
2018/07/23 00:00:00.0,7878,7910,7834,7884,88326,137400
2018/07/24 00:00:00.0,7880,8086,7844,8044,199630,162248
2018/07/25 00:00:00.0,8070,8084,8012,8044,81914,145348
2018/07/26 00:00:00.0,8054,8148,8042,8090,107350,150104
2018/07/27 00:00:00.0,8118,8174,7980,7998,143852,138896
2018/07/30 00:00:00.0,8020,8108,8020,8088,92196,139338
2018/07/31 00:00:00.0,8078,8246,8078,8184,151896,150152
2018/08/01 00:00:00.0,8188,8200,8092,8110,101468,128926
2018/08/02 00:00:00.0,8120,8206,8056,8174,104132,139732
2018/08/03 00:00:00.0,8186,8406,8186,8312,165018,152056
2018/08/06 00:00:00.0,8360,8750,8320,8580,226712,161166
2018/08/07 00:00:00.0,8588,8618,8384,8444,151910,154270
2018/08/08 00:00:00.0,8432,8636,8406,8538,170144,165864
2018/08/10 00:00:00.0,8476,8716,8476,8556,150332,164608
2018/08/13 00:00:00.0,8566,8678,8460,8652,165824,161696
2018/08/14 00:00:00.0,8678,8720,8604,8626,89366,154434
2018/08/15 00:00:00.0,8638,8712,8606,8620,121214,157692
2018/08/16 00:00:00.0,8524,8740,8492,8696,203302,175116
2018/08/17 00:00:00.0,8698,9018,8698,8970,284818,212384
2018/08/20 00:00:00.0,8972,9052,8780,8928,247518,200740
2018/08/21 00:00:00.0,8920,8920,8524,8632,293318,183318
2018/08/22 00:00:00.0,8676,8828,8676,8750,176004,171960
2018/08/23 00:00:00.0,8748,8910,8688,8696,253300,178412
2018/08/24 00:00:00.0,8706,8752,8560,8640,208784,157488
2018/08/27 00:00:00.0,8660,8706,8534,8546,117516,157904
2018/08/28 00:00:00.0,8568,8672,8434,8622,213534,167614
2018/08/29 00:00:00.0,8612,8728,8572,8602,181452,148450
2018/08/30 00:00:00.0,8588,8588,8442,8520,169222,158662
2018/08/31 00:00:00.0,8524,8554,8352,8398,164786,146838
2018/09/03 00:00:00.0,8402,8466,8360,8414,99648,151936
2018/09/04 00:00:00.0,8408,8426,8296,8322,101552,146960
2018/09/05 00:00:00.0,8358,8458,8338,8370,98278,151080
2018/09/06 00:00:00.0,8386,8394,8270,8286,110820,152872
2018/09/07 00:00:00.0,8340,8442,8286,8322,148552,157162
2018/09/10 00:00:00.0,8372,8488,8338,8432,119294,154184
2018/09/11 00:00:00.0,8372,8376,8276,8284,153036,148594
2018/09/12 00:00:00.0,8306,8326,8152,8240,155022,145174
2018/09/13 00:00:00.0,8274,8294,8222,8284,79908,136768
2018/09/14 00:00:00.0,8278,8388,8240,8346,141444,153022
2018/09/17 00:00:00.0,8352,8376,8210,8240,116558,127864
2018/09/18 00:00:00.0,8262,8526,8246,8454,247948,168408
2018/09/19 00:00:00.0,8464,8516,8396,8442,108682,144720
2018/09/20 00:00:00.0,8462,8494,8382,8426,110470,137550
2018/09/21 00:00:00.0,8450,8626,8444,8558,191698,164974
2018/09/25 00:00:00.0,8578,8578,8444,8540,114862,148100
2018/09/26 00:00:00.0,8510,8592,8452,8512,107102,143792
2018/09/27 00:00:00.0,8534,8540,8414,8436,96304,135564
2018/09/28 00:00:00.0,8348,8480,8290,8330,117788,118788
2018/10/08 00:00:00.0,8376,8392,8138,8248,140982,128962
2018/10/09 00:00:00.0,8284,8326,8232,8298,87454,134692
2018/10/10 00:00:00.0,8332,8488,8320,8382,146774,140048
2018/10/11 00:00:00.0,8298,8416,8248,8320,102014,121678
2018/10/12 00:00:00.0,8322,8552,8322,8526,171266,152192
2018/10/15 00:00:00.0,8546,8584,8500,8536,119098,142900
2018/10/16 00:00:00.0,8506,8680,8454,8642,237798,172286
2018/10/17 00:00:00.0,8680,8772,8622,8630,152286,153226
2018/10/18 00:00:00.0,8584,8724,8572,8650,137908,159170
2018/10/19 00:00:00.0,8650,8734,8638,8696,128402,159272
2018/10/22 00:00:00.0,8740,8864,8688,8774,168340,182946
2018/10/23 00:00:00.0,8784,8784,8608,8652,146930,167300
2018/10/24 00:00:00.0,8660,8740,8596,8728,165792,180794
2018/10/25 00:00:00.0,8714,8796,8650,8784,150376,176094
2018/10/26 00:00:00.0,8792,8850,8768,8820,135228,187472
2018/10/29 00:00:00.0,8812,8908,8716,8764,196458,195078
2018/10/30 00:00:00.0,8754,8810,8670,8754,159338,184722
2018/10/31 00:00:00.0,8716,8740,8654,8730,138178,186354
2018/11/01 00:00:00.0,8710,8758,8638,8652,141238,189746
2018/11/02 00:00:00.0,8676,8678,8482,8602,229734,190450
2018/11/05 00:00:00.0,8610,8644,8538,8576,111990,176330
2018/11/06 00:00:00.0,8610,8724,8536,8652,168290,181980
2018/11/07 00:00:00.0,8604,8622,8506,8588,184726,176634
2018/11/08 00:00:00.0,8546,8634,8426,8572,262828,193540
2018/11/09 00:00:00.0,8562,8598,8524,8550,136558,169844
2018/11/12 00:00:00.0,8486,8532,8288,8316,311496,225290
2018/11/13 00:00:00.0,8376,8384,8254,8320,181546,209804
2018/11/14 00:00:00.0,8290,8484,8276,8414,196592,213132
2018/11/15 00:00:00.0,8414,8440,8358,8432,138428,198938
2018/11/16 00:00:00.0,8494,8694,8468,8690,291298,206252
2018/11/19 00:00:00.0,8646,8698,8622,8672,134750,194484
2018/11/20 00:00:00.0,8658,8664,8574,8612,164512,200074
2018/11/21 00:00:00.0,8378,8552,8326,8546,234192,184260
2018/11/22 00:00:00.0,8530,8590,8362,8404,197874,193480
2018/11/23 00:00:00.0,8394,8430,8316,8360,193902,202436
2018/11/26 00:00:00.0,8240,8252,7864,7866,307776,209212
2018/11/27 00:00:00.0,7882,7994,7456,7762,537162,249130
2018/11/28 00:00:00.0,7748,7886,7682,7818,276196,244504
2018/11/29 00:00:00.0,7860,7956,7794,7904,231050,223478
2018/11/30 00:00:00.0,7926,7928,7814,7904,196430,221590
2018/12/03 00:00:00.0,8132,8330,8044,8114,263946,203262
2018/12/04 00:00:00.0,8088,8228,8060,8224,187588,187328
2018/12/05 00:00:00.0,8204,8314,8184,8306,173686,179486
2018/12/06 00:00:00.0,8276,8276,8166,8254,157304,183824
2018/12/07 00:00:00.0,8244,8356,8186,8348,191552,177610
2018/12/10 00:00:00.0,8276,8282,8160,8182,136632,173936
2018/12/11 00:00:00.0,8176,8214,8102,8160,138584,171322
2018/12/12 00:00:00.0,8208,8220,8056,8058,150456,177194
2018/12/13 00:00:00.0,8114,8130,8014,8030,189748,168926
2018/12/14 00:00:00.0,8054,8060,7922,7956,118116,152020
2018/12/17 00:00:00.0,7938,7954,7800,7844,144892,150078
2018/12/18 00:00:00.0,7796,7862,7772,7834,83794,129522
2018/12/19 00:00:00.0,7768,7826,7748,7756,74318,125902
2018/12/20 00:00:00.0,7740,7786,7636,7680,105638,123256
2018/12/21 00:00:00.0,7690,7696,7572,7578,74996,115356
2018/12/24 00:00:00.0,7558,7610,7514,7540,97618,123756
2018/12/25 00:00:00.0,7452,7514,7406,7496,105412,121848
2018/12/26 00:00:00.0,7484,7522,7474,7486,74838,120388
2018/12/27 00:00:00.0,7564,7602,7374,7404,114750,107338
2018/12/28 00:00:00.0,7392,7448,7364,7420,75868,95192
2019/01/02 00:00:00.0,7386,7418,7292,7298,79362,99482
2019/01/03 00:00:00.0,7338,7396,7300,7392,89378,99422
2019/01/04 00:00:00.0,7384,7472,7384,7444,89776,103950
2019/01/07 00:00:00.0,7446,7476,7420,7444,62174,101732
2019/01/08 00:00:00.0,7442,7494,7394,7412,89332,101242
2019/01/09 00:00:00.0,7444,7466,7402,7402,74922,97810
2019/01/10 00:00:00.0,7404,7404,7298,7324,116320,116438
2019/01/11 00:00:00.0,7306,7404,7306,7376,107496,106480
2019/01/14 00:00:00.0,7354,7382,7320,7354,80012,112460
2019/01/15 00:00:00.0,7356,7382,7278,7370,123922,116094
2019/01/16 00:00:00.0,7300,7348,7274,7328,91862,110826
2019/01/17 00:00:00.0,7336,7388,7280,7340,150066,120748
2019/01/18 00:00:00.0,7360,7474,7344,7456,166862,136310
2019/01/21 00:00:00.0,7488,7508,7402,7430,88152,129144
2019/01/22 00:00:00.0,7418,7466,7262,7266,128048,135704
2019/01/23 00:00:00.0,7296,7342,7226,7278,112946,137996
2019/01/24 00:00:00.0,7260,7296,7226,7254,71242,136348
2019/01/25 00:00:00.0,7272,7332,7198,7222,133960,162504
2019/01/28 00:00:00.0,7242,7342,7234,7308,111404,150306
2019/01/29 00:00:00.0,7262,7274,7194,7218,102866,167644
2019/01/30 00:00:00.0,7230,7348,7218,7318,115448,155298
2019/01/31 00:00:00.0,7318,7416,7314,7410,102432,156522
2019/02/01 00:00:00.0,7436,7444,7366,7388,53622,145420
2019/02/11 00:00:00.0,7448,7596,7430,7530,84782,155394
2019/02/12 00:00:00.0,7538,7576,7470,7570,80184,152734
2019/02/13 00:00:00.0,7494,7546,7466,7490,80018,148114
2019/02/14 00:00:00.0,7498,7548,7482,7504,61140,143338
2019/02/15 00:00:00.0,7466,7536,7434,7454,85810,141114
2019/02/18 00:00:00.0,7498,7522,7378,7382,99430,138486
2019/02/19 00:00:00.0,7388,7414,7356,7396,68592,132750
2019/02/20 00:00:00.0,7384,7558,7362,7554,123268,154154
2019/02/21 00:00:00.0,7590,7646,7548,7616,123238,154474
2019/02/22 00:00:00.0,7612,7616,7566,7590,64622,148682
2019/02/25 00:00:00.0,7582,7678,7568,7582,103782,161234
2019/02/26 00:00:00.0,7538,7638,7526,7604,73880,157708
2019/02/27 00:00:00.0,7610,7640,7560,7592,62702,160566
2019/02/28 00:00:00.0,7586,7618,7500,7526,82922,156584
2019/03/01 00:00:00.0,7540,7630,7530,7596,85466,153152
2019/03/04 00:00:00.0,7594,7710,7550,7674,121450,174666
2019/03/05 00:00:00.0,7640,7668,7616,7652,59836,163390
2019/03/06 00:00:00.0,7634,7692,7634,7678,65058,168104
2019/03/07 00:00:00.0,7674,7772,7674,7762,115848,182848
