2015/03/27 00:00:00.0,120000,120000,115150,119280,1832,620
2015/03/30 00:00:00.0,119280,119530,115660,118070,2518,852
2015/03/31 00:00:00.0,117650,119750,115990,118150,4522,1198
2015/04/01 00:00:00.0,118010,118860,117080,117910,4390,1300
2015/04/02 00:00:00.0,117970,119060,117970,118610,2728,1066
2015/04/03 00:00:00.0,118800,119440,118550,118830,1394,1030
2015/04/07 00:00:00.0,118880,119070,118280,118850,848,934
2015/04/08 00:00:00.0,118700,118960,117190,117890,860,782
2015/04/09 00:00:00.0,117620,118010,116550,116840,820,830
2015/04/10 00:00:00.0,116540,116990,115370,116020,2438,952
2015/04/13 00:00:00.0,115980,116290,115300,115950,1628,1044
2015/04/14 00:00:00.0,115570,115670,112350,112350,5594,1934
2015/04/15 00:00:00.0,112450,114140,112440,113860,4132,1732
2015/04/16 00:00:00.0,113220,113700,111080,112900,3874,2002
2015/04/17 00:00:00.0,113030,113030,109340,110020,11364,3650
2015/04/20 00:00:00.0,112000,112950,111130,111460,10568,2724
2015/04/21 00:00:00.0,111850,111890,111120,111570,3456,3036
2015/04/22 00:00:00.0,112190,113400,112190,112950,5892,2812
2015/04/23 00:00:00.0,113400,113750,112970,113310,3334,2538
2015/04/24 00:00:00.0,113360,113950,112770,113940,2100,2592
2015/04/27 00:00:00.0,114390,117940,114390,117940,17026,3160
2015/04/28 00:00:00.0,117940,118550,116530,117420,32078,4536
2015/04/29 00:00:00.0,117170,117730,115150,115410,10638,4718
2015/04/30 00:00:00.0,116020,119870,115090,117640,17800,5662
2015/05/04 00:00:00.0,117370,119520,117370,118800,8868,6152
2015/05/05 00:00:00.0,119000,119780,118010,118680,13080,6476
2015/05/06 00:00:00.0,119640,123670,119490,123390,32870,8744
2015/05/07 00:00:00.0,123270,125880,121490,122000,52036,7910
2015/05/08 00:00:00.0,122700,122940,120060,121380,22228,7690
2015/05/11 00:00:00.0,120900,122700,120760,122410,13936,7928
2015/05/12 00:00:00.0,121140,121920,119720,119990,17452,7800
2015/05/13 00:00:00.0,120810,121100,120020,120700,10468,7466
2015/05/14 00:00:00.0,120710,122430,117860,119490,31390,7546
2015/05/15 00:00:00.0,119250,119720,118690,119160,11010,7724
2015/05/18 00:00:00.0,118770,119950,118110,119280,11756,7620
2015/05/19 00:00:00.0,119540,119670,118100,118170,7610,7044
2015/05/20 00:00:00.0,117760,118010,114250,115880,27676,6448
2015/05/21 00:00:00.0,116370,120360,115260,119180,38406,7280
2015/05/22 00:00:00.0,119460,119700,116970,118030,24022,7006
2015/05/25 00:00:00.0,117270,119790,116910,117660,25838,7252
2015/05/26 00:00:00.0,117680,119620,117680,118390,18940,7136
2015/05/27 00:00:00.0,116980,117740,116390,116720,18150,7692
2015/05/28 00:00:00.0,116210,117610,115930,117070,15560,7278
2015/05/29 00:00:00.0,117030,117030,115830,116260,9282,6704
2015/06/01 00:00:00.0,116200,116440,115780,116230,4562,6302
2015/06/02 00:00:00.0,116210,117030,115980,116700,4260,6416
2015/06/03 00:00:00.0,116870,116990,115290,115870,3902,6200
2015/06/04 00:00:00.0,115630,116150,114820,115020,3784,6070
2015/06/05 00:00:00.0,114920,115190,114530,114560,1582,6190
2015/06/08 00:00:00.0,114280,115120,114170,114920,2292,6102
2015/06/09 00:00:00.0,114840,115680,114840,115240,2518,6090
2015/06/10 00:00:00.0,115460,115690,115100,115620,1492,6132
2015/06/11 00:00:00.0,115640,115840,115490,115640,1332,5992
2015/06/12 00:00:00.0,114780,115010,113790,113910,3776,5370
2015/06/15 00:00:00.0,113780,113850,113080,113320,1488,5144
2015/06/16 00:00:00.0,112220,112790,111990,112010,2098,5220
2015/06/17 00:00:00.0,112250,112340,111480,111890,1480,5140
2015/06/18 00:00:00.0,112300,112720,112030,112610,976,4988
2015/06/19 00:00:00.0,113010,114400,112580,113810,1790,4938
2015/06/23 00:00:00.0,113490,114410,113490,114350,1000,4826
2015/06/24 00:00:00.0,113810,114320,113060,113630,1326,4716
2015/06/25 00:00:00.0,113410,113860,110880,111980,2198,4638
2015/06/26 00:00:00.0,111720,112200,110900,111270,3032,5030
2015/06/29 00:00:00.0,110560,111620,109790,110520,2926,5598
2015/06/30 00:00:00.0,110210,110210,106670,106970,4796,6040
2015/07/01 00:00:00.0,106110,108330,105830,107710,3362,6486
2015/07/02 00:00:00.0,108020,109610,107460,109300,2892,6342
2015/07/03 00:00:00.0,110630,111100,109160,109490,2644,6444
2015/07/06 00:00:00.0,108970,109140,106940,107210,2338,6394
2015/07/07 00:00:00.0,108330,108470,106500,107550,2812,6314
2015/07/08 00:00:00.0,106110,106110,103090,103090,4264,6312
2015/07/09 00:00:00.0,104340,108800,104340,107760,3696,5808
2015/07/10 00:00:00.0,107590,108990,106800,107830,4052,6036
2015/07/13 00:00:00.0,106660,107140,106470,106950,2238,5956
2015/07/14 00:00:00.0,108190,109180,108190,108490,2874,5704
2015/07/15 00:00:00.0,108940,109420,108510,109130,2298,5626
2015/07/16 00:00:00.0,109810,110490,108190,109340,1954,2924
2015/07/17 00:00:00.0,109480,110480,109320,110300,2298,3028
2015/07/20 00:00:00.0,111910,112150,110910,111480,6420,2994
2015/07/21 00:00:00.0,111830,111830,110940,111080,3334,2784
2015/07/22 00:00:00.0,110930,111270,109030,109200,2264,2748
2015/07/23 00:00:00.0,108810,109270,108390,109070,1618,2792
2015/07/24 00:00:00.0,109210,109430,108330,108400,1486,2742
2015/07/27 00:00:00.0,108520,110910,107560,108520,3608,2756
2015/07/28 00:00:00.0,108680,109910,108310,109810,1918,2738
2015/07/29 00:00:00.0,110730,112000,110730,111730,3250,2648
2015/07/30 00:00:00.0,111290,111720,110170,110210,2920,2586
2015/07/31 00:00:00.0,109950,111140,109700,110050,1286,2586
2015/08/03 00:00:00.0,110500,111170,109220,109220,1760,2548
2015/08/04 00:00:00.0,108620,109250,108030,108790,1700,2398
2015/08/05 00:00:00.0,108860,109050,107270,107780,1136,2462
2015/08/06 00:00:00.0,107750,108340,106730,107470,1572,2434
2015/08/07 00:00:00.0,107730,108090,107110,107560,922,2402
2015/08/10 00:00:00.0,107360,108020,106930,107920,1018,2310
2015/08/11 00:00:00.0,107490,110460,107390,108530,1312,2192
2015/08/12 00:00:00.0,108340,108500,107590,108350,1192,2234
2015/08/13 00:00:00.0,108380,108930,107590,107820,1594,2186
2015/08/14 00:00:00.0,107760,108270,107480,107480,648,2186
2015/08/17 00:00:00.0,108870,108870,107400,107590,1016,2260
2015/08/18 00:00:00.0,107720,108060,107270,107530,610,2036
2015/08/19 00:00:00.0,107210,107690,107070,107580,876,1894
2015/08/20 00:00:00.0,107700,108520,107190,107430,666,1836
2015/08/21 00:00:00.0,107550,107810,105770,105790,868,1846
2015/08/24 00:00:00.0,104830,105870,102490,102580,1584,1850
2015/08/25 00:00:00.0,101420,102250,100840,101350,978,1826
2015/08/26 00:00:00.0,101300,102210,101050,101050,734,1782
2015/08/27 00:00:00.0,100700,101280,99510,100540,678,1752
2015/08/28 00:00:00.0,100660,102880,100350,101530,1556,1744
2015/08/31 00:00:00.0,101520,102300,99800,100480,1032,1754
2015/09/01 00:00:00.0,101000,101070,100320,100460,156,1732
2015/09/02 00:00:00.0,101100,101340,99190,100310,432,1808
2015/09/07 00:00:00.0,100300,100880,99470,100720,268,1724
2015/09/08 00:00:00.0,100020,101150,99770,101150,270,1732
2015/09/09 00:00:00.0,101610,103100,100840,101100,1180,1840
2015/09/10 00:00:00.0,101490,101900,100940,101670,1436,1896
2015/09/11 00:00:00.0,102790,102810,102290,102360,1334,2126
2015/09/14 00:00:00.0,102630,102840,101300,101400,688,2112
2015/09/15 00:00:00.0,101600,101750,100590,100730,594,2180
2015/09/16 00:00:00.0,101670,102030,101230,101690,472,1572
2015/09/17 00:00:00.0,102100,102130,101550,101560,326,1578
2015/09/18 00:00:00.0,101170,101720,101170,101180,406,1478
2015/09/21 00:00:00.0,100920,100920,99770,100270,804,1498
2015/09/22 00:00:00.0,100230,100230,99100,99100,536,1484
2015/09/23 00:00:00.0,99200,99200,98020,98730,652,1464
2015/09/24 00:00:00.0,98390,99000,97930,98590,350,1494
2015/09/25 00:00:00.0,98800,99040,98370,98680,452,1482
2015/09/28 00:00:00.0,98720,98720,96370,97110,802,1524
2015/09/29 00:00:00.0,96850,97230,96300,96830,804,1554
2015/09/30 00:00:00.0,97050,97760,96780,96880,592,1624
2015/10/08 00:00:00.0,97540,98930,97300,97780,384,1608
2015/10/09 00:00:00.0,97830,98830,97190,98660,1278,1806
2015/10/12 00:00:00.0,99550,99550,98140,98690,860,1974
2015/10/13 00:00:00.0,98730,99330,98390,98510,1454,2328
2015/10/14 00:00:00.0,98200,98570,97480,97650,1072,2536
2015/10/15 00:00:00.0,97900,100330,97610,99140,2830,3184
2015/10/16 00:00:00.0,99710,100220,97360,98520,2108,2560
2015/10/19 00:00:00.0,98480,99350,97390,98100,1976,2444
2015/10/20 00:00:00.0,97990,98550,97770,98240,790,2556
2015/10/21 00:00:00.0,98610,99210,98330,98430,2094,2914
2015/10/22 00:00:00.0,98100,98870,97880,98510,1120,2890
2015/10/23 00:00:00.0,98410,98670,97540,98480,1918,2838
2015/10/26 00:00:00.0,98950,99060,97310,97470,2420,2836
2015/10/27 00:00:00.0,97020,97790,96390,97220,2694,2982
2015/10/28 00:00:00.0,96910,97450,94770,95110,2164,3344
2015/10/29 00:00:00.0,94730,95870,94360,94580,4468,3742
2015/10/30 00:00:00.0,94060,94400,92790,93370,5634,4230
2015/11/02 00:00:00.0,93080,93900,93060,93610,2962,3912
2015/11/03 00:00:00.0,93610,94440,93240,93290,1226,3600
2015/11/04 00:00:00.0,93280,93560,92700,93030,1520,3616
2015/11/05 00:00:00.0,93020,93810,92830,93260,2108,3498
2015/11/06 00:00:00.0,93040,93040,91230,91850,3478,3670
2015/11/09 00:00:00.0,91950,92120,91350,91610,2482,3566
2015/11/10 00:00:00.0,91470,91580,89920,90800,2584,3572
2015/11/11 00:00:00.0,90760,91020,89910,90120,2654,3808
2015/11/12 00:00:00.0,90080,91480,90080,90900,2260,3968
2015/11/13 00:00:00.0,90080,90880,89640,89910,2782,3886
2015/11/16 00:00:00.0,90230,90480,89770,89770,1710,3824
2015/11/17 00:00:00.0,90480,90480,88150,88690,2858,3664
2015/11/18 00:00:00.0,88720,89310,87560,88010,3816,4168
2015/11/19 00:00:00.0,88030,88160,85310,85720,5460,4542
2015/11/20 00:00:00.0,85160,85610,83750,85150,7530,4398
2015/11/23 00:00:00.0,85310,85410,81310,81450,6900,4278
2015/11/24 00:00:00.0,81570,81980,80080,81310,9034,4234
2015/11/25 00:00:00.0,80840,83690,80570,83300,7710,3932
2015/11/26 00:00:00.0,82890,85820,82170,84190,8814,4036
2015/11/27 00:00:00.0,84950,87010,84530,84790,10906,4274
2015/11/30 00:00:00.0,85020,85390,84050,84830,5708,4588
2015/12/01 00:00:00.0,84710,85790,84710,85270,3790,4668
2015/12/02 00:00:00.0,85740,86700,85200,85780,2650,4966
2015/12/03 00:00:00.0,85730,86240,83470,84300,3744,5524
2015/12/04 00:00:00.0,83830,84650,83830,84040,1716,5550
2015/12/07 00:00:00.0,84830,85910,84350,85880,2068,5730
2015/12/08 00:00:00.0,85170,85460,83830,84590,1840,5532
2015/12/09 00:00:00.0,84360,85150,83850,84620,1752,5402
2015/12/10 00:00:00.0,84790,85420,84560,84990,1470,5394
2015/12/11 00:00:00.0,84790,86970,84750,86880,1684,5614
2015/12/14 00:00:00.0,86440,89360,86440,88960,4056,5870
2015/12/15 00:00:00.0,88790,89670,88370,89050,3244,5674
2015/12/16 00:00:00.0,88970,89670,88630,89510,1504,5560
2015/12/17 00:00:00.0,89870,91940,89670,91510,3468,5790
2015/12/18 00:00:00.0,91500,94430,91410,94430,7028,6622
2015/12/21 00:00:00.0,95020,97570,94680,97410,11690,7382
2015/12/22 00:00:00.0,97400,98530,96530,96940,21836,7644
2015/12/23 00:00:00.0,96760,97100,94230,94500,22200,6296
2015/12/24 00:00:00.0,94890,95260,93710,94040,18486,6654
2015/12/25 00:00:00.0,93910,94300,93560,93830,10710,6334
2015/12/28 00:00:00.0,93900,94120,92010,92090,9926,6930
2015/12/29 00:00:00.0,92070,92730,91120,92540,15382,7160
2015/12/30 00:00:00.0,92700,94640,92700,93830,17026,6906
2015/12/31 00:00:00.0,93690,94180,92570,93330,17668,6722
2016/01/04 00:00:00.0,92780,93870,91750,91930,7688,6660
2016/01/05 00:00:00.0,91890,93370,91560,93200,12816,6708
2016/01/06 00:00:00.0,92630,93230,92260,92870,10462,6810
2016/01/07 00:00:00.0,92130,93330,91770,92230,13160,6716
2016/01/08 00:00:00.0,92040,93090,90600,92660,15362,7106
2016/01/11 00:00:00.0,92650,93820,92650,93270,14374,7738
2016/01/12 00:00:00.0,93370,94240,92370,92800,15376,7696
2016/01/13 00:00:00.0,92820,93210,91890,92790,17534,8406
2016/01/14 00:00:00.0,92770,93710,92070,93220,13796,7454
2016/01/15 00:00:00.0,93130,94380,92780,93170,13306,7674
2016/01/18 00:00:00.0,92900,95480,92340,95070,17056,7180
2016/01/19 00:00:00.0,95140,95360,94410,94810,13012,7162
2016/01/20 00:00:00.0,94950,94950,93550,93940,11564,6184
2016/01/21 00:00:00.0,94140,95670,94130,95260,20752,6696
2016/01/22 00:00:00.0,95400,96390,95220,96140,15442,6928
2016/01/25 00:00:00.0,96300,99570,96300,97700,20892,7798
2016/01/26 00:00:00.0,97630,97940,96810,97680,16062,8176
2016/01/27 00:00:00.0,98020,100440,98020,100350,33532,9944
2016/01/28 00:00:00.0,100660,100940,100030,100250,29206,10890
2016/01/29 00:00:00.0,99600,99890,97700,98280,39608,9130
2016/02/01 00:00:00.0,99960,100250,97870,98450,39850,8816
2016/02/02 00:00:00.0,98750,99170,98430,98960,21854,8436
2016/02/03 00:00:00.0,99190,99410,97960,98690,19452,7924
2016/02/04 00:00:00.0,98600,99950,98380,99750,16554,7456
2016/02/05 00:00:00.0,99960,100400,98620,99420,11954,6440
2016/02/15 00:00:00.0,98060,100270,98060,99930,6466,7254
2016/02/16 00:00:00.0,99410,100160,99020,99190,12678,7940
2016/02/17 00:00:00.0,99260,99540,98230,98760,10222,8222
2016/02/18 00:00:00.0,99960,99960,98600,99330,11418,8490
2016/02/19 00:00:00.0,99420,100270,98920,100230,13494,9600
2016/02/22 00:00:00.0,100230,103470,99800,103260,25034,12190
2016/02/23 00:00:00.0,103640,105660,103360,105520,52004,17898
2016/02/24 00:00:00.0,105950,106290,104800,105160,54672,18058
2016/02/25 00:00:00.0,105530,106250,104860,105170,44566,17516
2016/02/26 00:00:00.0,105480,105480,102290,103950,48678,14920
2016/02/29 00:00:00.0,104200,105370,102910,103640,51366,14774
2016/03/01 00:00:00.0,104010,104670,103200,104100,31772,14590
2016/03/02 00:00:00.0,104620,105020,103880,104710,32314,14448
2016/03/03 00:00:00.0,104790,108530,104700,108530,74206,20316
2016/03/04 00:00:00.0,109540,113910,108660,111590,79582,17026
2016/03/07 00:00:00.0,112800,114670,111810,112890,83278,17284
2016/03/08 00:00:00.0,113810,117560,111140,114580,118840,17906
2016/03/09 00:00:00.0,114060,114220,110090,110170,76958,16662
2016/03/10 00:00:00.0,110400,112680,108130,109010,97214,16078
2016/03/11 00:00:00.0,109340,111010,107650,109940,70950,16292
2016/03/14 00:00:00.0,110950,110990,109280,109890,52926,15968
2016/03/15 00:00:00.0,109810,110540,108310,108720,50584,16248
2016/03/16 00:00:00.0,108090,109650,108040,109500,42206,16544
2016/03/17 00:00:00.0,109350,110470,109200,110000,34356,16226
2016/03/18 00:00:00.0,110290,113760,109830,112870,62478,17000
2016/03/21 00:00:00.0,112530,112980,108200,109410,56578,15514
2016/03/22 00:00:00.0,109880,110470,108910,109000,42240,15844
2016/03/23 00:00:00.0,109220,110500,108320,109060,46190,15514
2016/03/24 00:00:00.0,109540,110700,109050,110250,71974,17252
2016/03/25 00:00:00.0,110700,112070,110400,112010,58178,19206
2016/03/28 00:00:00.0,111960,112880,108340,108630,41262,17876
2016/03/29 00:00:00.0,108780,109780,108090,108510,41860,18166
2016/03/30 00:00:00.0,108810,109280,105120,105180,68850,20510
2016/03/31 00:00:00.0,105340,105920,103090,103540,71488,21564
2016/04/01 00:00:00.0,102930,105660,102820,104970,52768,18938
2016/04/05 00:00:00.0,103590,105830,103390,105540,20216,18920
2016/04/06 00:00:00.0,104900,106330,104900,106220,30704,18424
2016/04/07 00:00:00.0,106240,107480,106180,107180,27494,18922
2016/04/08 00:00:00.0,107240,107270,105370,106700,34450,18884
2016/04/11 00:00:00.0,106700,110620,106700,109280,36142,18126
2016/04/12 00:00:00.0,109050,109980,107480,108650,26762,18364
2016/04/13 00:00:00.0,108870,112790,108870,110790,35648,18128
2016/04/14 00:00:00.0,110940,113670,110440,112240,42632,18548
2016/04/15 00:00:00.0,113840,113840,110850,111680,24190,18828
2016/04/18 00:00:00.0,111750,112020,109910,110430,26148,18968
2016/04/19 00:00:00.0,110520,112180,110310,111870,25556,19096
2016/04/20 00:00:00.0,112030,112930,110820,111700,25614,19174
2016/04/21 00:00:00.0,112680,114890,111210,114800,31216,20878
2016/04/22 00:00:00.0,115620,116000,110390,111640,29832,18952
2016/04/25 00:00:00.0,112080,113750,109550,110240,25232,19546
2016/04/26 00:00:00.0,110300,110830,108540,108910,16098,20176
2016/04/27 00:00:00.0,109320,110260,108580,109130,13378,19892
2016/04/28 00:00:00.0,109370,109390,107570,107790,13960,19476
2016/04/29 00:00:00.0,107980,110030,107720,109280,16694,19300
2016/05/03 00:00:00.0,110610,111720,108670,111710,9846,19388
2016/05/04 00:00:00.0,111510,112830,110890,111270,20036,19316
2016/05/05 00:00:00.0,111490,113610,110950,112800,31476,21174
2016/05/06 00:00:00.0,112560,113630,109690,110430,41814,19468
2016/05/09 00:00:00.0,110860,112420,109530,109990,33430,19134
2016/05/10 00:00:00.0,110190,110460,106120,108530,39188,18830
2016/05/11 00:00:00.0,107810,109640,107180,109120,27220,18502
2016/05/12 00:00:00.0,109020,111800,106920,110130,25810,18100
2016/05/13 00:00:00.0,109660,109750,105880,107440,34336,20240
2016/05/16 00:00:00.0,106980,108290,105740,107870,22470,19878
2016/05/17 00:00:00.0,107870,109000,106920,108220,23502,11648
2016/05/18 00:00:00.0,107910,108630,106550,106590,24382,12530
2016/05/19 00:00:00.0,106130,107500,105740,106740,22608,12694
2016/05/20 00:00:00.0,106440,107390,105220,107150,15354,12314
2016/05/23 00:00:00.0,108190,108190,105510,105930,23894,12426
2016/05/24 00:00:00.0,104870,106210,104240,105520,19438,12178
2016/05/25 00:00:00.0,106010,106010,104610,104690,15456,12558
2016/05/26 00:00:00.0,104810,106590,104510,106500,18358,12112
2016/05/27 00:00:00.0,106290,108360,105810,108290,20190,11234
2016/05/30 00:00:00.0,108480,108850,107350,107990,13552,10938
2016/05/31 00:00:00.0,107510,108980,107510,108650,12930,10316
2016/06/01 00:00:00.0,108960,108960,106130,106170,19154,10490
2016/06/02 00:00:00.0,106230,108290,106220,108100,18240,9830
2016/06/03 00:00:00.0,108100,108270,107040,107550,12180,10030
2016/06/06 00:00:00.0,108170,109780,108170,109290,17154,10036
2016/06/07 00:00:00.0,109290,109830,108920,109510,11530,9790
2016/06/08 00:00:00.0,109630,109630,108450,109280,12436,9698
2016/06/13 00:00:00.0,109860,111980,109830,111560,10064,11244
2016/06/14 00:00:00.0,111990,112070,110680,111890,11694,11728
2016/06/15 00:00:00.0,111640,112000,111030,111760,10592,12258
2016/06/16 00:00:00.0,112080,113190,111140,111430,17318,11908
2016/06/17 00:00:00.0,111840,113160,111280,112790,11764,12602
2016/06/20 00:00:00.0,112990,113490,111580,112300,10260,12664
2016/06/21 00:00:00.0,112310,112330,110670,110930,13086,12274
2016/06/22 00:00:00.0,110860,111890,110130,111680,9580,12472
2016/06/23 00:00:00.0,111680,112290,110610,111480,9548,12042
2016/06/24 00:00:00.0,111860,112880,110310,110610,18052,11604
2016/06/27 00:00:00.0,111020,113110,110750,112880,14430,13080
2016/06/28 00:00:00.0,111960,112790,111830,112600,11938,12610
2016/06/29 00:00:00.0,113090,113440,111020,111640,20102,12308
2016/06/30 00:00:00.0,112000,113070,111680,112770,14328,12556
2016/07/01 00:00:00.0,112690,117980,112050,117980,34262,18242
2016/07/04 00:00:00.0,118970,123970,117000,122750,58804,17128
2016/07/05 00:00:00.0,124330,125650,117820,120330,61354,15976
2016/07/06 00:00:00.0,121280,121340,115830,117290,45304,14836
2016/07/07 00:00:00.0,116820,119510,116060,116940,33660,14100
2016/07/08 00:00:00.0,117890,117890,113890,114930,24324,12962
2016/07/11 00:00:00.0,115820,119240,114880,117570,29400,13374
2016/07/12 00:00:00.0,118080,120490,117380,119840,29480,14668
2016/07/13 00:00:00.0,120180,121990,118190,119080,46540,15162
2016/07/14 00:00:00.0,119450,119610,117540,118020,24636,14966
2016/07/15 00:00:00.0,118120,119830,118120,119720,27312,15572
2016/07/18 00:00:00.0,120310,120850,117060,117060,25874,15432
2016/07/19 00:00:00.0,117910,118180,116750,117370,22668,15542
2016/07/20 00:00:00.0,117370,118510,116820,118100,23596,15660
2016/07/21 00:00:00.0,117670,119490,117180,118820,21650,15816
2016/07/22 00:00:00.0,118810,119800,117530,118010,23598,15252
2016/07/25 00:00:00.0,118120,118520,116870,117560,13848,14750
2016/07/26 00:00:00.0,117660,118520,116940,118160,16846,14834
2016/07/27 00:00:00.0,118140,121900,117950,120910,39090,17034
2016/07/28 00:00:00.0,120990,121560,120310,121360,22698,17046
2016/07/29 00:00:00.0,122290,122350,119270,120110,17934,16090
2016/08/01 00:00:00.0,120380,120420,118570,119800,16334,15382
2016/08/02 00:00:00.0,119850,120850,118880,120570,13394,15292
2016/08/03 00:00:00.0,120700,121140,119190,119550,13494,14670
2016/08/04 00:00:00.0,119730,119800,117680,117830,15918,14186
2016/08/05 00:00:00.0,117580,120790,117580,120340,16084,13636
2016/08/08 00:00:00.0,120370,122340,119580,122260,16750,14912
2016/08/09 00:00:00.0,121380,122650,120900,122490,11606,15300
2016/08/10 00:00:00.0,122620,125510,122240,124710,20188,16682
2016/08/11 00:00:00.0,124970,125970,123440,123710,22332,16306
2016/08/12 00:00:00.0,123400,124590,123030,124420,14162,16196
2016/08/15 00:00:00.0,123870,123900,122020,122420,13006,14610
2016/08/16 00:00:00.0,122510,124080,122430,123600,11082,14956
2016/08/17 00:00:00.0,123360,124070,122510,122670,8484,14468
2016/08/18 00:00:00.0,123120,123120,121050,121490,14290,13058
2016/08/19 00:00:00.0,121950,123210,121630,122260,9190,12556
2016/08/22 00:00:00.0,122520,123210,121930,122250,12078,12560
2016/08/23 00:00:00.0,122400,122840,120730,122050,7612,12714
2016/08/24 00:00:00.0,122360,124810,122340,124630,15658,14426
2016/08/25 00:00:00.0,125210,125210,122200,123160,18292,13378
2016/08/26 00:00:00.0,123070,123890,122680,123490,8816,13414
2016/08/29 00:00:00.0,123980,124670,123450,124370,11218,13796
2016/08/30 00:00:00.0,123720,124410,123650,123820,10086,14228
2016/08/31 00:00:00.0,123730,123890,122620,123540,10068,14218
2016/09/01 00:00:00.0,123520,125070,123340,124760,15130,16348
2016/09/02 00:00:00.0,124800,127810,124750,127590,30564,20012
2016/09/05 00:00:00.0,127180,128590,127120,127800,17748,20626
2016/09/06 00:00:00.0,128150,128250,126190,127110,17170,20126
2016/09/07 00:00:00.0,127310,127660,126400,127650,15768,21264
2016/09/08 00:00:00.0,127680,127850,126360,127010,14724,20624
2016/09/09 00:00:00.0,127190,127580,126830,126890,11042,19906
2016/09/12 00:00:00.0,126860,126970,122030,122360,32278,16508
2016/09/13 00:00:00.0,123200,123700,122600,122650,17276,15934
2016/09/14 00:00:00.0,123030,123420,121970,122600,16728,16266
2016/09/19 00:00:00.0,122540,124980,122540,123840,11874,15204
2016/09/20 00:00:00.0,124670,124950,124120,124520,9000,10952
2016/09/21 00:00:00.0,124630,125780,123840,124370,14518,11298
2016/09/22 00:00:00.0,123680,126750,123310,126210,19268,10868
2016/09/23 00:00:00.0,126660,127480,125950,127050,16008,12092
2016/09/26 00:00:00.0,127280,128220,126300,127000,15128,11722
2016/09/27 00:00:00.0,127490,127960,125360,127320,15882,11090
2016/09/28 00:00:00.0,127310,127740,126240,127500,12594,11874
2016/09/29 00:00:00.0,127680,129920,127360,128170,23164,12806
2016/09/30 00:00:00.0,127930,129170,127730,128710,11292,12358
2016/10/10 00:00:00.0,128740,129730,126700,129360,12160,12920
2016/10/11 00:00:00.0,128890,130190,128820,129890,13480,14850
2016/10/12 00:00:00.0,129500,129500,127770,129000,15834,14004
2016/10/13 00:00:00.0,129200,129580,127810,128110,11794,14208
2016/10/14 00:00:00.0,127850,128400,126820,126920,15736,12976
2016/10/17 00:00:00.0,127000,128670,127000,128220,13472,12324
2016/10/18 00:00:00.0,128110,129380,127210,128750,14064,13566
2016/10/19 00:00:00.0,129160,129560,128510,128770,12276,13546
2016/10/20 00:00:00.0,129100,129930,128570,129570,15468,14794
2016/10/21 00:00:00.0,129170,132100,129130,131980,37324,20672
2016/10/24 00:00:00.0,131960,132480,131210,132350,18628,20504
2016/10/25 00:00:00.0,132880,134640,132350,134200,25124,20866
2016/10/26 00:00:00.0,134190,135890,132650,133350,22102,19562
2016/10/27 00:00:00.0,133960,134490,132290,133110,16118,19558
2016/10/28 00:00:00.0,133400,135870,132770,135670,20026,20916
2016/10/31 00:00:00.0,135470,136310,134120,135350,17620,19480
2016/11/01 00:00:00.0,135970,138120,134560,137590,27388,20150
2016/11/02 00:00:00.0,137530,137970,135460,135680,20660,18832
2016/11/03 00:00:00.0,135850,138120,135540,137960,13234,19250
2016/11/04 00:00:00.0,138270,143400,138270,142710,43388,21804
2016/11/07 00:00:00.0,141970,147410,140920,147410,37030,21846
2016/11/08 00:00:00.0,146850,154880,146700,150250,62468,20590
2016/11/09 00:00:00.0,150640,154230,146680,150060,62504,21760
2016/11/10 00:00:00.0,150940,155670,149350,153900,77092,23286
2016/11/11 00:00:00.0,153880,154520,150460,153160,42404,22498
2016/11/14 00:00:00.0,152970,157460,143230,146480,74420,18370
2016/11/15 00:00:00.0,146250,152570,142640,144070,49496,17658
2016/11/16 00:00:00.0,143970,146170,142830,145120,26090,17898
2016/11/17 00:00:00.0,144340,145040,141230,141600,25518,17444
2016/11/18 00:00:00.0,142550,144680,139170,140460,30222,17584
2016/11/21 00:00:00.0,141590,145160,138620,143510,32938,16904
2016/11/22 00:00:00.0,143950,149270,143330,147600,31724,17160
2016/11/23 00:00:00.0,147830,148480,145630,147100,21886,17070
2016/11/24 00:00:00.0,147030,151220,146240,146950,44888,17378
2016/11/25 00:00:00.0,147350,148530,143520,146050,25030,17318
2016/11/28 00:00:00.0,145460,149230,144420,149230,27788,17232
2016/11/29 00:00:00.0,148140,149470,142540,142950,30888,16338
2016/11/30 00:00:00.0,144000,144190,137610,140300,30090,16532
2016/12/01 00:00:00.0,142700,146740,141500,145970,29710,16380
2016/12/02 00:00:00.0,145090,146030,142550,144170,20020,15840
2016/12/05 00:00:00.0,144160,145860,143430,144420,20064,15544
2016/12/06 00:00:00.0,144710,145670,143330,145230,18128,15432
2016/12/07 00:00:00.0,145270,146870,143920,146320,20380,16312
2016/12/08 00:00:00.0,146560,148180,144310,144920,21918,15214
2016/12/09 00:00:00.0,145790,146490,142610,144320,16610,15520
2016/12/12 00:00:00.0,144330,145800,143320,143620,14620,16094
2016/12/13 00:00:00.0,143970,148990,142640,148280,24108,16966
2016/12/14 00:00:00.0,149580,149950,146060,148540,22262,16484
2016/12/15 00:00:00.0,148920,150920,146750,150780,22104,17754
2016/12/16 00:00:00.0,149620,150650,148720,148830,14234,17220
2016/12/19 00:00:00.0,148510,149890,144400,144470,18364,14928
2016/12/20 00:00:00.0,144820,145310,142720,144300,15612,14720
2016/12/21 00:00:00.0,144850,145640,144040,144770,8034,14880
2016/12/22 00:00:00.0,145120,145400,143450,143450,11256,15212
2016/12/23 00:00:00.0,143360,145910,142720,144230,14062,15210
2016/12/26 00:00:00.0,145000,145430,137890,140900,29218,16508
2016/12/27 00:00:00.0,141500,145110,140380,144960,13972,15670
2016/12/28 00:00:00.0,144600,147040,144360,146730,17582,14464
2016/12/29 00:00:00.0,146170,148590,145060,147440,19180,15290
2016/12/30 00:00:00.0,147270,148260,145600,146540,15212,14094
2017/01/03 00:00:00.0,147060,150150,145500,149590,15920,16778
2017/01/04 00:00:00.0,149580,151160,148310,150250,26468,17738
2017/01/05 00:00:00.0,150180,154450,149300,153990,26234,20404
2017/01/06 00:00:00.0,152650,154640,151600,152480,28430,21968
2017/01/09 00:00:00.0,152850,153400,151950,152940,19158,22558
2017/01/10 00:00:00.0,152870,155170,152030,154360,27010,24222
2017/01/11 00:00:00.0,155120,155120,152520,153070,20940,23040
2017/01/12 00:00:00.0,152740,152900,147370,149210,34416,20666
2017/01/13 00:00:00.0,148850,150210,148310,148890,18372,19420
2017/01/16 00:00:00.0,148870,151360,148870,150210,16682,18862
2017/01/17 00:00:00.0,150050,150950,145560,146860,19028,13518
2017/01/18 00:00:00.0,146830,149060,146610,147730,14038,13186
2017/01/19 00:00:00.0,147120,148790,147120,148210,12134,12534
2017/01/20 00:00:00.0,148510,149050,144040,144100,18060,13718
2017/01/23 00:00:00.0,144010,146210,143330,144850,17344,13420
2017/01/24 00:00:00.0,144020,146820,143890,145580,11726,12692
2017/01/25 00:00:00.0,146880,148730,145460,148230,10602,11648
2017/01/26 00:00:00.0,148010,149970,145940,149010,8574,11098
2017/02/03 00:00:00.0,146050,148950,146050,146140,5826,11356
2017/02/06 00:00:00.0,146190,147100,145200,145550,10668,12186
2017/02/07 00:00:00.0,144660,145910,143570,144630,18248,13880
2017/02/08 00:00:00.0,142890,144730,142500,144000,23866,15402
2017/02/09 00:00:00.0,143600,146780,143600,145760,24610,14238
2017/02/10 00:00:00.0,146030,146490,145290,146080,18012,13582
2017/02/13 00:00:00.0,146080,150600,146080,150370,24972,12772
2017/02/14 00:00:00.0,150370,150830,149240,150780,20304,13216
2017/02/15 00:00:00.0,151010,151670,147360,148560,22214,12228
2017/02/16 00:00:00.0,149140,150370,148090,148580,19700,12462
2017/02/17 00:00:00.0,148520,149050,146220,146770,15622,12296
2017/02/20 00:00:00.0,146770,148620,145750,148020,17034,12340
2017/02/21 00:00:00.0,148420,149660,147950,148950,15988,12614
2017/02/22 00:00:00.0,149550,149550,147710,148200,11720,12244
2017/02/23 00:00:00.0,148050,148490,145100,145290,16524,13492
2017/02/24 00:00:00.0,146070,146070,144120,145620,17112,13372
2017/02/27 00:00:00.0,145950,148260,145580,147100,16360,12330
2017/02/28 00:00:00.0,147200,147950,145750,145860,13440,12606
2017/03/01 00:00:00.0,145870,146780,145470,146050,12704,13018
2017/03/02 00:00:00.0,146280,148440,146280,147680,16702,12358
2017/03/03 00:00:00.0,147820,147820,145400,145980,16536,12934
2017/03/06 00:00:00.0,145970,146550,144790,145180,16252,13376
2017/03/07 00:00:00.0,145070,145450,143820,144430,15536,14458
2017/03/08 00:00:00.0,144410,144450,142700,142940,17232,15546
2017/03/09 00:00:00.0,142360,143400,139970,140980,23592,17868
2017/03/10 00:00:00.0,140980,143270,138940,142920,24874,17752
2017/03/13 00:00:00.0,143020,145140,142350,145140,25152,15792
2017/03/14 00:00:00.0,145110,145370,143810,144160,13306,15092
2017/03/15 00:00:00.0,144260,146480,144170,145900,21876,14884
2017/03/16 00:00:00.0,146420,147520,145860,147270,14060,14166
2017/03/17 00:00:00.0,147740,147880,146000,146810,14926,14274
2017/03/20 00:00:00.0,147580,147760,146540,147030,12914,14636
2017/03/21 00:00:00.0,147200,147620,145690,146650,15616,15094
2017/03/22 00:00:00.0,147310,147360,145180,145940,18504,15220
2017/03/23 00:00:00.0,146160,147250,145510,146700,14582,14806
2017/03/24 00:00:00.0,146280,147010,145470,146480,14762,14890
2017/03/27 00:00:00.0,146300,146300,142360,142690,20294,15536
2017/03/28 00:00:00.0,142170,144210,141370,142860,18112,14898
2017/03/29 00:00:00.0,142980,144480,142400,143890,13112,14194
2017/03/30 00:00:00.0,143630,144280,142760,143190,12074,14912
2017/03/31 00:00:00.0,142500,144110,142450,142890,13236,14448
2017/04/05 00:00:00.0,143050,144200,141900,143590,9462,14530
2017/04/06 00:00:00.0,143510,146970,143510,146910,17090,14878
2017/04/07 00:00:00.0,146920,147320,145480,146110,21634,14268
2017/04/10 00:00:00.0,146160,146510,145280,145420,11166,13848
2017/04/11 00:00:00.0,145990,146040,141910,141930,19302,15168
2017/04/12 00:00:00.0,142090,142810,140420,141160,23308,16236
2017/04/13 00:00:00.0,141440,143380,140410,142620,22070,15890
2017/04/14 00:00:00.0,142430,143690,141100,141220,13588,16186
2017/04/17 00:00:00.0,141210,143380,138660,143100,23324,15410
2017/04/18 00:00:00.0,142370,143340,142110,142610,11614,14960
2017/04/19 00:00:00.0,143010,143040,139900,140940,20734,15954
2017/04/20 00:00:00.0,141430,142390,138830,141460,25750,16748
2017/04/21 00:00:00.0,140510,141950,140030,140220,20018,16336
2017/04/24 00:00:00.0,139540,140090,136220,137730,36030,19690
2017/04/25 00:00:00.0,136980,138810,136980,138150,20130,19130
2017/04/26 00:00:00.0,138330,139030,137610,138050,19134,19216
2017/04/27 00:00:00.0,138640,141750,138620,140710,20396,17036
2017/04/28 00:00:00.0,141000,142160,139680,141960,17724,16150
2017/05/02 00:00:00.0,142380,145190,142160,144110,11264,15734
2017/05/03 00:00:00.0,144350,144350,142450,142530,13402,15600
2017/05/04 00:00:00.0,142310,142310,140340,141070,17440,16258
2017/05/05 00:00:00.0,140820,142190,140160,140350,18764,16730
2017/05/08 00:00:00.0,140480,141300,139390,139390,18358,17234
2017/05/09 00:00:00.0,139640,141700,139640,141500,17002,17556
2017/05/10 00:00:00.0,141440,142080,140740,140810,13430,17328
2017/05/11 00:00:00.0,141040,141730,139870,141650,17548,17800
2017/05/12 00:00:00.0,141920,142650,141200,141480,13932,17686
2017/05/15 00:00:00.0,141570,141750,140240,141090,17286,17706
2017/05/16 00:00:00.0,141040,142450,140240,141010,18478,14490
2017/05/17 00:00:00.0,141040,143360,140710,143190,20682,15546
2017/05/18 00:00:00.0,143180,144320,142490,143970,19590,16386
2017/05/19 00:00:00.0,143600,144940,143320,144060,17632,17144
2017/05/22 00:00:00.0,144820,147660,144400,145160,26622,17768
2017/05/23 00:00:00.0,145860,146190,144720,145000,15598,18378
2017/05/24 00:00:00.0,145030,145450,143870,144300,10086,18246
2017/05/25 00:00:00.0,144220,146010,143960,146010,13938,19568
2017/05/26 00:00:00.0,145980,146350,144590,144830,15372,18844
2017/05/31 00:00:00.0,144900,145490,142730,143250,13346,18042
2017/06/01 00:00:00.0,143340,144500,142140,143670,16374,18208
2017/06/02 00:00:00.0,143510,144110,142570,142730,11596,18586
2017/06/05 00:00:00.0,142130,143980,142130,142520,15826,18170
2017/06/06 00:00:00.0,142680,143660,141760,143320,15802,19588
2017/06/07 00:00:00.0,142910,144440,141420,141720,25140,20664
2017/06/08 00:00:00.0,141680,142310,141010,141830,17476,19926
2017/06/09 00:00:00.0,141320,142060,141200,142050,13820,19512
2017/06/12 00:00:00.0,141700,142520,141520,142220,14704,19242
2017/06/13 00:00:00.0,142510,145660,141720,144880,29726,21352
2017/06/14 00:00:00.0,144690,146290,144050,146270,26338,23084
2017/06/15 00:00:00.0,145830,146160,144520,144810,20746,22086
2017/06/16 00:00:00.0,144520,146210,144520,145610,15966,22208
2017/06/19 00:00:00.0,145590,145760,143790,144470,21978,20634
2017/06/20 00:00:00.0,144320,144840,142990,143260,13840,20634
2017/06/21 00:00:00.0,143150,143500,142250,142980,17962,20658
2017/06/22 00:00:00.0,143090,145200,143090,144730,19666,20406
2017/06/23 00:00:00.0,144810,145370,143200,144470,14494,19716
2017/06/26 00:00:00.0,144470,144530,142550,142910,13968,20888
2017/06/27 00:00:00.0,142940,143270,141800,143000,15070,21036
2017/06/28 00:00:00.0,142900,144700,142850,144480,17216,20378
2017/06/29 00:00:00.0,144460,145340,143960,145220,14764,21482
2017/06/30 00:00:00.0,145440,146230,144900,145680,17634,22504
2017/07/03 00:00:00.0,145760,146000,145040,145640,11138,22978
2017/07/04 00:00:00.0,145920,146610,144350,144780,16836,22460
2017/07/05 00:00:00.0,144570,146140,144570,145560,11894,23000
2017/07/06 00:00:00.0,145180,145330,143780,143870,14206,21818
2017/07/07 00:00:00.0,143940,144610,143840,144370,11454,21868
2017/07/10 00:00:00.0,144330,144860,142890,143460,16930,21314
2017/07/11 00:00:00.0,143460,144820,143070,144790,13438,21416
2017/07/12 00:00:00.0,144650,145560,144580,145450,15556,21804
2017/07/13 00:00:00.0,145720,146390,145060,145950,12922,23186
2017/07/14 00:00:00.0,145570,145840,143370,143450,19926,21476
2017/07/17 00:00:00.0,143820,145840,143370,145500,17026,21584
2017/07/18 00:00:00.0,145450,145810,144440,145640,13242,21440
2017/07/19 00:00:00.0,145630,148270,145630,147450,39884,26012
2017/07/20 00:00:00.0,147000,147520,146150,146320,15340,25748
2017/07/21 00:00:00.0,146270,146730,145210,145560,16938,23658
2017/07/24 00:00:00.0,145920,147350,145570,146590,17960,24440
2017/07/25 00:00:00.0,146510,147340,146270,147110,13876,24912
2017/07/26 00:00:00.0,147520,148470,146610,146920,25192,24368
2017/07/27 00:00:00.0,147010,150650,147010,150400,46288,29852
2017/07/28 00:00:00.0,150310,151580,148540,149200,38168,28212
2017/07/31 00:00:00.0,149530,150740,149000,150060,21206,28078
2017/08/01 00:00:00.0,149930,150100,147390,147480,18560,26710
2017/08/02 00:00:00.0,147550,148050,145910,146590,17674,25846
2017/08/03 00:00:00.0,146700,148150,146550,147590,11554,24794
2017/08/04 00:00:00.0,148200,149200,147740,148660,15812,23902
2017/08/07 00:00:00.0,149070,149070,147380,148240,13282,23892
2017/08/08 00:00:00.0,148220,149140,146520,147180,17310,24238
2017/08/09 00:00:00.0,146980,148070,146610,148010,27986,25820
2017/08/10 00:00:00.0,148120,148930,146840,147880,20354,24934
2017/08/11 00:00:00.0,147690,148070,145240,146080,21664,24900
2017/08/14 00:00:00.0,146290,146700,144770,144770,14826,25190
2017/08/15 00:00:00.0,143940,145860,143870,145300,12496,24852
2017/08/16 00:00:00.0,144760,146090,143700,144050,17452,25222
2017/08/17 00:00:00.0,143920,146940,143920,146400,29290,24068
2017/08/18 00:00:00.0,146230,146240,144800,145600,15034,23778
2017/08/21 00:00:00.0,145570,146090,144970,145630,17972,23446
2017/08/22 00:00:00.0,145420,146100,145020,145510,15640,23908
2017/08/23 00:00:00.0,145590,145820,142920,143470,23954,25120
2017/08/24 00:00:00.0,143960,145060,143740,144850,16352,24200
2017/08/25 00:00:00.0,145100,145480,144490,144870,16324,24066
2017/08/28 00:00:00.0,144790,145550,143520,145430,16796,24308
2017/08/29 00:00:00.0,145630,146970,145040,145870,19528,23784
2017/08/30 00:00:00.0,146030,146490,144650,145070,16104,23748
2017/08/31 00:00:00.0,144730,147240,144400,146780,20354,25224
2017/09/01 00:00:00.0,146450,147190,146240,146560,12968,25154
2017/09/04 00:00:00.0,146510,147560,146410,146500,22388,25402
2017/09/05 00:00:00.0,146800,146850,145670,145710,15564,25450
2017/09/06 00:00:00.0,145730,146080,144630,144700,16876,25978
2017/09/07 00:00:00.0,145050,145070,144070,144180,14782,26410
2017/09/08 00:00:00.0,144370,144970,142990,143970,18584,26642
2017/09/11 00:00:00.0,144100,144440,142470,143990,17974,26408
2017/09/12 00:00:00.0,143660,144570,143660,144230,13618,26566
2017/09/13 00:00:00.0,144070,144640,143900,144440,10770,25890
2017/09/14 00:00:00.0,144120,145170,143260,143760,17452,25502
2017/09/15 00:00:00.0,144300,144590,142090,142280,17008,27036
2017/09/18 00:00:00.0,143300,144860,142470,144300,13864,19634
2017/09/19 00:00:00.0,144040,145890,143950,145270,14190,19614
2017/09/20 00:00:00.0,145970,146590,145110,146220,13808,19456
2017/09/21 00:00:00.0,146070,146590,144310,144780,17412,18756
2017/09/22 00:00:00.0,144780,145180,143220,144210,18970,18254
2017/09/25 00:00:00.0,144820,146150,143800,145360,19666,18926
2017/09/26 00:00:00.0,145490,147190,145340,147190,16416,19472
2017/09/27 00:00:00.0,146510,147440,146300,147260,13194,19442
2017/09/28 00:00:00.0,147130,147330,145830,146320,12674,18162
2017/09/29 00:00:00.0,146390,147130,146240,146840,9750,17990
2017/10/09 00:00:00.0,146390,148390,145550,148290,11292,19552
2017/10/10 00:00:00.0,148030,148570,146520,146760,15326,19382
2017/10/11 00:00:00.0,147060,147370,145630,145780,15524,19612
2017/10/12 00:00:00.0,145820,146580,145060,146330,17042,19214
2017/10/13 00:00:00.0,146230,147200,146040,146920,10820,18806
2017/10/16 00:00:00.0,146780,148000,146570,147880,18762,19786
2017/10/17 00:00:00.0,147800,147970,146750,147100,12810,19336
2017/10/18 00:00:00.0,146920,146920,145230,145490,15996,20022
2017/10/19 00:00:00.0,144870,145410,144410,144760,12642,20190
2017/10/20 00:00:00.0,144150,145110,144090,144610,14394,21064
2017/10/23 00:00:00.0,144370,144970,143720,144760,16598,21366
2017/10/24 00:00:00.0,144460,145650,144340,145030,11554,20892
2017/10/25 00:00:00.0,145140,145260,144710,145020,7946,20558
2017/10/26 00:00:00.0,145240,145900,144820,145220,9000,20554
2017/10/27 00:00:00.0,145420,145420,143720,143730,12422,21018
2017/10/30 00:00:00.0,143640,144980,143150,143720,8522,20760
2017/10/31 00:00:00.0,143830,144160,142790,143710,11892,21602
2017/11/01 00:00:00.0,142950,145520,141010,144440,34818,22244
2017/11/02 00:00:00.0,144920,144920,143590,144180,14574,21464
2017/11/03 00:00:00.0,143370,144400,143370,143930,7784,21242
2017/11/06 00:00:00.0,143940,144520,143530,144240,10040,20682
2017/11/07 00:00:00.0,144230,144390,142620,142750,16012,22698
2017/11/08 00:00:00.0,142910,143070,141460,141780,13464,23770
2017/11/09 00:00:00.0,141650,142720,141290,142110,12498,23458
2017/11/10 00:00:00.0,142070,144210,141870,143930,18078,21938
2017/11/13 00:00:00.0,143900,144470,143170,143850,10914,21152
2017/11/14 00:00:00.0,143170,144830,142900,144050,12392,20902
2017/11/15 00:00:00.0,144040,144110,141970,143070,16692,21144
2017/11/16 00:00:00.0,143270,143840,142870,143170,10400,20904
2017/11/17 00:00:00.0,143800,143910,142350,142540,10578,21058
2017/11/20 00:00:00.0,142470,143500,142390,142710,8682,20654
2017/11/21 00:00:00.0,142920,143470,142280,143020,11320,20818
2017/11/22 00:00:00.0,143000,143560,142480,142820,9350,21116
2017/11/23 00:00:00.0,142790,143020,141240,141780,15970,23064
2017/11/24 00:00:00.0,141860,143440,141710,143390,14574,22386
2017/11/27 00:00:00.0,143830,144080,143050,143240,13868,21428
2017/11/28 00:00:00.0,143250,143850,142800,143100,13146,21362
2017/11/29 00:00:00.0,143070,143200,142440,142610,10426,21722
2017/11/30 00:00:00.0,142610,143170,141650,141820,14866,22216
2017/12/01 00:00:00.0,142230,142290,140450,140900,17646,23336
2017/12/04 00:00:00.0,141190,142200,140480,141940,12536,22252
2017/12/05 00:00:00.0,141730,142040,140610,140660,9736,22524
2017/12/06 00:00:00.0,140520,141290,139600,141070,14134,22294
2017/12/07 00:00:00.0,141300,141300,139730,140120,9708,22174
2017/12/08 00:00:00.0,140270,140610,139470,139640,11972,23178
2017/12/11 00:00:00.0,139660,139890,138120,138140,16068,24574
2017/12/12 00:00:00.0,138290,138990,136470,137900,31082,25486
2017/12/13 00:00:00.0,137500,138130,134330,134800,28912,29508
2017/12/14 00:00:00.0,134150,136440,133150,135380,39050,28452
2017/12/15 00:00:00.0,135620,136140,134920,135330,16674,28262
2017/12/18 00:00:00.0,136030,138950,136000,138530,27836,26848
2017/12/19 00:00:00.0,138130,139420,138130,138370,17264,25936
2017/12/20 00:00:00.0,138440,139640,138180,139270,16134,25488
2017/12/21 00:00:00.0,139310,140420,139060,139370,14712,25314
2017/12/22 00:00:00.0,139370,139650,138640,139160,11814,25344
2017/12/25 00:00:00.0,138600,140180,138600,139960,15850,25024
2017/12/26 00:00:00.0,140120,142440,139440,142400,20484,24268
2017/12/27 00:00:00.0,142080,142620,141500,142050,11718,23286
2017/12/28 00:00:00.0,142190,143760,141810,143760,13968,22982
2017/12/29 00:00:00.0,143490,144530,143090,144340,17452,22050
2018/01/02 00:00:00.0,144500,146120,144080,145390,9556,21858
2018/01/03 00:00:00.0,145620,145800,144140,144630,10614,21622
2018/01/04 00:00:00.0,144980,145190,143740,144950,10124,21684
2018/01/05 00:00:00.0,144930,145360,144050,145200,9272,22100
2018/01/08 00:00:00.0,144940,145150,143970,144260,8910,21934
2018/01/09 00:00:00.0,144290,144490,143430,144350,11452,21750
2018/01/10 00:00:00.0,144380,145270,144260,145060,12482,21566
2018/01/11 00:00:00.0,145190,145910,144860,144900,9746,21732
2018/01/12 00:00:00.0,145080,145560,144610,145140,12938,21864
2018/01/15 00:00:00.0,145280,145380,144510,144650,12786,21452
2018/01/16 00:00:00.0,145100,145800,144770,144990,11640,17942
2018/01/17 00:00:00.0,145030,145590,144540,144760,12600,17784
2018/01/18 00:00:00.0,144820,145160,143660,143790,14254,18566
2018/01/19 00:00:00.0,144010,146120,143660,146080,21424,19356
2018/01/22 00:00:00.0,145990,146920,145390,146720,16012,20716
2018/01/23 00:00:00.0,146590,147090,145990,146920,11924,20562
2018/01/24 00:00:00.0,146770,146930,146250,146640,7302,20586
2018/01/25 00:00:00.0,146980,148070,146850,146940,15732,21452
2018/01/26 00:00:00.0,147060,147890,146650,147130,12526,21852
2018/01/29 00:00:00.0,148070,151500,148070,150980,43530,27388
2018/01/30 00:00:00.0,151290,151410,149430,150070,26888,27596
2018/01/31 00:00:00.0,150590,150840,148670,150200,22074,27720
2018/02/01 00:00:00.0,150040,150220,148960,149320,11854,26518
2018/02/02 00:00:00.0,149350,149890,148330,148750,12442,26084
2018/02/05 00:00:00.0,149010,150380,147500,150150,20964,27460
2018/02/06 00:00:00.0,150110,150790,149340,150050,17018,27810
2018/02/07 00:00:00.0,150240,151970,149530,151300,28484,31320
2018/02/08 00:00:00.0,151350,151960,149250,149400,27812,28418
2018/02/09 00:00:00.0,149490,149620,147100,147290,24662,26410
2018/02/12 00:00:00.0,147160,147450,146140,146460,17736,25160
2018/02/13 00:00:00.0,146840,147710,146440,146930,10704,24116
2018/02/14 00:00:00.0,147250,149440,147090,149000,15756,24158
2018/02/22 00:00:00.0,149090,149520,147230,147300,6900,24372
2018/02/23 00:00:00.0,147420,148460,146830,147470,14166,24578
2018/02/26 00:00:00.0,147640,148280,147030,147630,13264,24170
2018/02/27 00:00:00.0,147640,148620,147170,148390,16314,24594
2018/02/28 00:00:00.0,147990,148970,147800,148240,12684,25166
2018/03/01 00:00:00.0,148290,148640,147400,147520,12600,24904
2018/03/02 00:00:00.0,147360,147510,146730,147470,6752,25068
2018/03/05 00:00:00.0,147290,148450,147280,147790,11048,24788
2018/03/06 00:00:00.0,147780,147980,146700,146780,15856,25484
2018/03/07 00:00:00.0,147120,147340,146340,146760,13830,25514
2018/03/08 00:00:00.0,146890,146940,145800,145800,12130,25968
2018/03/09 00:00:00.0,146000,147470,145650,146660,21538,26238
2018/03/12 00:00:00.0,146570,147840,146260,147160,14246,25280
2018/03/13 00:00:00.0,147130,147190,146320,146370,12036,25160
2018/03/14 00:00:00.0,146700,146860,145380,145430,20040,26522
2018/03/15 00:00:00.0,145670,145760,144780,145140,23666,26588
2018/03/16 00:00:00.0,144430,145080,143810,144980,19788,25756
2018/03/19 00:00:00.0,145020,145370,144390,145100,14012,25812
2018/03/20 00:00:00.0,144660,144780,144000,144040,14718,26166
2018/03/21 00:00:00.0,144210,144800,143590,143610,15874,26678
2018/03/22 00:00:00.0,143560,145320,143560,145140,14646,25868
2018/03/23 00:00:00.0,145240,145520,138430,141850,30180,26714
2018/03/26 00:00:00.0,141710,143020,141710,142650,19216,26552
2018/03/27 00:00:00.0,142560,143580,142080,142320,14596,26260
2018/03/28 00:00:00.0,142460,142620,140630,141100,16472,27226
2018/03/29 00:00:00.0,141450,142280,140800,142280,15494,27484
2018/03/30 00:00:00.0,142360,145160,142350,145160,19818,27266
2018/04/02 00:00:00.0,144840,146770,144630,146630,22218,26342
2018/04/03 00:00:00.0,146220,146830,145670,146020,15936,25822
2018/04/04 00:00:00.0,146200,146340,145680,145930,14662,25762
2018/04/09 00:00:00.0,145880,146130,144700,145450,13870,25868
2018/04/10 00:00:00.0,145310,146120,145280,145950,5138,25886
2018/04/11 00:00:00.0,145610,145700,144510,144970,15174,26006
2018/04/12 00:00:00.0,144950,145010,143610,143970,19560,28154
2018/04/13 00:00:00.0,143920,144590,143470,144130,17968,28048
2018/04/16 00:00:00.0,144100,145240,143640,145160,17822,28224
2018/04/17 00:00:00.0,145320,146330,144850,146290,20470,29180
2018/04/18 00:00:00.0,146190,147230,145850,147130,19482,29708
2018/04/19 00:00:00.0,147490,148920,146450,147250,22680,29472
2018/04/20 00:00:00.0,147030,147760,146580,147620,16244,29680
2018/04/23 00:00:00.0,147600,147960,146970,147340,16358,29458
2018/04/24 00:00:00.0,146680,146750,145420,145570,21786,28608
2018/04/25 00:00:00.0,145660,146160,145270,145410,12658,28622
2018/04/26 00:00:00.0,145590,146680,145590,146090,16912,29928
2018/04/27 00:00:00.0,146040,147520,146010,147010,17402,29694
2018/05/02 00:00:00.0,146740,147020,146070,146720,8084,29476
2018/05/03 00:00:00.0,146950,146950,146260,146670,9414,30012
2018/05/04 00:00:00.0,146800,147960,146800,147300,19740,31986
2018/05/07 00:00:00.0,147250,147310,146690,146880,12378,31842
2018/05/08 00:00:00.0,146950,147030,145510,145660,19220,32172
2018/05/09 00:00:00.0,145730,145970,144870,144930,14576,32358
2018/05/10 00:00:00.0,144950,145940,144760,145930,16048,32648
2018/05/11 00:00:00.0,144970,145170,144580,145080,14986,34214
2018/05/14 00:00:00.0,145070,145660,144940,145610,12140,34782
2018/05/15 00:00:00.0,145450,145970,145010,145920,11876,34818
2018/05/16 00:00:00.0,145900,146500,145540,145730,10608,26736
2018/05/17 00:00:00.0,145600,146270,145180,145960,12128,26994
2018/05/18 00:00:00.0,145380,145620,144530,145000,17768,28750
2018/05/21 00:00:00.0,144990,146270,144430,146250,16336,27928
2018/05/22 00:00:00.0,146020,146480,145690,145830,11998,28294
2018/05/23 00:00:00.0,145870,147320,145540,147290,17822,29432
2018/05/24 00:00:00.0,147120,148270,146760,148250,25886,31218
2018/05/25 00:00:00.0,147740,148190,146440,146580,18974,28928
2018/05/28 00:00:00.0,146520,150860,146420,150530,39548,36474
2018/05/29 00:00:00.0,150480,155160,150040,154690,88864,46836
2018/05/30 00:00:00.0,154210,157570,153040,153330,124312,49314
2018/05/31 00:00:00.0,153480,156530,153210,155020,83064,54592
2018/06/01 00:00:00.0,155040,156520,153580,154850,70786,54038
2018/06/04 00:00:00.0,155040,155410,151520,151830,71532,51136
2018/06/05 00:00:00.0,151750,153790,150760,151760,60094,48666
2018/06/06 00:00:00.0,151950,153840,151810,152690,47452,48326
2018/06/07 00:00:00.0,152890,155070,152380,153510,69496,47664
2018/06/08 00:00:00.0,153870,154480,151630,152130,37702,45796
2018/06/11 00:00:00.0,152310,153510,151710,152220,26310,45690
2018/06/12 00:00:00.0,152480,153290,151440,151940,28956,45658
2018/06/13 00:00:00.0,152260,152830,147330,147590,61686,40368
2018/06/14 00:00:00.0,148030,148560,147310,147530,38786,38892
2018/06/15 00:00:00.0,147850,148520,146750,147460,31784,37208
2018/06/19 00:00:00.0,147220,147220,144920,144960,22546,35314
2018/06/20 00:00:00.0,145150,146330,144730,146130,17028,34814
2018/06/21 00:00:00.0,146090,147400,145690,145850,19824,34720
2018/06/22 00:00:00.0,145760,146330,145160,146210,18544,34528
2018/06/25 00:00:00.0,146200,146660,145140,145340,24030,33626
2018/06/26 00:00:00.0,145550,145760,144200,145570,21416,32966
2018/06/27 00:00:00.0,145670,145840,145010,145100,15886,33204
2018/06/28 00:00:00.0,144830,145600,144290,144300,27594,34538
2018/06/29 00:00:00.0,144260,144800,143790,144360,19498,35018
2018/07/02 00:00:00.0,144310,146140,144260,145230,28308,34082
2018/07/03 00:00:00.0,145360,145990,145080,145780,15630,33730
2018/07/04 00:00:00.0,145860,146440,144680,144820,19762,34144
2018/07/05 00:00:00.0,145160,145160,142680,142790,29140,36584
2018/07/06 00:00:00.0,143120,144110,141930,143580,31746,36178
2018/07/09 00:00:00.0,143380,144650,142980,144170,17686,36040
2018/07/10 00:00:00.0,143880,144530,143630,144360,13522,36614
2018/07/11 00:00:00.0,144330,144930,141540,142870,27166,37010
2018/07/12 00:00:00.0,142810,144700,142790,144410,19198,36626
2018/07/13 00:00:00.0,144340,146070,143920,145440,21054,36342
2018/07/16 00:00:00.0,145300,146120,144830,145330,17692,35960
2018/07/17 00:00:00.0,145000,145330,143930,144420,18704,36080
2018/07/18 00:00:00.0,144380,145120,144020,145070,15348,35784
2018/07/19 00:00:00.0,144880,145890,144740,144920,15478,35556
2018/07/20 00:00:00.0,144640,146880,144490,145830,24072,35170
2018/07/23 00:00:00.0,145830,146420,145090,145350,19468,36022
2018/07/24 00:00:00.0,145490,145680,144520,144940,17348,37024
2018/07/25 00:00:00.0,145320,146320,145260,146120,21482,36526
2018/07/26 00:00:00.0,146310,146510,145740,146150,17216,36412
2018/07/27 00:00:00.0,146110,147380,145780,147340,25582,37182
2018/07/30 00:00:00.0,146940,149180,146870,148460,28196,37724
2018/07/31 00:00:00.0,148500,149490,148310,148800,17472,38124
2018/08/01 00:00:00.0,149200,149200,147500,147960,15856,37380
2018/08/02 00:00:00.0,147570,148540,147570,147920,17510,36638
2018/08/03 00:00:00.0,147760,148220,146110,146300,20174,35976
2018/08/06 00:00:00.0,147150,147390,146460,146980,13620,35722
2018/08/07 00:00:00.0,146980,148370,146880,147890,15604,35890
2018/08/08 00:00:00.0,147730,148190,147050,148130,14376,35678
2018/08/09 00:00:00.0,148170,148380,147360,147450,5684,35732
2018/08/10 00:00:00.0,148280,148510,146270,146370,23456,38208
2018/08/13 00:00:00.0,146380,147120,146180,146850,11472,38118
2018/08/14 00:00:00.0,146690,146870,144950,146320,24020,38516
2018/08/15 00:00:00.0,145770,145890,144620,144620,20406,39398
2018/08/16 00:00:00.0,144540,144960,142310,144180,30452,39908
2018/08/17 00:00:00.0,144180,145080,143800,143800,20478,39660
2018/08/20 00:00:00.0,143860,145190,143860,144380,17054,39384
2018/08/21 00:00:00.0,144510,144730,142000,144280,32462,40350
2018/08/22 00:00:00.0,144280,145730,144120,144860,26118,39352
2018/08/23 00:00:00.0,145370,145870,144270,144460,18952,39902
2018/08/24 00:00:00.0,144790,145450,143990,145350,19056,40232
2018/08/27 00:00:00.0,145220,146010,144720,145480,20258,39854
2018/08/28 00:00:00.0,145440,146170,145120,146160,16412,39690
2018/08/29 00:00:00.0,145950,146390,144910,145560,15730,39564
2018/08/30 00:00:00.0,145360,146100,144770,145230,14368,39144
2018/08/31 00:00:00.0,145290,146940,145090,145930,22052,39332
2018/09/03 00:00:00.0,146340,146340,144930,145020,16714,39248
2018/09/04 00:00:00.0,145210,145220,143220,143350,25248,40518
2018/09/05 00:00:00.0,143650,145100,143020,145040,22120,40026
2018/09/06 00:00:00.0,144580,144880,143140,144130,21232,39596
2018/09/07 00:00:00.0,144080,144480,142880,143180,20786,40308
2018/09/10 00:00:00.0,143500,144790,143340,144670,18164,38784
2018/09/11 00:00:00.0,144830,145210,144340,145030,15620,38516
2018/09/12 00:00:00.0,144710,144890,143580,143880,18948,39584
2018/09/13 00:00:00.0,143710,144410,143560,144120,18862,40096
2018/09/14 00:00:00.0,144400,144450,143290,143680,25062,42180
2018/09/17 00:00:00.0,143690,145640,143450,144040,19876,40668
2018/09/18 00:00:00.0,144230,144760,143980,144520,13932,33312
2018/09/19 00:00:00.0,144530,144860,142330,144690,36010,33902
2018/09/20 00:00:00.0,144520,146280,144270,146080,22746,33688
2018/09/21 00:00:00.0,146140,147520,145650,147420,20550,32856
2018/09/25 00:00:00.0,147020,147280,146220,146890,8380,32006
2018/09/26 00:00:00.0,146750,146970,145720,145810,12560,32040
2018/09/27 00:00:00.0,145540,148430,145540,147970,24316,31938
2018/09/28 00:00:00.0,147790,148850,146890,147990,18458,30576
2018/10/08 00:00:00.0,147210,148000,146910,147230,8258,30126
2018/10/09 00:00:00.0,147630,147710,146630,147230,14102,30592
2018/10/10 00:00:00.0,147050,147460,146420,147110,16766,31174
2018/10/11 00:00:00.0,147680,147930,146730,147070,17362,31308
2018/10/12 00:00:00.0,147410,149050,147080,147770,23760,32424
2018/10/15 00:00:00.0,147690,148050,146650,146960,15012,32646
2018/10/16 00:00:00.0,146940,148030,146470,147790,17832,33850
2018/10/17 00:00:00.0,147790,148660,147530,148660,17612,34710
2018/10/18 00:00:00.0,148880,148920,147480,147620,15622,34600
2018/10/19 00:00:00.0,147870,147870,146340,146940,23552,34306
2018/10/22 00:00:00.0,147070,148090,146650,147470,14522,34758
2018/10/23 00:00:00.0,147550,148660,147300,147830,27218,34658
2018/10/24 00:00:00.0,148340,148520,147690,147960,18936,35084
2018/10/25 00:00:00.0,147970,148350,147520,147870,22046,34504
2018/10/26 00:00:00.0,148040,148240,147110,147640,21162,34786
2018/10/29 00:00:00.0,147800,147800,146740,146870,17526,34788
2018/10/30 00:00:00.0,147090,147340,146290,146850,16416,35154
2018/10/31 00:00:00.0,146460,146820,145480,145910,17824,36226
2018/11/01 00:00:00.0,145790,146380,145570,146050,16324,37440
2018/11/02 00:00:00.0,145880,146860,145760,146850,16564,37646
2018/11/05 00:00:00.0,146530,146930,145260,145500,19164,39124
2018/11/06 00:00:00.0,145570,146220,144980,146180,16298,39616
2018/11/07 00:00:00.0,146060,146870,145830,146750,20066,40432
2018/11/08 00:00:00.0,146920,148090,146540,147950,27806,40198
2018/11/09 00:00:00.0,148210,149950,148060,149920,38538,43814
2018/11/12 00:00:00.0,149640,151920,148960,151880,52324,48604
2018/11/13 00:00:00.0,152120,152870,151290,151770,44312,49666
2018/11/14 00:00:00.0,151740,152630,150770,152310,41494,50364
2018/11/15 00:00:00.0,152350,154380,151880,154020,63764,54370
2018/11/16 00:00:00.0,153890,154880,152950,153460,45980,52542
2018/11/19 00:00:00.0,153460,154860,152590,154040,42108,52626
2018/11/20 00:00:00.0,154190,154580,152570,152800,44944,52140
2018/11/21 00:00:00.0,152860,152960,149040,150960,55696,47840
2018/11/22 00:00:00.0,151210,151330,149130,149430,35878,45444
2018/11/23 00:00:00.0,149550,149660,146170,146790,61758,41672
2018/11/26 00:00:00.0,146240,148520,144220,145510,57012,43080
2018/11/27 00:00:00.0,145840,147590,144740,145250,49184,44784
2018/11/28 00:00:00.0,144830,145200,143630,144630,46414,46736
2018/11/29 00:00:00.0,144600,145130,144100,144310,26922,48036
2018/11/30 00:00:00.0,144890,145090,144140,144270,27522,48138
2018/12/03 00:00:00.0,144300,146900,143160,145470,41928,45736
2018/12/04 00:00:00.0,145600,146160,145090,146030,19532,45030
2018/12/05 00:00:00.0,146280,146880,145490,146340,26838,44032
2018/12/06 00:00:00.0,146490,146720,144980,145320,22462,43814
2018/12/07 00:00:00.0,145240,146380,144840,146080,22174,43260
2018/12/10 00:00:00.0,145980,146000,144890,145620,17750,43886
2018/12/11 00:00:00.0,145810,145810,144680,145480,19868,43532
2018/12/12 00:00:00.0,145470,146250,145220,145450,25712,43546
2018/12/13 00:00:00.0,145680,146250,145410,146170,17782,42646
2018/12/14 00:00:00.0,146130,146580,145640,145970,17018,42386
2018/12/17 00:00:00.0,145980,146480,145520,146380,18778,42942
2018/12/18 00:00:00.0,146140,146720,145740,145810,16344,42634
2018/12/19 00:00:00.0,145900,146300,145060,146250,21982,42024
2018/12/20 00:00:00.0,146180,146470,145510,145510,19264,42178
2018/12/21 00:00:00.0,145730,146610,145690,146480,18698,41814
2018/12/24 00:00:00.0,146390,146930,145960,146080,20282,41314
2018/12/25 00:00:00.0,146500,146500,145040,145100,21148,41262
2018/12/26 00:00:00.0,145140,145230,143950,144100,23042,43206
2018/12/27 00:00:00.0,144340,145480,144100,144220,16924,42838
2018/12/28 00:00:00.0,144230,144660,142040,143170,26764,45398
2019/01/02 00:00:00.0,143290,143800,142350,143630,14394,44608
2019/01/03 00:00:00.0,142850,143960,142850,143940,18866,44356
2019/01/04 00:00:00.0,143860,144610,143320,144060,23858,44542
2019/01/07 00:00:00.0,144140,144980,143980,144810,19482,44326
2019/01/08 00:00:00.0,144610,145570,144610,145030,15228,43480
2019/01/09 00:00:00.0,145390,146710,144950,146670,22180,42860
2019/01/10 00:00:00.0,146600,146680,146020,146140,13334,41986
2019/01/11 00:00:00.0,146240,147520,145880,147110,24854,42340
2019/01/14 00:00:00.0,147030,148560,146840,147450,25824,42838
2019/01/15 00:00:00.0,147440,148760,147180,148740,22990,44474
2019/01/16 00:00:00.0,148900,149190,148190,148810,22792,39052
2019/01/17 00:00:00.0,148850,148860,147660,148020,16846,38160
2019/01/18 00:00:00.0,148170,148680,147660,148030,20554,36780
2019/01/21 00:00:00.0,148220,148760,147110,148000,23430,35906
2019/01/22 00:00:00.0,148040,149760,147760,147960,32928,36064
2019/01/23 00:00:00.0,148080,148450,147150,147380,16460,35626
2019/01/24 00:00:00.0,147700,148760,147700,148280,19472,36222
2019/01/25 00:00:00.0,148630,149200,148290,148990,21300,36870
2019/01/28 00:00:00.0,148290,148290,147370,147730,20480,35380
2019/01/29 00:00:00.0,147710,148480,147450,147690,17598,35608
2019/01/30 00:00:00.0,147680,148890,147680,148710,19304,35192
2019/01/31 00:00:00.0,148650,148680,147600,148330,15964,34044
2019/02/01 00:00:00.0,148690,149170,147810,149030,12198,32976
2019/02/11 00:00:00.0,149120,150610,149120,150590,15390,34442
2019/02/12 00:00:00.0,150470,150470,149380,149960,12852,34510
2019/02/13 00:00:00.0,149700,150050,147900,148030,19300,33614
2019/02/14 00:00:00.0,148490,149270,148350,148710,14382,33482
2019/02/15 00:00:00.0,148750,148960,148120,148390,12684,33200
2019/02/18 00:00:00.0,148490,149650,148150,149180,17346,34076
2019/02/19 00:00:00.0,149040,150870,148840,150820,19484,37028
2019/02/20 00:00:00.0,150770,151430,150140,150550,20546,37884
2019/02/21 00:00:00.0,150590,151090,150380,150620,15384,37676
2019/02/22 00:00:00.0,150580,151180,149320,149690,20400,36628
2019/02/25 00:00:00.0,150000,153550,149920,152730,40642,39362
2019/02/26 00:00:00.0,152630,152760,151580,151640,26522,38848
2019/02/27 00:00:00.0,151700,151870,150140,150460,20064,38198
2019/02/28 00:00:00.0,150540,150850,150230,150700,14878,37906
2019/03/01 00:00:00.0,151160,151530,150350,151180,14246,37778
2019/03/04 00:00:00.0,151110,151470,150240,150430,17642,38194
2019/03/05 00:00:00.0,150310,150310,148980,149740,25038,36840
2019/03/06 00:00:00.0,149750,149970,148600,148740,19550,36490
2019/03/07 00:00:00.0,148590,148930,148440,148760,15680,36756
2019/03/08 00:00:00.0,148720,149120,147420,147460,23602,37146
2019/03/11 00:00:00.0,147560,147960,147040,147220,18776,39528
2019/03/12 00:00:00.0,146930,147490,146760,147360,16750,39458
2019/03/13 00:00:00.0,147580,148340,147370,147430,15680,39976
2019/03/14 00:00:00.0,147600,148000,147290,147920,13794,40354
2019/03/15 00:00:00.0,148030,148030,147050,147820,20664,41384
2019/03/18 00:00:00.0,147810,147880,146940,146940,20724,42966
2019/03/19 00:00:00.0,147020,147380,147000,147360,23162,43496
2019/03/20 00:00:00.0,147400,148440,147300,148440,19364,44176
2019/03/21 00:00:00.0,148430,148940,148100,148520,21426,43592
2019/03/22 00:00:00.0,148550,148800,148290,148400,14530,43576
2019/03/25 00:00:00.0,148460,148800,147270,147500,19360,43242
2019/03/26 00:00:00.0,147500,147660,147100,147530,14168,43410
2019/03/27 00:00:00.0,147510,147850,147230,147370,16972,44020
2019/03/28 00:00:00.0,147330,147620,146280,147290,28854,44970
2019/03/29 00:00:00.0,147210,149340,147170,148840,32420,43518
2019/04/01 00:00:00.0,148930,149670,148580,149350,18516,42176
2019/04/02 00:00:00.0,149520,149660,148750,149560,16338,41160
2019/04/03 00:00:00.0,149100,150000,148960,149780,15842,41042
2019/04/04 00:00:00.0,149510,149690,148900,149120,12790,40438
2019/04/08 00:00:00.0,148870,149530,148710,149500,10652,40558
2019/04/09 00:00:00.0,149290,149610,148930,149190,14740,41234
2019/04/10 00:00:00.0,149330,149730,148850,148960,17556,41014
2019/04/11 00:00:00.0,148790,149090,148100,148150,22068,41982
2019/04/12 00:00:00.0,148090,148400,147690,148270,16528,42518
2019/04/15 00:00:00.0,148360,149230,148230,148930,16622,42114
2019/04/16 00:00:00.0,148730,149020,147980,148090,14584,41332
2019/04/17 00:00:00.0,148060,148530,147800,148010,16060,41424
2019/04/18 00:00:00.0,148220,148240,147640,147730,16838,41410
2019/04/19 00:00:00.0,147550,148030,147110,148030,16150,40674
2019/04/22 00:00:00.0,148140,148140,147160,147200,16444,41392
2019/04/23 00:00:00.0,147180,147770,147120,147600,11006,40726
2019/04/24 00:00:00.0,147390,147570,146860,147430,17270,41374
2019/04/25 00:00:00.0,147160,147360,146570,146780,15464,42514
2019/04/26 00:00:00.0,146560,146590,146020,146190,13248,43294
2019/04/29 00:00:00.0,146220,147800,146220,147600,14648,42272
