2012/07/24 00:00:00.0,2580,2599,2580,2595,84,68
2012/07/27 00:00:00.0,2595,2602,2595,2600,8,74
2012/07/30 00:00:00.0,2630,2666,2606,2612,28,94
2012/08/13 00:00:00.0,2600,2600,2595,2595,24,116
2012/08/14 00:00:00.0,2590,2590,2580,2580,24,104
2012/08/20 00:00:00.0,2620,2640,2610,2617,16,112
2012/08/21 00:00:00.0,2620,2620,2616,2616,30,142
2012/08/22 00:00:00.0,2667,2667,2620,2626,98,208
2012/08/23 00:00:00.0,2624,2626,2621,2626,52,248
2012/08/24 00:00:00.0,2620,2620,2620,2620,2,248
2012/08/27 00:00:00.0,2638,2644,2630,2637,40,254
2012/08/28 00:00:00.0,2632,2632,2620,2620,12,266
2012/08/29 00:00:00.0,2615,2615,2610,2610,10,262
2012/08/30 00:00:00.0,2626,2626,2610,2614,32,276
2012/08/31 00:00:00.0,2624,2635,2623,2635,208,446
2012/09/03 00:00:00.0,2630,2636,2630,2636,132,578
2012/09/04 00:00:00.0,2634,2634,2632,2632,54,582
2012/09/05 00:00:00.0,2630,2630,2615,2627,34,588
2012/09/06 00:00:00.0,2607,2614,2605,2614,64,572
2012/09/07 00:00:00.0,2623,2623,2623,2623,2,570
2012/09/10 00:00:00.0,2621,2621,2621,2621,2,568
2012/09/11 00:00:00.0,2640,2640,2628,2630,264,798
2012/09/12 00:00:00.0,2636,2638,2636,2638,42,820
2012/09/13 00:00:00.0,2630,2660,2630,2637,100,908
2012/09/14 00:00:00.0,2660,2663,2659,2659,24,924
2012/09/17 00:00:00.0,2646,2667,2631,2637,282,912
2012/09/18 00:00:00.0,2648,2648,2648,2648,6,912
2012/09/20 00:00:00.0,2656,2660,2654,2656,46,926
2012/09/21 00:00:00.0,2651,2655,2648,2648,40,954
2012/09/24 00:00:00.0,2619,2632,2609,2632,20,958
2012/09/25 00:00:00.0,2628,2644,2624,2640,62,980
2012/09/26 00:00:00.0,2632,2633,2608,2608,248,1064
2012/09/27 00:00:00.0,2595,2595,2559,2559,30,1070
2012/09/28 00:00:00.0,2585,2585,2563,2563,22,1066
2012/10/08 00:00:00.0,2588,2588,2576,2579,36,1092
2012/10/09 00:00:00.0,2591,2613,2591,2613,238,1272
2012/10/10 00:00:00.0,2604,2617,2602,2617,380,1476
2012/10/11 00:00:00.0,2619,2625,2617,2623,126,1558
2012/10/12 00:00:00.0,2617,2626,2616,2623,144,1628
2012/10/15 00:00:00.0,2610,2619,2609,2619,34,1628
2012/10/16 00:00:00.0,2623,2625,2617,2624,22,1634
2012/10/17 00:00:00.0,2629,2629,2624,2624,60,1638
2012/10/18 00:00:00.0,2633,2638,2620,2627,230,1678
2012/10/22 00:00:00.0,2636,2636,2634,2636,166,1830
2012/10/23 00:00:00.0,2631,2641,2627,2628,202,1956
2012/10/24 00:00:00.0,2630,2630,2622,2625,44,1956
2012/10/25 00:00:00.0,2632,2635,2630,2632,84,1966
2012/10/26 00:00:00.0,2633,2633,2631,2633,14,1968
2012/10/31 00:00:00.0,2621,2625,2621,2622,58,1982
2012/11/01 00:00:00.0,2623,2625,2623,2625,86,2048
2012/11/02 00:00:00.0,2619,2619,2614,2615,120,2148
2012/11/05 00:00:00.0,2617,2623,2607,2620,220,2288
2012/11/06 00:00:00.0,2621,2635,2618,2635,500,2694
2012/11/07 00:00:00.0,2633,2634,2625,2628,62,2722
2012/11/08 00:00:00.0,2632,2649,2630,2637,602,3200
2012/11/09 00:00:00.0,2644,2644,2639,2640,52,3210
2012/11/12 00:00:00.0,2631,2631,2618,2621,154,3254
2012/11/13 00:00:00.0,2620,2624,2571,2579,652,3220
2012/11/14 00:00:00.0,2582,2616,2565,2600,592,3562
2012/11/15 00:00:00.0,2596,2609,2596,2599,426,3910
2012/11/16 00:00:00.0,2601,2603,2591,2600,144,3920
2012/11/19 00:00:00.0,2603,2607,2594,2598,76,3944
2012/11/20 00:00:00.0,2603,2606,2601,2606,144,4048
2012/11/21 00:00:00.0,2604,2608,2603,2608,162,4156
2012/11/22 00:00:00.0,2607,2619,2607,2614,396,4472
2012/11/23 00:00:00.0,2616,2620,2614,2619,206,4604
2012/11/26 00:00:00.0,2617,2620,2617,2618,72,4658
2012/11/27 00:00:00.0,2619,2620,2613,2613,288,4486
2012/11/28 00:00:00.0,2615,2617,2611,2611,64,4506
2012/11/29 00:00:00.0,2611,2616,2602,2612,176,4586
2012/11/30 00:00:00.0,2611,2616,2611,2614,138,4626
2012/12/03 00:00:00.0,2614,2627,2614,2626,658,5122
2012/12/04 00:00:00.0,2622,2624,2614,2619,488,5068
2012/12/05 00:00:00.0,2621,2627,2618,2625,428,5382
2012/12/06 00:00:00.0,2625,2634,2625,2634,812,6046
2012/12/07 00:00:00.0,2630,2634,2630,2633,252,6178
2012/12/10 00:00:00.0,2628,2637,2628,2634,310,6302
2012/12/11 00:00:00.0,2636,2636,2628,2634,136,6374
2012/12/12 00:00:00.0,2630,2635,2628,2631,182,6388
2012/12/13 00:00:00.0,2635,2641,2635,2636,214,6410
2012/12/14 00:00:00.0,2638,2649,2637,2646,768,6642
2012/12/17 00:00:00.0,2647,2650,2646,2646,80,6678
2012/12/18 00:00:00.0,2649,2659,2649,2659,740,7230
2012/12/19 00:00:00.0,2658,2664,2652,2658,318,7442
2012/12/20 00:00:00.0,2653,2669,2653,2666,864,8086
2012/12/21 00:00:00.0,2665,2668,2661,2664,382,8336
2012/12/24 00:00:00.0,2668,2676,2665,2665,728,8710
2012/12/25 00:00:00.0,2664,2667,2660,2666,746,8774
2012/12/26 00:00:00.0,2667,2670,2667,2668,394,8868
2012/12/27 00:00:00.0,2665,2680,2660,2679,864,9324
2012/12/28 00:00:00.0,2676,2686,2672,2675,868,9588
2012/12/31 00:00:00.0,2677,2679,2673,2678,880,10024
2013/01/04 00:00:00.0,2668,2684,2668,2681,266,10086
2013/01/07 00:00:00.0,2680,2687,2675,2687,988,10636
2013/01/08 00:00:00.0,2688,2703,2688,2701,1610,11696
2013/01/09 00:00:00.0,2697,2702,2681,2685,1866,13150
2013/01/10 00:00:00.0,2684,2685,2664,2673,4468,15486
2013/01/11 00:00:00.0,2675,2676,2664,2671,1208,15716
2013/01/14 00:00:00.0,2674,2676,2655,2661,2030,15826
2013/01/15 00:00:00.0,2670,2671,2658,2666,2070,16670
2013/01/16 00:00:00.0,2666,2674,2650,2658,3072,16112
2013/01/17 00:00:00.0,2661,2664,2655,2660,1684,15466
2013/01/18 00:00:00.0,2663,2664,2656,2662,406,15482
2013/01/21 00:00:00.0,2659,2659,2649,2649,1380,15512
2013/01/22 00:00:00.0,2651,2651,2638,2647,1644,15514
2013/01/23 00:00:00.0,2646,2651,2634,2636,1426,15848
2013/01/24 00:00:00.0,2636,2642,2610,2617,4144,16384
2013/01/25 00:00:00.0,2625,2626,2611,2613,820,16780
2013/01/28 00:00:00.0,2614,2619,2602,2607,3300,17228
2013/01/29 00:00:00.0,2603,2611,2602,2606,906,17184
2013/01/30 00:00:00.0,2603,2619,2601,2615,1482,16792
2013/01/31 00:00:00.0,2626,2627,2615,2623,1106,17200
2013/02/01 00:00:00.0,2621,2623,2619,2623,1936,18386
2013/02/04 00:00:00.0,2619,2625,2618,2622,1470,18464
2013/02/05 00:00:00.0,2619,2623,2617,2620,1242,18492
2013/02/06 00:00:00.0,2621,2624,2611,2613,1304,18152
2013/02/07 00:00:00.0,2615,2618,2611,2613,844,18120
2013/02/08 00:00:00.0,2612,2613,2605,2613,782,17838
2013/02/18 00:00:00.0,2605,2613,2595,2597,1330,18020
2013/02/19 00:00:00.0,2602,2609,2597,2607,1556,18572
2013/02/20 00:00:00.0,2613,2622,2608,2621,5388,20332
2013/02/21 00:00:00.0,2618,2619,2609,2615,2782,20124
2013/02/22 00:00:00.0,2612,2614,2606,2611,8648,23538
2013/02/25 00:00:00.0,2613,2615,2603,2605,5822,25626
2013/02/26 00:00:00.0,2601,2607,2570,2574,7862,27950
2013/02/27 00:00:00.0,2573,2579,2562,2563,5604,29536
2013/02/28 00:00:00.0,2564,2574,2559,2564,4166,30028
2013/03/01 00:00:00.0,2563,2569,2559,2565,2464,30046
2013/03/04 00:00:00.0,2565,2571,2556,2560,3476,30268
2013/03/05 00:00:00.0,2565,2577,2564,2575,4532,31674
2013/03/06 00:00:00.0,2574,2578,2570,2572,2012,32438
2013/03/07 00:00:00.0,2569,2569,2558,2567,3640,32890
2013/03/08 00:00:00.0,2569,2575,2568,2569,2202,33162
2013/03/11 00:00:00.0,2569,2570,2558,2562,4090,33434
2013/03/12 00:00:00.0,2566,2577,2552,2571,6406,34596
2013/03/13 00:00:00.0,2574,2579,2568,2578,3092,35172
2013/03/14 00:00:00.0,2579,2586,2574,2575,3770,36524
2013/03/15 00:00:00.0,2580,2587,2575,2582,4938,37226
2013/03/18 00:00:00.0,2580,2581,2564,2575,6122,37880
2013/03/19 00:00:00.0,2579,2602,2579,2600,13484,41772
2013/03/20 00:00:00.0,2602,2608,2594,2594,9322,43978
2013/03/21 00:00:00.0,2596,2605,2595,2601,6906,44820
2013/03/22 00:00:00.0,2599,2602,2581,2592,7994,44888
2013/03/25 00:00:00.0,2596,2597,2587,2589,2290,45434
2013/03/26 00:00:00.0,2586,2590,2581,2581,3390,45912
2013/03/27 00:00:00.0,2581,2584,2569,2570,10680,46644
2013/03/28 00:00:00.0,2571,2573,2560,2567,8494,45580
2013/03/29 00:00:00.0,2556,2568,2547,2559,10406,42268
2013/04/01 00:00:00.0,2559,2564,2540,2548,8336,42500
2013/04/02 00:00:00.0,2546,2557,2544,2551,4860,42050
2013/04/03 00:00:00.0,2550,2551,2537,2539,8764,41634
2013/04/08 00:00:00.0,2532,2536,2529,2534,10352,43798
2013/04/09 00:00:00.0,2537,2544,2532,2536,6542,45638
2013/04/10 00:00:00.0,2537,2554,2537,2551,7028,44044
2013/04/11 00:00:00.0,2550,2564,2541,2544,8544,45234
2013/04/12 00:00:00.0,2542,2546,2538,2540,4176,46556
2013/04/15 00:00:00.0,2540,2540,2516,2527,11508,48804
2013/04/16 00:00:00.0,2517,2534,2512,2533,8152,50120
2013/04/17 00:00:00.0,2532,2545,2530,2541,9298,48782
2013/04/18 00:00:00.0,2541,2557,2536,2556,11976,50480
2013/04/19 00:00:00.0,2560,2564,2552,2553,6830,48880
2013/04/22 00:00:00.0,2554,2556,2541,2541,8560,48902
2013/04/23 00:00:00.0,2542,2543,2529,2534,11630,46752
2013/04/24 00:00:00.0,2532,2551,2531,2537,8826,44774
2013/04/25 00:00:00.0,2535,2543,2529,2533,8780,42036
2013/04/26 00:00:00.0,2534,2540,2531,2535,4846,41186
2013/05/02 00:00:00.0,2536,2558,2536,2555,12364,42576
2013/05/03 00:00:00.0,2555,2583,2555,2580,22876,46632
2013/05/06 00:00:00.0,2581,2589,2570,2588,12564,48274
2013/05/07 00:00:00.0,2583,2584,2575,2579,8070,48664
2013/05/08 00:00:00.0,2576,2591,2570,2575,12878,50100
2013/05/09 00:00:00.0,2574,2576,2560,2570,10770,49344
2013/05/10 00:00:00.0,2573,2580,2573,2575,5726,49676
2013/05/13 00:00:00.0,2572,2572,2562,2562,6116,48906
2013/05/14 00:00:00.0,2567,2568,2548,2549,14842,46678
2013/05/15 00:00:00.0,2547,2559,2547,2556,7248,45054
2013/05/16 00:00:00.0,2552,2580,2550,2572,15416,44542
2013/05/17 00:00:00.0,2576,2577,2565,2569,3526,44640
2013/05/20 00:00:00.0,2569,2571,2550,2552,10116,45476
2013/05/21 00:00:00.0,2556,2557,2549,2553,5288,45274
2013/05/22 00:00:00.0,2549,2569,2549,2565,6126,44154
2013/05/23 00:00:00.0,2563,2568,2548,2552,5998,45030
2013/05/24 00:00:00.0,2555,2564,2553,2563,6890,45556
2013/05/27 00:00:00.0,2571,2584,2568,2580,23778,53078
2013/05/28 00:00:00.0,2582,2584,2568,2577,9496,52552
2013/05/29 00:00:00.0,2580,2582,2572,2576,9400,51684
2013/05/30 00:00:00.0,2579,2591,2578,2591,11192,53890
2013/05/31 00:00:00.0,2594,2596,2580,2582,8078,53900
2013/06/03 00:00:00.0,2585,2595,2584,2588,11814,54798
2013/06/04 00:00:00.0,2587,2587,2566,2566,23212,49992
2013/06/05 00:00:00.0,2565,2573,2564,2565,9526,47822
2013/06/06 00:00:00.0,2565,2588,2561,2582,9930,45174
2013/06/07 00:00:00.0,2590,2592,2579,2589,6576,45066
2013/06/13 00:00:00.0,2599,2650,2599,2638,44650,57392
2013/06/14 00:00:00.0,2636,2663,2636,2649,35718,65254
2013/06/17 00:00:00.0,2653,2666,2647,2666,26450,72112
2013/06/18 00:00:00.0,2671,2672,2659,2662,18146,74576
2013/06/19 00:00:00.0,2661,2665,2657,2662,15964,74294
2013/06/20 00:00:00.0,2669,2692,2665,2691,42368,79648
2013/06/21 00:00:00.0,2689,2705,2680,2691,48006,83986
2013/06/24 00:00:00.0,2694,2708,2689,2698,31084,81422
2013/06/25 00:00:00.0,2697,2708,2697,2705,23726,80792
2013/06/26 00:00:00.0,2705,2716,2693,2714,36166,86372
2013/06/27 00:00:00.0,2716,2725,2703,2708,26816,83628
2013/06/28 00:00:00.0,2705,2714,2702,2711,12956,82722
2013/07/01 00:00:00.0,2708,2733,2699,2732,29442,85916
2013/07/02 00:00:00.0,2734,2753,2727,2746,40290,88478
2013/07/03 00:00:00.0,2748,2752,2738,2747,17140,88844
2013/07/04 00:00:00.0,2746,2752,2744,2745,12758,90290
2013/07/05 00:00:00.0,2745,2759,2733,2745,34772,89322
2013/07/08 00:00:00.0,2747,2748,2739,2741,14192,89718
2013/07/09 00:00:00.0,2748,2751,2742,2749,8740,89900
2013/07/10 00:00:00.0,2754,2760,2744,2757,16056,93036
2013/07/11 00:00:00.0,2757,2768,2755,2757,14562,92942
2013/07/12 00:00:00.0,2760,2764,2754,2764,9140,93378
2013/07/15 00:00:00.0,2764,2792,2752,2754,22698,89506
2013/07/16 00:00:00.0,2757,2759,2754,2755,14760,90648
2013/07/17 00:00:00.0,2755,2759,2744,2756,23598,93146
2013/07/18 00:00:00.0,2754,2759,2751,2757,11682,94140
2013/07/19 00:00:00.0,2759,2759,2737,2743,22864,93170
2013/07/22 00:00:00.0,2742,2768,2739,2767,31730,92614
2013/07/23 00:00:00.0,2766,2775,2762,2774,18262,92582
2013/07/24 00:00:00.0,2767,2767,2754,2756,19698,88722
2013/07/25 00:00:00.0,2755,2765,2754,2757,8450,89212
2013/07/26 00:00:00.0,2752,2753,2742,2745,17230,89032
2013/07/29 00:00:00.0,2746,2746,2719,2721,26602,94252
2013/07/30 00:00:00.0,2718,2726,2709,2716,24858,96130
2013/07/31 00:00:00.0,2713,2730,2713,2729,16694,95352
2013/08/01 00:00:00.0,2725,2729,2713,2724,17876,93684
2013/08/02 00:00:00.0,2723,2733,2719,2729,16076,92960
2013/08/05 00:00:00.0,2726,2734,2723,2727,12890,92096
2013/08/06 00:00:00.0,2719,2728,2700,2712,32170,99140
2013/08/07 00:00:00.0,2714,2720,2709,2715,12796,101024
2013/08/08 00:00:00.0,2713,2742,2708,2730,25296,97004
2013/08/09 00:00:00.0,2730,2736,2726,2733,11898,95352
2013/08/12 00:00:00.0,2745,2745,2729,2736,12048,93486
2013/08/13 00:00:00.0,2737,2737,2714,2723,22780,94784
2013/08/14 00:00:00.0,2719,2726,2694,2695,31748,97528
2013/08/15 00:00:00.0,2700,2739,2698,2723,39100,101778
2013/08/16 00:00:00.0,2726,2729,2710,2716,15610,99822
2013/08/19 00:00:00.0,2722,2731,2707,2727,18190,99628
2013/08/20 00:00:00.0,2729,2731,2715,2723,13010,98768
2013/08/21 00:00:00.0,2721,2730,2721,2727,11610,97846
2013/08/22 00:00:00.0,2727,2727,2716,2727,6120,97442
2013/08/23 00:00:00.0,2727,2727,2720,2721,5804,96548
2013/08/26 00:00:00.0,2729,2744,2723,2743,29304,92490
2013/08/27 00:00:00.0,2747,2750,2734,2744,18236,93772
2013/08/28 00:00:00.0,2743,2745,2734,2736,10496,92292
2013/08/29 00:00:00.0,2737,2743,2719,2727,14598,92020
2013/08/30 00:00:00.0,2724,2744,2723,2741,19506,97090
2013/09/02 00:00:00.0,2740,2757,2735,2745,28570,95908
2013/09/03 00:00:00.0,2743,2761,2741,2760,22396,97304
2013/09/04 00:00:00.0,2756,2772,2750,2768,25574,102450
2013/09/05 00:00:00.0,2767,2777,2758,2762,24308,101672
2013/09/06 00:00:00.0,2766,2775,2759,2770,22386,103644
2013/09/09 00:00:00.0,2771,2797,2771,2795,19524,108224
2013/09/10 00:00:00.0,2791,2799,2787,2791,17538,109082
2013/09/11 00:00:00.0,2792,2801,2768,2792,29798,110600
2013/09/12 00:00:00.0,2792,2799,2790,2792,10674,112880
2013/09/13 00:00:00.0,2793,2818,2793,2817,38382,112038
2013/09/16 00:00:00.0,2814,2864,2814,2855,73692,114210
2013/09/17 00:00:00.0,2856,2861,2835,2848,41330,111116
2013/09/18 00:00:00.0,2846,2851,2834,2850,19354,110378
2013/09/23 00:00:00.0,2847,2871,2842,2871,25288,112398
2013/09/24 00:00:00.0,2871,2882,2839,2842,50882,100980
2013/09/25 00:00:00.0,2841,2854,2829,2852,26668,101742
2013/09/26 00:00:00.0,2854,2867,2844,2856,18134,101208
2013/09/27 00:00:00.0,2856,2858,2845,2854,14498,94344
2013/09/30 00:00:00.0,2850,2855,2846,2849,13986,88696
2013/10/08 00:00:00.0,2856,2863,2822,2846,10200,86474
2013/10/09 00:00:00.0,2843,2845,2832,2845,16486,87054
2013/10/10 00:00:00.0,2843,2865,2840,2860,20798,90364
2013/10/11 00:00:00.0,2860,2863,2846,2854,9962,88864
2013/10/14 00:00:00.0,2859,2865,2849,2850,13576,91944
2013/10/15 00:00:00.0,2851,2856,2846,2846,11466,90700
2013/10/16 00:00:00.0,2847,2856,2835,2853,16822,92792
2013/10/17 00:00:00.0,2856,2860,2846,2851,12430,93734
2013/10/18 00:00:00.0,2856,2856,2849,2853,5014,93044
2013/10/21 00:00:00.0,2862,2865,2850,2852,8466,91878
2013/10/22 00:00:00.0,2851,2855,2849,2854,6466,91566
2013/10/23 00:00:00.0,2854,2863,2851,2862,12192,92990
2013/10/24 00:00:00.0,2864,2864,2850,2852,15944,96598
2013/10/25 00:00:00.0,2847,2847,2823,2825,38920,100162
2013/10/28 00:00:00.0,2820,2836,2818,2829,25316,104582
2013/10/29 00:00:00.0,2826,2834,2817,2821,25568,107798
2013/10/30 00:00:00.0,2824,2824,2810,2813,19582,109788
2013/10/31 00:00:00.0,2811,2817,2804,2806,14822,107482
2013/11/01 00:00:00.0,2806,2806,2764,2771,55244,113772
2013/11/04 00:00:00.0,2772,2789,2771,2785,30320,117930
2013/11/05 00:00:00.0,2782,2804,2781,2803,26556,119908
2013/11/06 00:00:00.0,2802,2817,2797,2815,21812,120334
2013/11/07 00:00:00.0,2813,2830,2811,2828,24302,120286
2013/11/08 00:00:00.0,2831,2831,2821,2829,14008,122196
2013/11/11 00:00:00.0,2823,2847,2823,2830,29570,127474
2013/11/12 00:00:00.0,2832,2836,2818,2823,15510,127848
2013/11/13 00:00:00.0,2821,2834,2818,2822,15986,126340
2013/11/14 00:00:00.0,2821,2839,2821,2834,19604,127216
2013/11/15 00:00:00.0,2836,2842,2828,2830,19036,126174
2013/11/18 00:00:00.0,2831,2838,2829,2833,10516,127466
2013/11/19 00:00:00.0,2832,2851,2831,2850,24050,130510
2013/11/20 00:00:00.0,2853,2865,2848,2860,28756,134980
2013/11/21 00:00:00.0,2861,2862,2853,2855,13390,134080
2013/11/22 00:00:00.0,2855,2861,2851,2859,11002,135698
2013/11/25 00:00:00.0,2860,2860,2847,2853,15878,133948
2013/11/26 00:00:00.0,2851,2870,2850,2868,31630,136816
2013/11/27 00:00:00.0,2867,2881,2866,2873,32000,137090
2013/11/28 00:00:00.0,2867,2869,2856,2860,23544,140156
2013/11/29 00:00:00.0,2861,2870,2860,2870,10920,139856
2013/12/02 00:00:00.0,2869,2869,2852,2861,25006,144204
2013/12/03 00:00:00.0,2860,2871,2860,2866,24128,151874
2013/12/04 00:00:00.0,2869,2869,2856,2861,18258,147358
2013/12/05 00:00:00.0,2861,2862,2855,2858,9538,148040
2013/12/06 00:00:00.0,2857,2867,2855,2863,13448,148376
2013/12/09 00:00:00.0,2863,2864,2853,2859,15224,148638
2013/12/10 00:00:00.0,2860,2861,2853,2859,15700,148688
2013/12/11 00:00:00.0,2854,2860,2830,2859,66860,158504
2013/12/12 00:00:00.0,2856,2876,2855,2864,23940,154906
2013/12/13 00:00:00.0,2860,2879,2853,2870,35134,156488
2013/12/16 00:00:00.0,2875,2876,2848,2851,34194,155612
2013/12/17 00:00:00.0,2851,2857,2834,2848,38788,159674
2013/12/18 00:00:00.0,2850,2851,2842,2846,24954,163206
2013/12/19 00:00:00.0,2843,2860,2843,2857,26378,166672
2013/12/20 00:00:00.0,2856,2866,2854,2863,21074,167310
2013/12/23 00:00:00.0,2861,2862,2831,2852,54392,171764
2013/12/24 00:00:00.0,2845,2857,2845,2854,23180,169944
2013/12/25 00:00:00.0,2860,2865,2845,2854,32290,168892
2013/12/26 00:00:00.0,2850,2861,2848,2851,19848,167910
2013/12/27 00:00:00.0,2851,2856,2845,2855,21784,164034
2013/12/30 00:00:00.0,2858,2858,2847,2847,23690,161064
2013/12/31 00:00:00.0,2849,2850,2838,2847,34930,160862
2014/01/02 00:00:00.0,2845,2846,2813,2818,48516,172046
2014/01/03 00:00:00.0,2811,2827,2807,2825,33232,171446
2014/01/06 00:00:00.0,2830,2830,2813,2827,20088,169646
2014/01/07 00:00:00.0,2825,2854,2823,2833,34806,160660
2014/01/08 00:00:00.0,2837,2842,2828,2833,18698,159736
2014/01/09 00:00:00.0,2833,2842,2813,2817,44670,164148
2014/01/10 00:00:00.0,2819,2824,2810,2815,15780,160236
2014/01/13 00:00:00.0,2818,2819,2807,2816,14586,161192
2014/01/14 00:00:00.0,2819,2828,2815,2818,18500,155568
2014/01/15 00:00:00.0,2822,2825,2805,2816,15642,155196
2014/01/16 00:00:00.0,2819,2829,2819,2826,10402,139742
2014/01/17 00:00:00.0,2820,2844,2820,2843,27396,135772
2014/01/20 00:00:00.0,2837,2842,2833,2834,14296,135236
2014/01/21 00:00:00.0,2833,2838,2831,2832,7758,134904
2014/01/22 00:00:00.0,2832,2839,2830,2835,13134,135296
2014/01/23 00:00:00.0,2836,2840,2834,2839,9788,135778
2014/01/24 00:00:00.0,2841,2844,2835,2840,10872,135278
2014/01/27 00:00:00.0,2839,2846,2835,2842,11170,131578
2014/01/28 00:00:00.0,2843,2844,2831,2835,13990,127022
2014/01/29 00:00:00.0,2838,2840,2832,2833,7942,123462
2014/01/30 00:00:00.0,2831,2835,2829,2830,6420,120346
2014/02/07 00:00:00.0,2833,2835,2800,2828,13808,120146
2014/02/10 00:00:00.0,2826,2834,2820,2825,20960,123340
2014/02/11 00:00:00.0,2828,2828,2816,2818,11322,124396
2014/02/12 00:00:00.0,2823,2830,2817,2827,8638,122846
2014/02/13 00:00:00.0,2829,2830,2819,2821,8010,122298
2014/02/14 00:00:00.0,2822,2823,2805,2814,20368,124180
2014/02/17 00:00:00.0,2808,2819,2808,2809,5988,123794
2014/02/18 00:00:00.0,2808,2822,2807,2813,15406,124526
2014/02/19 00:00:00.0,2818,2819,2810,2813,8694,123648
2014/02/20 00:00:00.0,2810,2817,2805,2807,8470,125042
2014/02/21 00:00:00.0,2808,2815,2796,2802,15042,125900
2014/02/24 00:00:00.0,2801,2807,2799,2806,9080,125706
2014/02/25 00:00:00.0,2808,2809,2800,2806,13168,123294
2014/02/26 00:00:00.0,2809,2809,2795,2800,12434,123426
2014/02/27 00:00:00.0,2798,2804,2798,2799,7546,122300
2014/02/28 00:00:00.0,2794,2804,2764,2797,21968,120230
2014/03/03 00:00:00.0,2799,2806,2796,2805,17268,115774
2014/03/04 00:00:00.0,2805,2807,2801,2806,10260,113944
2014/03/05 00:00:00.0,2802,2811,2802,2810,13214,110676
2014/03/06 00:00:00.0,2809,2811,2801,2803,10088,108084
2014/03/07 00:00:00.0,2808,2808,2792,2792,16190,106548
2014/03/10 00:00:00.0,2796,2797,2774,2776,19134,104702
2014/03/11 00:00:00.0,2772,2790,2772,2788,9426,104236
2014/03/12 00:00:00.0,2790,2790,2775,2784,12286,102334
2014/03/13 00:00:00.0,2792,2795,2782,2786,10022,101554
2014/03/14 00:00:00.0,2781,2788,2778,2782,13228,100406
2014/03/17 00:00:00.0,2787,2787,2772,2774,11212,99072
2014/03/18 00:00:00.0,2771,2780,2768,2777,12880,97446
2014/03/19 00:00:00.0,2783,2785,2772,2776,4934,97734
2014/03/20 00:00:00.0,2779,2787,2777,2780,6028,96030
2014/03/21 00:00:00.0,2784,2799,2780,2798,12490,94106
2014/03/24 00:00:00.0,2801,2804,2795,2800,18158,90194
2014/03/25 00:00:00.0,2805,2805,2793,2797,11938,86528
2014/03/26 00:00:00.0,2789,2789,2779,2782,10790,87284
2014/03/27 00:00:00.0,2782,2784,2772,2775,10912,86390
2014/03/28 00:00:00.0,2765,2781,2744,2770,25632,91038
2014/03/31 00:00:00.0,2761,2774,2752,2761,16504,94242
2014/04/01 00:00:00.0,2768,2776,2762,2770,12546,95572
2014/04/02 00:00:00.0,2773,2777,2768,2771,11738,96372
2014/04/03 00:00:00.0,2770,2770,2763,2766,5618,97044
2014/04/04 00:00:00.0,2762,2773,2762,2771,4812,96484
2014/04/08 00:00:00.0,2768,2774,2763,2772,9710,94926
2014/04/09 00:00:00.0,2771,2771,2762,2768,8004,93894
2014/04/10 00:00:00.0,2763,2807,2761,2793,24428,92220
2014/04/11 00:00:00.0,2795,2802,2781,2801,9222,91026
2014/04/14 00:00:00.0,2798,2807,2795,2806,11132,90536
2014/04/15 00:00:00.0,2807,2833,2806,2810,21294,85850
2014/04/16 00:00:00.0,2819,2821,2804,2807,7164,84018
2014/04/17 00:00:00.0,2799,2808,2770,2774,14308,80366
2014/04/18 00:00:00.0,2780,2780,2740,2747,20390,74798
2014/04/21 00:00:00.0,2743,2786,2736,2772,24630,73504
2014/04/22 00:00:00.0,2765,2785,2765,2783,19464,76890
2014/04/23 00:00:00.0,2775,2787,2774,2784,21962,73584
2014/04/24 00:00:00.0,2780,2786,2774,2784,15578,73058
2014/04/25 00:00:00.0,2790,2790,2780,2785,14358,74698
2014/04/28 00:00:00.0,2785,2790,2768,2780,23810,75922
2014/04/29 00:00:00.0,2782,2794,2767,2776,14804,75004
2014/04/30 00:00:00.0,2765,2818,2762,2786,14704,78198
2014/05/05 00:00:00.0,2784,2792,2756,2778,8536,80652
2014/05/06 00:00:00.0,2767,2790,2756,2786,7042,80164
2014/05/07 00:00:00.0,2780,2781,2750,2766,25184,77492
2014/05/08 00:00:00.0,2762,2774,2761,2767,9938,75336
2014/05/09 00:00:00.0,2760,2763,2739,2743,15366,79256
2014/05/12 00:00:00.0,2742,2757,2741,2749,11390,74726
2014/05/13 00:00:00.0,2733,2733,2721,2726,10384,74478
2014/05/14 00:00:00.0,2745,2745,2722,2728,7174,71164
2014/05/15 00:00:00.0,2710,2712,2704,2712,4826,70134
2014/05/16 00:00:00.0,2705,2724,2705,2712,13470,66522
2014/05/19 00:00:00.0,2649,2653,2631,2633,6022,54372
2014/05/20 00:00:00.0,2634,2643,2625,2639,5592,54164
2014/05/21 00:00:00.0,2635,2649,2634,2640,4204,53718
2014/05/22 00:00:00.0,2637,2644,2631,2635,3866,53094
2014/05/23 00:00:00.0,2634,2642,2634,2640,3004,52648
2014/05/26 00:00:00.0,2638,2638,2596,2601,15174,56626
2014/05/27 00:00:00.0,2603,2609,2591,2592,8106,57744
2014/05/28 00:00:00.0,2592,2599,2590,2596,6190,56468
2014/05/29 00:00:00.0,2597,2609,2594,2600,10022,57336
2014/05/30 00:00:00.0,2602,2602,2591,2591,6184,58862
2014/06/03 00:00:00.0,2585,2604,2585,2596,6298,58096
2014/06/04 00:00:00.0,2597,2611,2595,2609,7312,58268
2014/06/05 00:00:00.0,2611,2638,2608,2629,26612,58610
2014/06/06 00:00:00.0,2624,2635,2624,2630,11580,60978
2014/06/09 00:00:00.0,2633,2644,2617,2633,16170,64770
2014/06/10 00:00:00.0,2632,2638,2625,2626,13024,68052
2014/06/11 00:00:00.0,2626,2628,2624,2627,6326,67882
2014/06/12 00:00:00.0,2625,2625,2610,2611,11436,68000
2014/06/13 00:00:00.0,2608,2618,2604,2611,5034,68376
2014/06/16 00:00:00.0,2610,2621,2609,2612,4888,69112
2014/06/17 00:00:00.0,2603,2617,2603,2613,4966,70030
2014/06/18 00:00:00.0,2613,2623,2611,2612,8440,71562
2014/06/19 00:00:00.0,2609,2613,2606,2611,4648,71056
2014/06/20 00:00:00.0,2610,2617,2610,2610,4330,71316
2014/06/23 00:00:00.0,2610,2614,2603,2608,8076,71256
2014/06/24 00:00:00.0,2604,2613,2603,2607,6396,69770
2014/06/25 00:00:00.0,2611,2612,2603,2604,3472,69268
2014/06/26 00:00:00.0,2604,2604,2592,2597,5600,69492
2014/06/27 00:00:00.0,2605,2605,2572,2573,15968,70406
2014/06/30 00:00:00.0,2572,2580,2571,2576,4390,70984
2014/07/01 00:00:00.0,2570,2582,2568,2579,8052,69574
2014/07/02 00:00:00.0,2584,2587,2577,2585,6272,69538
2014/07/03 00:00:00.0,2584,2587,2582,2585,5804,70324
2014/07/04 00:00:00.0,2584,2597,2583,2597,3274,69804
2014/07/07 00:00:00.0,2608,2616,2596,2616,14094,68286
2014/07/08 00:00:00.0,2617,2619,2600,2601,5000,67824
2014/07/09 00:00:00.0,2598,2601,2592,2596,3320,67860
2014/07/10 00:00:00.0,2595,2605,2591,2600,4836,67194
2014/07/11 00:00:00.0,2600,2607,2598,2606,3108,66210
2014/07/14 00:00:00.0,2601,2612,2598,2612,3258,65670
2014/07/15 00:00:00.0,2613,2616,2609,2613,4008,65614
2014/07/16 00:00:00.0,2614,2631,2610,2631,6458,64364
2014/07/17 00:00:00.0,2631,2640,2628,2634,7414,62152
2014/07/18 00:00:00.0,2642,2643,2617,2618,5672,61272
2014/07/21 00:00:00.0,2614,2633,2607,2624,4676,61172
2014/07/22 00:00:00.0,2626,2631,2620,2622,2324,61174
2014/07/23 00:00:00.0,2619,2627,2617,2625,3058,60140
2014/07/24 00:00:00.0,2631,2635,2625,2632,3336,60112
2014/07/25 00:00:00.0,2626,2635,2619,2633,2196,60204
2014/07/28 00:00:00.0,2639,2639,2630,2630,3506,59942
2014/07/29 00:00:00.0,2633,2633,2613,2619,7036,57502
2014/07/30 00:00:00.0,2631,2633,2625,2632,4878,56870
2014/07/31 00:00:00.0,2642,2661,2641,2660,16370,56574
2014/08/01 00:00:00.0,2667,2668,2654,2661,11018,50896
2014/08/04 00:00:00.0,2663,2679,2663,2672,6194,49532
2014/08/05 00:00:00.0,2683,2688,2673,2688,9896,49560
2014/08/06 00:00:00.0,2689,2695,2686,2692,14944,47866
2014/08/07 00:00:00.0,2695,2707,2690,2707,9738,45920
2014/08/08 00:00:00.0,2712,2713,2694,2702,6594,44404
2014/08/11 00:00:00.0,2708,2719,2705,2718,7846,41310
2014/08/12 00:00:00.0,2721,2747,2718,2747,7894,40810
2014/08/13 00:00:00.0,2749,2757,2732,2734,5800,41220
2014/08/14 00:00:00.0,2730,2738,2723,2727,5378,41032
2014/08/15 00:00:00.0,2733,2741,2726,2737,3824,41040
2014/08/18 00:00:00.0,2741,2747,2719,2723,4746,40300
2014/08/19 00:00:00.0,2724,2728,2715,2715,5352,39318
2014/08/20 00:00:00.0,2717,2718,2709,2713,5122,37214
2014/08/21 00:00:00.0,2715,2718,2710,2713,3116,37256
2014/08/22 00:00:00.0,2716,2719,2712,2719,2408,36872
2014/08/25 00:00:00.0,2711,2732,2711,2730,4242,37124
2014/08/26 00:00:00.0,2725,2734,2720,2725,4620,36968
2014/08/27 00:00:00.0,2726,2728,2720,2723,2844,36954
2014/08/28 00:00:00.0,2728,2729,2704,2704,4746,37666
2014/08/29 00:00:00.0,2711,2715,2694,2710,6514,34960
2014/09/01 00:00:00.0,2718,2724,2717,2722,3330,34172
2014/09/02 00:00:00.0,2726,2730,2720,2728,2396,34252
2014/09/03 00:00:00.0,2732,2732,2723,2725,2402,33786
2014/09/04 00:00:00.0,2723,2731,2723,2729,3426,33394
2014/09/05 00:00:00.0,2730,2733,2725,2727,2972,32670
2014/09/09 00:00:00.0,2730,2731,2725,2728,2536,32224
2014/09/10 00:00:00.0,2729,2730,2718,2718,4172,32112
2014/09/11 00:00:00.0,2716,2717,2699,2700,10110,29602
2014/09/12 00:00:00.0,2702,2716,2699,2709,4478,28814
2014/09/15 00:00:00.0,2710,2716,2703,2704,4228,28980
2014/09/16 00:00:00.0,2724,2728,2720,2724,1772,25572
2014/09/17 00:00:00.0,2722,2738,2722,2731,3220,25272
2014/09/18 00:00:00.0,2732,2732,2728,2729,926,25506
2014/09/19 00:00:00.0,2727,2738,2727,2730,4788,26174
2014/09/22 00:00:00.0,2726,2731,2714,2714,5322,27078
2014/09/23 00:00:00.0,2716,2733,2709,2722,3340,26852
2014/09/24 00:00:00.0,2721,2726,2719,2723,1222,26612
2014/09/25 00:00:00.0,2721,2730,2719,2721,2388,25170
2014/09/26 00:00:00.0,2716,2727,2716,2718,2834,24816
2014/09/29 00:00:00.0,2715,2727,2712,2721,3368,23588
2014/09/30 00:00:00.0,2724,2729,2718,2724,2464,23178
2014/10/08 00:00:00.0,2725,2733,2722,2723,1652,23294
2014/10/09 00:00:00.0,2722,2731,2722,2731,1754,23010
2014/10/10 00:00:00.0,2731,2750,2725,2734,5752,22686
2014/10/13 00:00:00.0,2725,2736,2688,2691,11088,25282
2014/10/14 00:00:00.0,2691,2700,2690,2696,4224,25376
2014/10/15 00:00:00.0,2698,2701,2686,2693,3884,25786
2014/10/16 00:00:00.0,2686,2700,2686,2693,3704,25228
2014/10/17 00:00:00.0,2694,2695,2653,2660,8414,26318
2014/10/20 00:00:00.0,2670,2672,2642,2649,6294,26802
2014/10/21 00:00:00.0,2647,2652,2646,2648,1842,27084
2014/10/22 00:00:00.0,2651,2651,2630,2649,2668,26382
2014/10/23 00:00:00.0,2646,2660,2641,2646,1940,26170
2014/10/24 00:00:00.0,2645,2651,2638,2648,1694,26340
2014/10/27 00:00:00.0,2645,2647,2627,2641,4574,26434
2014/10/28 00:00:00.0,2644,2650,2640,2642,3134,24522
2014/10/29 00:00:00.0,2644,2644,2621,2622,6296,25460
2014/10/30 00:00:00.0,2622,2627,2618,2622,6378,24866
2014/10/31 00:00:00.0,2623,2629,2590,2590,5260,23912
2014/11/03 00:00:00.0,2596,2597,2577,2593,3442,24200
2014/11/04 00:00:00.0,2596,2600,2592,2599,2512,24006
2014/11/05 00:00:00.0,2601,2605,2584,2586,2542,24162
2014/11/06 00:00:00.0,2588,2603,2581,2598,3544,23594
2014/11/07 00:00:00.0,2596,2603,2588,2589,1960,23704
2014/11/10 00:00:00.0,2585,2603,2584,2598,2172,22524
2014/11/11 00:00:00.0,2600,2600,2588,2589,1308,22628
2014/11/12 00:00:00.0,2592,2607,2588,2605,3824,21530
2014/11/13 00:00:00.0,2606,2614,2598,2603,4592,20638
2014/11/14 00:00:00.0,2604,2605,2599,2603,1364,20668
2014/11/17 00:00:00.0,2603,2603,2589,2596,2074,20640
2014/11/18 00:00:00.0,2594,2604,2591,2597,1856,20714
2014/11/19 00:00:00.0,2593,2594,2565,2566,5884,20828
2014/11/20 00:00:00.0,2566,2572,2555,2561,7488,22404
2014/11/21 00:00:00.0,2560,2569,2559,2564,2752,22106
2014/11/24 00:00:00.0,2566,2590,2556,2563,4832,21590
2014/11/25 00:00:00.0,2563,2567,2562,2564,1508,21314
2014/11/26 00:00:00.0,2561,2572,2542,2566,2708,20990
2014/11/27 00:00:00.0,2562,2569,2558,2565,1086,20632
2014/11/28 00:00:00.0,2563,2655,2563,2593,6864,19850
2014/12/01 00:00:00.0,2590,2594,2557,2588,1590,19530
2014/12/02 00:00:00.0,2595,2598,2581,2593,1526,19758
2014/12/03 00:00:00.0,2581,2594,2581,2592,1190,19500
2014/12/04 00:00:00.0,2588,2597,2588,2593,1396,19372
2014/12/05 00:00:00.0,2597,2597,2585,2595,814,19022
2014/12/08 00:00:00.0,2597,2597,2591,2593,1804,18398
2014/12/09 00:00:00.0,2586,2595,2585,2595,2158,18160
2014/12/10 00:00:00.0,2587,2596,2579,2582,1822,17862
2014/12/11 00:00:00.0,2580,2580,2567,2572,3082,17486
2014/12/12 00:00:00.0,2565,2575,2564,2568,1500,17504
2014/12/15 00:00:00.0,2558,2587,2557,2573,706,17300
2014/12/16 00:00:00.0,2566,2580,2549,2560,1194,17302
2014/12/17 00:00:00.0,2552,2569,2552,2558,1030,17284
2014/12/18 00:00:00.0,2562,2573,2556,2571,1114,17324
2014/12/19 00:00:00.0,2562,2573,2554,2560,2290,17310
2014/12/22 00:00:00.0,2563,2580,2561,2580,3316,18138
2014/12/23 00:00:00.0,2578,2582,2567,2574,1004,18270
2014/12/24 00:00:00.0,2564,2576,2564,2575,1214,18132
2014/12/25 00:00:00.0,2578,2581,2570,2572,754,18082
2014/12/26 00:00:00.0,2571,2577,2564,2566,928,17844
2014/12/29 00:00:00.0,2563,2576,2562,2576,1510,17608
2014/12/30 00:00:00.0,2576,2581,2568,2573,1470,17410
2014/12/31 00:00:00.0,2575,2584,2569,2569,910,17206
2015/01/05 00:00:00.0,2570,2572,2568,2570,466,17348
2015/01/06 00:00:00.0,2570,2576,2570,2573,912,17644
2015/01/07 00:00:00.0,2581,2583,2575,2577,378,17644
2015/01/08 00:00:00.0,2578,2581,2574,2581,568,16708
2015/01/09 00:00:00.0,2588,2589,2585,2588,294,16712
2015/01/12 00:00:00.0,2585,2585,2581,2581,410,16608
2015/01/13 00:00:00.0,2580,2596,2578,2595,704,16408
2015/01/14 00:00:00.0,2594,2599,2584,2598,610,16238
2015/01/15 00:00:00.0,2550,2595,2550,2594,934,15450
2015/01/16 00:00:00.0,2605,2623,2605,2619,670,11434
2015/01/19 00:00:00.0,2659,2716,2659,2692,2826,6752
2015/01/20 00:00:00.0,2689,2705,2689,2701,1210,7022
2015/01/21 00:00:00.0,2704,2722,2703,2712,1856,7262
2015/01/22 00:00:00.0,2716,2717,2703,2704,896,7266
2015/01/23 00:00:00.0,2710,2710,2698,2705,594,7536
2015/01/26 00:00:00.0,2694,2705,2683,2704,520,7640
2015/01/27 00:00:00.0,2707,2707,2699,2703,474,7666
2015/01/28 00:00:00.0,2707,2709,2699,2707,576,8102
2015/01/29 00:00:00.0,2701,2701,2680,2685,918,8352
2015/01/30 00:00:00.0,2679,2689,2643,2652,1686,8764
2015/02/02 00:00:00.0,2652,2662,2645,2653,724,8618
2015/02/03 00:00:00.0,2647,2656,2646,2653,298,8672
2015/02/04 00:00:00.0,2656,2674,2644,2644,1158,8654
2015/02/05 00:00:00.0,2644,2656,2616,2648,1594,8716
2015/02/06 00:00:00.0,2663,2664,2646,2652,624,8798
2015/02/09 00:00:00.0,2652,2653,2645,2647,468,8886
2015/02/10 00:00:00.0,2647,2652,2644,2646,396,8968
2015/02/11 00:00:00.0,2658,2658,2646,2648,158,8996
2015/02/12 00:00:00.0,2641,2651,2640,2640,226,9030
2015/02/13 00:00:00.0,2640,2645,2630,2637,512,9106
2015/02/16 00:00:00.0,2638,2640,2628,2639,444,9204
2015/02/17 00:00:00.0,2636,2643,2633,2640,404,9204
2015/02/25 00:00:00.0,2635,2640,2633,2633,354,9300
2015/02/26 00:00:00.0,2633,2638,2629,2631,188,9396
2015/02/27 00:00:00.0,2630,2632,2622,2630,810,9710
2015/03/02 00:00:00.0,2629,2639,2628,2632,784,9914
2015/03/03 00:00:00.0,2623,2633,2622,2632,422,9956
2015/03/04 00:00:00.0,2632,2633,2628,2630,232,10072
2015/03/05 00:00:00.0,2624,2629,2624,2627,112,10090
2015/03/06 00:00:00.0,2627,2632,2627,2627,452,10082
2015/03/09 00:00:00.0,2631,2631,2623,2628,200,10136
2015/03/10 00:00:00.0,2623,2646,2623,2627,266,10182
2015/03/11 00:00:00.0,2631,2634,2624,2628,480,10230
2015/03/12 00:00:00.0,2629,2633,2625,2631,242,10206
2015/03/13 00:00:00.0,2633,2642,2628,2637,1084,10260
2015/03/16 00:00:00.0,2637,2642,2633,2634,696,10258
2015/03/17 00:00:00.0,2639,2639,2627,2634,198,10254
2015/03/18 00:00:00.0,2633,2633,2611,2615,1484,10098
2015/03/19 00:00:00.0,2613,2619,2613,2618,584,10026
2015/03/20 00:00:00.0,2618,2618,2592,2594,890,9888
2015/03/23 00:00:00.0,2596,2605,2594,2600,466,9888
2015/03/24 00:00:00.0,2602,2605,2579,2586,570,10022
2015/03/25 00:00:00.0,2586,2595,2583,2587,182,10018
2015/03/26 00:00:00.0,2588,2600,2585,2599,398,9926
2015/03/27 00:00:00.0,2595,2595,2568,2571,824,9826
2015/03/30 00:00:00.0,2569,2603,2545,2580,1202,9560
2015/03/31 00:00:00.0,2589,2589,2573,2586,452,9490
2015/04/01 00:00:00.0,2587,2603,2586,2603,1142,9236
2015/04/02 00:00:00.0,2601,2608,2595,2602,386,9142
2015/04/03 00:00:00.0,2600,2626,2600,2607,706,9072
2015/04/07 00:00:00.0,2608,2608,2592,2599,318,9050
2015/04/08 00:00:00.0,2603,2603,2586,2591,894,8758
2015/04/09 00:00:00.0,2593,2595,2579,2583,404,8644
2015/04/10 00:00:00.0,2579,2579,2562,2563,1526,8648
2015/04/13 00:00:00.0,2558,2578,2552,2565,556,8440
2015/04/14 00:00:00.0,2564,2575,2562,2565,394,8324
2015/04/15 00:00:00.0,2556,2572,2556,2567,302,8216
2015/04/16 00:00:00.0,2563,2575,2560,2562,330,8138
2015/04/17 00:00:00.0,2558,2560,2542,2550,1540,7986
2015/04/20 00:00:00.0,2552,2557,2542,2547,1262,7438
2015/04/21 00:00:00.0,2555,2557,2550,2552,400,7334
2015/04/22 00:00:00.0,2549,2572,2549,2570,312,7314
2015/04/23 00:00:00.0,2578,2600,2557,2568,620,7048
2015/04/24 00:00:00.0,2574,2575,2555,2566,256,7058
2015/04/27 00:00:00.0,2565,2566,2548,2565,788,6946
2015/04/28 00:00:00.0,2565,2567,2552,2553,510,7056
2015/04/29 00:00:00.0,2564,2565,2549,2554,722,6978
2015/04/30 00:00:00.0,2551,2577,2551,2570,1352,6524
2015/05/04 00:00:00.0,2565,2573,2561,2563,1502,5860
2015/05/05 00:00:00.0,2592,2597,2587,2588,498,5944
2015/05/06 00:00:00.0,2566,2580,2566,2575,764,5890
2015/05/07 00:00:00.0,2573,2590,2568,2590,1060,5642
2015/05/08 00:00:00.0,2604,2611,2602,2610,570,5190
2015/05/11 00:00:00.0,2606,2609,2594,2597,432,4766
2015/05/12 00:00:00.0,2602,2605,2597,2599,298,4732
2015/05/13 00:00:00.0,2596,2610,2596,2601,386,4566
2015/05/14 00:00:00.0,2634,2634,2626,2628,424,4642
2015/05/15 00:00:00.0,2632,2638,2622,2635,1974,4506
2015/05/18 00:00:00.0,2748,2748,2724,2741,262,2120
2015/05/19 00:00:00.0,2745,2753,2733,2745,150,2112
2015/05/20 00:00:00.0,2752,2752,2728,2733,162,2126
2015/05/21 00:00:00.0,2726,2735,2719,2719,232,2146
2015/05/22 00:00:00.0,2723,2742,2714,2741,248,2210
2015/05/25 00:00:00.0,2742,2754,2736,2747,244,2270
2015/05/26 00:00:00.0,2746,2753,2743,2746,110,2292
2015/05/27 00:00:00.0,2746,2750,2734,2743,110,2294
2015/05/28 00:00:00.0,2768,2768,2745,2752,366,2446
2015/05/29 00:00:00.0,2745,2768,2745,2767,196,2600
2015/06/01 00:00:00.0,2766,2769,2759,2765,228,2620
2015/06/02 00:00:00.0,2753,2757,2749,2755,78,2630
2015/06/03 00:00:00.0,2748,2750,2747,2747,32,2626
2015/06/04 00:00:00.0,2749,2761,2737,2756,380,2658
2015/06/05 00:00:00.0,2756,2769,2738,2769,1194,3306
2015/06/08 00:00:00.0,2771,2804,2771,2799,1336,3918
2015/06/09 00:00:00.0,2771,2804,2771,2795,774,3928
2015/06/10 00:00:00.0,2802,2819,2796,2801,2428,5008
2015/06/11 00:00:00.0,2797,2821,2793,2816,3894,7794
2015/06/12 00:00:00.0,2814,2816,2805,2811,1558,8146
2015/06/15 00:00:00.0,2812,2817,2773,2785,1700,8434
2015/06/16 00:00:00.0,2790,2797,2785,2791,798,8682
2015/06/17 00:00:00.0,2796,2819,2784,2794,718,8668
2015/06/18 00:00:00.0,2799,2806,2789,2797,954,8958
2015/06/19 00:00:00.0,2777,2800,2777,2795,602,9122
2015/06/23 00:00:00.0,2803,2809,2795,2801,542,9130
2015/06/24 00:00:00.0,2799,2812,2796,2800,578,9178
2015/06/25 00:00:00.0,2798,2798,2779,2789,1954,9458
2015/06/26 00:00:00.0,2797,2797,2781,2786,1604,9732
2015/06/29 00:00:00.0,2781,2789,2752,2766,1554,9908
2015/06/30 00:00:00.0,2761,2767,2738,2763,2102,10608
2015/07/01 00:00:00.0,2765,2789,2765,2774,1694,10614
2015/07/02 00:00:00.0,2780,2780,2759,2771,688,10560
2015/07/03 00:00:00.0,2748,2776,2748,2770,442,10536
2015/07/06 00:00:00.0,2767,2776,2757,2762,476,10518
2015/07/07 00:00:00.0,2770,2798,2761,2786,3246,10590
2015/07/08 00:00:00.0,2741,2778,2705,2737,30288,16944
2015/07/09 00:00:00.0,2766,2809,2753,2778,13588,15170
2015/07/10 00:00:00.0,2777,2784,2774,2778,2576,15784
2015/07/13 00:00:00.0,2778,2801,2773,2791,1746,15810
2015/07/14 00:00:00.0,2787,2795,2775,2780,1836,16028
2015/07/15 00:00:00.0,2782,2782,2768,2776,1384,15564
2015/07/16 00:00:00.0,2770,2780,2768,2779,1370,14922
2015/07/17 00:00:00.0,2777,2792,2769,2785,2366,15678
2015/07/20 00:00:00.0,2783,2790,2770,2787,1772,15796
2015/07/21 00:00:00.0,2786,2792,2774,2780,1090,16022
2015/07/22 00:00:00.0,2776,2781,2768,2776,1952,15578
2015/07/23 00:00:00.0,2778,2779,2763,2763,1900,15752
2015/07/24 00:00:00.0,2763,2768,2751,2762,2564,15450
2015/07/27 00:00:00.0,2756,2756,2741,2753,3424,15568
2015/07/28 00:00:00.0,2748,2764,2745,2762,3444,15586
2015/07/29 00:00:00.0,2759,2771,2759,2767,1742,15514
2015/07/30 00:00:00.0,2771,2771,2754,2754,2372,16454
2015/07/31 00:00:00.0,2741,2758,2732,2732,2922,17264
2015/08/03 00:00:00.0,2727,2730,2692,2694,3948,17576
2015/08/04 00:00:00.0,2697,2719,2691,2718,2202,17514
2015/08/05 00:00:00.0,2714,2719,2695,2710,2090,18098
2015/08/06 00:00:00.0,2710,2714,2699,2709,886,18174
2015/08/07 00:00:00.0,2707,2716,2701,2713,1638,18352
2015/08/10 00:00:00.0,2712,2713,2705,2710,1204,18244
2015/08/11 00:00:00.0,2714,2739,2713,2731,2248,18068
2015/08/12 00:00:00.0,2727,2730,2721,2729,1184,18186
2015/08/13 00:00:00.0,2722,2742,2716,2726,1990,18116
2015/08/14 00:00:00.0,2726,2736,2725,2729,754,18324
2015/08/17 00:00:00.0,2711,2726,2709,2711,1830,18668
2015/08/18 00:00:00.0,2714,2718,2704,2711,1408,19350
2015/08/19 00:00:00.0,2709,2712,2700,2706,1394,19472
2015/08/20 00:00:00.0,2707,2714,2695,2701,1906,19768
2015/08/21 00:00:00.0,2704,2709,2691,2696,2552,20122
2015/08/24 00:00:00.0,2686,2686,2655,2668,17724,23372
2015/08/25 00:00:00.0,2675,2740,2675,2725,14330,24658
2015/08/26 00:00:00.0,2718,2742,2711,2726,12684,24220
2015/08/27 00:00:00.0,2722,2731,2720,2729,4122,25054
2015/08/28 00:00:00.0,2744,2770,2733,2742,7112,24460
2015/08/31 00:00:00.0,2737,2744,2734,2737,3396,24836
2015/09/01 00:00:00.0,2737,2740,2717,2738,3720,24762
2015/09/02 00:00:00.0,2736,2739,2707,2735,2664,24734
2015/09/07 00:00:00.0,2731,2739,2718,2727,4730,26396
2015/09/08 00:00:00.0,2724,2736,2721,2735,3430,27108
2015/09/09 00:00:00.0,2742,2747,2732,2734,3572,27386
2015/09/10 00:00:00.0,2731,2742,2730,2740,4918,26074
2015/09/11 00:00:00.0,2740,2743,2734,2740,4682,26034
2015/09/14 00:00:00.0,2738,2743,2736,2739,2070,26418
2015/09/15 00:00:00.0,2733,2738,2733,2736,1612,26132
2015/09/16 00:00:00.0,2739,2740,2728,2735,3524,26216
2015/09/17 00:00:00.0,2744,2744,2719,2725,6760,28206
2015/09/18 00:00:00.0,2723,2734,2708,2711,5088,29070
2015/09/21 00:00:00.0,2708,2727,2691,2719,9550,31062
2015/09/22 00:00:00.0,2719,2719,2708,2710,3696,32516
2015/09/23 00:00:00.0,2707,2717,2702,2717,3168,32726
2015/09/24 00:00:00.0,2717,2732,2717,2724,2626,32614
2015/09/25 00:00:00.0,2723,2735,2720,2735,1728,32570
2015/09/28 00:00:00.0,2735,2751,2727,2737,6006,30836
2015/09/29 00:00:00.0,2735,2738,2727,2738,3274,29844
2015/09/30 00:00:00.0,2736,2745,2731,2744,3108,29292
2015/10/08 00:00:00.0,2741,2748,2711,2718,7090,31304
2015/10/09 00:00:00.0,2710,2724,2704,2721,7458,34654
2015/10/12 00:00:00.0,2715,2741,2714,2736,18666,44910
2015/10/13 00:00:00.0,2730,2732,2690,2708,42662,70772
2015/10/14 00:00:00.0,2707,2720,2698,2712,12374,71238
2015/10/15 00:00:00.0,2708,2752,2705,2749,24586,71022
2015/10/16 00:00:00.0,2746,2778,2741,2773,24608,65058
2015/10/19 00:00:00.0,2763,2775,2759,2765,20370,67774
2015/10/20 00:00:00.0,2760,2772,2759,2764,13724,71386
2015/10/21 00:00:00.0,2762,2769,2758,2769,6352,71226
2015/10/22 00:00:00.0,2768,2828,2768,2778,15074,69510
2015/10/23 00:00:00.0,2777,2785,2769,2779,12056,70278
2015/10/26 00:00:00.0,2775,2783,2771,2778,4658,69942
2015/10/27 00:00:00.0,2779,2784,2772,2777,5036,69372
2015/10/28 00:00:00.0,2777,2777,2758,2766,8022,70170
2015/10/29 00:00:00.0,2768,2772,2756,2766,5918,71500
2015/10/30 00:00:00.0,2764,2770,2760,2766,3262,71774
2015/11/02 00:00:00.0,2763,2766,2758,2758,4320,71756
2015/11/03 00:00:00.0,2756,2776,2750,2771,10128,72530
2015/11/04 00:00:00.0,2774,2778,2767,2772,4924,72760
2015/11/05 00:00:00.0,2771,2772,2766,2768,5270,71868
2015/11/06 00:00:00.0,2771,2773,2760,2772,10456,72108
2015/11/09 00:00:00.0,2764,2784,2764,2776,7888,71160
2015/11/10 00:00:00.0,2771,2780,2767,2778,6808,70196
2015/11/11 00:00:00.0,2775,2779,2769,2776,4706,69924
2015/11/12 00:00:00.0,2776,2781,2774,2778,4974,69754
2015/11/13 00:00:00.0,2778,2785,2773,2780,14068,61948
2015/11/16 00:00:00.0,2778,2781,2764,2767,12490,58702
2015/11/17 00:00:00.0,2765,2770,2759,2768,7290,59234
2015/11/18 00:00:00.0,2768,2772,2765,2771,8082,58632
2015/11/19 00:00:00.0,2770,2782,2767,2780,8582,58030
2015/11/20 00:00:00.0,2778,2792,2777,2787,12116,57382
2015/11/23 00:00:00.0,2788,2791,2772,2780,6360,57354
2015/11/24 00:00:00.0,2780,2801,2778,2799,8636,54960
2015/11/25 00:00:00.0,2796,2820,2796,2815,11096,54798
2015/11/26 00:00:00.0,2814,2825,2809,2819,7852,55002
2015/11/27 00:00:00.0,2818,2822,2807,2816,6232,55706
2015/11/30 00:00:00.0,2814,2831,2810,2830,6706,56872
2015/12/01 00:00:00.0,2826,2835,2817,2832,8464,57050
2015/12/02 00:00:00.0,2833,2845,2828,2843,5790,57546
2015/12/03 00:00:00.0,2839,2839,2821,2832,5512,56876
2015/12/04 00:00:00.0,2835,2836,2821,2833,5348,56580
2015/12/07 00:00:00.0,2832,2841,2828,2840,3818,57256
2015/12/08 00:00:00.0,2836,2848,2832,2842,6576,57972
2015/12/09 00:00:00.0,2840,2848,2837,2845,5252,58270
2015/12/10 00:00:00.0,2844,2857,2841,2856,5550,59116
2015/12/11 00:00:00.0,2856,2864,2854,2863,5218,59174
2015/12/14 00:00:00.0,2861,2875,2845,2870,11408,60762
2015/12/15 00:00:00.0,2871,2876,2866,2873,7708,63456
2015/12/16 00:00:00.0,2874,2883,2862,2883,11342,66564
2015/12/17 00:00:00.0,2876,2892,2876,2885,8468,66944
2015/12/18 00:00:00.0,2871,2891,2871,2879,5656,66936
2015/12/21 00:00:00.0,2882,2885,2865,2881,10754,66470
2015/12/22 00:00:00.0,2879,2889,2876,2887,6578,66896
2015/12/23 00:00:00.0,2884,2890,2878,2888,5880,67322
2015/12/24 00:00:00.0,2887,2889,2876,2884,7150,67708
2015/12/25 00:00:00.0,2883,2884,2866,2876,9080,69920
2015/12/28 00:00:00.0,2874,2888,2872,2888,10544,70520
2015/12/29 00:00:00.0,2885,2894,2876,2881,10094,70646
2015/12/30 00:00:00.0,2884,2893,2880,2886,12104,70134
2015/12/31 00:00:00.0,2884,2887,2882,2885,6204,69754
2016/01/04 00:00:00.0,2886,2983,2884,2907,10978,69834
2016/01/05 00:00:00.0,2903,2908,2895,2904,11188,69794
2016/01/06 00:00:00.0,2904,2914,2886,2914,8416,71184
2016/01/07 00:00:00.0,2913,2925,2906,2918,11676,70244
2016/01/08 00:00:00.0,2917,2918,2901,2915,9228,66906
2016/01/11 00:00:00.0,2926,2927,2842,2886,19996,66576
2016/01/12 00:00:00.0,2871,2891,2871,2887,7598,66870
2016/01/13 00:00:00.0,2887,2889,2877,2880,9828,64370
2016/01/14 00:00:00.0,2859,2888,2859,2883,7880,61628
2016/01/15 00:00:00.0,2879,2883,2878,2883,3142,61724
2016/01/18 00:00:00.0,2882,2885,2875,2881,6156,55794
2016/01/19 00:00:00.0,2882,2903,2878,2878,9254,55272
2016/01/20 00:00:00.0,2862,2881,2861,2876,5642,55550
2016/01/21 00:00:00.0,2874,2880,2865,2869,6164,55540
2016/01/22 00:00:00.0,2872,2877,2862,2871,4502,54786
2016/01/25 00:00:00.0,2877,2877,2860,2874,2394,54938
2016/01/26 00:00:00.0,2879,2886,2865,2869,6814,54458
2016/01/27 00:00:00.0,2869,2874,2869,2869,2048,54400
2016/01/28 00:00:00.0,2869,2870,2860,2864,2504,54122
2016/01/29 00:00:00.0,2865,2869,2850,2863,5022,54022
2016/02/01 00:00:00.0,2862,2874,2862,2871,3542,53588
2016/02/02 00:00:00.0,2859,2873,2859,2873,1492,53370
2016/02/03 00:00:00.0,2872,2877,2872,2875,3108,51572
2016/02/04 00:00:00.0,2862,2880,2857,2876,3840,50104
2016/02/05 00:00:00.0,2876,2879,2874,2874,2482,49692
2016/02/15 00:00:00.0,2850,2880,2850,2874,1662,49352
2016/02/16 00:00:00.0,2877,2877,2864,2869,1990,50228
2016/02/17 00:00:00.0,2872,2874,2857,2866,5390,50962
2016/02/18 00:00:00.0,2871,2871,2854,2866,3632,51710
2016/02/19 00:00:00.0,2870,2876,2861,2866,4248,50426
2016/02/22 00:00:00.0,2852,2873,2852,2871,3634,49440
2016/02/23 00:00:00.0,2872,2872,2863,2865,4084,48968
2016/02/24 00:00:00.0,2865,2868,2859,2867,3682,48458
2016/02/25 00:00:00.0,2869,2874,2863,2870,7388,45132
2016/02/26 00:00:00.0,2871,2871,2852,2862,13348,45380
2016/02/29 00:00:00.0,2844,2904,2817,2855,33888,46372
2016/03/01 00:00:00.0,2858,2866,2843,2844,14744,41596
2016/03/02 00:00:00.0,2820,2854,2820,2849,5176,40100
2016/03/03 00:00:00.0,2854,2861,2804,2811,15980,37970
2016/03/04 00:00:00.0,2811,2820,2784,2810,10070,37596
2016/03/07 00:00:00.0,2817,2845,2811,2819,7942,38778
2016/03/08 00:00:00.0,2830,2836,2815,2815,6884,37666
2016/03/09 00:00:00.0,2806,2815,2786,2812,3548,37586
2016/03/10 00:00:00.0,2817,2817,2796,2802,3874,37632
2016/03/11 00:00:00.0,2785,2814,2781,2810,2444,37274
2016/03/14 00:00:00.0,2794,2825,2794,2822,3142,36894
2016/03/15 00:00:00.0,2822,2830,2805,2827,2068,36366
2016/03/16 00:00:00.0,2832,2837,2815,2815,7030,33762
2016/03/17 00:00:00.0,2816,2818,2801,2809,5336,32650
2016/03/18 00:00:00.0,2810,2810,2788,2789,6250,31578
2016/03/21 00:00:00.0,2786,2800,2769,2796,10032,28742
2016/03/22 00:00:00.0,2798,2800,2778,2790,3296,28410
2016/03/23 00:00:00.0,2777,2792,2777,2791,3038,27732
2016/03/24 00:00:00.0,2800,2800,2773,2794,4042,27686
2016/03/25 00:00:00.0,2795,2801,2785,2796,4542,27500
2016/03/28 00:00:00.0,2798,2811,2788,2802,3880,27410
2016/03/29 00:00:00.0,2811,2852,2793,2833,8910,27630
2016/03/30 00:00:00.0,2839,2858,2826,2838,5008,28546
2016/03/31 00:00:00.0,2814,2837,2805,2834,6390,30042
2016/04/01 00:00:00.0,2843,2858,2840,2850,3208,29272
2016/04/05 00:00:00.0,2859,2872,2846,2865,5740,27796
2016/04/06 00:00:00.0,2868,2881,2862,2865,9474,26010
2016/04/07 00:00:00.0,2851,2871,2850,2871,3138,25926
2016/04/08 00:00:00.0,2871,2882,2856,2879,5776,26116
2016/04/11 00:00:00.0,2867,2885,2843,2853,6164,26056
2016/04/12 00:00:00.0,2834,2850,2795,2795,5776,24320
2016/04/13 00:00:00.0,2803,2808,2729,2741,15656,23482
2016/04/14 00:00:00.0,2739,2782,2704,2709,12832,21412
2016/04/15 00:00:00.0,2715,2719,2700,2707,5994,21104
2016/04/18 00:00:00.0,2720,2720,2665,2670,6180,20084
2016/04/19 00:00:00.0,2680,2689,2662,2663,4618,19624
2016/04/20 00:00:00.0,2671,2678,2638,2647,8158,18328
2016/04/21 00:00:00.0,2659,2731,2643,2695,15286,17732
2016/04/22 00:00:00.0,2676,2681,2655,2659,4518,17452
2016/04/25 00:00:00.0,2645,2674,2645,2669,3000,17584
2016/04/26 00:00:00.0,2677,2684,2664,2666,2402,16850
2016/04/27 00:00:00.0,2677,2679,2666,2676,1762,16928
2016/04/28 00:00:00.0,2674,2677,2660,2661,1994,17182
2016/04/29 00:00:00.0,2666,2678,2646,2652,2606,17484
2016/05/03 00:00:00.0,2652,2683,2646,2682,2204,17968
2016/05/04 00:00:00.0,2671,2686,2669,2675,1770,17766
2016/05/05 00:00:00.0,2682,2685,2672,2680,1292,17784
2016/05/06 00:00:00.0,2675,2680,2665,2674,2350,18258
2016/05/09 00:00:00.0,2680,2685,2671,2679,2160,17880
2016/05/10 00:00:00.0,2674,2690,2670,2680,3260,17654
2016/05/11 00:00:00.0,2688,2705,2683,2705,4742,18060
2016/05/12 00:00:00.0,2697,2704,2687,2694,3566,17776
2016/05/13 00:00:00.0,2689,2689,2666,2672,3576,17624
2016/05/16 00:00:00.0,2667,2677,2659,2676,1694,17724
2016/05/17 00:00:00.0,2685,2688,2677,2678,1050,16858
2016/05/18 00:00:00.0,2678,2698,2677,2682,1818,16710
2016/05/19 00:00:00.0,2681,2689,2663,2689,2212,17192
2016/05/20 00:00:00.0,2685,2687,2681,2685,1096,17288
2016/05/23 00:00:00.0,2685,2685,2673,2674,910,17034
2016/05/24 00:00:00.0,2669,2669,2618,2642,3550,17466
2016/05/25 00:00:00.0,2636,2642,2627,2633,1068,17434
2016/05/26 00:00:00.0,2644,2672,2630,2650,1870,17542
2016/05/27 00:00:00.0,2649,2650,2635,2646,1160,17810
2016/05/30 00:00:00.0,2645,2669,2639,2667,2354,17700
2016/05/31 00:00:00.0,2665,2675,2665,2672,1492,17462
2016/06/01 00:00:00.0,2673,2677,2660,2660,1038,17496
2016/06/02 00:00:00.0,2671,2681,2665,2672,1304,17294
2016/06/03 00:00:00.0,2672,2680,2665,2668,1216,17170
2016/06/06 00:00:00.0,2679,2743,2677,2726,10400,16686
2016/06/07 00:00:00.0,2730,2754,2714,2725,2928,16234
2016/06/08 00:00:00.0,2724,2740,2717,2724,1788,16218
2016/06/13 00:00:00.0,2732,2745,2710,2738,5508,15488
2016/06/14 00:00:00.0,2732,2734,2720,2724,2800,15872
2016/06/15 00:00:00.0,2717,2726,2689,2692,2006,15824
2016/06/16 00:00:00.0,2690,2690,2654,2656,4814,15596
2016/06/17 00:00:00.0,2654,2678,2649,2678,2828,15312
2016/06/20 00:00:00.0,2685,2687,2661,2679,2882,15538
2016/06/21 00:00:00.0,2678,2685,2674,2678,2856,14502
2016/06/22 00:00:00.0,2675,2688,2669,2686,1528,13992
2016/06/23 00:00:00.0,2686,2688,2671,2675,1916,13868
2016/06/24 00:00:00.0,2673,2688,2670,2688,1498,13654
2016/06/27 00:00:00.0,2691,2699,2681,2681,1790,13824
2016/06/28 00:00:00.0,2683,2690,2669,2688,2146,14036
2016/06/29 00:00:00.0,2689,2698,2676,2684,1072,14116
2016/06/30 00:00:00.0,2682,2689,2674,2684,3228,13412
2016/07/01 00:00:00.0,2683,2683,2674,2678,1104,13344
2016/07/04 00:00:00.0,2680,2716,2649,2664,4430,14028
2016/07/05 00:00:00.0,2668,2675,2631,2635,3918,14468
2016/07/06 00:00:00.0,2626,2631,2608,2621,3006,14090
2016/07/07 00:00:00.0,2629,2643,2610,2612,2214,13924
2016/07/08 00:00:00.0,2602,2602,2580,2591,2858,13792
2016/07/11 00:00:00.0,2600,2608,2594,2602,2342,13814
2016/07/12 00:00:00.0,2606,2606,2595,2599,2182,13416
2016/07/13 00:00:00.0,2604,2611,2600,2601,3290,12780
2016/07/14 00:00:00.0,2604,2611,2598,2607,1216,12286
2016/07/15 00:00:00.0,2606,2612,2590,2602,1774,12648
2016/07/18 00:00:00.0,2604,2607,2593,2595,1940,12718
2016/07/19 00:00:00.0,2601,2611,2593,2598,2940,12446
2016/07/20 00:00:00.0,2600,2601,2585,2599,1558,12244
2016/07/21 00:00:00.0,2605,2608,2595,2604,1812,11950
2016/07/22 00:00:00.0,2609,2612,2600,2601,1526,11402
2016/07/25 00:00:00.0,2602,2630,2601,2629,3780,10484
2016/07/26 00:00:00.0,2623,2641,2623,2637,2956,10868
2016/07/27 00:00:00.0,2644,2644,2625,2627,2806,10642
2016/07/28 00:00:00.0,2630,2634,2602,2604,1838,10650
2016/07/29 00:00:00.0,2604,2604,2587,2599,1690,10460
2016/08/01 00:00:00.0,2597,2597,2575,2586,3128,10360
2016/08/02 00:00:00.0,2583,2586,2570,2585,1670,10578
2016/08/03 00:00:00.0,2583,2600,2583,2600,1598,10590
2016/08/04 00:00:00.0,2611,2614,2599,2610,1860,10654
2016/08/05 00:00:00.0,2612,2612,2599,2603,1180,10636
2016/08/08 00:00:00.0,2607,2622,2606,2614,1338,10550
2016/08/09 00:00:00.0,2618,2618,2607,2611,594,10560
2016/08/10 00:00:00.0,2614,2627,2603,2608,1556,10678
2016/08/11 00:00:00.0,2605,2606,2590,2591,1460,10976
2016/08/12 00:00:00.0,2600,2600,2586,2598,796,10908
2016/08/15 00:00:00.0,2601,2620,2593,2618,1672,10504
2016/08/16 00:00:00.0,2616,2632,2612,2621,1270,10360
2016/08/17 00:00:00.0,2621,2639,2616,2628,1182,10074
2016/08/18 00:00:00.0,2629,2640,2627,2627,1446,10104
2016/08/19 00:00:00.0,2629,2637,2622,2628,1392,10394
2016/08/22 00:00:00.0,2629,2638,2622,2626,1242,10446
2016/08/23 00:00:00.0,2624,2627,2611,2620,2082,10216
2016/08/24 00:00:00.0,2611,2623,2611,2623,920,9978
2016/08/25 00:00:00.0,2625,2633,2615,2619,1216,9928
2016/08/26 00:00:00.0,2617,2622,2615,2619,482,9870
2016/08/29 00:00:00.0,2615,2618,2594,2595,2054,10060
2016/08/30 00:00:00.0,2596,2600,2586,2588,1686,10194
2016/08/31 00:00:00.0,2587,2596,2570,2581,3394,10470
2016/09/01 00:00:00.0,2581,2594,2581,2588,794,10690
2016/09/02 00:00:00.0,2591,2596,2588,2589,1058,10486
2016/09/05 00:00:00.0,2591,2602,2589,2598,1122,10646
2016/09/06 00:00:00.0,2602,2602,2593,2599,962,10694
2016/09/07 00:00:00.0,2602,2606,2595,2603,1482,10730
2016/09/08 00:00:00.0,2599,2606,2596,2601,2586,10950
2016/09/09 00:00:00.0,2605,2620,2597,2614,4512,10538
2016/09/12 00:00:00.0,2614,2639,2601,2633,4266,10498
2016/09/13 00:00:00.0,2633,2662,2633,2656,4774,10462
2016/09/14 00:00:00.0,2657,2668,2646,2667,2690,10530
2016/09/19 00:00:00.0,2675,2697,2675,2695,3008,10302
2016/09/20 00:00:00.0,2695,2700,2681,2693,2046,10530
2016/09/21 00:00:00.0,2689,2698,2685,2687,1774,10510
2016/09/22 00:00:00.0,2692,2720,2692,2713,3100,11074
2016/09/23 00:00:00.0,2712,2728,2709,2725,3010,11674
2016/09/26 00:00:00.0,2727,2743,2719,2737,3078,12236
2016/09/27 00:00:00.0,2732,2736,2710,2719,3360,12030
2016/09/28 00:00:00.0,2720,2722,2656,2677,5938,10960
2016/09/29 00:00:00.0,2672,2685,2660,2680,3982,9592
2016/09/30 00:00:00.0,2675,2712,2662,2700,2980,9868
2016/10/10 00:00:00.0,2728,2737,2686,2724,1982,9846
2016/10/11 00:00:00.0,2718,2738,2718,2729,1558,10186
2016/10/12 00:00:00.0,2721,2777,2721,2758,4438,10882
2016/10/13 00:00:00.0,2760,2765,2715,2758,3264,11558
2016/10/14 00:00:00.0,2766,2769,2753,2761,3322,12072
2016/10/17 00:00:00.0,2768,2778,2756,2768,2732,12516
2016/10/18 00:00:00.0,2767,2777,2758,2773,2972,12622
2016/10/19 00:00:00.0,2772,2787,2764,2779,1750,12452
2016/10/20 00:00:00.0,2782,2801,2774,2789,3006,12806
2016/10/21 00:00:00.0,2783,2792,2772,2774,1758,12612
2016/10/24 00:00:00.0,2771,2788,2769,2788,1804,12442
2016/10/25 00:00:00.0,2787,2788,2774,2779,1348,12276
2016/10/26 00:00:00.0,2773,2795,2771,2793,2208,12718
2016/10/27 00:00:00.0,2800,2800,2784,2788,1362,12680
2016/10/28 00:00:00.0,2787,2797,2783,2790,912,12666
2016/10/31 00:00:00.0,2787,2800,2782,2797,2744,12962
2016/11/01 00:00:00.0,2801,2829,2797,2799,4972,14028
2016/11/02 00:00:00.0,2805,2805,2790,2800,3010,13768
2016/11/03 00:00:00.0,2803,2820,2801,2803,2410,14130
2016/11/04 00:00:00.0,2799,2815,2797,2804,1844,13848
2016/11/07 00:00:00.0,2802,2812,2800,2807,1408,13876
2016/11/08 00:00:00.0,2801,2833,2801,2826,3872,15188
2016/11/09 00:00:00.0,2832,2870,2817,2861,3412,15294
2016/11/10 00:00:00.0,2848,2893,2843,2875,3700,15226
2016/11/11 00:00:00.0,2879,2906,2879,2882,5326,15694
2016/11/14 00:00:00.0,2861,2897,2810,2897,6622,15912
2016/11/15 00:00:00.0,2895,2925,2844,2858,7608,16404
2016/11/16 00:00:00.0,2878,2879,2834,2871,3036,16818
2016/11/17 00:00:00.0,2870,2893,2851,2871,3964,16598
2016/11/18 00:00:00.0,2869,2884,2861,2871,1292,16552
2016/11/21 00:00:00.0,2872,2897,2857,2892,2978,16570
2016/11/22 00:00:00.0,2900,2922,2900,2914,2884,16946
2016/11/23 00:00:00.0,2911,2923,2907,2919,2062,17258
2016/11/24 00:00:00.0,2926,2935,2916,2922,2788,17648
2016/11/25 00:00:00.0,2927,2932,2892,2919,2616,17836
2016/11/28 00:00:00.0,2920,2931,2907,2922,3922,18324
2016/11/29 00:00:00.0,2916,2925,2903,2913,3382,18086
2016/11/30 00:00:00.0,2897,2967,2897,2960,9166,19882
2016/12/01 00:00:00.0,2958,2979,2954,2968,3612,20410
2016/12/02 00:00:00.0,2960,2982,2949,2968,3620,20434
2016/12/05 00:00:00.0,2970,2981,2959,2973,2906,20830
2016/12/06 00:00:00.0,2976,2979,2956,2956,2620,20706
2016/12/07 00:00:00.0,2951,2951,2894,2921,9312,20586
2016/12/08 00:00:00.0,2918,2924,2908,2917,1954,20674
2016/12/09 00:00:00.0,2904,2921,2892,2912,2164,20828
2016/12/12 00:00:00.0,2913,2956,2904,2947,5214,19818
2016/12/13 00:00:00.0,2938,2980,2938,2944,7200,17830
2016/12/14 00:00:00.0,2932,2961,2901,2959,6018,17644
2016/12/15 00:00:00.0,2953,3001,2953,2983,5720,18514
2016/12/16 00:00:00.0,2985,3024,2984,3016,8100,19584
2016/12/19 00:00:00.0,2991,3040,2991,3013,5090,19702
2016/12/20 00:00:00.0,3015,3040,2996,3010,5006,19680
2016/12/21 00:00:00.0,3003,3015,2981,3010,6766,19012
2016/12/22 00:00:00.0,3005,3026,2995,3009,2702,19680
2016/12/23 00:00:00.0,3019,3019,2987,3004,5452,19318
2016/12/26 00:00:00.0,2985,3007,2983,2995,6508,19252
2016/12/27 00:00:00.0,2991,3008,2971,3001,8288,19300
2016/12/28 00:00:00.0,3007,3032,3007,3024,7870,20678
2016/12/29 00:00:00.0,3020,3061,3015,3049,7048,20880
2016/12/30 00:00:00.0,3035,3049,3022,3023,6966,21382
2017/01/03 00:00:00.0,3024,3034,2978,2979,6344,21094
2017/01/04 00:00:00.0,2982,2983,2960,2980,7526,21946
2017/01/05 00:00:00.0,2977,2995,2957,2972,6320,21696
2017/01/06 00:00:00.0,2976,2982,2961,2977,4556,22420
2017/01/09 00:00:00.0,2955,2990,2955,2986,5522,23232
2017/01/10 00:00:00.0,3000,3000,2970,2971,3946,23086
2017/01/11 00:00:00.0,2953,2992,2952,2982,5288,22506
2017/01/12 00:00:00.0,2983,2986,2963,2979,4338,23132
2017/01/13 00:00:00.0,2979,2995,2973,2980,3042,23058
2017/01/16 00:00:00.0,2987,3000,2971,2988,4428,23002
2017/01/17 00:00:00.0,2942,2950,2925,2942,3372,19928
2017/01/18 00:00:00.0,2950,2955,2931,2937,3878,20070
2017/01/19 00:00:00.0,2937,2937,2911,2911,6858,19578
2017/01/20 00:00:00.0,2910,2926,2906,2915,5540,19454
2017/01/23 00:00:00.0,2916,2917,2898,2911,2376,19274
2017/01/24 00:00:00.0,2915,2918,2898,2905,3426,19038
2017/01/25 00:00:00.0,2907,2916,2897,2906,3216,18052
2017/01/26 00:00:00.0,2913,2921,2900,2919,2224,17538
2017/02/03 00:00:00.0,2922,2923,2906,2913,1856,17240
2017/02/06 00:00:00.0,2912,2913,2899,2900,3656,17554
2017/02/07 00:00:00.0,2911,2911,2882,2905,2938,17808
2017/02/08 00:00:00.0,2905,2925,2901,2918,3116,17996
2017/02/09 00:00:00.0,2916,2925,2910,2913,2392,18138
2017/02/10 00:00:00.0,2922,2924,2901,2912,2566,18312
2017/02/13 00:00:00.0,2925,2935,2911,2917,3654,18216
2017/02/14 00:00:00.0,2923,2927,2915,2924,2882,18746
2017/02/15 00:00:00.0,2921,2928,2902,2923,4798,19012
2017/02/16 00:00:00.0,2926,2949,2919,2929,9528,21322
2017/02/17 00:00:00.0,2938,2939,2908,2922,4340,21874
2017/02/20 00:00:00.0,2940,2963,2927,2963,5890,23174
2017/02/21 00:00:00.0,2969,3025,2969,2986,7278,22958
2017/02/22 00:00:00.0,2995,3014,2963,2999,9444,23052
2017/02/23 00:00:00.0,3007,3011,2988,2998,9598,23960
2017/02/24 00:00:00.0,2988,3003,2972,2983,9516,23118
2017/02/27 00:00:00.0,2988,3021,2985,3018,7996,24542
2017/02/28 00:00:00.0,3017,3028,3007,3019,9596,25248
2017/03/01 00:00:00.0,3034,3037,3019,3036,7136,25808
2017/03/02 00:00:00.0,3038,3054,3035,3039,5118,26100
2017/03/03 00:00:00.0,3027,3040,3013,3036,5522,25794
2017/03/06 00:00:00.0,3028,3040,3022,3025,2982,25778
2017/03/07 00:00:00.0,3027,3037,3007,3027,6806,25664
2017/03/08 00:00:00.0,3016,3023,3002,3004,6884,25884
2017/03/09 00:00:00.0,2999,3013,2982,3009,5630,25842
2017/03/10 00:00:00.0,3004,3012,2989,2989,3440,24974
2017/03/13 00:00:00.0,2991,3000,2984,2997,3700,24326
2017/03/14 00:00:00.0,2994,3020,2984,3003,5344,24710
2017/03/15 00:00:00.0,2998,3011,2991,2999,3646,25194
2017/03/16 00:00:00.0,3000,3025,2988,2999,5338,25172
2017/03/17 00:00:00.0,3000,3000,2940,2949,8142,24016
2017/03/20 00:00:00.0,2949,2980,2939,2971,7214,24808
2017/03/21 00:00:00.0,2974,3031,2967,2970,10250,24752
2017/03/22 00:00:00.0,2972,2986,2968,2974,3008,25068
2017/03/23 00:00:00.0,2979,2988,2971,2980,2584,25334
2017/03/24 00:00:00.0,2981,2983,2955,2965,4674,25306
2017/03/27 00:00:00.0,2968,2974,2951,2965,3046,24782
2017/03/28 00:00:00.0,2973,2973,2953,2964,3700,24616
2017/03/29 00:00:00.0,2977,2996,2963,2990,6202,25228
2017/03/30 00:00:00.0,2987,3001,2979,2986,4262,24918
2017/03/31 00:00:00.0,2996,3030,2991,3009,9542,24608
2017/04/05 00:00:00.0,3016,3060,2987,3052,8136,25676
2017/04/06 00:00:00.0,3056,3062,2941,2942,15022,25054
2017/04/07 00:00:00.0,2929,2929,2874,2890,16402,22560
2017/04/10 00:00:00.0,2887,2896,2879,2890,7736,23286
2017/04/11 00:00:00.0,2895,2937,2886,2935,11590,23728
2017/04/12 00:00:00.0,2935,2959,2921,2944,10838,24084
2017/04/13 00:00:00.0,2943,3026,2940,2994,20772,24682
2017/04/14 00:00:00.0,3007,3016,2992,3013,10678,25028
2017/04/17 00:00:00.0,3017,3017,2984,3008,6968,24624
2017/04/18 00:00:00.0,3002,3005,2927,2954,14064,22850
2017/04/19 00:00:00.0,2919,2938,2899,2907,7824,21538
2017/04/20 00:00:00.0,2879,2941,2861,2939,7946,21146
2017/04/21 00:00:00.0,2939,2946,2913,2935,5374,20660
2017/04/24 00:00:00.0,2938,2939,2897,2897,4912,20028
2017/04/25 00:00:00.0,2885,2901,2844,2845,6790,18244
2017/04/26 00:00:00.0,2826,2843,2813,2818,6054,16714
2017/04/27 00:00:00.0,2824,2824,2758,2759,5950,14386
2017/04/28 00:00:00.0,2753,2753,2638,2650,12658,14262
2017/05/02 00:00:00.0,2629,2660,2604,2616,8544,14258
2017/05/03 00:00:00.0,2617,2657,2607,2614,4100,15002
2017/05/04 00:00:00.0,2625,2629,2606,2617,4230,15352
2017/05/05 00:00:00.0,2594,2598,2562,2584,3920,15368
2017/05/08 00:00:00.0,2581,2596,2570,2590,2990,15598
2017/05/09 00:00:00.0,2594,2609,2589,2602,2456,15748
2017/05/10 00:00:00.0,2604,2607,2593,2597,3016,15668
2017/05/11 00:00:00.0,2592,2600,2583,2584,4176,15920
2017/05/12 00:00:00.0,2583,2610,2583,2601,4154,15366
2017/05/15 00:00:00.0,2601,2609,2596,2596,2874,15722
2017/05/16 00:00:00.0,2580,2589,2575,2586,1672,13692
2017/05/17 00:00:00.0,2585,2599,2584,2591,3116,13804
2017/05/18 00:00:00.0,2595,2600,2582,2588,2896,13872
2017/05/19 00:00:00.0,2593,2595,2590,2591,1482,13616
2017/05/22 00:00:00.0,2590,2595,2588,2590,1860,13118
2017/05/23 00:00:00.0,2590,2627,2583,2620,5314,13008
2017/05/24 00:00:00.0,2617,2627,2607,2613,2214,12806
2017/05/25 00:00:00.0,2608,2635,2608,2623,1718,12804
2017/05/26 00:00:00.0,2628,2631,2614,2620,1790,12462
2017/05/31 00:00:00.0,2611,2624,2595,2598,2216,12380
2017/06/01 00:00:00.0,2602,2617,2595,2611,1982,12620
2017/06/02 00:00:00.0,2609,2623,2605,2620,2232,12166
2017/06/05 00:00:00.0,2625,2646,2618,2618,2570,12584
2017/06/06 00:00:00.0,2620,2620,2609,2613,1878,12674
2017/06/07 00:00:00.0,2618,2625,2616,2618,1616,12720
2017/06/08 00:00:00.0,2619,2626,2612,2620,1786,12622
2017/06/09 00:00:00.0,2623,2635,2617,2623,1620,12642
2017/06/12 00:00:00.0,2626,2628,2619,2623,1794,12772
2017/06/13 00:00:00.0,2622,2624,2609,2612,2576,12478
2017/06/14 00:00:00.0,2616,2622,2608,2614,2394,12538
2017/06/15 00:00:00.0,2614,2619,2607,2609,3228,11426
2017/06/16 00:00:00.0,2615,2616,2606,2612,3180,10452
2017/06/19 00:00:00.0,2616,2616,2589,2592,5296,9678
2017/06/20 00:00:00.0,2591,2599,2586,2593,2264,9704
2017/06/21 00:00:00.0,2595,2603,2593,2600,1264,9382
2017/06/22 00:00:00.0,2597,2607,2595,2596,2150,8954
2017/06/23 00:00:00.0,2594,2601,2590,2597,1650,8656
2017/06/26 00:00:00.0,2594,2604,2590,2598,2340,7664
2017/06/27 00:00:00.0,2597,2604,2596,2602,1000,7254
2017/06/28 00:00:00.0,2603,2604,2585,2588,2026,6716
2017/06/29 00:00:00.0,2592,2597,2585,2593,1006,6448
2017/06/30 00:00:00.0,2597,2615,2590,2592,2120,6450
2017/07/03 00:00:00.0,2614,2619,2607,2611,2234,6620
2017/07/04 00:00:00.0,2611,2618,2602,2604,1404,6540
2017/07/05 00:00:00.0,2611,2611,2603,2605,594,6472
2017/07/06 00:00:00.0,2610,2617,2603,2613,854,6360
2017/07/07 00:00:00.0,2609,2611,2596,2601,1668,6588
2017/07/10 00:00:00.0,2607,2610,2600,2601,1142,6656
2017/07/11 00:00:00.0,2606,2612,2598,2605,1682,6562
2017/07/12 00:00:00.0,2604,2617,2602,2611,1692,6636
2017/07/13 00:00:00.0,2614,2628,2611,2625,1670,6812
2017/07/14 00:00:00.0,2624,2631,2615,2618,1590,6918
2017/07/17 00:00:00.0,2620,2640,2618,2631,2422,7622
2017/07/18 00:00:00.0,2638,2642,2627,2634,1636,7776
2017/07/19 00:00:00.0,2630,2668,2630,2660,3878,8624
2017/07/20 00:00:00.0,2671,2685,2661,2681,2174,8814
2017/07/21 00:00:00.0,2683,2695,2671,2682,2372,9112
2017/07/24 00:00:00.0,2677,2696,2671,2684,1676,9316
2017/07/25 00:00:00.0,2686,2691,2661,2668,1592,9348
2017/07/26 00:00:00.0,2673,2687,2668,2677,2060,9480
2017/07/27 00:00:00.0,2673,2681,2666,2670,938,9478
2017/07/28 00:00:00.0,2671,2671,2633,2644,2210,9220
2017/07/31 00:00:00.0,2641,2653,2624,2629,2980,8360
2017/08/01 00:00:00.0,2630,2641,2630,2638,1762,8182
2017/08/02 00:00:00.0,2637,2647,2636,2638,1136,7960
2017/08/03 00:00:00.0,2640,2643,2633,2637,1068,7606
2017/08/04 00:00:00.0,2636,2653,2636,2651,962,7522
2017/08/07 00:00:00.0,2656,2665,2650,2659,1246,7636
2017/08/08 00:00:00.0,2665,2680,2661,2680,1544,7782
2017/08/09 00:00:00.0,2677,2684,2670,2683,1756,7958
2017/08/10 00:00:00.0,2683,2693,2678,2683,1384,7758
2017/08/11 00:00:00.0,2678,2692,2659,2676,1804,7350
2017/08/14 00:00:00.0,2677,2695,2674,2695,974,7328
2017/08/15 00:00:00.0,2698,2703,2681,2690,918,7352
2017/08/16 00:00:00.0,2734,2734,2683,2684,1176,7304
2017/08/17 00:00:00.0,2690,2702,2683,2693,990,7286
2017/08/18 00:00:00.0,2685,2694,2666,2676,1266,7208
2017/08/21 00:00:00.0,2682,2687,2672,2676,1180,7246
2017/08/22 00:00:00.0,2664,2707,2664,2695,1070,7156
2017/08/23 00:00:00.0,2700,2703,2688,2688,980,7044
2017/08/24 00:00:00.0,2690,2697,2686,2688,646,6902
2017/08/25 00:00:00.0,2686,2691,2677,2685,1042,6896
2017/08/28 00:00:00.0,2691,2711,2685,2709,1644,6844
2017/08/29 00:00:00.0,2707,2722,2704,2708,1496,6712
2017/08/30 00:00:00.0,2710,2714,2679,2714,1652,6594
2017/08/31 00:00:00.0,2709,2726,2704,2721,1506,6786
2017/09/01 00:00:00.0,2727,2743,2708,2714,1986,6978
2017/09/04 00:00:00.0,2713,2733,2706,2726,1030,6970
2017/09/05 00:00:00.0,2729,2730,2718,2730,706,7044
2017/09/06 00:00:00.0,2731,2740,2722,2737,1146,7336
2017/09/07 00:00:00.0,2737,2753,2731,2734,2100,7898
2017/09/08 00:00:00.0,2729,2736,2721,2728,1578,7730
2017/09/11 00:00:00.0,2720,2733,2712,2712,984,7532
2017/09/12 00:00:00.0,2707,2717,2704,2710,1100,7396
2017/09/13 00:00:00.0,2706,2710,2689,2701,1344,7244
2017/09/14 00:00:00.0,2701,2708,2661,2669,2500,7300
2017/09/15 00:00:00.0,2672,2683,2671,2679,1840,6758
2017/09/18 00:00:00.0,2682,2684,2669,2671,740,6900
2017/09/19 00:00:00.0,2669,2669,2638,2638,2062,6906
2017/09/20 00:00:00.0,2642,2644,2622,2636,1698,6756
2017/09/21 00:00:00.0,2644,2644,2610,2619,2056,6762
2017/09/22 00:00:00.0,2619,2631,2617,2624,1130,6984
2017/09/25 00:00:00.0,2627,2648,2626,2643,1158,7114
2017/09/26 00:00:00.0,2634,2654,2608,2617,3238,7636
2017/09/27 00:00:00.0,2617,2639,2613,2631,1352,7402
2017/09/28 00:00:00.0,2630,2635,2617,2631,1398,7482
2017/09/29 00:00:00.0,2629,2639,2621,2624,1308,7428
2017/10/09 00:00:00.0,2632,2632,2615,2620,802,7618
2017/10/10 00:00:00.0,2621,2630,2617,2629,678,7568
2017/10/11 00:00:00.0,2627,2649,2624,2625,1270,7646
2017/10/12 00:00:00.0,2626,2635,2613,2625,682,7756
2017/10/13 00:00:00.0,2628,2634,2624,2629,660,7836
2017/10/16 00:00:00.0,2630,2648,2629,2639,762,7778
2017/10/17 00:00:00.0,2633,2633,2609,2622,1146,8100
2017/10/18 00:00:00.0,2620,2640,2618,2633,734,7882
2017/10/19 00:00:00.0,2640,2643,2613,2617,836,7858
2017/10/20 00:00:00.0,2623,2630,2619,2621,444,7934
2017/10/23 00:00:00.0,2620,2628,2618,2624,456,7826
2017/10/24 00:00:00.0,2630,2646,2626,2626,996,7650
2017/10/25 00:00:00.0,2631,2650,2627,2648,856,7406
2017/10/26 00:00:00.0,2652,2666,2643,2650,1362,7192
2017/10/27 00:00:00.0,2645,2654,2620,2630,1020,7068
2017/10/30 00:00:00.0,2639,2642,2628,2636,456,7128
2017/10/31 00:00:00.0,2638,2641,2631,2636,340,7048
2017/11/01 00:00:00.0,2635,2645,2624,2631,588,7024
2017/11/02 00:00:00.0,2632,2641,2631,2639,530,7066
2017/11/03 00:00:00.0,2639,2644,2630,2637,678,7172
2017/11/06 00:00:00.0,2640,2649,2637,2649,712,7168
2017/11/07 00:00:00.0,2648,2648,2634,2644,826,7244
2017/11/08 00:00:00.0,2651,2662,2641,2646,790,7156
2017/11/09 00:00:00.0,2645,2660,2642,2647,1266,6492
2017/11/10 00:00:00.0,2643,2653,2637,2647,722,6336
2017/11/13 00:00:00.0,2643,2655,2641,2652,518,6342
2017/11/14 00:00:00.0,2647,2662,2643,2661,770,6262
2017/11/15 00:00:00.0,2660,2679,2649,2670,1946,6468
2017/11/16 00:00:00.0,2665,2683,2657,2657,1282,6380
2017/11/17 00:00:00.0,2664,2664,2641,2649,1036,6000
2017/11/20 00:00:00.0,2651,2661,2645,2651,1268,5682
2017/11/21 00:00:00.0,2656,2656,2621,2627,1566,5464
2017/11/22 00:00:00.0,2624,2639,2613,2635,1676,5126
2017/11/23 00:00:00.0,2634,2639,2615,2617,1212,5514
2017/11/24 00:00:00.0,2616,2622,2608,2611,700,5578
2017/11/27 00:00:00.0,2612,2620,2573,2573,2180,5670
2017/11/28 00:00:00.0,2573,2587,2571,2587,748,5578
2017/11/29 00:00:00.0,2594,2596,2576,2576,802,5692
2017/11/30 00:00:00.0,2583,2585,2549,2553,1466,5600
2017/12/01 00:00:00.0,2548,2579,2535,2579,1416,5264
2017/12/04 00:00:00.0,2575,2592,2569,2589,684,5042
2017/12/05 00:00:00.0,2603,2608,2577,2603,1102,4702
2017/12/06 00:00:00.0,2608,2614,2568,2574,746,4670
2017/12/07 00:00:00.0,2575,2575,2540,2546,952,4712
2017/12/08 00:00:00.0,2557,2570,2542,2545,706,4728
2017/12/11 00:00:00.0,2545,2556,2543,2545,540,4582
2017/12/12 00:00:00.0,2548,2567,2543,2547,578,4526
2017/12/13 00:00:00.0,2551,2562,2547,2561,388,4376
2017/12/14 00:00:00.0,2561,2575,2556,2574,634,4168
2017/12/15 00:00:00.0,2573,2575,2563,2573,406,4154
2017/12/18 00:00:00.0,2581,2581,2552,2572,700,3810
2017/12/19 00:00:00.0,2572,2579,2556,2556,404,3854
2017/12/20 00:00:00.0,2555,2564,2552,2555,888,4098
2017/12/21 00:00:00.0,2556,2568,2552,2566,602,4098
2017/12/22 00:00:00.0,2562,2581,2544,2561,2280,4094
2017/12/25 00:00:00.0,2561,2572,2554,2561,776,3822
2017/12/26 00:00:00.0,2560,2569,2554,2569,822,3528
2017/12/27 00:00:00.0,2571,2582,2568,2571,568,3402
2017/12/28 00:00:00.0,2568,2584,2546,2550,1376,3086
2017/12/29 00:00:00.0,2553,2559,2535,2558,1618,2838
2018/01/02 00:00:00.0,2558,2585,2556,2583,554,2794
2018/01/03 00:00:00.0,2586,2623,2570,2600,1132,3012
2018/01/04 00:00:00.0,2607,2633,2607,2619,702,2878
2018/01/05 00:00:00.0,2632,2634,2621,2629,356,2592
2018/01/08 00:00:00.0,2618,2620,2602,2618,198,2576
2018/01/09 00:00:00.0,2613,2617,2587,2587,540,2738
2018/01/10 00:00:00.0,2587,2595,2585,2590,222,2790
2018/01/11 00:00:00.0,2587,2588,2580,2580,262,2782
2018/01/12 00:00:00.0,2581,2587,2580,2581,210,2778
2018/01/15 00:00:00.0,2585,2585,2573,2578,298,2746
2018/01/16 00:00:00.0,2589,2610,2589,2609,222,2256
2018/01/17 00:00:00.0,2625,2628,2608,2626,278,2218
2018/01/18 00:00:00.0,2622,2622,2602,2603,256,2256
2018/01/19 00:00:00.0,2611,2611,2589,2592,256,2244
2018/01/22 00:00:00.0,2603,2615,2593,2614,236,2200
2018/01/23 00:00:00.0,2615,2621,2605,2606,106,2186
2018/01/24 00:00:00.0,2607,2607,2594,2598,198,2172
2018/01/25 00:00:00.0,2604,2609,2599,2603,74,2168
2018/01/26 00:00:00.0,2605,2612,2591,2607,312,2126
2018/01/29 00:00:00.0,2606,2619,2590,2598,366,2158
2018/01/30 00:00:00.0,2598,2618,2597,2607,290,2148
2018/01/31 00:00:00.0,2615,2616,2598,2602,182,2094
2018/02/01 00:00:00.0,2598,2606,2586,2598,340,2034
2018/02/02 00:00:00.0,2598,2605,2592,2594,170,1994
2018/02/05 00:00:00.0,2600,2627,2598,2624,380,1896
2018/02/06 00:00:00.0,2620,2633,2609,2615,174,1906
2018/02/07 00:00:00.0,2623,2625,2617,2620,350,1958
2018/02/08 00:00:00.0,2613,2636,2595,2612,562,1982
2018/02/09 00:00:00.0,2598,2615,2598,2606,150,1922
2018/02/12 00:00:00.0,2600,2607,2585,2586,450,1968
2018/02/13 00:00:00.0,2591,2602,2577,2582,414,2110
2018/02/14 00:00:00.0,2580,2590,2577,2583,152,2130
2018/02/22 00:00:00.0,2581,2591,2577,2591,166,2126
2018/02/23 00:00:00.0,2588,2637,2585,2624,720,2062
2018/02/26 00:00:00.0,2630,2632,2616,2625,350,2074
2018/02/27 00:00:00.0,2623,2623,2616,2619,130,2124
2018/02/28 00:00:00.0,2617,2638,2616,2623,436,2204
2018/03/01 00:00:00.0,2623,2633,2619,2627,506,2292
2018/03/05 00:00:00.0,2645,2658,2640,2647,770,2702
2018/03/06 00:00:00.0,2647,2656,2576,2596,1118,2570
2018/03/07 00:00:00.0,2596,2599,2566,2587,1166,2354
2018/03/08 00:00:00.0,2590,2590,2569,2574,394,2394
2018/03/09 00:00:00.0,2572,2592,2571,2583,892,2332
2018/03/12 00:00:00.0,2585,2594,2578,2581,388,2314
2018/03/13 00:00:00.0,2584,2586,2577,2580,138,2284
2018/03/14 00:00:00.0,2582,2587,2576,2577,108,2280
2018/03/15 00:00:00.0,2581,2587,2573,2580,306,2262
2018/03/16 00:00:00.0,2582,2588,2576,2581,224,2242
2018/03/19 00:00:00.0,2576,2576,2560,2571,334,2210
2018/03/20 00:00:00.0,2570,2579,2561,2578,346,2092
2018/03/21 00:00:00.0,2578,2582,2570,2571,272,2052
2018/03/22 00:00:00.0,2568,2577,2568,2574,116,2040
2018/03/23 00:00:00.0,2570,2572,2531,2531,592,2010
2018/03/26 00:00:00.0,2524,2551,2510,2529,632,2034
2018/03/27 00:00:00.0,2526,2531,2515,2515,426,2144
2018/03/28 00:00:00.0,2515,2517,2497,2509,368,2170
2018/03/29 00:00:00.0,2504,2518,2491,2495,364,2212
2018/03/30 00:00:00.0,2489,2522,2487,2521,252,2162
2018/04/02 00:00:00.0,2529,2559,2527,2537,702,2194
2018/04/03 00:00:00.0,2544,2585,2537,2559,598,2132
2018/04/04 00:00:00.0,2574,2575,2553,2556,428,2140
2018/04/09 00:00:00.0,2570,2587,2556,2556,500,2132
2018/04/10 00:00:00.0,2569,2569,2558,2561,204,2120
2018/04/11 00:00:00.0,2559,2559,2539,2539,194,2106
2018/04/12 00:00:00.0,2550,2550,2507,2512,404,2194
2018/04/13 00:00:00.0,2522,2545,2516,2537,1430,2948
2018/04/16 00:00:00.0,2535,2560,2522,2527,258,2902
2018/04/17 00:00:00.0,2533,2535,2496,2501,458,2944
2018/04/18 00:00:00.0,2509,2511,2477,2491,478,2966
2018/04/19 00:00:00.0,2485,2494,2479,2479,196,2984
2018/04/20 00:00:00.0,2478,2494,2474,2487,198,2952
2018/04/23 00:00:00.0,2492,2506,2485,2488,852,3048
2018/04/24 00:00:00.0,2487,2487,2472,2475,410,3002
2018/04/25 00:00:00.0,2471,2477,2466,2471,498,3194
2018/04/26 00:00:00.0,2469,2476,2453,2454,758,3284
2018/04/27 00:00:00.0,2453,2495,2440,2457,1636,3412
2018/05/02 00:00:00.0,2473,2494,2469,2490,2356,4606
2018/05/03 00:00:00.0,2497,2507,2485,2491,1352,5202
2018/05/04 00:00:00.0,2497,2506,2496,2499,606,5184
2018/05/07 00:00:00.0,2500,2501,2490,2493,624,4812
2018/05/08 00:00:00.0,2489,2489,2468,2476,510,4746
2018/05/09 00:00:00.0,2481,2481,2463,2471,546,4672
2018/05/10 00:00:00.0,2472,2567,2472,2527,5396,6176
2018/05/11 00:00:00.0,2542,2542,2502,2506,1684,6694
2018/05/14 00:00:00.0,2503,2504,2483,2483,1828,7146
2018/05/15 00:00:00.0,2487,2492,2478,2486,388,7024
2018/05/16 00:00:00.0,2495,2530,2488,2513,1606,6416
2018/05/17 00:00:00.0,2521,2521,2497,2502,880,6448
2018/05/18 00:00:00.0,2507,2517,2500,2501,644,6442
2018/05/21 00:00:00.0,2506,2594,2506,2577,5074,6506
2018/05/22 00:00:00.0,2567,2583,2545,2563,2220,7044
2018/05/23 00:00:00.0,2570,2589,2552,2565,1378,7092
2018/05/24 00:00:00.0,2581,2581,2558,2565,2444,7846
2018/05/25 00:00:00.0,2572,2572,2548,2554,1652,8066
2018/05/28 00:00:00.0,2553,2553,2531,2532,2154,8578
2018/05/29 00:00:00.0,2534,2550,2533,2547,1220,8712
2018/05/30 00:00:00.0,2545,2549,2534,2534,892,8632
2018/05/31 00:00:00.0,2532,2577,2524,2558,2928,9082
2018/06/01 00:00:00.0,2563,2591,2549,2578,2520,9614
2018/06/04 00:00:00.0,2584,2668,2584,2642,8662,11968
2018/06/05 00:00:00.0,2638,2652,2627,2641,7074,12484
2018/06/06 00:00:00.0,2642,2642,2629,2639,1434,12596
2018/06/07 00:00:00.0,2638,2655,2634,2638,2300,12700
2018/06/08 00:00:00.0,2634,2644,2606,2608,3242,12296
2018/06/11 00:00:00.0,2622,2672,2622,2638,6766,12660
2018/06/12 00:00:00.0,2633,2656,2585,2656,4216,12534
2018/06/13 00:00:00.0,2651,2660,2612,2624,2834,12424
2018/06/14 00:00:00.0,2626,2638,2618,2625,1800,12290
2018/06/15 00:00:00.0,2622,2630,2610,2613,1318,12010
2018/06/19 00:00:00.0,2628,2644,2586,2599,2806,11532
2018/06/20 00:00:00.0,2607,2607,2591,2593,1162,11166
2018/06/21 00:00:00.0,2594,2602,2593,2593,1162,10960
2018/06/22 00:00:00.0,2595,2617,2594,2602,2212,11018
2018/06/25 00:00:00.0,2604,2612,2593,2594,1084,11146
2018/06/26 00:00:00.0,2589,2599,2587,2595,1480,10578
2018/06/27 00:00:00.0,2592,2599,2592,2599,472,10538
2018/06/28 00:00:00.0,2599,2605,2585,2595,1306,10264
2018/06/29 00:00:00.0,2595,2609,2591,2600,820,10206
2018/07/02 00:00:00.0,2599,2605,2589,2592,1294,9752
2018/07/03 00:00:00.0,2601,2601,2586,2595,2034,9092
2018/07/04 00:00:00.0,2597,2599,2592,2594,294,9024
2018/07/05 00:00:00.0,2590,2597,2585,2591,752,8902
2018/07/06 00:00:00.0,2589,2600,2484,2584,2572,8090
2018/07/09 00:00:00.0,2572,2584,2552,2553,586,8090
2018/07/10 00:00:00.0,2556,2561,2534,2540,506,7920
2018/07/11 00:00:00.0,2546,2549,2542,2544,424,7776
2018/07/12 00:00:00.0,2532,2548,2532,2546,616,7626
2018/07/13 00:00:00.0,2559,2563,2529,2545,934,7164
2018/07/16 00:00:00.0,2551,2566,2546,2551,2156,7290
2018/07/17 00:00:00.0,2558,2559,2540,2540,604,7134
2018/07/18 00:00:00.0,2539,2544,2536,2542,532,6996
2018/07/19 00:00:00.0,2548,2553,2541,2545,302,6960
2018/07/20 00:00:00.0,2549,2576,2548,2569,3720,7790
2018/07/23 00:00:00.0,2580,2587,2564,2566,1674,7604
2018/07/24 00:00:00.0,2576,2576,2559,2561,702,7376
2018/07/25 00:00:00.0,2570,2571,2557,2565,668,7484
2018/07/26 00:00:00.0,2577,2591,2574,2580,1694,7776
2018/07/27 00:00:00.0,2585,2585,2573,2579,938,7488
2018/07/30 00:00:00.0,2584,2593,2584,2591,722,7408
2018/07/31 00:00:00.0,2598,2603,2589,2594,696,7376
2018/08/01 00:00:00.0,2594,2600,2561,2587,1054,6970
2018/08/02 00:00:00.0,2593,2593,2576,2584,346,6924
2018/08/03 00:00:00.0,2588,2604,2579,2584,780,6914
2018/08/06 00:00:00.0,2595,2655,2594,2645,4946,8700
2018/08/07 00:00:00.0,2662,2667,2632,2641,2386,8874
2018/08/08 00:00:00.0,2647,2652,2622,2641,1626,9182
2018/08/10 00:00:00.0,2646,2664,2637,2649,1274,9670
2018/08/13 00:00:00.0,2649,2650,2589,2614,2344,9310
2018/08/14 00:00:00.0,2609,2625,2602,2617,1002,9350
2018/08/15 00:00:00.0,2623,2634,2608,2613,1176,9330
2018/08/16 00:00:00.0,2610,2613,2593,2612,1134,9092
2018/08/17 00:00:00.0,2610,2624,2599,2603,1112,8814
2018/08/20 00:00:00.0,2613,2630,2604,2613,1208,8888
2018/08/21 00:00:00.0,2613,2621,2606,2606,710,8830
2018/08/22 00:00:00.0,2607,2616,2604,2607,822,8692
2018/08/23 00:00:00.0,2608,2610,2594,2601,1012,8220
2018/08/24 00:00:00.0,2605,2608,2588,2589,1174,7942
2018/08/27 00:00:00.0,2603,2606,2596,2603,654,7960
2018/08/28 00:00:00.0,2603,2619,2600,2601,462,7982
2018/08/29 00:00:00.0,2607,2609,2588,2595,380,7772
2018/08/30 00:00:00.0,2608,2613,2597,2598,854,7794
2018/08/31 00:00:00.0,2607,2608,2588,2593,680,7654
2018/09/03 00:00:00.0,2602,2602,2580,2581,1278,7432
2018/09/04 00:00:00.0,2581,2589,2574,2580,918,7096
2018/09/05 00:00:00.0,2584,2587,2572,2584,486,6942
2018/09/06 00:00:00.0,2584,2591,2577,2580,458,6894
2018/09/07 00:00:00.0,2575,2584,2575,2581,350,6782
2018/09/10 00:00:00.0,2579,2586,2577,2581,1204,7222
2018/09/11 00:00:00.0,2582,2588,2579,2580,534,6980
2018/09/12 00:00:00.0,2585,2586,2570,2578,470,6850
2018/09/13 00:00:00.0,2581,2585,2575,2577,250,6742
2018/09/14 00:00:00.0,2579,2579,2570,2571,814,6152
2018/09/17 00:00:00.0,2587,2589,2576,2580,312,5542
2018/09/18 00:00:00.0,2580,2584,2579,2584,426,5382
2018/09/19 00:00:00.0,2584,2590,2578,2580,438,5268
2018/09/20 00:00:00.0,2582,2585,2578,2584,500,5178
2018/09/21 00:00:00.0,2589,2597,2579,2580,348,5252
2018/09/25 00:00:00.0,2587,2587,2553,2554,1204,5336
2018/09/26 00:00:00.0,2559,2572,2557,2561,554,5340
2018/09/27 00:00:00.0,2562,2563,2556,2560,704,5152
2018/09/28 00:00:00.0,2560,2565,2552,2564,336,5004
2018/10/08 00:00:00.0,2564,2590,2557,2569,546,5200
2018/10/09 00:00:00.0,2576,2581,2547,2572,884,5304
2018/10/10 00:00:00.0,2569,2569,2545,2557,446,5222
2018/10/11 00:00:00.0,2553,2563,2535,2545,614,5158
2018/10/12 00:00:00.0,2552,2557,2541,2554,548,5066
2018/10/15 00:00:00.0,2557,2561,2552,2555,296,5112
2018/10/16 00:00:00.0,2552,2557,2547,2549,330,5118
2018/10/17 00:00:00.0,2560,2561,2547,2550,300,5110
2018/10/18 00:00:00.0,2554,2555,2544,2548,292,5030
2018/10/19 00:00:00.0,2553,2554,2547,2548,194,4910
2018/10/22 00:00:00.0,2554,2566,2548,2557,294,4858
2018/10/23 00:00:00.0,2560,2561,2549,2552,224,4734
2018/10/24 00:00:00.0,2558,2558,2550,2551,204,4678
2018/10/25 00:00:00.0,2552,2556,2545,2551,274,4578
2018/10/26 00:00:00.0,2551,2555,2549,2554,320,4508
2018/10/29 00:00:00.0,2555,2582,2555,2570,484,4474
2018/10/30 00:00:00.0,2581,2582,2563,2565,174,4464
2018/10/31 00:00:00.0,2571,2571,2562,2563,116,4438
2018/11/01 00:00:00.0,2571,2591,2558,2591,1004,4094
2018/11/02 00:00:00.0,2590,2590,2557,2586,500,3892
2018/11/05 00:00:00.0,2588,2616,2588,2606,764,4034
2018/11/06 00:00:00.0,2606,2614,2603,2606,234,3982
2018/11/07 00:00:00.0,2606,2611,2601,2601,240,3942
2018/11/08 00:00:00.0,2608,2609,2604,2606,178,3872
2018/11/09 00:00:00.0,2610,2610,2583,2600,344,3752
2018/11/12 00:00:00.0,2598,2605,2589,2601,228,3662
2018/11/13 00:00:00.0,2598,2622,2597,2606,390,3690
2018/11/14 00:00:00.0,2604,2621,2604,2621,274,3728
2018/11/15 00:00:00.0,2635,2635,2613,2626,298,3824
2018/11/16 00:00:00.0,2631,2634,2608,2620,422,3638
2018/11/19 00:00:00.0,2603,2641,2585,2634,374,3614
2018/11/20 00:00:00.0,2632,2652,2630,2652,470,3582
2018/11/21 00:00:00.0,2657,2659,2635,2642,798,3202
2018/11/22 00:00:00.0,2642,2649,2635,2638,316,3040
2018/11/23 00:00:00.0,2638,2648,2633,2636,188,2970
2018/11/26 00:00:00.0,2636,2639,2554,2555,742,2578
2018/11/27 00:00:00.0,2556,2564,2535,2560,406,2462
2018/11/28 00:00:00.0,2554,2569,2545,2546,260,2372
2018/11/29 00:00:00.0,2551,2561,2531,2550,192,2300
2018/11/30 00:00:00.0,2550,2552,2545,2545,142,2250
2018/12/03 00:00:00.0,2560,2570,2547,2552,184,2206
2018/12/04 00:00:00.0,2555,2567,2550,2550,246,2138
2018/12/05 00:00:00.0,2561,2575,2549,2553,182,2124
2018/12/06 00:00:00.0,2557,2557,2545,2545,152,2098
2018/12/07 00:00:00.0,2561,2568,2542,2550,222,2012
2018/12/10 00:00:00.0,2546,2565,2546,2558,204,1980
2018/12/11 00:00:00.0,2564,2576,2554,2564,290,1904
2018/12/12 00:00:00.0,2564,2568,2558,2559,102,1832
2018/12/13 00:00:00.0,2557,2564,2537,2551,250,1746
2018/12/14 00:00:00.0,2557,2557,2539,2545,142,1656
2018/12/17 00:00:00.0,2551,2552,2523,2531,166,1622
2018/12/18 00:00:00.0,2541,2541,2521,2523,140,1588
2018/12/19 00:00:00.0,2526,2534,2516,2517,450,1300
2018/12/20 00:00:00.0,2519,2529,2508,2508,96,1252
2018/12/21 00:00:00.0,2509,2512,2464,2466,116,1232
2018/12/24 00:00:00.0,2477,2477,2406,2423,618,1192
2018/12/25 00:00:00.0,2425,2433,2403,2426,788,1030
2018/12/26 00:00:00.0,2438,2438,2412,2414,134,978
2018/12/27 00:00:00.0,2409,2416,2386,2407,154,964
