2015/05/18 00:00:00.0,440,440.2,437.6,437.6,128,76
2015/05/19 00:00:00.0,436,437.6,436,437,12,84
2015/05/20 00:00:00.0,436.8,437,434.8,435.8,16,84
2015/05/21 00:00:00.0,438,446.8,437.8,443.2,74,122
2015/05/22 00:00:00.0,439.2,443.8,439.2,441.4,68,154
2015/05/25 00:00:00.0,439.2,441.8,439.2,440.2,12,154
2015/05/26 00:00:00.0,441,447.8,439.2,441.4,336,338
2015/05/27 00:00:00.0,440,444.2,438.8,440.8,176,456
2015/05/28 00:00:00.0,440.8,441,439.6,439.8,86,524
2015/05/29 00:00:00.0,441.4,442.6,439.8,442.6,26,544
2015/06/01 00:00:00.0,443,443,440.2,440.8,34,552
2015/06/02 00:00:00.0,440.6,442.6,440.2,440.2,24,566
2015/06/03 00:00:00.0,442.2,442.2,440,440,16,572
2015/06/04 00:00:00.0,440.8,441,438.6,440,20,588
2015/06/05 00:00:00.0,440.8,440.8,438,438.4,28,592
2015/06/08 00:00:00.0,438,438.6,437.4,438.2,224,614
2015/06/09 00:00:00.0,438,438,438,438,2,616
2015/06/10 00:00:00.0,439,439,437,439,32,622
2015/06/11 00:00:00.0,440,440,437.2,437.4,8,628
2015/06/12 00:00:00.0,437,437,428,428,166,698
2015/06/15 00:00:00.0,430,430.6,428.8,428.8,54,696
2015/06/16 00:00:00.0,425,428,425,426.8,178,720
2015/06/17 00:00:00.0,425,426,421.6,422.6,70,750
2015/06/18 00:00:00.0,422,422.4,420.4,421.8,30,750
2015/06/19 00:00:00.0,418,422.6,414.4,420.8,62,766
2015/06/24 00:00:00.0,428,428,421.2,421.2,42,790
2015/06/25 00:00:00.0,423,423,419.2,420,62,808
2015/06/26 00:00:00.0,419.6,420.4,419,420,194,722
2015/06/29 00:00:00.0,419.4,420,411.8,420,50,702
2015/06/30 00:00:00.0,416.2,418.2,413.2,416.6,130,704
2015/07/01 00:00:00.0,414,417.4,414,415,60,730
2015/07/02 00:00:00.0,414,415.2,412.2,415.2,66,724
2015/07/03 00:00:00.0,415,417.2,413.6,414.2,86,736
2015/07/06 00:00:00.0,413.2,413.4,404.2,409.2,434,704
2015/07/07 00:00:00.0,409.2,409.2,400,406.8,316,608
2015/07/08 00:00:00.0,402.6,402.6,390.6,390.6,174,526
2015/07/09 00:00:00.0,370.4,401,370.4,395,136,490
2015/07/10 00:00:00.0,396.4,397,392.6,393.4,76,508
2015/07/13 00:00:00.0,395,396.8,381.8,390,62,516
2015/07/14 00:00:00.0,392.6,392.6,390.8,391.2,18,522
2015/07/15 00:00:00.0,393.6,393.6,389.8,390.2,32,532
2015/07/16 00:00:00.0,390.2,392.2,390,390.8,40,540
2015/07/17 00:00:00.0,390,392.8,390,392.4,50,572
2015/07/20 00:00:00.0,389.2,392.6,389.2,391.2,142,578
2015/07/21 00:00:00.0,392.8,392.8,389,391,90,610
2015/07/22 00:00:00.0,390,390.6,382.2,382.6,152,658
2015/07/23 00:00:00.0,379.2,384.6,379,380.6,84,696
2015/07/24 00:00:00.0,382,382.4,380,381,252,692
2015/07/27 00:00:00.0,382.2,383,379.8,381.4,184,718
2015/07/28 00:00:00.0,381.2,382.4,375.8,377.8,158,724
2015/07/29 00:00:00.0,379.8,380.8,376,377.4,326,914
2015/07/30 00:00:00.0,377.6,379.6,375.2,375.2,256,1070
2015/07/31 00:00:00.0,376,378.2,375.4,377,70,1086
2015/08/03 00:00:00.0,378.4,378.6,373.8,376.2,140,1116
2015/08/04 00:00:00.0,375.4,377.6,375.2,376.2,82,1134
2015/08/05 00:00:00.0,376.6,377.4,376.2,376.6,420,1082
2015/08/06 00:00:00.0,376.6,376.6,370.8,374.8,116,1100
2015/08/07 00:00:00.0,375.2,375.2,371.8,372.4,168,1148
2015/08/10 00:00:00.0,372.4,373.6,365.2,370.6,212,1258
2015/08/11 00:00:00.0,371.4,375.6,371,373.2,648,1396
2015/08/12 00:00:00.0,373,375.8,372.2,375.8,414,1466
2015/08/13 00:00:00.0,375.8,381.4,375.8,379,788,1680
2015/08/14 00:00:00.0,377.2,378.2,377,378.2,292,1720
2015/08/17 00:00:00.0,378,378.2,377,377,166,1750
2015/08/18 00:00:00.0,377.2,377.6,373.6,374.4,644,2110
2015/08/19 00:00:00.0,374,374.8,371.4,374.6,708,2158
2015/08/20 00:00:00.0,374.4,376,372.2,372.4,570,2222
2015/08/21 00:00:00.0,373,374,372.2,372.2,126,2242
2015/08/24 00:00:00.0,372.8,373,362.4,363.6,590,2184
2015/08/25 00:00:00.0,362.2,365.2,359.6,363,256,2104
2015/08/26 00:00:00.0,369,369,358.4,359.4,498,2420
2015/08/27 00:00:00.0,360.8,365,360.8,363.4,300,2432
2015/08/28 00:00:00.0,363.4,369.6,363,364.4,660,2550
2015/08/31 00:00:00.0,364,365.4,362.2,363.8,694,2624
2015/09/01 00:00:00.0,364,365.8,362.4,364.2,722,2534
2015/09/02 00:00:00.0,364.8,366,361.2,362.8,336,2544
2015/09/07 00:00:00.0,360,362.4,356.2,360.8,218,2548
2015/09/08 00:00:00.0,362,363.2,361.8,363,324,2530
2015/09/09 00:00:00.0,364,366.2,363.2,364.8,780,2930
2015/09/10 00:00:00.0,364,365,363.2,365,378,3038
2015/09/11 00:00:00.0,364.6,366,364.6,365,534,3208
2015/09/14 00:00:00.0,365,366,363,364.2,354,3136
2015/09/15 00:00:00.0,363.2,364.2,361.4,362,252,3218
2015/09/16 00:00:00.0,362.2,364.6,361.6,363.2,386,3352
2015/09/17 00:00:00.0,363.4,363.6,362,362.8,244,3400
2015/09/18 00:00:00.0,362.6,363.4,362,363.2,290,3486
2015/09/21 00:00:00.0,362.8,363,359.2,359.4,1068,3986
2015/09/22 00:00:00.0,360.2,360.6,358.4,358.4,316,4162
2015/09/23 00:00:00.0,358.8,359.6,357.6,359.2,132,4178
2015/09/24 00:00:00.0,358.6,359,357.4,358,184,4238
2015/09/25 00:00:00.0,359.4,359.4,357.4,357.4,146,4244
2015/09/28 00:00:00.0,357.4,357.6,350.4,351,732,4614
2015/09/29 00:00:00.0,350.2,351.4,346.6,348.2,740,4580
2015/09/30 00:00:00.0,348.2,348.8,345.4,347,374,4492
2015/10/08 00:00:00.0,348,349.8,348,348.2,552,4688
2015/10/09 00:00:00.0,348.6,350.8,348,350,1130,5218
2015/10/12 00:00:00.0,349.6,350,348,348.8,974,5448
2015/10/13 00:00:00.0,347.8,347.8,346.2,346.2,608,5776
2015/10/14 00:00:00.0,345.6,346.6,339.4,339.8,1908,6740
2015/10/15 00:00:00.0,340.2,340.2,337.2,338.4,3472,7192
2015/10/16 00:00:00.0,338,338,336.2,336.6,2570,7480
2015/10/19 00:00:00.0,336.2,337.8,335.8,336.2,2430,7530
2015/10/20 00:00:00.0,335.8,336.2,334.2,334.2,1676,7598
2015/10/21 00:00:00.0,334.4,334.4,331.4,331.8,2520,7658
2015/10/22 00:00:00.0,332.4,333.6,331.4,332.4,1698,7670
2015/10/23 00:00:00.0,332.6,332.6,328.8,330.8,4354,9332
2015/10/26 00:00:00.0,330,330.4,323.2,323.6,4932,11802
2015/10/27 00:00:00.0,324.2,325.6,321.8,324,6608,13790
2015/10/28 00:00:00.0,324,324.4,321.6,322.2,4396,14268
2015/10/29 00:00:00.0,321.8,323.8,320.2,322,4162,14174
2015/10/30 00:00:00.0,321.4,322.4,317,317.2,4170,15258
2015/11/02 00:00:00.0,317.6,317.6,313.4,313.8,11878,20400
2015/11/03 00:00:00.0,314,314.4,309.8,309.8,10986,23660
2015/11/04 00:00:00.0,310.2,313.2,310,310.8,13244,24794
2015/11/05 00:00:00.0,310.6,314.4,306.2,307,22332,29312
2015/11/06 00:00:00.0,306.8,308.4,302.6,306.6,12352,32908
2015/11/09 00:00:00.0,306.2,308.6,306,308.2,8372,33708
2015/11/10 00:00:00.0,308,309.8,306.6,309.6,14962,32116
2015/11/11 00:00:00.0,309,309.8,302.2,303.2,12652,33784
2015/11/12 00:00:00.0,303.2,303.8,298.4,300,21954,37448
2015/11/13 00:00:00.0,299.2,301.8,296.4,300,28736,39186
2015/11/16 00:00:00.0,301.4,304.2,298.6,300,25768,40772
2015/11/17 00:00:00.0,300.8,301.4,296.4,299.8,20118,41120
2015/11/18 00:00:00.0,299.8,301.4,295,296.2,20062,44416
2015/11/19 00:00:00.0,296,296.8,286.2,287.2,57168,49898
2015/11/20 00:00:00.0,287.4,289.4,285,286.8,39658,53010
2015/11/23 00:00:00.0,287,289.6,285.6,286.6,29804,52364
2015/11/24 00:00:00.0,286.8,287.4,278,282.8,74652,59222
2015/11/25 00:00:00.0,282.2,292,280,288.4,72700,58560
2015/11/26 00:00:00.0,287.4,297.8,285.2,293.2,73540,56926
2015/11/27 00:00:00.0,292.8,297.8,290.6,293.2,40574,59138
2015/11/30 00:00:00.0,292.6,295.2,287.4,292,38904,60316
2015/12/01 00:00:00.0,292,296.8,291.8,293.8,31222,61888
2015/12/02 00:00:00.0,293.6,299.2,291.2,296.6,45400,65192
2015/12/03 00:00:00.0,295.8,296.4,288.8,289.4,37972,68974
2015/12/04 00:00:00.0,288.4,292.6,284.8,287.2,53992,68340
2015/12/07 00:00:00.0,288.2,291.4,282,291,45114,68612
2015/12/08 00:00:00.0,289.8,291,285.6,288.4,40768,69100
2015/12/09 00:00:00.0,287.6,291.4,286.2,289.8,41424,71572
2015/12/10 00:00:00.0,290.4,298,289.4,291.6,38702,70812
2015/12/11 00:00:00.0,290.2,291.6,288.4,291.2,21322,68444
2015/12/14 00:00:00.0,291,296.6,288.6,296,42256,71964
2015/12/15 00:00:00.0,295,297.8,293.6,295.4,31336,71686
2015/12/16 00:00:00.0,295.4,297.8,294.8,297.8,23860,72676
2015/12/17 00:00:00.0,297.6,301.8,296.8,297.2,47130,72774
2015/12/18 00:00:00.0,297.4,301.4,295.2,300,33634,74122
2015/12/21 00:00:00.0,300.6,310.6,300,310.4,69390,74314
2015/12/22 00:00:00.0,311.6,313.4,308.2,312.6,60056,69580
2015/12/23 00:00:00.0,311.8,315.4,308.2,310.8,53962,73398
2015/12/24 00:00:00.0,309.8,313.6,309.6,310,45920,71516
2015/12/25 00:00:00.0,310.4,310.4,300,300.8,92348,79378
2015/12/28 00:00:00.0,301,303.6,299.6,302.2,63326,73578
2015/12/29 00:00:00.0,301.6,309,301.4,308.2,64068,71578
2015/12/30 00:00:00.0,308.4,317.6,306.4,306.6,106344,71118
2015/12/31 00:00:00.0,306.8,308.8,302.2,304.4,150650,79900
2016/01/04 00:00:00.0,305.4,308.4,302.4,303.6,64796,78746
2016/01/05 00:00:00.0,304,308.2,302.8,307.6,78626,79178
2016/01/06 00:00:00.0,307.4,307.8,304.2,306,64488,77628
2016/01/07 00:00:00.0,305.2,312.4,304,306.2,171500,81136
2016/01/08 00:00:00.0,306,308,300.8,306.2,114890,79244
2016/01/11 00:00:00.0,308.6,309.4,305.2,307.2,89856,80584
2016/01/12 00:00:00.0,307.2,310.6,306.4,308.2,133524,87672
2016/01/13 00:00:00.0,309,311.6,296.8,296.8,274186,118364
2016/01/14 00:00:00.0,297.6,299,294.2,296,268966,129914
2016/01/15 00:00:00.0,296.2,299,292.4,293.8,221736,135456
2016/01/18 00:00:00.0,292.8,305,290.4,304.8,277398,114772
2016/01/19 00:00:00.0,304.6,310.2,303.4,310.2,168474,109588
2016/01/20 00:00:00.0,311.6,313,308.6,309.8,183708,106112
2016/01/21 00:00:00.0,310.8,316.4,307.6,314.4,352340,129116
2016/01/22 00:00:00.0,314.8,325.6,313.8,325.2,480510,157366
2016/01/25 00:00:00.0,325.4,329.2,322,324.6,513944,188018
2016/01/26 00:00:00.0,323.6,325.4,321.8,324.8,302960,183532
2016/01/27 00:00:00.0,325.4,327.4,322.4,322.8,349240,167980
2016/01/28 00:00:00.0,323,323.2,318.4,319.6,294058,148168
2016/01/29 00:00:00.0,320.2,323,318,322.6,287974,150560
2016/02/01 00:00:00.0,323.4,326.6,321,322,261350,138656
2016/02/02 00:00:00.0,320.6,323.6,319.4,322.4,164274,132234
2016/02/03 00:00:00.0,322.8,324,320.2,322.6,108880,127878
2016/02/04 00:00:00.0,321.8,326.8,321.8,324.6,120684,122294
2016/02/05 00:00:00.0,324,325.2,320.6,320.8,64534,108164
2016/02/15 00:00:00.0,321.2,322.2,318.2,320.4,47512,110494
2016/02/16 00:00:00.0,320.8,324.6,319.6,321.8,114832,120014
2016/02/17 00:00:00.0,321.8,322.2,310.8,311.4,247378,126862
2016/02/18 00:00:00.0,311.8,316.6,310.6,316.2,231694,142056
2016/02/19 00:00:00.0,316.4,323.4,316.2,321.4,239934,138824
2016/02/22 00:00:00.0,321.8,331,320.2,329.6,236140,135764
2016/02/23 00:00:00.0,329.4,331,323.8,327.2,194298,132570
2016/02/24 00:00:00.0,327.2,333.6,325.8,332.6,349924,150640
2016/02/25 00:00:00.0,332.8,333.2,327,327.6,260178,154544
2016/02/26 00:00:00.0,328.2,338.4,325.2,335.2,398160,165678
2016/02/29 00:00:00.0,335.4,339.8,333,338.4,363706,164092
2016/03/01 00:00:00.0,339.4,342.6,335,336.8,263994,151546
2016/03/02 00:00:00.0,337,342,334.6,340,237464,157688
2016/03/03 00:00:00.0,339.6,344.8,339,340.6,214758,154100
2016/03/04 00:00:00.0,341.2,348.6,340,347,282024,155898
2016/03/07 00:00:00.0,346.6,358,345.6,358,250792,137206
2016/03/08 00:00:00.0,366,379,348,359.4,552026,101698
2016/03/09 00:00:00.0,358.4,358.6,348.4,348.4,271892,107152
2016/03/10 00:00:00.0,349.4,363.2,342.2,343.4,353822,111584
2016/03/11 00:00:00.0,343.8,357.4,343.8,355.6,440588,131508
2016/03/14 00:00:00.0,355.2,367.2,353.4,355.4,447754,146084
2016/03/15 00:00:00.0,354.8,358,351.2,355,294622,137640
2016/03/16 00:00:00.0,355.8,361.6,352.4,358,343120,140892
2016/03/17 00:00:00.0,358.6,364.2,355.4,358.4,309850,149244
2016/03/18 00:00:00.0,358,368.6,356,358.4,492164,153240
2016/03/21 00:00:00.0,356.2,357.6,347.2,347.2,479230,152440
2016/03/22 00:00:00.0,347.6,352.2,346.4,349,303278,154328
2016/03/23 00:00:00.0,349.6,358.4,349.2,356.2,352086,149312
2016/03/24 00:00:00.0,355,356,346.2,348.8,280602,131324
2016/03/25 00:00:00.0,348.2,356.4,347.2,354,265004,129864
2016/03/28 00:00:00.0,353.2,355.2,346,346.8,244440,145110
2016/03/29 00:00:00.0,346.8,353.8,346.8,353.2,226706,137332
2016/03/30 00:00:00.0,353.6,354.6,348.6,353.4,159434,133360
2016/03/31 00:00:00.0,354,354.8,349.8,353.2,156910,134238
2016/04/01 00:00:00.0,353.4,358.2,351.6,355,316674,149920
2016/04/05 00:00:00.0,355,355.2,350.6,353,119068,139566
2016/04/06 00:00:00.0,352.4,359,352,359,235424,158044
2016/04/07 00:00:00.0,359.2,367.2,358.8,365,467574,196458
2016/04/08 00:00:00.0,363,367.2,361.6,366.2,317670,186614
2016/04/11 00:00:00.0,367,371.2,362.2,365.4,455180,182956
2016/04/12 00:00:00.0,365.8,373.2,365.8,370.6,321656,191110
2016/04/13 00:00:00.0,371,379.4,368.8,375.2,598632,191262
2016/04/14 00:00:00.0,375.2,388.4,375.2,388.4,816306,242242
2016/04/15 00:00:00.0,391.2,393.6,369.4,372,534042,173276
2016/04/18 00:00:00.0,372,392,371.4,386.6,482748,183140
2016/04/19 00:00:00.0,388,389,378.6,385,326066,166502
2016/04/20 00:00:00.0,387.6,399.2,380.6,396.2,670834,180590
2016/04/21 00:00:00.0,393.8,405.4,392.4,404.8,425692,184546
2016/04/22 00:00:00.0,404.6,410.8,386,388,637760,153214
2016/04/25 00:00:00.0,388.6,408,387,402.6,674742,154526
2016/04/26 00:00:00.0,403.4,403.8,387.2,392.8,441822,156608
2016/04/27 00:00:00.0,393.8,401.2,380.6,389.4,710634,170048
2016/04/28 00:00:00.0,390.2,398.4,388.2,396.8,747534,196548
2016/04/29 00:00:00.0,396.6,401.6,393.4,399.6,378070,177778
2016/05/03 00:00:00.0,397.8,399.2,387.4,389.8,239520,177402
2016/05/04 00:00:00.0,388.8,393.2,387.2,390.2,205652,169248
2016/05/05 00:00:00.0,390.4,391.4,382,386.2,235352,174444
2016/05/06 00:00:00.0,386.4,388,375,381.2,330888,175906
2016/05/09 00:00:00.0,381,385.6,370.6,374,425408,171928
2016/05/10 00:00:00.0,370.6,381,370.6,381,273588,159698
2016/05/11 00:00:00.0,381.6,386,378.8,379.4,277482,153964
2016/05/12 00:00:00.0,380.8,385.4,377.6,381.6,214638,152706
2016/05/13 00:00:00.0,380.2,383.6,367,372.4,311876,158208
2016/05/16 00:00:00.0,371.8,378.6,371.8,375.2,162508,144806
2016/05/17 00:00:00.0,376.6,393.6,375.2,391.2,308500,167082
2016/05/18 00:00:00.0,390.6,398.2,384.6,388.4,295876,161010
2016/05/19 00:00:00.0,388.4,397.4,385.8,396.6,497494,185004
2016/05/20 00:00:00.0,395.6,401,394,397.2,372946,175128
2016/05/23 00:00:00.0,398,401.4,386.2,395.4,735380,208426
2016/05/24 00:00:00.0,395,397,386.2,388.2,649320,228232
2016/05/25 00:00:00.0,390,391,377.6,381.6,741098,254020
2016/05/26 00:00:00.0,383.6,399,382.6,398.8,655426,232916
2016/05/27 00:00:00.0,400.2,402.8,393.8,398,499038,210938
2016/05/30 00:00:00.0,398.6,407.4,395.2,406.2,422770,233180
2016/05/31 00:00:00.0,406,412.6,402,405.6,446442,247868
2016/06/01 00:00:00.0,406,411.2,402.8,407.6,445188,268668
2016/06/02 00:00:00.0,407.8,416.6,404.4,415,421542,306512
2016/06/03 00:00:00.0,415.2,420.8,412.2,415.4,386092,308408
2016/06/06 00:00:00.0,416.4,420.4,409.2,410.2,469592,271234
2016/06/07 00:00:00.0,411.4,414.8,408.6,413.6,300776,254468
2016/06/08 00:00:00.0,413.2,416.6,411,412.8,288600,245768
2016/06/13 00:00:00.0,412.4,417.2,411.4,414.6,168548,242596
2016/06/14 00:00:00.0,414.4,419.2,406,409.8,526368,272570
2016/06/15 00:00:00.0,410,410,404.6,406.2,306156,277258
2016/06/16 00:00:00.0,407.2,410.8,403.2,404.2,277726,288564
2016/06/17 00:00:00.0,404,414,402.6,413.4,342606,261338
2016/06/20 00:00:00.0,414.6,418.4,412.8,416.8,231088,261404
2016/06/21 00:00:00.0,416.6,429.2,416.2,429,432720,296232
2016/06/22 00:00:00.0,429.8,430,425.4,428.4,222030,287550
2016/06/23 00:00:00.0,427.6,435.6,426.2,432.6,338410,304368
2016/06/24 00:00:00.0,432.8,435.6,430.4,432.6,286554,296112
2016/06/27 00:00:00.0,432.6,439,429,435.6,426130,271884
2016/06/28 00:00:00.0,434.6,435.2,428.4,430,322558,256514
2016/06/29 00:00:00.0,431,441.6,430.2,437,390002,266244
2016/06/30 00:00:00.0,437.6,441.6,434.2,437.8,362756,258154
2016/07/01 00:00:00.0,438,439.4,430,430.2,300910,248200
2016/07/04 00:00:00.0,430.6,442.2,429.6,442.2,413284,256212
2016/07/05 00:00:00.0,440.8,442.4,433.8,437.2,300458,242384
2016/07/06 00:00:00.0,436,439.6,424.6,428.2,379118,237188
2016/07/07 00:00:00.0,427,431,417.8,419,302510,248968
2016/07/08 00:00:00.0,421,423.2,417.8,422.6,222336,235508
2016/07/11 00:00:00.0,424.2,424.4,418,424.4,172028,240684
2016/07/12 00:00:00.0,423.8,438.4,423.2,438,378238,255790
2016/07/13 00:00:00.0,438.2,443,435.6,439.6,258532,262300
2016/07/14 00:00:00.0,440,440.6,435,440.4,211932,261148
2016/07/15 00:00:00.0,442.8,446.2,438.6,445.6,216734,271528
2016/07/18 00:00:00.0,446.8,447.6,440.8,443.6,257612,283268
2016/07/19 00:00:00.0,443.6,446.8,441.8,444.6,256654,291478
2016/07/20 00:00:00.0,445.4,450.4,443.8,446,266534,311870
2016/07/21 00:00:00.0,446.2,453.8,444,451,293888,326544
2016/07/22 00:00:00.0,450.8,451.2,445.2,447.2,163892,329274
2016/07/25 00:00:00.0,446.4,451.8,445,448.6,187820,333368
2016/07/26 00:00:00.0,449.4,449.4,444.8,446,126850,335328
2016/07/27 00:00:00.0,444.6,451.2,444.4,449.6,161682,334324
2016/07/28 00:00:00.0,450.8,459,449.2,458.6,278908,358120
2016/07/29 00:00:00.0,459,462,456.2,458,260834,358004
2016/08/01 00:00:00.0,458.6,465.4,439,448,742324,328814
2016/08/02 00:00:00.0,449.6,456.2,447.8,453.2,312618,339868
2016/08/03 00:00:00.0,454.6,461.6,451.6,459.6,318116,332694
2016/08/04 00:00:00.0,460,463,458.2,462.8,362506,353790
2016/08/05 00:00:00.0,463.8,469.6,461.2,469.6,202862,346552
2016/08/08 00:00:00.0,468.8,482.8,468,482,303268,329414
2016/08/09 00:00:00.0,481.4,486.6,475.8,485.6,326410,343954
2016/08/10 00:00:00.0,486.6,495.8,484.2,491.4,309918,345962
2016/08/11 00:00:00.0,491,491.4,486.8,490.8,277992,352644
2016/08/12 00:00:00.0,491.2,492.8,481.2,488.2,402770,354700
2016/08/15 00:00:00.0,488.2,492.8,484.2,491.4,440108,362544
2016/08/16 00:00:00.0,491.6,497.4,484.4,491,417580,336510
2016/08/17 00:00:00.0,489.2,495.4,480.6,481.2,480308,314136
2016/08/18 00:00:00.0,482.8,486,469.8,472,762674,317208
2016/08/19 00:00:00.0,455.6,472.6,455.6,469.6,572758,268484
2016/08/22 00:00:00.0,464.6,478.4,464.6,470,437544,277402
2016/08/23 00:00:00.0,469,478.2,465.2,474.6,337208,266370
2016/08/24 00:00:00.0,474.6,476.6,471.2,472.4,376468,281520
2016/08/25 00:00:00.0,473.6,476.6,464.6,476.2,572958,269178
2016/08/26 00:00:00.0,475.4,478.6,473,476.8,306000,265112
2016/08/29 00:00:00.0,476.6,481.2,472,475.4,335324,264184
2016/08/30 00:00:00.0,470,484.4,470,483.2,383912,259752
2016/08/31 00:00:00.0,484,504,482.8,501.4,822088,292250
2016/09/01 00:00:00.0,501.4,506.2,494.6,505.6,734770,299448
2016/09/02 00:00:00.0,505.2,508.8,501.6,507.6,709196,279486
2016/09/05 00:00:00.0,508,524.2,505.4,519.6,649482,289086
2016/09/06 00:00:00.0,520,525,518.2,520.8,375866,302334
2016/09/07 00:00:00.0,521.6,521.6,497.6,499.6,871514,280248
2016/09/08 00:00:00.0,502,516,500.2,512.2,754128,297786
2016/09/09 00:00:00.0,511.6,512.6,496.4,499.4,981462,311446
2016/09/12 00:00:00.0,499,503,491.4,492,667702,311760
2016/09/13 00:00:00.0,492.4,501.8,489.4,496,724848,318666
2016/09/14 00:00:00.0,496.4,499.6,492,497.8,530942,314260
2016/09/19 00:00:00.0,499.2,515.6,499,515.6,434760,324184
2016/09/20 00:00:00.0,515,528.8,514.6,525.8,709642,325896
2016/09/21 00:00:00.0,526.4,527.6,516,520,732682,300942
2016/09/22 00:00:00.0,520,530.2,512.4,514,1217300,325826
2016/09/23 00:00:00.0,514.4,522.4,509.8,522,974146,321240
2016/09/26 00:00:00.0,520.8,527.4,517.4,523.4,782722,340242
2016/09/27 00:00:00.0,523.8,527.6,520.8,525.4,698914,348152
2016/09/28 00:00:00.0,524.2,526.2,520,524.8,597740,332938
2016/09/29 00:00:00.0,525.2,545.6,525.2,538.8,750148,291750
2016/09/30 00:00:00.0,538.6,540.6,532.2,537,356662,270312
2016/10/10 00:00:00.0,540.6,542.8,523.4,535.4,391700,295652
2016/10/11 00:00:00.0,535.8,540.2,531.6,539.8,457094,327122
2016/10/12 00:00:00.0,540.4,541.8,534.6,540,483992,325152
2016/10/13 00:00:00.0,541,555.4,538.6,553,840170,359078
2016/10/14 00:00:00.0,552.4,564.8,550.4,559.8,533334,353582
2016/10/17 00:00:00.0,559.4,582.6,557.8,581.6,699584,366240
2016/10/18 00:00:00.0,582.6,585,569.8,578.4,752166,362414
2016/10/19 00:00:00.0,578.2,595.6,572.8,578,1050448,351104
2016/10/20 00:00:00.0,577.8,588,575.8,584.8,630650,344514
2016/10/21 00:00:00.0,584.2,596.6,582.6,595.8,960662,400166
2016/10/24 00:00:00.0,598,619,597,618.4,1303308,446662
2016/10/25 00:00:00.0,616.8,637.2,613.2,634.8,1037340,432154
2016/10/26 00:00:00.0,637,653.4,617,622,1772136,408052
2016/10/27 00:00:00.0,620.4,629.6,602.4,603.8,1478458,515374
2016/10/28 00:00:00.0,605.8,622.6,605.4,622.2,917034,499628
2016/10/31 00:00:00.0,623.6,629.8,602.6,623.2,1459118,541984
2016/11/01 00:00:00.0,620,642.2,610.4,626,936004,516176
2016/11/02 00:00:00.0,627.2,639.6,625,632,564398,523214
2016/11/03 00:00:00.0,632.6,635.6,624.2,629.6,566454,534060
2016/11/04 00:00:00.0,632,658.6,629.4,650.6,976246,507458
2016/11/07 00:00:00.0,650.4,670,646.8,662,850580,480358
2016/11/08 00:00:00.0,659.6,666.6,625.2,625.4,923482,497200
2016/11/09 00:00:00.0,622.4,645.6,616.6,641.6,720920,431986
2016/11/10 00:00:00.0,640.8,653.8,603.4,615.4,879380,471780
2016/11/11 00:00:00.0,617.8,638.4,606.8,635.2,746100,433498
2016/11/14 00:00:00.0,637.6,663,623.8,642.4,707036,405638
2016/11/15 00:00:00.0,632.8,647.8,606.4,618,677878,419698
2016/11/16 00:00:00.0,618.6,627.2,610.4,622.8,396320,419592
2016/11/17 00:00:00.0,620.2,622.6,591,600.8,671012,436856
2016/11/18 00:00:00.0,601.6,604,579.2,581.6,561254,416742
2016/11/21 00:00:00.0,584.2,600.4,576,589,395608,376584
2016/11/22 00:00:00.0,585.6,608,585.6,598.6,441950,365942
2016/11/23 00:00:00.0,596.6,596.6,582.8,587,340540,344220
2016/11/24 00:00:00.0,588.2,598.6,581.6,588.6,327470,315654
2016/11/25 00:00:00.0,588.8,595.2,583.4,587.8,278638,288564
2016/11/28 00:00:00.0,586.4,592.8,583.6,588.6,222328,251560
2016/11/29 00:00:00.0,589.2,590,572.2,572.2,289658,258120
2016/11/30 00:00:00.0,573.4,577.6,544.8,555,389456,263578
2016/12/01 00:00:00.0,558.4,575.4,557,573.4,266614,228074
2016/12/02 00:00:00.0,572.8,575.2,561.4,569.4,216026,232058
2016/12/05 00:00:00.0,572,572,561,561.2,120438,218998
2016/12/06 00:00:00.0,561.6,563.4,547.6,550,170540,213384
2016/12/07 00:00:00.0,551.4,573.4,547.6,562.4,237198,211696
2016/12/08 00:00:00.0,560.6,565.8,556,558.6,150598,208054
2016/12/09 00:00:00.0,559.4,560.4,551.2,559,142456,205716
2016/12/12 00:00:00.0,560.2,569.8,556.4,557,240074,216336
2016/12/13 00:00:00.0,556.4,561.4,552.6,556.2,99352,204066
2016/12/14 00:00:00.0,557.8,559.4,546.2,550,115158,200032
2016/12/15 00:00:00.0,551.4,551.8,546.4,550,87478,186670
2016/12/16 00:00:00.0,548.4,556.2,548.4,550,108442,183188
2016/12/19 00:00:00.0,549.4,550.6,536.4,542.6,160292,197294
2016/12/20 00:00:00.0,543.4,546.4,537.6,539,118656,194098
2016/12/21 00:00:00.0,538.4,541.8,531.2,538.2,155492,203130
2016/12/22 00:00:00.0,540.6,540.8,527,527,121976,220670
2016/12/23 00:00:00.0,527.4,529.6,521,522.4,122984,226518
2016/12/26 00:00:00.0,521.6,525.2,513.8,515.6,127232,239774
2016/12/27 00:00:00.0,522,522,514.4,518.8,82862,222952
2016/12/28 00:00:00.0,517.6,523.4,514.2,516.4,144418,221172
2016/12/29 00:00:00.0,516.8,516.8,504,506.6,151604,241014
2016/12/30 00:00:00.0,505.2,510.8,502.6,503,110774,233472
2017/01/03 00:00:00.0,501.6,506.4,491.4,494.2,105772,259610
2017/01/04 00:00:00.0,494.6,503,488.6,497.8,154140,238468
2017/01/05 00:00:00.0,506.4,512.4,497.4,510.2,131942,221112
2017/01/06 00:00:00.0,509.8,515.2,506.6,508.4,110744,205686
2017/01/09 00:00:00.0,508.6,518.2,506.8,517.6,103892,199720
2017/01/10 00:00:00.0,516.4,527.2,510.2,526.6,160576,195022
2017/01/11 00:00:00.0,527,529.2,521.6,526,102898,181548
2017/01/12 00:00:00.0,524.6,528.2,521.2,523.6,79436,178398
2017/01/13 00:00:00.0,523.8,526.4,522.2,523.8,68186,173868
2017/01/16 00:00:00.0,523.2,544.2,522.4,539.2,138744,188632
2017/01/17 00:00:00.0,538,541.2,508.6,509.4,198894,176346
2017/01/18 00:00:00.0,509.2,516,503.8,507.2,128156,166232
2017/01/19 00:00:00.0,506.6,513.6,505.8,511.2,76966,164964
2017/01/20 00:00:00.0,510.8,512.6,505.8,506.6,73164,164628
2017/01/23 00:00:00.0,507.6,519.2,501,517,140326,162934
2017/01/24 00:00:00.0,518.2,531.2,513.8,530.6,134532,154154
2017/01/25 00:00:00.0,531,534.6,523,534.2,103838,153008
2017/01/26 00:00:00.0,533,536.8,531.2,536,73424,151520
2017/02/03 00:00:00.0,536.2,536.4,521,523.8,61368,151774
2017/02/06 00:00:00.0,525.6,538,523.6,533.4,110448,176054
2017/02/07 00:00:00.0,533.4,536.8,532.4,535.8,49208,176602
2017/02/08 00:00:00.0,537,541.2,531.8,535.4,80996,186324
2017/02/09 00:00:00.0,535.6,536.6,526,528.4,101028,179238
2017/02/10 00:00:00.0,528.4,537,527,534.2,91932,178322
2017/02/13 00:00:00.0,535,538.2,530.4,534,95052,184810
2017/02/14 00:00:00.0,534,537,528.8,530.2,94192,182098
2017/02/15 00:00:00.0,529.6,537,522,534,192754,193362
2017/02/16 00:00:00.0,534.8,551,534.8,543,337766,246566
2017/02/17 00:00:00.0,544.8,548.2,541.8,547.8,115260,241594
2017/02/20 00:00:00.0,548.6,555,545.8,554.4,131660,260162
2017/02/21 00:00:00.0,555,560.6,551.8,553.8,89754,252618
2017/02/22 00:00:00.0,553.8,557,551,554.8,96786,262300
2017/02/23 00:00:00.0,555.2,566.6,554.2,563.4,204500,292302
2017/02/24 00:00:00.0,564.8,565.4,548.4,560,218290,281112
2017/02/27 00:00:00.0,561.4,570.4,553.6,569.8,168988,292698
2017/02/28 00:00:00.0,570,581.6,569,577.2,224228,303600
2017/03/01 00:00:00.0,579.2,580.6,573.8,578.8,114776,300398
2017/03/02 00:00:00.0,579.4,587.6,574.8,579.4,135576,309046
2017/03/03 00:00:00.0,579.6,580,572.2,579.8,144492,308060
2017/03/06 00:00:00.0,580.4,594.8,580,589,271106,340336
2017/03/07 00:00:00.0,590.2,591,574.6,582.2,290068,329770
2017/03/08 00:00:00.0,582.2,585,579.8,582,206252,353202
2017/03/09 00:00:00.0,582.2,591,575,580.8,419232,393478
2017/03/10 00:00:00.0,580.6,586.4,579.2,580.6,231750,393936
2017/03/13 00:00:00.0,581.2,604.8,576.2,603.6,547280,467578
2017/03/14 00:00:00.0,604.8,612.2,601.2,609,291346,444686
2017/03/15 00:00:00.0,607.4,622.6,605,609.8,381616,426990
2017/03/16 00:00:00.0,610.4,614,603.6,612.8,243756,401678
2017/03/17 00:00:00.0,613.8,616.6,606.2,616.4,207400,432026
2017/03/20 00:00:00.0,616.2,620.2,611.4,614.2,216746,426958
2017/03/21 00:00:00.0,613.2,615.2,607.4,610,201996,426316
2017/03/22 00:00:00.0,607.8,611.2,605.4,606.2,227930,423668
2017/03/23 00:00:00.0,605.6,625,605.6,619.2,313524,459206
2017/03/24 00:00:00.0,617.4,618,599.6,602.8,395590,447612
2017/03/27 00:00:00.0,605.2,617,596.4,602.4,461866,481256
2017/03/28 00:00:00.0,604.2,610.8,601,606.8,323330,487668
2017/03/29 00:00:00.0,607.4,622.4,607.4,622.2,403248,499492
2017/03/30 00:00:00.0,623.4,625.6,616.8,620,309324,493638
2017/03/31 00:00:00.0,621.2,625.8,612.8,623.6,394992,491652
2017/04/05 00:00:00.0,622.8,635,622.8,630.2,315574,478712
2017/04/06 00:00:00.0,629.8,631.4,625.2,627.8,172554,462130
2017/04/07 00:00:00.0,631,631,612.8,616.4,328426,453606
2017/04/10 00:00:00.0,616.6,625.6,613.4,617,249892,431640
2017/04/11 00:00:00.0,615.6,615.8,600.4,601,319240,438908
2017/04/12 00:00:00.0,602,605.2,597,599,270798,422968
2017/04/13 00:00:00.0,598.8,602.4,589.8,594.2,348082,445228
2017/04/14 00:00:00.0,595.6,597.6,586.4,591,265426,424148
2017/04/17 00:00:00.0,590.2,600.6,587.6,588.2,299674,434258
2017/04/18 00:00:00.0,587.2,589.4,576.4,576.6,298964,443552
2017/04/19 00:00:00.0,571.2,576,562.8,566.2,299906,448390
2017/04/20 00:00:00.0,566.2,581.6,560,573.4,344522,439244
2017/04/21 00:00:00.0,572.6,574,565.2,565.4,256154,409260
2017/04/24 00:00:00.0,563.8,564.2,544.6,548.2,313516,434594
2017/04/25 00:00:00.0,548,549.2,538.2,542.4,266162,417370
2017/04/26 00:00:00.0,542.4,548.4,536.4,538,262854,396150
2017/04/27 00:00:00.0,538.2,542.4,537.2,539.8,126654,381326
2017/04/28 00:00:00.0,538.2,540.2,531,532.4,197396,350352
2017/05/02 00:00:00.0,528.8,534.6,528.4,533,101324,353686
2017/05/03 00:00:00.0,531.6,532.8,525.2,530.8,156984,367034
2017/05/04 00:00:00.0,529.4,530.4,514.2,515.8,327252,415488
2017/05/05 00:00:00.0,515.4,519.4,511.6,512.6,187988,419156
2017/05/08 00:00:00.0,512.8,517,507,508.8,177890,410266
2017/05/09 00:00:00.0,508.2,511.6,506.4,509.4,90586,398884
2017/05/10 00:00:00.0,509.8,519.2,508.4,516,167296,401986
2017/05/11 00:00:00.0,516,516.4,503.6,513.6,242370,420220
2017/05/12 00:00:00.0,512.4,515.8,506.6,510.6,167238,414462
2017/05/15 00:00:00.0,510.8,513.8,508.4,512.2,92746,414448
2017/05/16 00:00:00.0,511.2,522.4,508.4,522,194758,444726
2017/05/17 00:00:00.0,520.6,529.4,518.4,528.2,243254,439010
2017/05/18 00:00:00.0,527.2,527.4,521.8,523,133570,413018
2017/05/19 00:00:00.0,521.6,534.8,521.4,534.6,206376,428060
2017/05/22 00:00:00.0,532.2,535.2,524.6,527.8,186540,391350
2017/05/23 00:00:00.0,526.6,531.4,525.6,526.2,118904,373136
2017/05/24 00:00:00.0,526.2,528.2,515.4,515.4,186772,359982
2017/05/25 00:00:00.0,515.8,524.6,512.4,521.4,155618,365396
2017/05/26 00:00:00.0,520.6,528.8,519.8,527.2,170648,371024
2017/05/31 00:00:00.0,525.6,527.2,514,514.8,166962,365156
2017/06/01 00:00:00.0,514.8,523.8,514,523.4,184370,383098
2017/06/02 00:00:00.0,522,522.8,513.2,518,181936,366604
2017/06/05 00:00:00.0,517.4,530.8,514.6,530,310102,404788
2017/06/06 00:00:00.0,528.2,533,526,531.6,188388,404530
2017/06/07 00:00:00.0,532.6,543.2,532.6,542.4,349046,457710
2017/06/08 00:00:00.0,543.6,554.2,541,551.6,352394,488648
2017/06/09 00:00:00.0,552.2,553.8,548.4,551.4,201990,479994
2017/06/12 00:00:00.0,551.6,560.4,547.8,560.2,269370,509582
2017/06/13 00:00:00.0,560.2,566.6,558.2,563.2,304126,545280
2017/06/14 00:00:00.0,563.2,571,557.6,567.2,467818,558630
2017/06/15 00:00:00.0,566.6,566.6,559.4,564.4,268304,534410
2017/06/16 00:00:00.0,564.4,580.6,564.4,569.6,251072,548420
2017/06/19 00:00:00.0,571.2,583,567.6,581,301620,557794
2017/06/20 00:00:00.0,581.8,585.2,577.4,581,237558,565142
2017/06/21 00:00:00.0,580.2,582,576.8,578,224498,567784
2017/06/22 00:00:00.0,576.6,582,574.4,577.8,226006,576356
2017/06/23 00:00:00.0,578.2,578.6,565.4,572.4,383414,566702
2017/06/26 00:00:00.0,572.8,574,562.2,564.2,302192,557558
2017/06/27 00:00:00.0,564.4,575.4,563.4,575.2,279210,563562
2017/06/28 00:00:00.0,574.4,575,566.4,569.8,255234,538302
2017/06/29 00:00:00.0,568.2,575.4,565.4,570.4,337832,519716
2017/06/30 00:00:00.0,569.4,580,568.8,578.4,318864,532644
2017/07/03 00:00:00.0,578.8,580.2,570.4,572.6,260524,496710
2017/07/04 00:00:00.0,572,574.4,567.6,570,205768,492776
2017/07/05 00:00:00.0,571.8,592.8,571.8,587.6,551456,553994
2017/07/06 00:00:00.0,589.6,590.8,584.8,589.6,231804,530946
2017/07/07 00:00:00.0,589.2,596.2,584.2,587,218002,525554
2017/07/10 00:00:00.0,588,590.8,586.4,588.4,151522,505014
2017/07/11 00:00:00.0,589,598,589,597,259416,503070
2017/07/12 00:00:00.0,596.6,599.8,577.6,582.4,350200,469404
2017/07/13 00:00:00.0,583.8,594,579.2,593.6,310442,484806
2017/07/14 00:00:00.0,593.8,597.2,588.6,592.6,225600,479342
2017/07/17 00:00:00.0,592.8,610,590.6,607.4,319664,510840
2017/07/18 00:00:00.0,607.4,608.8,601.8,605.8,199084,477764
2017/07/19 00:00:00.0,604.8,607.2,598.4,603,213584,479488
2017/07/20 00:00:00.0,604,606.4,600,602.6,173800,480088
2017/07/21 00:00:00.0,602.6,606.4,598,603.4,211618,485114
2017/07/24 00:00:00.0,603.2,606,588.8,598.6,308502,477310
2017/07/25 00:00:00.0,598.8,606.2,594.2,603,203484,472728
2017/07/26 00:00:00.0,602.6,605.2,599.2,599.8,158054,463064
2017/07/27 00:00:00.0,598.4,598.4,589.6,594.2,300780,455318
2017/07/28 00:00:00.0,593.6,595.6,582.4,584.8,304964,432192
2017/07/31 00:00:00.0,585.6,604,585,603.8,370382,429400
2017/08/01 00:00:00.0,603.4,603.4,588.6,591,278750,401590
2017/08/02 00:00:00.0,590.8,594.4,585.6,587.6,218080,386836
2017/08/03 00:00:00.0,589.2,589.2,581,581,220430,376854
2017/08/04 00:00:00.0,582,589.2,582,585,192240,363718
2017/08/07 00:00:00.0,584.8,591.8,580.8,583,258390,357688
2017/08/08 00:00:00.0,583.8,586.4,575.2,585.6,241972,353638
2017/08/09 00:00:00.0,586.2,598.4,585.2,598.2,348790,394652
2017/08/10 00:00:00.0,596,607.8,593.2,606.4,416672,406930
2017/08/11 00:00:00.0,605.2,612.2,598.4,604.4,341614,396114
2017/08/14 00:00:00.0,604,605.2,592,592.8,298752,371026
2017/08/15 00:00:00.0,592.8,596.2,590.6,595.2,189858,348948
2017/08/16 00:00:00.0,594.8,598.8,591.4,594.4,159006,340830
2017/08/17 00:00:00.0,595.4,604.2,595.4,602.6,267734,367454
2017/08/18 00:00:00.0,601.8,606.8,599.6,605,180782,367706
2017/08/21 00:00:00.0,603.8,607.4,599.4,603.6,228246,380282
2017/08/22 00:00:00.0,603.2,605.2,595.2,599.2,190074,344656
2017/08/23 00:00:00.0,598.6,599.8,590.4,596,227068,334108
2017/08/24 00:00:00.0,596.6,598.2,592.8,597.2,152764,319788
2017/08/25 00:00:00.0,598.2,622,596.2,617.2,592340,371166
2017/08/28 00:00:00.0,617.2,618.6,608.4,613.4,256080,342240
2017/08/29 00:00:00.0,613.2,616.8,606,612.4,246874,312828
2017/08/30 00:00:00.0,612.8,626.2,611.2,622,283882,326472
2017/08/31 00:00:00.0,620.8,623.8,616.6,620,178514,306448
2017/09/01 00:00:00.0,622.4,628.6,617.2,627.6,184354,319778
2017/09/04 00:00:00.0,628.2,642,628,632.2,228406,329678
2017/09/05 00:00:00.0,632,637.8,631.6,636.6,123586,324390
2017/09/06 00:00:00.0,638,639.8,630.8,631.8,134924,310866
2017/09/07 00:00:00.0,631,638.6,626.2,634.8,170864,314960
2017/09/08 00:00:00.0,636.2,643,632.6,639.8,240134,312250
2017/09/11 00:00:00.0,641.6,650.6,636,648.6,386756,356444
2017/09/12 00:00:00.0,650.6,660,650.2,657.4,290592,369776
2017/09/13 00:00:00.0,659.6,661.6,649.4,651,244636,371244
2017/09/14 00:00:00.0,653.6,659.8,649.8,656.8,268726,378934
2017/09/15 00:00:00.0,659.4,659.4,646,649.8,364592,390412
2017/09/18 00:00:00.0,651.4,652.4,634.8,643.4,555722,391248
2017/09/19 00:00:00.0,646.4,665.6,643.6,659,492212,417152
2017/09/20 00:00:00.0,660,660.6,651.8,657.6,357750,417996
2017/09/21 00:00:00.0,658,662.8,631.4,633,781506,454648
2017/09/22 00:00:00.0,633.4,638.8,623.2,626.2,551628,440158
2017/09/25 00:00:00.0,631.6,636.4,616.4,630,692296,462248
2017/09/26 00:00:00.0,627.8,640.2,627.8,631.4,429346,448832
2017/09/27 00:00:00.0,630.2,641.6,629.8,638.4,402222,439420
2017/09/28 00:00:00.0,638.6,644.2,631.8,640.6,530068,435960
2017/09/29 00:00:00.0,638,642,614.2,641.8,821868,397844
2017/10/09 00:00:00.0,637.2,639.8,613.2,616,393864,411610
2017/10/10 00:00:00.0,614.2,615.6,604.4,606.2,479126,434870
2017/10/11 00:00:00.0,604.8,615.4,604.8,606,387616,437206
2017/10/12 00:00:00.0,605,612.8,601.6,608,376462,434766
2017/10/13 00:00:00.0,606.6,620.8,605.8,619.6,345144,424078
2017/10/16 00:00:00.0,619.8,634,617,630.4,383158,415484
2017/10/17 00:00:00.0,630.6,630.6,616.6,624.8,321392,404052
2017/10/18 00:00:00.0,623.2,628.8,622.2,624.4,207898,400612
2017/10/19 00:00:00.0,621.6,623.6,611.8,614.6,292138,421856
2017/10/20 00:00:00.0,612.6,630.6,612.6,630.2,308766,409228
2017/10/23 00:00:00.0,629.4,630,620.8,626.4,255438,411272
2017/10/24 00:00:00.0,625.4,626.4,616.6,617.2,262244,409106
2017/10/25 00:00:00.0,617.4,621.4,613.8,615,257408,412054
2017/10/26 00:00:00.0,614,619.8,612.6,615.6,180730,407658
2017/10/27 00:00:00.0,615.8,628.8,614.6,617.8,394920,437046
2017/10/30 00:00:00.0,617.2,624.2,615.4,619.6,262034,418794
2017/10/31 00:00:00.0,620,621,605.8,607.4,474912,482626
2017/11/01 00:00:00.0,609,612.6,604.8,606.8,374584,462244
2017/11/02 00:00:00.0,605.4,616,605.4,611.4,240978,448056
2017/11/03 00:00:00.0,611.2,611.2,606.6,607.4,178060,442456
2017/11/06 00:00:00.0,605,621.2,605,619.6,330396,450652
2017/11/07 00:00:00.0,619.2,624.4,615,623.4,309314,437126
2017/11/08 00:00:00.0,623.6,630.8,619.6,629.2,235256,451504
2017/11/09 00:00:00.0,629.2,635,626.4,631,268962,464902
2017/11/10 00:00:00.0,630.6,634.4,627.4,634.2,185146,465196
2017/11/13 00:00:00.0,635,636.4,626.6,629.4,185924,470976
2017/11/14 00:00:00.0,628.4,640.8,628.4,640.4,225528,499438
2017/11/15 00:00:00.0,639,641.4,626,630.6,261618,478590
2017/11/16 00:00:00.0,629.4,631,618.4,621.4,273318,432662
2017/11/17 00:00:00.0,622.2,627,621.6,623.4,160848,420534
2017/11/20 00:00:00.0,625,635.6,622.2,633.8,226490,451526
2017/11/21 00:00:00.0,633.2,633.8,626.8,628.4,191170,440710
2017/11/22 00:00:00.0,627.8,632.8,623.4,628.8,220696,440248
2017/11/23 00:00:00.0,627.6,641.2,626.8,633.6,257608,458360
2017/11/24 00:00:00.0,635,638,631.4,637.4,166336,456470
2017/11/27 00:00:00.0,636.6,648,634.8,647.2,257888,486250
2017/11/28 00:00:00.0,646.8,648,643.2,646.8,195640,477444
2017/11/29 00:00:00.0,648,648,640,645.2,173304,470048
2017/11/30 00:00:00.0,645.4,654.2,643,651.2,287974,488202
2017/12/01 00:00:00.0,652,655.6,648,654.4,197710,489090
2017/12/04 00:00:00.0,655.6,671.8,653.4,659,334092,494982
2017/12/05 00:00:00.0,659.8,664.2,658.2,658.6,182082,474162
2017/12/06 00:00:00.0,659.4,660.2,653.6,656,151214,468324
2017/12/07 00:00:00.0,657,658.8,638.8,644.6,311562,442618
2017/12/08 00:00:00.0,646,662.4,642.4,660.4,382720,461496
2017/12/11 00:00:00.0,658.4,664.2,651.4,654.6,240768,433448
2017/12/12 00:00:00.0,658.2,658.6,653.4,657,148824,432542
2017/12/13 00:00:00.0,659.8,659.8,650,656.6,196838,432084
2017/12/14 00:00:00.0,657,663.6,654.6,656.8,252908,434778
2017/12/15 00:00:00.0,655.4,660.6,655.4,657.4,138792,423084
2017/12/18 00:00:00.0,657.8,666.8,656.8,664.4,332322,450402
2017/12/19 00:00:00.0,664.4,665.4,658,659.4,221924,442652
2017/12/20 00:00:00.0,659.6,660,652.6,656,178358,434606
2017/12/21 00:00:00.0,657.2,661.2,647.6,650.2,265822,429434
2017/12/22 00:00:00.0,648.2,655.8,646.4,650,186186,410614
2017/12/25 00:00:00.0,650.4,653.4,646.6,649.8,189766,417354
2017/12/26 00:00:00.0,652.8,654.6,648.4,652.6,160202,401764
2017/12/27 00:00:00.0,652.8,654.2,633.8,634.4,374044,412736
2017/12/28 00:00:00.0,635,636.6,632.2,632.8,222950,357392
2017/12/29 00:00:00.0,631.4,637.8,621,621.8,314490,323394
2018/01/02 00:00:00.0,621.2,630.4,619.4,628.2,167400,308988
2018/01/03 00:00:00.0,627,632,624.8,627.2,174664,296768
2018/01/04 00:00:00.0,627.2,637.6,627.2,635.6,238756,309902
2018/01/05 00:00:00.0,636.2,643,635.2,641.2,211724,311630
2018/01/08 00:00:00.0,638.2,645.4,633.8,641.8,250398,318446
2018/01/09 00:00:00.0,639.2,640,635.4,638.2,119072,289580
2018/01/10 00:00:00.0,637.4,646.4,636.8,645.2,237928,316862
2018/01/11 00:00:00.0,645.4,648.4,640.2,644,184740,306942
2018/01/12 00:00:00.0,643.2,644.2,640,640.6,158652,313800
2018/01/15 00:00:00.0,640.2,643.8,634.2,638.4,208804,307052
2018/01/16 00:00:00.0,638,646.2,638,642.2,265388,326896
2018/01/17 00:00:00.0,642.4,645.6,639.2,644.2,238892,337838
2018/01/18 00:00:00.0,643.4,656.4,643,652.4,368306,386280
2018/01/19 00:00:00.0,653,656,648.8,652.6,318566,388212
2018/01/22 00:00:00.0,652,663.2,650.2,661.8,345450,434610
2018/01/23 00:00:00.0,662,663.8,659.4,662.4,252158,447254
2018/01/24 00:00:00.0,662,670.4,659.8,670.2,288050,482158
2018/01/25 00:00:00.0,670.4,678.6,669.4,674,389304,498236
2018/01/26 00:00:00.0,674.8,679.4,671.6,678.2,263054,523272
2018/01/29 00:00:00.0,678.2,684.2,675.8,683,302364,552218
2018/01/30 00:00:00.0,686,686,667.2,671.2,500026,504282
2018/01/31 00:00:00.0,671.6,675,664.8,669.4,343524,496678
2018/02/01 00:00:00.0,666.8,672,666.6,669.6,292838,518130
2018/02/02 00:00:00.0,670.8,676.8,661.2,663.8,503542,503820
2018/02/05 00:00:00.0,664.4,667.6,658.4,666.4,396884,488816
2018/02/06 00:00:00.0,665,666.4,658.4,659.6,321416,465544
2018/02/07 00:00:00.0,659.2,663.2,654.4,655.8,265662,438378
2018/02/08 00:00:00.0,655,656.8,648,649.4,286888,419896
2018/02/09 00:00:00.0,648.8,656.6,648.8,651.4,308986,397086
2018/02/12 00:00:00.0,649.6,652,637.8,638.4,409744,388228
2018/02/13 00:00:00.0,639.6,642.2,635.8,640,249066,377134
2018/02/14 00:00:00.0,640.4,648.6,639.2,646.2,234954,358970
2018/02/22 00:00:00.0,644.6,657,644.6,656.4,214866,388726
2018/02/23 00:00:00.0,655.2,657.6,646.6,651.4,352652,418408
2018/02/26 00:00:00.0,650.6,652.2,637.4,642.2,395632,424704
2018/02/27 00:00:00.0,640.6,643.2,638.8,640.2,224922,422344
2018/02/28 00:00:00.0,638.4,641.6,634.8,636.2,285554,433268
2018/03/01 00:00:00.0,634.6,637.2,626.6,632.4,324252,448710
2018/03/02 00:00:00.0,631.6,632.8,629,631.4,106234,445674
2018/03/05 00:00:00.0,632.4,634.4,624.4,625.4,352536,471864
2018/03/06 00:00:00.0,625.8,627.4,621.6,623,270118,464926
2018/03/07 00:00:00.0,623.6,624.4,620,621.8,233162,475790
2018/03/08 00:00:00.0,621.2,625.2,617,623,346424,490748
2018/03/09 00:00:00.0,621.8,624.8,612.4,614,412632,493940
2018/03/12 00:00:00.0,614.4,616.2,608.4,608.8,286652,503650
2018/03/13 00:00:00.0,609.2,611.4,606.6,608.8,198796,507348
2018/03/14 00:00:00.0,608.4,616,607.6,611,285314,502512
2018/03/15 00:00:00.0,611.2,614.6,609.4,613,257486,497410
2018/03/16 00:00:00.0,613.8,613.8,609.4,610.6,211002,498544
2018/03/19 00:00:00.0,610.8,612,599.6,601.2,381232,504368
2018/03/20 00:00:00.0,601.2,602,589,591.6,381294,501458
2018/03/21 00:00:00.0,592.6,595,582.8,585.6,356070,508300
2018/03/22 00:00:00.0,586.8,589.6,584.4,584.8,248954,509464
2018/03/23 00:00:00.0,583.8,584.2,562,572.2,623376,498220
2018/03/26 00:00:00.0,574.6,595.2,573.6,580.6,644934,471212
2018/03/27 00:00:00.0,578.2,587,572.8,578.6,390488,479592
2018/03/28 00:00:00.0,580.6,580.6,570.6,573.4,299244,476488
2018/03/29 00:00:00.0,573,575.6,568.6,575,249418,469716
2018/03/30 00:00:00.0,576,579.2,573,578,221476,462554
2018/04/02 00:00:00.0,575.2,582.8,564.6,570.4,521416,483514
2018/04/03 00:00:00.0,568.8,570.4,562.4,564.6,354090,495956
2018/04/04 00:00:00.0,563.4,567,563.2,563.6,252402,491532
2018/04/09 00:00:00.0,561.2,562,556.2,562,218638,499484
2018/04/10 00:00:00.0,560.6,565.2,560,564,152552,517282
2018/04/11 00:00:00.0,562,566,558.6,560.6,365250,523030
2018/04/12 00:00:00.0,560,562,555.6,557.2,400848,530930
2018/04/13 00:00:00.0,557,559.4,553.4,558,395368,522328
2018/04/16 00:00:00.0,561.2,577,561.2,570.2,707790,497074
2018/04/17 00:00:00.0,571.2,587.4,570.8,585.6,571704,508004
2018/04/18 00:00:00.0,586.4,594,585.8,592,475914,495060
2018/04/19 00:00:00.0,593.6,594.8,584.6,591.2,486716,494222
2018/04/20 00:00:00.0,590.4,591.4,586,587.4,314802,489148
2018/04/23 00:00:00.0,588.2,605.6,582.4,603.8,552122,501460
2018/04/24 00:00:00.0,600.8,607.8,599.4,605.8,394792,500750
2018/04/25 00:00:00.0,600.8,603.8,591.8,594.6,532880,506474
2018/04/26 00:00:00.0,593.2,599.8,590.6,595.2,399832,494336
2018/04/27 00:00:00.0,594.6,601.4,593.6,599,352090,480000
2018/05/02 00:00:00.0,597,599,590.4,597.8,246416,480690
2018/05/03 00:00:00.0,595,599.4,593.6,596,274424,498062
2018/05/04 00:00:00.0,596.8,605,594.4,603.4,409606,535064
2018/05/07 00:00:00.0,602.4,617.2,602.4,614.2,505022,561250
2018/05/08 00:00:00.0,614.8,615.6,607.6,607.8,415660,551064
2018/05/09 00:00:00.0,606,607.4,600.8,601.6,413508,498326
2018/05/10 00:00:00.0,601.8,613.8,601.8,613.2,391568,513558
2018/05/11 00:00:00.0,615,622,611.2,621.8,438736,542412
2018/05/14 00:00:00.0,623.2,633.8,620.8,632,470432,542604
2018/05/15 00:00:00.0,632.8,640,626.2,635.2,741622,531170
2018/05/16 00:00:00.0,634.2,645.2,629.6,640.6,585860,534220
2018/05/17 00:00:00.0,638.6,639.8,634.6,637.2,409900,525180
2018/05/18 00:00:00.0,636.4,639.8,630.6,633.6,480862,543252
2018/05/21 00:00:00.0,625.8,628,615.8,623.4,663536,541702
2018/05/22 00:00:00.0,622.8,624.6,614,614.2,539810,536630
2018/05/23 00:00:00.0,608.4,610.2,589.2,589.4,968878,556988
2018/05/24 00:00:00.0,590.4,601.6,588.8,598.2,731098,515408
2018/05/25 00:00:00.0,596.4,602.6,594,595.6,490644,521960
2018/05/28 00:00:00.0,594,617.8,592.6,617.4,838760,536970
2018/05/29 00:00:00.0,616.6,635.8,616,628.6,1060390,526938
2018/05/30 00:00:00.0,628.8,632.8,624.2,629.2,583270,515764
2018/05/31 00:00:00.0,630.2,639.4,628.2,630.2,609954,503570
2018/06/01 00:00:00.0,636,644.4,636,639.8,776620,505126
2018/06/04 00:00:00.0,639.4,640.8,634.4,636.8,507554,522342
2018/06/05 00:00:00.0,637.8,641,624.4,637.2,941026,562654
2018/06/06 00:00:00.0,637.4,642.4,629.6,633.2,850294,552136
2018/06/07 00:00:00.0,633.2,646.2,631.8,639.4,920986,553434
2018/06/08 00:00:00.0,642.4,642.6,635.2,640.2,547820,562106
2018/06/11 00:00:00.0,637.6,638.2,625.4,631.4,908998,569702
2018/06/12 00:00:00.0,630.6,649.2,630.6,648.8,851750,613434
2018/06/13 00:00:00.0,647,652.2,643.6,646,858512,599276
2018/06/14 00:00:00.0,645.2,650.6,640.6,642.8,733386,593650
2018/06/15 00:00:00.0,644.2,660.2,641.4,659.2,752084,608980
2018/06/19 00:00:00.0,653,660,639.8,643.2,663274,538756
2018/06/20 00:00:00.0,643.6,648.6,635.2,647.2,614654,537456
2018/06/21 00:00:00.0,647,653.6,640,641.4,474620,531102
2018/06/22 00:00:00.0,641.8,644,637.2,640.6,502988,522756
2018/06/25 00:00:00.0,639.2,646.2,637.8,640.2,462920,522554
2018/06/26 00:00:00.0,639.8,640.2,629.6,631.2,556876,508578
2018/06/27 00:00:00.0,633.6,636,630.2,631.4,378856,507960
2018/06/28 00:00:00.0,631.4,644.4,631.2,641.8,545806,502096
2018/06/29 00:00:00.0,641.4,647.6,638.4,645.2,419498,499838
2018/07/02 00:00:00.0,645.4,645.8,634.6,635.8,500970,463690
2018/07/03 00:00:00.0,636.8,638.4,632,635.8,426106,452670
2018/07/04 00:00:00.0,637.2,643.6,636.2,640.2,587376,448526
2018/07/05 00:00:00.0,639.4,640.6,630.8,631,601084,424212
2018/07/06 00:00:00.0,630.6,632.6,620.6,625.6,782688,443296
2018/07/09 00:00:00.0,625.2,629,623.8,627,427478,440828
2018/07/10 00:00:00.0,627.2,629.6,623.8,624.2,332546,453610
2018/07/11 00:00:00.0,624,632,623.2,630.8,497224,434298
2018/07/12 00:00:00.0,630,633,627.8,631,333472,417438
2018/07/13 00:00:00.0,630.4,630.4,615.6,616.8,598462,486866
2018/07/16 00:00:00.0,616.8,619.2,613,617.6,425076,489370
2018/07/17 00:00:00.0,612.8,617.8,612.8,616.6,328228,489838
2018/07/18 00:00:00.0,616.4,616.8,609.2,610.2,407736,534662
2018/07/19 00:00:00.0,610.6,618.6,610.4,615.4,415940,483014
2018/07/20 00:00:00.0,614.6,617.6,613,617.4,195994,475662
2018/07/23 00:00:00.0,616.2,617.6,607,610.8,427178,495258
2018/07/24 00:00:00.0,610.6,615.6,610,612.2,258682,504832
2018/07/25 00:00:00.0,613,615.4,610.4,611.2,381730,525160
2018/07/26 00:00:00.0,611.4,611.4,604.4,606.4,449084,548250
2018/07/27 00:00:00.0,604.4,610.4,603.2,605.6,428656,552156
2018/07/30 00:00:00.0,605,605.6,595.2,596,523732,574550
2018/07/31 00:00:00.0,595.2,596.8,588.4,589.2,343526,591542
2018/08/01 00:00:00.0,588.4,590.4,583.8,584,413134,596454
2018/08/02 00:00:00.0,582,584.6,574,575,506404,614848
2018/08/03 00:00:00.0,575,597.4,575,589.8,726000,622796
2018/08/06 00:00:00.0,587.2,602.8,582.8,601,696248,585146
2018/08/07 00:00:00.0,602.2,622.8,602,618,947340,495146
2018/08/08 00:00:00.0,618.4,624,608,616,779608,429242
2018/08/09 00:00:00.0,618.2,619.8,613.4,618,221234,428248
2018/08/10 00:00:00.0,615.6,620,612.4,615.4,400068,417926
2018/08/13 00:00:00.0,616.4,629.2,615.6,628.8,497758,415644
2018/08/14 00:00:00.0,628.6,629.4,618.6,619.6,376822,399646
2018/08/15 00:00:00.0,619.4,623.2,609,610.2,422748,397454
2018/08/16 00:00:00.0,609.8,614.4,599.4,605.4,504732,381644
2018/08/17 00:00:00.0,605.4,610.4,601.2,606,469782,366528
2018/08/20 00:00:00.0,607,607,595.4,601,555966,389052
2018/08/21 00:00:00.0,601,607,598.4,604.8,456322,373882
2018/08/22 00:00:00.0,604.6,619,603.8,616.2,525176,363094
2018/08/23 00:00:00.0,617,626.2,614.8,617.6,556716,349818
2018/08/24 00:00:00.0,618,625.2,615.8,625,402902,362746
2018/08/27 00:00:00.0,626.8,632.2,614.2,615.8,552754,359416
2018/08/28 00:00:00.0,616.2,624.2,612.2,618.8,422998,362778
2018/08/29 00:00:00.0,619.2,625,617,621.2,366020,358246
2018/08/30 00:00:00.0,621.4,626.2,618.8,625.6,357228,362814
2018/08/31 00:00:00.0,625,625,616.2,617,337428,347314
2018/09/03 00:00:00.0,617.4,620.2,607,607.2,363326,356888
2018/09/04 00:00:00.0,608.4,618.4,606.4,615.8,352426,354234
2018/09/05 00:00:00.0,615.2,620.2,612.6,615.6,310500,344074
2018/09/06 00:00:00.0,615.4,623.6,615,623.6,326176,357212
2018/09/07 00:00:00.0,624.6,630.2,623.4,627.6,371214,363194
2018/09/10 00:00:00.0,628.2,638.4,627.4,636.6,451974,379408
2018/09/11 00:00:00.0,634.8,635.6,623.6,626,446594,352754
2018/09/12 00:00:00.0,627.6,632.4,621.4,628.8,436358,358578
2018/09/13 00:00:00.0,628.8,628.8,622.4,623.2,327982,354606
2018/09/14 00:00:00.0,626.2,636,625,630.6,516910,360146
2018/09/17 00:00:00.0,630,632.6,623,625,327286,362214
2018/09/18 00:00:00.0,625.2,628,622.2,626.4,230762,351890
2018/09/19 00:00:00.0,626.6,633.4,625.4,631.2,277856,353242
2018/09/20 00:00:00.0,632.8,638.2,632,638.2,398618,377840
2018/09/21 00:00:00.0,639.2,640.4,633.4,634.2,245656,359330
2018/09/25 00:00:00.0,632.8,633.6,626,630.8,225780,339452
2018/09/26 00:00:00.0,631,634,629.2,632.4,212748,321998
2018/09/27 00:00:00.0,632.4,635.8,626.4,632.6,256192,311152
2018/09/28 00:00:00.0,631.2,636.2,630.2,635,278768,296674
2018/10/08 00:00:00.0,645.6,653,644,648,289784,313018
2018/10/09 00:00:00.0,649.8,660.2,645.8,658.4,515858,364594
2018/10/10 00:00:00.0,657.4,666.4,656.4,660.8,390880,372346
2018/10/11 00:00:00.0,664.6,666.2,650.2,654.4,477204,343894
2018/10/12 00:00:00.0,655.6,661.6,655.4,660.2,263326,348838
2018/10/15 00:00:00.0,661,664.2,654,654.2,301692,349788
2018/10/16 00:00:00.0,656,657.4,651.4,655.6,256758,356044
2018/10/17 00:00:00.0,657,659.6,652.6,656.8,308648,366010
2018/10/18 00:00:00.0,657,657.2,647.6,649.6,355336,344378
2018/10/19 00:00:00.0,650,650.6,637.8,638.2,328276,337680
2018/10/22 00:00:00.0,639.4,640.8,634.8,635.2,300736,327086
2018/10/23 00:00:00.0,635.2,639,633,635.8,242820,324450
2018/10/24 00:00:00.0,636,640.8,632.6,637.8,256642,322394
2018/10/25 00:00:00.0,637.8,638.6,629.4,631.6,277306,310406
2018/10/26 00:00:00.0,631,631.4,625.4,626,281322,321284
2018/10/29 00:00:00.0,627.2,635.4,626.2,632,295234,318486
2018/10/30 00:00:00.0,631.6,633,628.2,632.4,178986,321056
2018/10/31 00:00:00.0,633,634.8,622.4,624,378698,340494
2018/11/01 00:00:00.0,623.4,625.6,621.2,621.6,271658,332410
2018/11/02 00:00:00.0,623.2,627.4,614.4,620.2,434806,341784
2018/11/05 00:00:00.0,621,622.6,616,619.4,304106,343640
2018/11/06 00:00:00.0,619.2,622.2,617,619.6,230304,337964
2018/11/07 00:00:00.0,618.4,619.2,610.6,611.6,285854,353770
2018/11/08 00:00:00.0,611.4,613.8,607.6,613.2,304932,338898
2018/11/09 00:00:00.0,613,616.6,610.4,614.4,232640,335136
2018/11/12 00:00:00.0,613.8,615,603.2,606,317224,347514
2018/11/13 00:00:00.0,604.8,606,595,595.8,459662,434296
2018/11/14 00:00:00.0,597.4,618.4,596,612,705812,382436
2018/11/15 00:00:00.0,608.8,608.8,598.4,602.8,435026,385176
2018/11/16 00:00:00.0,607.4,610,602.8,606.6,283462,375950
2018/11/19 00:00:00.0,606.6,606.6,585.4,598,295348,382640
2018/11/20 00:00:00.0,598.2,603,595.8,600.4,253302,379432
2018/11/21 00:00:00.0,599.8,604.8,592.2,603.8,398744,380704
2018/11/22 00:00:00.0,605.4,605.6,600.6,602.8,217612,382632
2018/11/23 00:00:00.0,603.4,607.4,595.4,596,269274,386706
2018/11/26 00:00:00.0,595.8,598.8,578.6,586,613470,418054
2018/11/27 00:00:00.0,586.2,592.4,584.4,588.6,275506,413468
2018/11/28 00:00:00.0,589.4,592,584,588.8,257728,416806
2018/11/29 00:00:00.0,589.2,590,578.6,580,324994,444562
2018/11/30 00:00:00.0,581,582,577.6,579.6,265432,452950
2018/12/03 00:00:00.0,580,598.2,579,583.8,488686,430036
2018/12/04 00:00:00.0,582,584.8,578,580,273258,431956
2018/12/05 00:00:00.0,580.8,583,577.2,577.6,319536,436696
2018/12/06 00:00:00.0,577.4,585.8,575.4,583.8,362138,437248
2018/12/07 00:00:00.0,581.8,591,581.8,590,379010,427330
2018/12/10 00:00:00.0,588.8,591,584.6,589.2,287980,433576
2018/12/11 00:00:00.0,587.8,589,577.2,579.6,335456,421418
2018/12/12 00:00:00.0,580.8,583.8,577.6,578.6,240886,419932
2018/12/13 00:00:00.0,578.8,580,576.4,577.8,245516,407466
2018/12/14 00:00:00.0,576.8,577.2,570.8,575,306896,411722
2018/12/17 00:00:00.0,574.8,576.2,569.2,569.6,210226,406128
2018/12/18 00:00:00.0,569.4,570,562.2,565.4,321098,429860
2018/12/19 00:00:00.0,566.6,569.8,564.2,568,228374,417854
2018/12/20 00:00:00.0,568.6,569.4,564.8,565.4,175296,413242
2018/12/21 00:00:00.0,565.2,567.6,563.6,565.8,149150,407822
2018/12/24 00:00:00.0,565.4,572.8,565.2,568.8,331330,413150
2018/12/25 00:00:00.0,567.2,568.6,557.6,559.4,374526,436136
2018/12/26 00:00:00.0,559.8,563.2,555.2,557.4,279148,449176
2018/12/27 00:00:00.0,559,568.8,558.8,563.2,363352,432566
2018/12/28 00:00:00.0,564.2,567.8,562,564.2,219486,426744
2019/01/02 00:00:00.0,565.4,567.6,563.6,566.2,168674,440632
2019/01/03 00:00:00.0,565.4,565.8,558.6,563.4,284222,451032
2019/01/04 00:00:00.0,564.4,569.8,563,566,313682,447176
2019/01/07 00:00:00.0,567.2,572.4,566,571.4,249788,460936
2019/01/08 00:00:00.0,570.4,571.4,566,567.6,227982,448024
2019/01/09 00:00:00.0,567.6,568,563.8,564,235466,439938
2019/01/10 00:00:00.0,564.6,567,562,563.4,240448,446738
2019/01/11 00:00:00.0,563.4,565.2,559.8,563.6,231598,444566
2019/01/14 00:00:00.0,563,583.6,561.6,579,676870,433522
2019/01/15 00:00:00.0,578.8,580,572,576.6,282026,416188
2019/01/16 00:00:00.0,576.6,585.8,576.2,583,338704,437062
2019/01/17 00:00:00.0,583.2,585.2,581.4,584.8,175302,434162
2019/01/18 00:00:00.0,585.8,595.8,584.2,591.8,345370,442876
2019/01/21 00:00:00.0,592,594.4,581,588.6,356092,454708
2019/01/22 00:00:00.0,586.4,588,575.8,577,368158,430304
2019/01/23 00:00:00.0,576,580.8,574.2,577.8,262618,413396
2019/01/24 00:00:00.0,577.8,578.8,570.6,570.6,219100,416392
2019/01/25 00:00:00.0,570.6,581.4,568.6,575.2,392138,388264
2019/01/28 00:00:00.0,575.6,579.4,572.8,575.6,192570,379152
2019/01/29 00:00:00.0,575,576.2,570.8,573.2,153460,377126
2019/01/30 00:00:00.0,573.4,578,571.8,572.8,192386,377314
2019/01/31 00:00:00.0,574.4,588.4,572.8,586.8,265060,376748
2019/02/01 00:00:00.0,586.6,590.4,584,589.6,198628,366158
2019/02/11 00:00:00.0,591.6,591.8,577,582.4,194942,361040
2019/02/12 00:00:00.0,582.2,586.2,579.4,581,204126,376494
2019/02/13 00:00:00.0,584.6,590,583.4,585.8,260658,396402
2019/02/14 00:00:00.0,587.4,591.4,585.4,587.6,270392,411156
2019/02/15 00:00:00.0,589.2,592.6,588,589.2,282802,428148
2019/02/18 00:00:00.0,590.2,594.2,583,585,320252,439776
2019/02/19 00:00:00.0,585.6,586,582.4,585.2,179392,436238
2019/02/20 00:00:00.0,585.4,588.6,582.6,588.6,211870,433238
2019/02/21 00:00:00.0,587,594.8,583,586.2,400302,415208
2019/02/22 00:00:00.0,586,586,580.6,583.8,243194,424826
2019/02/25 00:00:00.0,584.2,592.2,582,590.6,346296,430886
2019/02/26 00:00:00.0,591.4,594.2,586,592.8,335270,432878
2019/02/27 00:00:00.0,594.6,603.4,592.8,601.4,476830,485632
2019/02/28 00:00:00.0,604.2,604.8,599.2,603.4,236862,482442
2019/03/01 00:00:00.0,605.8,616.8,605.8,616.6,406082,517260
2019/03/04 00:00:00.0,616.8,618.6,612,612.6,340290,505966
2019/03/05 00:00:00.0,616.6,616.6,604.6,607.6,344096,518070
2019/03/06 00:00:00.0,608.4,612.2,606,610.8,264170,514512
2019/03/07 00:00:00.0,611.6,613,608.8,609.6,194930,505176
2019/03/08 00:00:00.0,609.4,609.4,600.2,600.6,307966,480548
2019/03/11 00:00:00.0,597.6,598.6,590.4,591,314018,456558
2019/03/12 00:00:00.0,589.6,595.4,589.6,591,219442,460192
2019/03/13 00:00:00.0,590.6,593.6,587.4,587.4,241210,457056
2019/03/14 00:00:00.0,587.4,590.4,587.4,589.8,151408,459756
2019/03/15 00:00:00.0,591.6,595.2,591.2,592.4,273822,466704
2019/03/18 00:00:00.0,590.4,591.4,588,590,209016,452092
2019/03/19 00:00:00.0,589,590.2,587.6,588.6,147636,452592
2019/03/20 00:00:00.0,590.2,593.4,584.8,592.8,350344,483302
2019/03/21 00:00:00.0,593,596.4,592.6,593.8,206154,490412
2019/03/22 00:00:00.0,592,594.4,591.6,593.6,142830,479968
2019/03/25 00:00:00.0,593.4,594.4,589.6,591,199652,463012
2019/03/26 00:00:00.0,591.2,594.2,590.2,593.4,181406,474234
2019/03/27 00:00:00.0,593.2,593.4,589,589.8,220128,466082
2019/03/28 00:00:00.0,589.8,591.6,589.6,590.2,137436,461520
2019/03/29 00:00:00.0,590.2,591.6,588.4,589.8,215424,448998
2019/04/01 00:00:00.0,590.2,602.4,590.2,602.2,413018,465414
2019/04/02 00:00:00.0,601.8,602,598,598.6,226012,453916
2019/04/03 00:00:00.0,600.2,607.6,599.4,607,289828,470266
2019/04/04 00:00:00.0,608,608.8,604.4,606.2,211498,472756
2019/04/08 00:00:00.0,607.6,613.2,607.6,609.8,151924,470578
2019/04/09 00:00:00.0,610.6,611.8,605.6,606.6,215870,477776
2019/04/10 00:00:00.0,607,615.2,606.2,607.4,347128,464032
2019/04/11 00:00:00.0,607.6,609,606.4,607.8,145188,465090
2019/04/12 00:00:00.0,608.2,610.6,606.8,610,180030,462492
2019/04/15 00:00:00.0,609.6,610,607,608.4,212854,454734
2019/04/16 00:00:00.0,607.4,610.6,606,608.4,231148,428496
2019/04/17 00:00:00.0,608.2,609.2,604,604,220754,403230
2019/04/18 00:00:00.0,604,604.4,598.6,599,212530,387644
2019/04/19 00:00:00.0,598.8,600.2,596.4,596.4,165494,376988
2019/04/22 00:00:00.0,596.2,607,595.4,601.8,283170,369998
2019/04/23 00:00:00.0,601.4,604.8,600.8,603,245392,401594
2019/04/24 00:00:00.0,602.8,607.8,602.8,606.4,259910,428876
2019/04/25 00:00:00.0,606.6,608.2,604.8,605.8,212970,422042
2019/04/26 00:00:00.0,606.4,610.6,606.2,609.2,214454,419548
2019/04/29 00:00:00.0,609,610.6,606.6,610,179194,409166
2019/04/30 00:00:00.0,610.4,617.4,610.4,617,254010,421728
2019/05/06 00:00:00.0,613.2,613.4,605.4,613,156888,401934
2019/05/07 00:00:00.0,612,613.4,606.6,607.8,214194,406540
2019/05/08 00:00:00.0,607.2,607.2,602.2,603,238624,407920
2019/05/09 00:00:00.0,601.8,604.6,600.8,602.4,200136,398820
2019/05/10 00:00:00.0,602.8,605.8,602.6,603.8,166550,401708
2019/05/13 00:00:00.0,602.8,609.6,602.8,608.2,212042,402954
2019/05/14 00:00:00.0,608.4,608.6,603.8,604.6,167540,400802
2019/05/15 00:00:00.0,604.8,607.6,599.4,602.6,273772,406280
2019/05/16 00:00:00.0,602.4,604.6,602.2,603.4,174486,412486
2019/05/17 00:00:00.0,602.8,603.2,597.8,599.8,308100,427856
2019/05/20 00:00:00.0,599.2,605,599.2,601.2,203012,427916
2019/05/21 00:00:00.0,600.4,601,597.6,597.8,213730,447064
2019/05/22 00:00:00.0,596.8,598.8,594.2,594.6,241930,457194
2019/05/23 00:00:00.0,595.4,597.8,593.4,595.8,180790,446746
2019/05/24 00:00:00.0,595.4,596.6,590.2,591.6,265132,463816
2019/05/27 00:00:00.0,591,591.2,587.2,587.6,231588,465758
2019/05/28 00:00:00.0,587,592.8,586.6,587.6,196098,457064
2019/05/29 00:00:00.0,586.2,586.6,580.8,582.6,211760,484792
2019/05/30 00:00:00.0,581.4,582.4,579.6,581.2,170214,482490
2019/05/31 00:00:00.0,578,580,572,572.4,324344,515002
2019/06/03 00:00:00.0,572.6,577.6,572.6,576.4,284792,496352
2019/06/04 00:00:00.0,578.2,581.4,577.2,579.4,229536,487420
2019/06/05 00:00:00.0,579.2,579.8,577,578.2,162832,492026
2019/06/06 00:00:00.0,580.4,584.6,579.2,582.8,334998,463778
2019/06/10 00:00:00.0,585,588,584.6,586.6,157508,461876
2019/06/11 00:00:00.0,587.2,593.8,583.2,592.6,301726,464540
2019/06/12 00:00:00.0,592,592.8,590,592.6,183642,459972
2019/06/13 00:00:00.0,592.4,592.6,586.8,589.2,215080,460566
2019/06/14 00:00:00.0,588.2,589.4,585.6,588.8,158296,459928
2019/06/17 00:00:00.0,587.8,592,586.6,590.2,197940,453446
2019/06/18 00:00:00.0,589.4,597.2,587.4,595.6,347704,452156
2019/06/19 00:00:00.0,596.4,598.8,592.8,594.6,274488,437148
2019/06/20 00:00:00.0,595.4,598.2,594.8,598.2,154074,425086
2019/06/21 00:00:00.0,598.6,603,595.4,601.2,236276,438884
